BEPE,offer1qqr83wcuu2rykcmqvpszj57lk5nt0u0rnc6ljh8hvj97dmxu0fh7ml3zql6e7rn07ha6ttnnjevh6u9jhww9f5qjhqlhlsjkd6wsaj0rtdpp96stgjzh0n6stfewftcjqvyzgzn2ctd6nsma3cdkeuyxym8usflara88vnwsau89e9kvklthdl5pty99yxd8l2uhf4z20322grnv0ah8h07j6zsuwm5acf82rl7hcpdvzph7xlltlqzs5rlxl4hvhm20plallhlst806g90truah6h79sxk2cwjlal5c3ptv3d38q6wp6nexhjtafwnh79rv8lllyml4kxrxfspnnn0pl7p057f8vdm5a6fvlgklm9l0s8fqdka6uwjsurdtdwadulfldrkjyu2fqqw93el08njjshrksf34rmgamlfehmmh77lm7vetk00u6v82s0rrn4lze7f28y2wa4y8079lyrsy00x4s37czsvd4w3hl93js3tywn40vh8ec9exhadeauvxu2w5jatqruk4lgly7zk29m8mesh4236hd35ttrrgjp7xrsls4twjncgglwzlv77l3emvnzggu4yrulkg92u79cdn9khl7n5kxcgryy3m7lav9c40cl9skrurvwrgzqg39x33xharzd0nqv6xy7lgdekyzujx6tagtaj3f08lamzs0a6wwwexmw5nujl0hj8esnlq3y6cwx4ahjf0km2velalur0tdj5afw77wvma799wcz2fx7gppxac8l7ferlyawwy0pvfut56ll300rl6z4xfxvswzsx6ka72xdv8jmt4nkg427w75h4hun3r90e9vu8a4t5yt2z4c7yvf6mc6n4h348t0yfkm5ryauqtzmuvure07v84jch8vzcwldm0qdf4uwatuj4xtjfxadlp37x8xf8nupxtz7jl7rmveg5zj2fgkmfdwnewfgkyjdwjewkjejxvfvkyn4ztemyj7nw3eukys27kfa9ye26vftx5c2wt9vej6nzteexjm272enyjjnfkxt82h2zgxf8jjj3f998z726wffyj5vfw4wkry2jfx08jsdfdf7hz4295s7vwd8jcjfdfukqej20emxn8ad0e2erxrsgwv8hz2fgenx82t723ve0fr9gpgyjln3se3y6nz2vffelrnt3xdmq3neh3u6js2fkwq88ptd09eyq6rgdfe9nfzx2wrylulaqzenx3ayg88adgatn07pczvrng8rxje0x20kxgsmll7vckgstuw4w6fkak28ft6ae74qlya5mkjatad9ktjdd3kathjj84mjcl3a8l0afjauf3jfwefx5en2w9txylj7te5kmfjefejk27j3dfge67jfv4cm5kjw0e7hnyt20fyetvj6tx89yejfkefxuajx0ekhy4jsufqv2z46dlr3qgh9rrdqzz8d35ryu0ej6cjve70h58dxvcl7kr87n5wxhaerwvldwhk9dj969egx6ywt707ruecp5j4nntvgeqf5f9f5ppnvru76huhk600hg6xkd77mrulngd42a8m6kv4ekkk960kqukl0tj08n2t67atq4tt5vfwz2ty6m5yf78gg5uspa5vf7zqlv5gw9yasam47j4uha92rxjy840w9uu8rhhg2kluf4ckax9elxc0q52a5md65c8jaec3m33m2svp6yy7t5gfu4qnag2val8jlcwqtzctyflxzus7wg90q5v36zwy8cfq5r3wzh4nac2el2lyzs8060egd5laag7a8tzek4p427rwescrkm89yhslzh2mfnagmcnqx7cvksfz0lc7ra0nl0hmmr0st96vl9l64tpua57lmf926ntxteat0v8zuww70ah79p08ursw58rx7ggdled3nlpkxl797yzn8js57e6vdlrt3uqkqu05hw04mxfhh47yr9d64adhzskn5e2nkcxeyc6qcwuqdk865kjkal236rthhw7n9lax4ryjt3h7tyv7u8dq40n98scr5ee7pwt3sxqgqpprds755zj6m5t9zk3v5268je2g6t4trpw4vv9645p23ldqm6eqkjgje97aaeu9w7kgm3k6uer5vnwg85fv4wp7cp7wakkphxwczhd6ddjtts09cpluwpr8dejllnmshrtnl5lwa7lvwmvulvpjaxw4ze8kkhldh472hv7t3m7t9592vd62jpc2u9mp0ddvhxskt7xdknj3wu6kp8kluew2wqkmkl9ydngp4pszkuk7rrvpj2hptxjflcnkxaqp5hxyxkpqer97087lz7w9hgtl0lla7kdwdv6qcnklpkgnv7dah42ay2rqfmwva4gz6lvn6wmhn7xhnsz40t00nsddhse79pvauh842mnd8un7tgdgtde9du2723l5rvursan48gz74r2m7gm5y34e0m2c8am6kpev0z2vka0teludgqphu5a9ypvatmm
BEPE,offer1qqr83wcuu2rykcmqvpsgnlfsyhax9mefk6lwc8h36utwkt7dw9tdj60nera9xcwdu76ytrc7mj6l4crywuu6ngp9wpllap9dmsapmyk8k7zzf4qh3q9wl84pknjvshe9qcgys9x5sjm48plmrsma3cqdfk0fznl687wwex4qmuwmstyed7h7mlqrkv22gvjw74e7n2y4lz5ys8wclmw0vl4959pclhf6skw59la0sx6cyr0udl787qdpgr7altxe0k57rlmll0lshz4efd9qehwdms9nwmlq0nljl744hxaemtx6kt239v60r79l9kfxxjs7rlmlj0lj6rpn56qeeehs0lqkgej8zl3a5hd9pdwrd8z6crkl9eafj002fcqfhhc4y6ffw7vdcl7uqurav2hp085kap4myk2v29tkap7fvep278waad7js2fk04k7cjluz42hrprj88w6j8h0qlupnmx44rexre0y2ldatu4hunl6ten0lkfu4tykmft548grrdnxs4u7ycql65wc62kvlygtecdhutdvln64r9m2t3e7htktrc9q2qutkk7s3h0qn4ckez7tp0hclmfzlwveku2lffwukeyhdpehyexxk7qkkhpa3lkfn7l28cycv9syq3x2arzd06xyzlxge5vf47snnug9f8dsh6jhryz7l0mm78qmm5uudjd7uf9eaul8y04p8lpzg4kuafm09zedxhel7tlgez7z3ulxglwqvvvfalj6zav962sk2e7d2kwrnkq5ktxwyfg0nnumec8asafztnuqsspknhlj3htpckj7vaj4whr44faamy5te07fd8padza3y6s4wtsnzwkaxcad6d36m4rd5aqm8rqj7k8q8vlmenplvjyemq7phm0mur2v08k6ey4tjcjeht8mv8spljeulygzchu5lclmq2dr5jj2pkz2tulmj293yn25stahkgsrxta3y3gj7wf8hu6y20anyzk4s0efxxkny2f4x0yjs2dd4zsd3fpukhqdswp38l8ae3puxyhj2garyjl6509nx2m6g0pr4kuv3wpyek5zyvftywcaf0x59q4az8nznfakyjt2093x2jr7we4fattl2kffju2qnpacsj69v4325l64t2222e6q29y8cuvxv98yujtq220g76u2nwc5w7970x5yzjd3s9ecgmmew9qk56rgwpd2v32sse8l9lcrkycy0f6ren26825mlu0s3qyepuey5tenna3zxxl7ll843v844jdlc2lh0f9ax9e609h6utn76ju8dcv8l0hzlljajnjzhtpc7zslrlll5ewwyceyhv5r2v7fhnvdehpuhyczlhwy8jkmqv9m6qjdkdpf6vu2059gxqjm8t9v8qu62v33mukz607fhsjr83eyy0wae49vwssx8pzuxl3cjytj34kqpptkccp0h60l8uazu7m7nfp5kfku49me64xrck5p8ns8vs07mvyly4l83akl4lll7sexwzdg4uu6lr9yqazfjdqqvtyllh4l9ajntl6x3940lhchxuur4fhf7w4nd0da43gndn89ht6uneu7j73hje9x6apzrjj7cx5apq0e6zp8uz0drz0sgympzr3flw82ulj4h9lptqm53ra06pf8ecaemj4hlrdzyh03w0e6rgrzhdxl04xpu5w2y7uvxc5rqw4p8sa2z08gy72wnh0ey57rsz6k6mz0cqhy8njf2g9rywsls36zc8qc2shayuwxhlchws74y7qklnqk8tkphk2hv4an8jxld7807c6e97tjul20thcnv4lk70czwcvk3eq08678ulhlhkmnz05tamvhyl64mpua57mm3x27nmzteut8vhyu7070u879e08uzqw5lqx6fctlpw3ll35xlu9k9z386n56e6wd8qtaaskqvv5mw0nmwthm5wzrdw6aad4zgkn5e64kg9eqc6qcjunuhwryjmlt9r2a2cds23frp5ukfd88qmeat3s4due0a50evrjnc5p4qmmzqqcpgryydxp6jj2rtw4vvf69n30gk29dzeg4509j535h25sf28l5tdtqz6fzn8hlh88s466az7xmmny2szdega3pn4c8nr846xcckuemq6mh3kkpdwpulr8m3cxv4hx07wfw6ldx07hamhme3ttntlsztyl6ufy7m2aakah42ahek903vkj43shd2cppmnhg9d34z7cw778jkdqyrny708328z8uyzkh5fjkw8reekfw0gdlme36gkh7ml8ln7yd2pvsxc8krpfq9danvpl3p0723lnclftvzdkl9xtk70jcegtm8l6wgpatnuzfrl0ejtckmfusndzc7f5zjh9d2af4s9ykhwwl8myhzla5tqjzf29hn76wl4amcn0nrdneemyphkrph0h023dr92eev2se62nh068wem7vfn3ekak7fhlqph6y39cq5nd48d
BEPE,offer1qqr83wcuu2rykcmqvpswnn8r8lr2uvkn4rk946hjc3anza48fszz4zkc8qvxd7x9xsvdf7wwk0awqerh8x56qfts0llgftwu8gwe93ahssjdg9ugptheagd5uny97fgxzpypf4yykafc07cuxlvwqr2dn6g5l73lnnkf4gxlrkuzext04lklcqanzjjrynh4w056390c4pypmk87mnm8afdpgw8a6w59n4p0ltupkkpqmlr0l3lsrg2qlh06ekta48sl7llmlu9ndzjv498yu0f5509l5850k9m7e2k9mwf8a4jen0h0tt0z45kp8l3ehhsl7lunlukscvaxsxwwdurlcx892lw892e650fhlldmrghn2pvgxsyca7u5danr28t47w48dn39sqs6zd4xsw9kmqm0m7lmkg9aa8veka73uzpln6uh9t4ncsm6hddknca0k53n23d5vguam2g7aurlg827yf67hl9qlkcg25a9h02t7j0pe5vnldngkk2d4fq07ad7xj6c8dtqr76ualcuvu2m3fmpgkd0lwn92w8df2v20j2r98n2w84e35h25k8sy32cxcdk6w99x2j7xmvxej43wrcw6c60klm007ddqthda4hw83m4ut4tgcrsescrqgpzv46wy6m5ug9kd3hgcntap88cs2jw6p044wxg9a7lhhuwphnff6my6aujm3m37wvl6q0kzy3tde6nh7w9j6d0nlchmjdf84agy8wvljlkwyx474754kmnycte33akueh6nyyfekye7prdw7xplv862j57qyys0547u5d66wd5hn8v4t4caf200w39z7tljtfe00g8vfw59tjvycm5hfkhfwndwjagmd8fxecgyhascpmhu7ye0lypywc8sd7m7lgmnred5kf92uk5kdje7lpuq0uk08ezzk979r7h7czngey5jsd3jkl8uuj3vfy64y27dej5zej7vfy6yhnjfelxnzn7veq44vt72f395e2jdfny4dj3dedxd0n3tfv62u23j954u52kf9sc2ktzw9ryvl56f9v4zjtk39vhy6dp09v553240fd8rtne395ka23acs6003yj6nevfj5slnkdg0zml74zgvlrsqc0wyyh3t9vg48l426zsj70sz3fp78zpnpee8yjczjrc87hzsmk8rls0ne4pqujvgp7wzxl7t3g94xs6rstgnyt5qxfle8lqa3xrrjws7v2k364xlln7yqqxv0kf9z7vclv233klnlelvwqcn5gt3szuacyv8a4jf46v4w9ttlmktukprclnxjexr8cam9ht0flmlml2vh0zvvjtk2f4x2kv90fc5u4vkff8x23nxf454y7jd3k49y4najfg4y4jjgekk6snffkt85jdktfd8vhtw2x09jujf0enymyx2grzs4wn0cugz9egcmgqs3mv0qlv07n5a7vevqn7wufnltw62p3095ux789lt8uw86arj34m56e4wael8lllp6vuq6ptee4kylsd5f9f5ppnvru76huhk600hg6xkd77mrulngd42a8m6kv4ekkk960kqukl0tj08n2t67atq4tt5vfwz2ty6m5yf78gg5uspa5vf7zqlv5gw9yasam47j4uha92rxjy840w9uu8rhhg2kluf4ckax9elxc0q52a5md65c8jaec3m33m2svp6yy7t5gfu4qnag2val8jlcwqtzctyflxzus7wg90q5v36zwy8cfq5r3wzh4nac2el2lzzk9tgv503ge0elz6mza9jh2rvmnae3j77ue3n34ulf98umtgaucuf5qt5rp47vrp7helhmlaakcenaz0wmdchc4w600dhj7vfjn477jkwz369l88jll73l37fehqqp40cpkn7xlct5tlv0pl7pf3csfw5axk73ne6zmwv8str92mnu7mjajankst2km0ttg6y5e8wndjqwqxxkxhhek0s05hxml2rlm5a53ehrphts0wch440mm0z27h5mv00kxghvkc7s59senyyqqs3kgf22rf9v68je2g6t4trpw4vv96433h2kxyazeq4f0jsdlv52eqf5jlxlv7z00tgdcmd7d3kxf4yrmyjt8zlvql8wttqt38vpmkakhep4grjurl7xqhnkuet7flcmj4476dh7l0k8ajwhhq40r92f0nm2taknmldtxt9clldj6z4w9apfq69kza5hxskmng8hmjnlknwhllljl6tlact3v4ust5e47czkdhwm4rck8ml87mk95uxullaz2ct5qk3uss2cytxul5mz76n7ysg2lq4w627mn9nktfkecaaen9l8kmw6lxneal09rjyv2n20l3mh3sjlc5wns94sgrx6tfvzw0d0fdhmeu0w5z34anwvjuu56hxwvsej3mtw0hak75anf0fn7da0unnvchnr80td08d0x0dn77mz7x2hsuqr272tz29pn7cl
BEPE,offer1qqr83wcuu2rykcmqvps8n3rs0ndhe4k4x7t23u77w9f0948ztqkptx0zhn5u0x4l0ffj4hcamdj0tswfaee9ys2turl0cz2mh96n5fy0duy5n2p0zq2au02rd8yer062pssfq29gp9h6wrhh89htpsgmng7z88l50uudjd2phuahqkfjma0dh7g8vc55sevuatnay5ft79gezw4slku7ml22gwr3awm4pgactljlqd4s2xlcmlu07qjzs8at7kdnldfv8lll7ml30pry8nf4eupvehed2ljmwhpmne6kewea47xgln7zwa37cnr82kny396v8lllyml4kxrxfspnnn0pl7pp07l29lde7eusl2aw066plmv6j0hj5yeyrhw8720hjk5ukrnfltrap5w933fpuehe8zucnert47nna38s45umdla74p0p7jcfeejrrmd4a69y9xx5vw44y0w7rlczha74yuuay326efzyhdjrs748rw5tc4hqhj0hr2f3afmwwhqmk9mmhsp792d9mdd5mrd73dw9tfdclputx04lyhaxjekaccc6ezamxezhzfal88rdpdnrrju705cwlm70klmd7wqt479jvvtwxtcrn90pzheh0lu8hvf79sp3c0qgpzy56xy6l5vf97vpngcntaph8cstj2mp0490xg9dullhu2phhfeemymd6jtjma77glzz07zynt9c6hk7g96mdtn07heqmamkdaakmtrd88jl8h0lyla6dnspy8ke60na0e4w83ccj76dc9kmkp00872z57gxyswy37ukd76wd58j8g4mhc4220w7h9jutnnt0e8vg8de259tjq9cl50fkmg7ndk3aymd9fkmcqyhasgzmlu7ze07y997c8qv7m7lvmtqef4k092uk5kdjexapupl7k8xexrkp7dz7nlczngey5jst32kltavj3vfyk55v74ej5zej7vfykyh4jfelxjjn75eq45ut7jf395e2jdfnyvaj9tez55kv7teg5zhnkwevenqtkd9n8rzn324v4z5v7wx5eucnjtxueymn3g499yjjpwegk2c2pv4uenzdass60wpxj6jevfjksljkdflxm8a4wfverqrctwyxhp29gf48ldt623zc0gr3fpw9zenp3ehyjszj0e8chznmjxrmshne4ps6j52pkwzxlxt3v94ys6rs0fnytvzxf7f9lcl3zznjwsav2hpu4walnl5qqxv0jg9z75ely2phk0slaludq3ewdhf79re48a7ffh0n2ksaautle56j8gs933las4q09x0aq5ltlm2nlllndegnru3aj3dfnz5xweefs4yej3gyr9rkgff80zu607995ujj2e24m8vhnj24y52cn7f9dxy3j7vgc5nunzv44y26t2q4y7v6jqccytjmkxzw3kgxkeqz9x6ry97vltcyr304lr2l2cum6uk5adnmaw2mpkd67zes0hcyacnrdnet5qlclll7ggn8pxu272dhss9uu2fjdqqvtyllh4l9ajntl6x3940lhchxuur4fhf7w4nd0da43gndn89ht6uneu7j73hje9x6apzrjj7cx5apq0e6zp8uz0drz0sgympzr3flw82ulj4h9lptqm53ra06pf8ecaemj4hlrdzyh03w0e6rgrzhdxl04xpu5w2y7uvxc5rqw4p8sa2z08gy72wnh0ey57rsz6k6mz0cqhy8njf2g9rywsls36zc8qc2shayuwxhlcher8n223wmga5ka6llkll8ecvp65xurwdvqm5sladr2m5znhlcrs70n7q9cpcmlxpsltulmal7umvve7384d7atc28d8hkme0kyef6l0fm8pgazmnnm0llgmclyun3qq6h7qnflr0v86dlk8s0aq5euvy82wnt0geulp9kxrc9njave60aew3wemg4htdk445az2ynhfkfz8qzr0reemzsneevhcwnlkv52rznwez865ukvrt980fhjtu2t5t2c4deppzw9jcvejzqqqgmyy98pujkfrfw4vv9643sh2kxxa2ccn5t8z73vs25negxlkt9gsy6f8n0k038h44xcdxlxcmry6jra6g9n3l5q8nh94s8cmkqemwmt5365pfwpllryteewv4lylu0e26ldxtl0lmr6ehtmsth3j9yheu497mtalk4h9zu0lkedp2hzk355dzepxmthgtde5zjvql9kulmm0td9teufkq79vw6m3s2plxpy0deurjg23yyu7z5cykkmh7ya382qdye4p4sgwgef5elrym3u02mjmawklxeuw840fxwv6hl3na3lfm73lmv4nt7k0gljs2644lyah6796kek43n6xujc0j29aazrm48ap8vx8na6whu6xnk6qwf9f0dlwdn8tnugd5xuftmudc0zndj8j5w3v6ke9nzz3w4uenf0p465cq6qy9kjtlu29h30d
BEPE,offer1qqr83wcuu2rykcmqvps8nmkm73zfteepua7ar7vk9aluav9cyzjt2aknm45zddu73a9x02nyuwknuwxet48z56qfmj0n7cftka8g0e8395ssnag95tptkeeg95uly4ufqyzpypf4u8kafcf7cuxnv7zrjdn7fyl7punmkfhgwurjujlxmd4nhl7q9sz6nrznl4wr56398c49ypak87mm6hmfargx8d6wvxnaplmtvzkkqqllr0l47spg2rlnw6mkta403l7llmlc9yc3ca4d79t3y3neu093x0cezqlrktk82wdm40hlgu80e2v7tun3ut9gdlllfhltwvxvnqr89xkrluzjwfdh4l45mrkj8d6mnlv976kcxnuwdlmf74t3tj3g0lvvrhellmu007qsx2eqg8a6eas675uua97cnswdavfdlw7jls7uexmzzd6cnfsuhtsnu2m5wguam2g7aurlq99j02a8jh76t9h4ddvalda89e65h0lwc0ktqlwkuxf2n6sz2wlu57yp052fdhc52ku06sxt7a8ym2l9rmey7amgf5cdzltlxrzfnlwgss47lvn0fnc44yh9zr99e7trn6llrd69tu8cddl49qygv6s4hueyse2m054nuzcuxvxqezzgrxwlsx5alzpfjvf67y6ngfa7yp5hks0a9237plth9ultsau6jdka88fy7lw50n3873re33y2t0w5ul4354n0alc96gxz5deyumtfj3haxfwnc7vnn42l4x68qakp39s59eennfhttywxhv8qlkr4yfw0szzqx6wl72xav8z6tenk246uwk48hhvj309le95u845tkyn2z4ewzvf6m5mr4hfk8tw5dkn5rvuvzt6cuqanl0xv8ajgn8vrcxldl0sdf3u7mtyj4wtztxavlds7q87t8nu3qtzljnlrlvpf5wj2fgxcff0nlwfgkyjd2jp0k7ezqve0kyj9zteey7lng3flkvs26kpl9yc66v3fx5em6w9lxzmjfdwg8za6e3pg9y4j6wea4u3r84fu9k5ncwem4xjdsfpa5v4rwdwexjunqva8hz4tf4xy9rz634q7v2d8kcjfdfukye2g0emx484d0a2e9xt3gzv8hzztg4jk92nl24dffft8gpg5slr3ses5unjfvpffarmt32dmz3mcheu6ss2fkxqh8pr009c5z6ngdpc94fj92zryluhlqwcnq3a8g0xdtga2n0l37zyqny8nyj30xw0kygcmlmlu7k9qazmag64zur2m08quhyw57d439grgwvttmrhxnt5tarhju5pd8tnl3lml2vh0zvvjtk2f4xv7nfdevhnfj62kwhy42j0fe967j9wfd8jmn3d44yjanf4e5mvktwdfj45jj3dfp8vmj32kd9ylvd0fvevu8wgrzs4wn0cugz9egcmgqs3mv0qez4xl0m2a6fmj63nr6k3e2vkjs6a364a2xr5ag0hzkxmafw00ukmel0lhljqyfefhzhsn7au3qhwjyjgqrjm8l7atelw5zu7e4ett0l7deh9q4td60nhvm2m8dugyn0eav2uhva0t4h5d54fph8gggu5mk338cfrj0ssfhpnhggnujpxcgs72h636kh644e0u2gqa5fl8lsvf7d820u3dh6mys4lum37z32xcdmfn6ats8xr7s84rp59gcn3g3a8zsrl6p9jh5am7py8uaq54x5cm7qpepaujtj8gfq50ay2swpc2z58lp8ra4lc9yfeel8halwhy0hkd0m974tyqhy93hhmkmamdzwa70n53fs6g5had0cnqj7q5dlhqc0470a7l0vd78vlgncklw4u9nknmmduhtzvua0h5d3su03feelhl75dulswpcsydmaqp4l4hxrax7m8chus2v7zznh8f4h5vw0sj6rpujeewhve877hgkva52m4k6266wn92gmsmynrcppn3vazpjxpdkm9ekup0djhdp76dawn4tt3a6jfjga8y3cmg0p66kpchc93vxvepqqyydjz2js6ftx3uk2jxja2cct4trpw4vvd64338gkg92tu5r0m9zkgzdyhehm8snm66rwxm0nvd3jdfq7eyjechmq8emj6czufmqwahd47gd2quhqll3s9uahx2lj07xu4d0kndlhma3lvn4ac9tce2jtu76jld57lm2ejew8lmvks4t30g2gx3dshd9e59kuuplgewax5gahn4sldlwhh00waluazvhw4j8k73u3extzm9aepjnre70etlyftpwsx68jzptq4vtjl8rwnym43twc97kt4s5wedv7dqn7n2fma8ttm5x7lcc5245mz00239a5h80kfdp3xd9rej5k9je83s395adapla0jcapp026ymq77a687m65d5n2pkluv7uarpu4ne0gxe6rjk4ve4yvc26tdwtaty9vd45hd8qyqrwk5wmstunfy5
BEPE,offer1qqr83wcuu2rykcmqvpsqjwhelxdv87hwcl8tkqemg3ae3lhhe0km5lfgfe6vhcw6n9lzkp9472kruwxet48z56qfmj0n7cftka8g0e8395ssnag95tptkeeg95uly4ufqyzpypf4u8kafcf7cuxnv7zrjdn7fyl7punmkfhgwurjujlxmd4nhl7q9sz6nrznl4wr56398c49ypak87mm6hmfargx8d6wvxnaplmtvzkkqqllr0l47spg2rlnw6mkta403l7llmlcyr57d5k0zrz7j0efht3e4segewtha8se0f9fegpy74cl360dguvpgxh7rlmlj0lj6rpn56qeeehs0lqelldjty7ntkfjevnxu0pshkpz7matkn02j2c74ljntu7ue744uvjeq582e4an5damkls4k707q0xrm07r0f8r3l7pw0v8r9cuhnqaecwl5672ld4rf54frh5salch4qtct0v4372hjfjnw9hgtgkflekzmaj8dcm8z0r8tv4x987mna0zwq0kzyeehswde897vlhwwrv48gmh9zpz2spt785ae9an0w83lhkrukfp308ksz6mwxwtxwu64a6dzknum8tkd6ww9wfujzhmugevl3j2mah400hmmsf3c0qgpzy56xy6l5vf97vpngcntaph8cstj2mp0490xg9dullhu2phhfeemymd6jtjma77glzz07zynt9c6hk7g96mdtn07hlq07syehfwaxarr5ukag6amlp9lv7n7fz003ltc0lmd2dahwcur697vp00872z57gxyswy37ukd76wd58j8g4mhc4220w7h9jutnnt0e8vg8de259tjq9cl50fkmg7ndk3aymd9fkmcqyhasgzmlu7ze07y997c8qv7m7lvmtqef4k092uk5kdjexapupl7k8xexrkp7dz7nlczngey5jst32kltavj3vfyk55v74ej5zej7vfykyh4jfelxjjn75eq45ut7jf395e2jdfn957v92xlx2mjwfx99zcjefxu4uctpfechj3j2vfdxumjp2fvhnxv9wece5k2kff4xy5nz2ff924j35em9jetass60wpxj6jevfjksljkdflxm8a4wfverqrctwyxhp29gf48ldt623zc0gr3fpw9zenp3ehyjszj0e8chznmjxrmshne4ps6j52pkwzxlxt3v94ys6rs0fnytvzxf7f9lcl3zznjwsav2hpu4walnl5qqxv0jg9z75ely2phk0slaluvq5l9y9wkdkvlz4ehcqcmdsmlwxw69aetxm07nlsnyah3vr57vp5nncwmlll5ewwyceyhv5r2v7a9rtnenec9v6mhjpce5kt6v44ms5trgpz5w7rq0e090pmf3xg9jeu52pd4v62t095yj6692pqh5e22fpawvsx8pzuxl3cjytj34kqpptkc6p9h6dhkaxqe0zejv3hfzletk67xkw0m7mftyshsvwk7n2k0h6rngwcarlhljqyfefhzhsndu4cstnfztygpedn0awaulh23v0vmu448alxumjs6hk4xemkd4dmk7yze4u7h9wtxvh4mm7x225c6n5y5w29mgcnux338cgymsen5yf7eqnvygt9mlgatte267hk9yqw2xlmlcxy0xn487gktad6g2m7dclpg4rvkl5euw4cn3phfr73qcz5vfu5gunegplasset6walssrk0sw2n2v9lqyus77pyer5ys207jpg8zu9p28ls337mluz49r4u6fwj2u05sw8xddz2k2yka87c0ln5da6nxtm8xurmfm25j6atq6aqcd0nqc0470a7ll0dkxvlgnmkmw979tknmmduhnzv5a0h54ns5w30eeuhll50u0jwdcqqdt7qd5l3h7zazlmrc0ls2vwyzt48f4h5v7wskmnpuzce2kul8kuhvhva5z64km666x39xfm5mvsrsp343sdnwn0lulvudptaemw33l768yerhe77zy82een4ncgwdtdumyamsesl9seryyqqs3kct22rf9v69j3tg7t9frfw4vv9643sh2kxxa2cq4fljsdlvs2fqfujlxlu7z80tvdcmd7v3jxfhyr6ykthqlvql8wmtqt38vptkakke94crjuzl7xq4nkue07eacmn43760h7l0k8djwlkq30n82pwnm2tlkm6ldtkt9clldj6z4xya9fqc97zashkjkmns8960dm8hm0h55fvh4alrpdz55mtl8t6jdpx770va078nlwqzanlfevnl6y4shgpdrepq4sgkfekwsxkkwqe4am8nkf8sgwgyyuaktf3c8nhwk9r6t4uc3fm03flyf9azaxg4xjhlhc62uz42p8uwpu6rghhefmx94lk2w0t56j0xr0yk2pm985tzlhn6v3w2mkuwcxjs7ex2qn5jwn6kh65h5ul72en4ju0dpxk3tkyvqzacvcxumdh2jt
BEPE,offer1qqr83wcuu2rykcmqvps2na4cjk4wq5r855fhg6kxlh5vccrxw6fcwne096fxhw43dtm7xl5nwz4s7nnkj7fs5ksz7ln5lkx24hfjz7tufdyyylvp4rcwux22fw80c4tzqzq5gs2d0qahtwx0wxpsmhksusvlnf8lc0y6uz06mkquhyhe7mdvu0esfdqj4c6587tcuk5f379dfq0deak774c68t6d3t2nmq5lflc6tq4a3s8lcml3wyq26nlumxkajud0alahl7l6qhm2jgte0tycakgl6ue8na87ckjck9duau04sla5hmgkdegh3xqedt0lplale8l3dpse6dqyuulch7sv4x2ea2r4erkmyf7ut56t5hf8v857hr9thtlgck2mmuv9cxrha8gx8w36zux9myzxjvukkjgvddetj6hn3c4m7tuffkdflmlhk05x8d2fazhhzswc6ar2g7av8lc9s6hugt8lh9vvg4h6lsmv3lr4dr3lltwfhvwm0mxgm8834t8ckeq9k88v5we465aw07u06mwxkdfs43wefvnnralhmwu23kyce4yl6mlsm0a0f22mp3caxlqlmew9pamp2e86q2zlpdn3wjlwjlwez8j2m8650ad2sh9jzvwrczqg39x33xharzf0nqv6xy6lgde7yzujkctaftejpt08lalzsda6wwwexmw5jukl0hj8csnls3y6ewx4ahjpwkm2uml4lv9x0nmgxpyehurrk8nhnhyxh443pe97088rkpk009q0m49r97060u4p008l2z4wgxvswqsw6ka76xdy8jlt4nkg426wwkh4kun3n80e9vc8d4t59t2z9c7ydf7mg6nak348mdyfkmsryluq2zmuu7re07v89jchxvxc7ldm0qff47w42uk4kfjfxaflpn7x8xf8r7pwtz7jlurnvev5js2pgklfavn3wfvk5sdwne2kzejwvfvkyn4ztelyj7nwseck5s27kfe95e2jdftx5c2xteqenxd339vhjnnfkec4uutfj4q4u6jfnfh9z7npd9v655te0f8yngnpkfuhyjjeje8yyun9v9nyy62a5s6vwd8jcjfdf7kqejw0fmxm8ad0fgerxrsgwv8hr2dgf3x0tt623we0grpgp2yjln3senyjjz2vetehznt3x0mq3nehpu6js2fkwz80qtf09eyq6rgdfm9mgzx27pyluleqzmnwsaygh9a9ga0nlupszv8ng9rwje0x2dkxfsllluvshlxwdefdnnawclyf93tjfjjjj7rw5qnkw55zh3flpdtk70tpg560hmlllxmj3x8erm9z6nxdfa8uanjr9vlvefwd8epu70xg9m85et90ejhvgneugshncnfg99xyktetfrxyl3z28l9zas6f8sky4txvfj5p3sgh9hvvyarvsddjqy2d5xgtm2994ca4090velnzadmyed54l9qlks0hrmgc6lhve3l9mhf8nq6a3lhlsaxwqdq4uu6lz2upazfzdqgvtql0h4l9aknma6x3930lhcl8ucr9thf7w4nd0d443vna389ht6uneu7j74hze9w6apzrsjkex5apz036z98vq0drz0scxmpzr3f0v82alk489lf2qm53pa0mpd8fcae6j4hlrd29ht3w0ejrg8zhdxlw4xpukw2y7uvx65rqw3p8jazz08gy72xnh0e5k7rsz6k2ez0eqhy8njptg9rywsh337zg9qctshay7wxklch4sapcud2x2em5mkkc9pvunxm5kmawfn9wkzyvt80feu5l9xje650fxmvxtgy38lu0p7helhmaa3hc9jax0jla24s7w600a5j4df4n9u74hkr3w88087mlzshn7pc82r3n0yyxlukcelsmr0lzlzpfneg20vaxxl34c7qtqw86th86anymm6lzpjka27km3gtf6v4fmvrvjvdqv8wr6hrfmnsmwh6fn5t9mym6a9aeer9nmd0kze7ahwf0cu74he0hmdg0jc45ryet0qqjzxmpafg994hgk29dzeg4509j535h2kxza2cct4tgz4r76ph4jpdy39jtammnc2aav3hrd4ej8gexus0gje2urasruamdvrwvas9wm56mykhq7tsrlcuzxwmn9ll8hpwxh8lf7ama7cakee7cr96va29j0dd07m0tu4weuhrhuktg25cm54yrs4ctkz766ewtqc0ew76s4t2ade54ls4kljxynjflj94jhj25yvdl0rpl7lp0zd0nf0l38vd6qrfwvgdvzpjxt776vzh2jn53hduhglwwd7kuj9zs6xf8c9weu08txghju9p0l0247045glfthuhtlh0f8fehj3236edylct893jke8pl8jkpea30p6c76hmm0f40x0p4984ksdw99wla9e6dwschkfrhw340wzlrj4p0hfajdfw0cqgqe8kguzsycpte3
BEPE,offer1qqr83wcuu2rykcmqvps0r0kh9ejhrs8ecm5s2qg73k8kvzal03hmwlttt9gadcm0vuj99dmuw6el4crywuu6ngp9wpllap9dmsapmyk8k7zzf4qh3q9wl84pknjvshe9qcgys9x5sjm48plmrsma3cqdfk0fznl687wwex4qmuwmstyed7h7mlqrkv22gvjw74e7n2y4lz5ys8wclmw0vl4959pclhf6skw59la0sx6cyr0udl787qdpgr7altxe0k57rlmll0lskn5yfklfedtsala74je8t98h6tssf687pj769ptv846n7l5p69armxucdlllfhltwvxvnqr89xkrluzshl2uka8mltk69h0dfetlt3ccwhvfntu0d7kmfj0cka97rr783ccaqy8zen5ls883hue0gutun7twkt4p8e467d6ljfxtudflskcu9au5aty2vcvg6ar2g7av8lc92vnnecrtml4lr8hmghs240l0zc66c003dmhnrdagplh6vdu7pxdddkq07mgcruhlqa8k5kjyr6t86790ll2whq3txlv0u3rw8mute7j2g7dxeu8xn40d4umusdkccekuf4kgl7y7ajcv05xzsrjllnvn42l2veg8y3f787wpx8pupqygjngcnt733yhesxdrzd05xulzpwftv9754ueq4hnl7l3gx7a888vndh2fwt0hmerugflcgjdvhr27meqhtd4wdl6lkrea9txmrnxmygkj678ftk9dntxe7ay5a0860ueeu4k57rqtxmll7mdaur7cw539e7qggqmfmlegm4sutf0xwe2ht366577aj29uhlykns7k3wcjdg2h9cf38twnvwkaxcad63k6wsdn3sf0trsrk0aueslkfzvas0qmaha7p4x8nmdvj24evfvm4nakrcqlev70jypvt720u0as9x36ff9qmp9970ae9zcjf42g97mmygpn97cjg5f08ynm7dz987ejpt2c8u5nrtfj9y6n8tdukssr60fd854mw2p4xxjj5dfecukd2wp89xmjcva09gumxv48hqcznkeg47et34xv9s7j6ff4xycjwg7nre3f57mzf948jcn9fpl8v65744l4ty5ew9qfs7ugfdzk2c420a244999vaq9zjruwxrxznjwf9s99850dw9fhv280zl8n2zpfxcczuuydauhzst2dp58qk4xg4ggvnljlupmzvz85apue4dr42dl78cgszvs7vj29uee7c3rr0l0ln6c6qg8rh9h54ufn7n0xdda0z8gqwrr0dmah5nxdhk3wmue5emdaxsaqslllum72ysly0v5t2veey55nktejhy6jpwx25jnj3wf4955t90fg553jxwe24n2t60ff8z7n7g4lxuejf2x09jljj29v4zjtetxv6usxxfrujapjnuvjp4kgqegkse3vwrne4hpflrau6a2psxxsw9cee6x0mj5jwr3dmmcen5htv9eyg7wmhalelelvsp202fc47yh7wvg9e539jyqukeh7hw70m4gk8kd726n7lnwdegdtm2nvamx6kam0zpv670tjh9nxt6aalr992vdf6z289za5vf7rgcnuyzdcve6zylvsfkzy9jal5w44u4d0tmzjq89r0alurz8nf6nlyt97kay9dlxu0s523kt06v782ufcsm53lgsvp2xy72ywfu5ql7cgv4a8wlcgpm8c89f4xzlszwg00qjv36zg98lfq5r3wzs4rlcgcldl7pyccv8wweh4ae60kvm25zcftxn36c8f7wl7p93mkh5lmyjdvysmzt3qxascd8jqu04u0alll0dkxylghmkewdl9tkremdahhzv5a8k54nskweweeuhalu0utj70cqqdt7qd5hsh7zazlmrc0ls2vw9z048f4h5v6wqkmmpuzcegkul8kuhwhvu5x645m6m6x39xfn4mvsrjp3533ah467y6a2eke0m430wgufllh7usm06e6jlrh0h5a8ntvll4pfl3hnz8ykrxvssqzzxep9fgdy4ng7t9frfw4vv9643sh2kxxa2ccn5tyz4972phaj3typxjtumancfaadphrdhekxcex5s0vjfvutasruaedvpwyas8wmk6lyx4qwts0lccz7wmn90e8lrw2khmfklma7clkf67uz4uv4f970df0k600a4vevhrlaktg24ch59yrgkctkju6zmwwq68v8zpyt6jycxr6xa920n9hm8ex857dfy0rakdrzlkhc3pvml7l277x0c34g9jqmq7cv9yq4e082htyaw2cjsv3tuc60xwa03gms9wdhltrwucjkpnufkukq2rmtf39m4zc2wrvxrvnvth75fe4n693em2jzkgnmf477pmh44l7s988e2d0tvhfn2lvlxcrzwe38ldgd62ef0dvtkaucjnujrch6fldrafxmgcuxh6qzwzw40s37ng4l
BEPE,offer1qqr83wcuu2rykcmqvpszjzf7h9klte0a0ela7phv7k8a2yh7yfdvfnas29e09hv4ax9xrqwel3tpl88v9cn3tdqyam8elvy4twn58uhcj6ggf7sz28sa6vu5jcw0n27yqqpgnq567pmw5uyluvrph09peyelyj0ls7f46yl5hvpewf0nak6e6lmqj6p9f34f0chpmdgjru26jq7mnldaate5wn5tzka8kpf73le4kpttpq0l3hlj7gq54rlekddm9u6lelm0lalcr32l48tax0dut460fdjux0f75rlxhwjvpamjr03cu4rtgl8kma5l3u60elm072lc2cwxxjgdx8879auzpak70keq4al3v58wy5gmlztam92u0tyxntanadkv863lf040dk8msqpukd0lma40ngae8y9pjxthmmwtl6xwl3r7an7y5sa2z3e2pelaw4dsgj85vw44y0w7rluzf4w4536kdk0h3w8spmlnfpflwkkwu4men07lht32atxmpmpshthpcz8k6y4c6g577deklxq5r40hrz6av7dlcffh0vgj7hk9fr344s7qyfwndsctvtmm8eldtznhl3nl0feunfa0382ukpp00amg7uuff3dtu7ydukx3quxvxqczqgn9wn3xka8zpdnvd6xy6lgfe7yz5nkstadt3jp00haalrsdu62wkexh0ykuwu0nn87sras3y2mww5aln3vkntul796cd373fw90s3jmr70565hg7fp5fctt50rxk22rdh6ac0lx3mllfl2s5z770u59tusvfqufpa3dma5vmg09w4t8d32457adwtdehrxxljweswmzhg2kyyt3ag7ndk3axmdr6dk6gndhsyfleqs9hmeu8jlugwtdswgcana7mk7qjntuu24edfvm9jd6rur0avwvjv8uruj9a8ls8xejff9q4z4d7n6e8zcjfdfgmarj9v9n9ucjfvf0tynn7f948apnp0fg4avnztfj4y6jxveucv62pv9gcjkdw2f5kvhjkdegmv7n6dfd8nzt3deu4z5j3gechr2dever9zutfd99xn2vj29ex5njp24p9mfp56uj094yjcn4dphyv7n7dk062ujejxg8sjuc0wz52sn2d7jh54z4j7sxzjzug9m8rrnwf9qyymjlnw9xhqvhhp88nwr349q5rvuy07ykzut6fp5xq6nk2ksyvhuzflelzq9hxap6c3wrm246l8lczqyclys28apj7v5ndvhplllccptnweh2myre6ch30l89htzwzuchpaj67ajajd2h04lakwnammyrrwdffllldl9z20jxk294yvcn2dfchz6j32fmx57v329q5ue2e5f48u3jpdfg4vud70xc4zut3hem9y726txn9z7t7tfh92622d9vcu6dpvrny3kgw5eeuxpp6lyqv5rgvukxq52evny7nlp9n86lzqlfsz8j0g7tja4wdthz74779d2wm0v0rlymxlll7sexwzdg4uu6qn6yqazfjdqqvtyllh4l9ajntl6x3940lhchxuur4fhf7w4nd0da43gndn89ht6uneu7j73hje9x6apzrjj7cx5apq0e6zp8uz0drz0sgympzr3flw82ulj4h9lptqm53ra06pf8ecaemj4hlrdzyh03w0e6rgrzhdxl04xpu5w2y7uvxc5rqw4p8sa2z08gy72wnh0ey57rsz6k6mz0cqhy8njf2g9rywsls36zc8qc2shayuwxhlch5nlxtenew23lvel0hertdr3rw9nhvhr2nat0kdezm4wre8p8ldznqy7cvksfz0lc7ra0nl0hmmr0st96vl9l64tpua57lmf926ntxteat0v8zuww70ah79p08ursw58rx7ggdled3nlpkxl797yzn8js57e6vdlrt3uqkqu05hw04mxfhh47yr9d64adhzskn5e2nkcxeyc6qc2uyah6lwx57z2jufe9rzar7h5vn2ll37znshauvk7zr02scgaj5cavds3jyvpszsxgg6vr49y5xka2ccn5t8z73v5269j3tg7t9frfw4fqj50lgk6kq95j9x00lww0pt4469udhhxg4qymj3mzr8ts0xx0t5d33denkp4h0rdvz6ure7x0hrsvetwvluuja476vla0mh0hnzkhxhlqykfl4cjfak4mmdm024m0nv2lzed9trpw64szrh8ws2mr29cuftkykmxn87lflmu5up6c74v057tfmhn606km9hvadapgtee8ruah0eflzx4skgrdrmpq5s2kfetka23l0r0kflgnpaealvhruum57nfw0chxxxelay2alfj47lmje50ekhfcqhu2k8kk5ekjgfzlhfxtjlv4ym4wf0dhej8sazfcfz9tfwjj7t93e2fef2y4lf4nhcv9ptn5laj4hndg9tcr2mhtsg4jgny00x202uhqpkfljsvskuwa0v
BEPE,offer1qqr83wcuu2rykcmqvpsvn099zdfhw7r240u242pkuu4w8vupkuxytdck39a9awn8h7me3el7d24s7nnkj7fs5ksz7ln5lkx24hfjz7tufdyyylvp4rcwux22fw80c4tzqzq5gs2d0qahtwx0wxpsmhksusvlnf8lc0y6uz06mkquhyhe7mdvu0esfdqj4c6587tcuk5f379dfq0deak774c68t6d3t2nmq5lflc6tq4a3s8lcml3wyq26nlumxkajud0alahl7l6pvhshe4h3h4yy78ghzk04lxpy266exshtsjqnpcky348se3xruuysvxllluml3hkrxp3phjrfpllpwh058k67lmm96p8m89tyvchlezw4e80pzywnkmqtzmlz7vsl5s5jqmmwps0j6yxlv5amkpyl0l683wyn4k0c2gh4tl8x224ae653xqnljqh8cd5ek3eznhdfpml30lql530a93rrxhxn5wlm4u5ekk7fvl8nm4tw3wnnknmehqn795e2ah09qtawnyzplrhsn6cvz8xy59ua3dthklwmlet2zckl2k75htrkvluh38tmx0vnsvn4y2d6gjvjtwa7c5thna608m6g2mr7606chlnc9kcxehjc6820cycv9syq3x2arzd06xyzlxge5vf47snnug9f8dsh6jhryz7l0mm78qmm5uudjd7uf9eaul8y04p8lpzg4kuafm09zedxhel7techhu6zjh0v20aktt2sc4cmgnx3z6huheqt4ekk6d0vx2wuwd7c2mejz770u59tusvfqufpa3dma5vmg09w4t8d32457adwtdehrxxljweswmzhg2kyyt3ag7ndk3axmdr6dk6gndhsyfleqs9hmeu8jlugwtdswgcana7mk7qjntuu24edfvm9jd6rur0avwvjv8uruj9a8ls8xejff9q4z4d7n6e8zcjfdfgmarj9v9n9ucjfvf0tynn7f948apnp0fg4avnztfj4y6jxdf6hvj2wt9u5572ekf4xz6dzv4e9uunfsemyv7nfkxhyzs23vf88jejj2x4yj6tetfaxjun6v9v6unje5438mfp56uj094yjcn4dphyv7n7dk062ujejxg8sjuc0wz52sn2d7jh54z4j7sxzjzug9m8rrnwf9qyymjlnw9xhqvhhp88nwr349q5rvuy07ykzut6fp5xq6nk2ksyvhuzflelzq9hxap6c3wrm246l8lczqyclys28apj7v5ndvhplllccptmwaa97la7de5ahw5wt42hv3edn0tpcvc0h0z7la3nj8e5n7he984hllhlm72yklyvvst62e3xj7n35xu4v7j7f95kj4tegfu42k2egedxn9npd9l92j235edxz6tefxvkvk29ve0xvstjd9g557n70fcmnvxxfrysadnrcv2z46gsmgxseevppfhkxkjh0jk675ya0r2hw90lzkna66jvn2l54kluls4vse6xtjtr7llllp6vuq6ptee4p9ug96yjy6qsckp7l0t7tmd8hm5dztzll0370esx2hwnuatx67mttze8mzwtwh4e8nea9atw9j2a46zy8p9djdf6zylr5y2wcq76xylpsdkzy8zj7cw4mld2wt7j5phfzr6lkz6wn3mn49t07x65twhzulnyxsw9w6d7a2vrevu5faccd4gxqazz096yy7wsfu5d8wlnfdu8q94v4jyljpwg08yzks2xgap0rruys2pshp06fuuddl30uzu7rvravl2vdna0l6whw0laf0m5erwvhsu3k4h0manwkk8804faqls6mpj6pyfllrc0470a7l0vd7pvhfnuhl24v8nknmldy4t2dve084dasut3emelklc59ulswp6suvmepphl9kx0uxcmlchcs2v72znm8f3hudw8szcr37jae7hvex77hcsv4h2h4ku2z6wn92wmqmynrgrpmj23a866l7tdkl6etzdz6fdmuh4wjgau04q4uhchx3xsj4ukewvms7e99senyyqqs3kgf22rf9v68je2g6t4trpw4vv96433h2kxyazeq4f0jsdlv52eqf5jlxlv7z00tgdcmd7d3kxf4yrmyjt8zlvql8wttqt38vpmkakhep4grjurl7xqhnkuet7flcmj4476dh7l0k8ajwhhq40r92f0nm2taknmldtxt9clldj6z4w9apfq69kza5hxskmncymx006d5amlt8p2kz7pkd8ruzq5hdhn0t8ra8v6jgdwhutj5tzqe806laz2ct5qk3uss2cyt8vevt2sjrfhjjhz3x4qke7uk5ugjztwfvved7k78cnmzvm3ceckud4elvwyuljdn0hmkawthn64evvn49z5qknyc2cep0g6hww8e3whaladh5rjss47hkm078t7wpp839hl35d8utywmyhsar4lu32twh0vc7mskh7qwq88tks9kfst7zd
BEPE,offer1qqr83wcuu2rykcmqvpstjgrmgzh2pq0mju0llg58hhmclwthlz0ff7drwzc0ahy0khh7mkslhjm04crywuu6ngp9wpllap9dmsapmyk8k7zzf4qh3q9wl84pknjvshe9qcgys9x5sjm48plmrsma3cqdfk0fznl687wwex4qmuwmstyed7h7mlqrkv22gvjw74e7n2y4lz5ys8wclmw0vl4959pclhf6skw59la0sx6cyr0udl787qdpgr7altxe0k57rlmll0lsk4strnh0ktkskl4an6w9vc4lgmcajll6xc8hd3nunve03dumk4ga47vrtl8ldletlptpcc6fp5culchu3z97whgkfdhmtwhlsat8v0evk9qjr3xq24jg0anekvxtu88hfnwerhsvqujm29tpnt9jhd57wgkdykhu8ev94e4we0l44rt78a4l2d8rw3t2lwv5wguam2g7aurlq9n6d7xtj53whtlvnkn83qp87rlerculygkt846kyetgd65ff6lv0vqzaj3s8nturd6z806hh9adch6cwhswdeznd3xer0ayte7nkalsghefnckjln7nks3wvkc2m5u7waxcqm7a930e7ttk70ete8k2xvzaklhkh9hz3ng03cvsvpjy5jxyulydfe7vrnqcnhup4xsnt7gtf0dq0624ru87hvt3lhpmehymd62wjta7ugl8z0azxnrzckkkufalmpfr8lllqt0cwggph6nutck0n7d3xl7mgmgw4kudxuj509dz7u6d72zu73duw0mwc8aslf22ncqsjp7jhmj3htfekj7vaj4whr49faa6y5te07fd89aaqa396s4wfsnrwjax6a96d46t4rd5aym8pqjlkrq8wlncn9lusy3mq7phm0marwv09kjey4tj6jekt8mu8spljeulyg2chc506lmq2dryjj2pkx2mulnj293yn253tehx2stxte3yngj7wf88u6v20enyzk430efxykn92f4xv3n9j4uk5k2pjfue5626ve24vhj4h9c5vaj424e94zn3feshazj3vkl9nvtewe48dfjf29z5j649fxy4j44p8hzrfa7yjt2093x2jr7we4put0l65fpnuwqrpacsj79v43z5l74tg2zte7q29y8cugxv88yujtq2g0ql6u2rwcu07p70x5yrjf3q8ecgmlew9qk56rgwpdzv3wsqe8lylurkycvwf6re326825ml70csqqe37ey5tenra32xxm70l8a3upst6j7cj42mtr7yy77fkarwv80jwsg4gdm5js7066fuyuczm8hnc58al7ljn9lcrryjujkdfs6zajwwxx4je29g9p8z6vphe9yukdfdet8j7v6w4s6y6n3h48yyujf3eg525tp5908jaj4txz4zsnxw9p83ejqcy8tu67rzs3wzxx6q5xwmzsr66m6rwaklyl90l56e7vnwd4gm3ytmmf6hy30hehz3wk4rkll4q8msmlllgvn8px527wd0sn5razfzdqgvtql0h4l9aknma6x3930lhcl8ucr9thf7w4nd0d443vna389ht6uneu7j74hze9w6apzrsjkex5apz036z98vq0drz0scxmpzr3f0v82alk489lf2qm53pa0mpd8fcae6j4hlrd29ht3w0ejrg8zhdxlw4xpukw2y7uvx65rqw3p8jazz08gy72xnh0e5k7rsz6k2ez0eqhy8njptg9rywsh337zg9qctshay7wxklchap09rz9dt65mcmyp0l05ql9f648mevk5t8xehlkuuhtln65hkvzl8pkcvkspr0lcwra0nl0hmmr03t96vl9hm40pva577md96cnr8taatdv8ru2ww0all9p08ursw5rrx7gqdlad33lfhxm797yzn8js5ue6ddlrtnuqkqc0yhw04mxfhh479r9d2hadkz5kn5e2jkuxeyc6qcwu9tum7v74va0d48360n8qlahw20mufnkemacrzdv2k3t497nf86jnvxqkrxvssqzzxep9fgdy4ng7t9frfw4vv9643sh2kxxa2ccn5tyz4972phaj3typxjtumancfaadphrdhekxcex5s0vjfvutasruaedvpwyas8wmk6lyx4qwts0lccz7wmn90e8lrw2khmfklma7clkf67uz4uv4f970df0k600a4vevhrlaktg24ch59yrgkctkju6zmwvqe8x4kgava36saql3zavc4f674ke3m7wy6meq57mvtaln08cldhthylsnkyagp5nx5xkpper9xjv60h5alj4ksk0y0c372jutem22wjhj3hnwd934zvdts04a6efefm7adsmz9a6kgwhvpjf82557hee0v4dwwgjll468k8d460ehywtyg5hffnlplr8w8dlusmevxp9zh2lazx6w3g64am3lwnmae3tp6vfsahjkvvq9zpw0e5pc4yeu
BEPE,offer1qqr83wcuu2rykcmqvpsxr7rh7lm7z273s9alnlljh7kfy50culxehdwzad27pqehkxguhdafrk6l4crywuu6ngp9wpllap9dmsapmyk8k7zzf4qh3q9wl84pknjvshe9qcgys9x5sjm48plmrsma3cqdfk0fznl687wwex4qmuwmstyed7h7mlqrkv22gvjw74e7n2y4lz5ys8wclmw0vl4959pclhf6skw59la0sx6cyr0udl787qdpgr7altxe0k57rlmll0lsktsf9hhe2522mw3nwf0xuznud8mpadtugmyev0g33d9zg9k9dvl8al9gdlllfhltwvxvnqr89xkrluzm5ru07485hl73aj5mrehgcf3u42avqdksmnewmzlvzm6ad974lmajhlsvpkken408flysp64le9mf3lld4a07n3u2vkk0xfpksk62dl7q63d0j4f5vguam2g7aurlg8g7rv6nlkmas04lhwg76a0rm4tlxpvtdcjrar8gh8unttjc4r2hucsgmpru45j92l7ghws6mnwz64qm0nlzfdgh4ajdm78wsqkhlm02c3mv2fu64jklvufdejexh7e8mr5n8uggh980pmywecarea7qujlsdsttletm8qmrs6qszyff5vf4lgcntucrx338h6rwd3qhy3kjl2zlv52tellwc5rlwnnnkfkm4ylyhmau37vylcyfxkr340dujtak6nx0l0eqg0hehcyhugdhv0n0alc4mkl9n0cyraw6xcu3a7aqgtuj6zgmxmrnvtrcl7s4fjfnyrs5pk4h0j3ntpuk6avaj92hnh49adlyuget7ft8pld2apz6s4w83rzwk7x5adudf6mezdkaqe80qzcklr8q7tlnpavk9emqkrhmwmcr2d0rh2ly4fjujfht0cv033ejfulqfjch5hls7mx29q5jj29k6tt57tj293ynt5kt45kv3nzt93yagj7weyh5m5w093yzh4j0ffx2knz2e4xvkdpdehyz5t33xg4vuvjte25v3npge56j524tfj4u3jxweqezht32xh95nj7dfmx6ajpj9yhu624g4r9r9vv8nrnfukyjt209sxvjn7we5eltt72kgesuzrnpacjj2xve36jlj5txt6ge2q2pyhuuvxvfx5cjnz2w0cu6ufnwcyv7du0x55zjdnspec2mtewfqxs6r2wfv6g3jnse8l8lgqkve50fzpelt282umlswqnqu6pce5ktejna3jyxlllnx9suh56r8nt507n4lv66ghnem9xyshcmwlr8l68esamvkkg0tu7t45qelllldl9z20jxk294yv6nftemyv6tw0xykj6npg4vhnydeket8vs2fwfumuk23txgcnyn3v4z52njft90yv7j70fg5vmnjd9m9y3tqc6ydjr4xw0psgwheqr9q6r89s5vnxhglfhc4ax8lrm600qjr54m0an0hh50vlwh7dcfnve6zv8052hdlll37v5p6d2fe47y0vf5f9e5p9jvpukehuhx70l4gk8kd7w6rulnwdagatm2jvamk6k460xpu670tjh9nxt6uamr482yvf7z2892a5vf7rgcjuqzacve6zqlvsf7ry9jal5w54u4adtnzjy84r047u8zhnf6jlyt4ukay9flxu0s524kmd6y782uecsm43mgsvp2xy725vfu4qm7g2vaa82lc2pmxcr9fhxz7sxwgd0qjv36z2987fq5r3wz34rlc2clvl6p32j7rwwzvpld2xyfp824cvm5gv0aatpe27s6suh93hxy0lu9g94lfsfwqwxlesv86l87l0lhxmrx05fat0h27z3mfaak7ta3x2whm6wec28gkuu7mll6x78e8yugqx4lsy60cmmp7n0a3urlg9x0rpp6n56m6x08cfd3s7pvuhtxwnlwt5tkw69d6md4dd8gj3ya6djg3cqsmcl7m25tymla246azn6nvcwaau0h2mtea6u0a23zlkfc0wap7dknmqn4vqkt3sxqgqpprds755zj6m5t9zk3v5268je2g6t4trpw4vv9645p23ldqm6eqkjgje97aaeu9w7kgm3k6uer5vnwg85fv4wp7cp7wakkphxwczhd6ddjtts09cpluwpr8dejllnmshrtnl5lwa7lvwmvulvpjaxw4ze8kkhldh472hv7t3m7t9592vd62jpc2u9mp0ddvh9q6p4h454n7hufvauxku742l9hm0u67d82urjradet0hmdd4dltnauhlcnkxaqp5hxyxkpqe89ltx50ekv02mu63zy80t6rklyr2ek74xlm9het8ecqd0xu227h04ua77fmcchwf78xx7730n0eac7n3jufhnq0mxd5khk0kp4n2huulnsam0w0zfxgy88xfkupgutxuuwuv6xnvav2vkplfvr2le6a0pjkltj5lwm8d5sqlxq5d5szu2ml2
BEPE,offer1qqr83wcuu2rykcmqvps9zwnkl2249k5uzvfpla2ktvlnl7r9llz03ykdtlzqahplacm2laj0uqm2kr6ww6texzj6qtm7wn7ce2kaxgte0395ssnasx50pmseff9calz4vgqgz3zpf4urkadceaccxrw76rjpn7dyllpuntsfltwcrjujl8md4n3lxp95z2hr2sle0rj63x8c44ypah8kmm6hrga0fk9d20vzna8lrfvzhkxqllr079cspt20lnv6mkt34lhlkllm7gr0ca08arjcv87l075hpch4zk9sekyd2k4k7tld7ak9kza487ulgezrdl8ldletlptpcc6fp5culchnsgkhdrzdgt949ka6hah3tntd42l8nf6v2r855e9xhja0vj89ne2jpy8zela4w6rh683dtmf8yddvxhdhaad9hpy6y94dx2ceww92t3tpnmhr0s6p46w53e6g0lctrmr45zk9rkw0wjn6sfuaqmhkav0pmeg6n3wtl9z0zhlc7dpuraalgyxcguuhwgnxj32wedcvz62nk4cmjt7464ra62jvdz59tsx08ju2vu7nl95uw8hdest0xhhhhv54z6k83szk7m3hdtw5dlgehuj9f4k9k8t45cyy6pw8pspsxgjjgcnmu338hesxdrzw0sxumzf0frd9u59leg583l7a3v87a80xvndhgf7f0hmerucfl5gjdv0z26mexhmv4xvl7l7pnvet00wjlcs4t4mjzudw4t2seewl9drkh49k9yda3umgld93anjn6z770u59tusvfqufpa3dma5vmg09w4t8d32457adwtdehrxxljweswmzhg2kyyt3ag7ndk3axmdr6dk6gndhsyfleqs9hmeu8jlugwtdswgcana7mk7qjntuu24edfvm9jd6rur0avwvjv8uruj9a8ls8xejff9q4z4d7n6e8zcjfdfgmarj9v9n9ucjfvf0tynn7f948apnp0fg4avnztfj4y6jxvfjkzet6g438u729d909rfn6fxeyzejekfj4ylj4wxf9uc23k998ndnfd9qkj5tj0x9855n7de5hjujk2f98mfp56uj094yjcn4dphyv7n7dk062ujejxg8sjuc0wz52sn2d7jh54z4j7sxzjzug9m8rrnwf9qyymjlnw9xhqvhhp88nwr349q5rvuy07ykzut6fp5xq6nk2ksyvhuzflelzq9hxap6c3wrm246l8lczqyclys28apj7v5ndvhplllccpfesl6wlphckqlf8k47hpaktcrpjlfyl0uwlp9pku6gk95h23eye3009lml2vh0zvvjtk2f4xvuv62fly6nnxdeh86ej929q65jje0ft8m2nf44ykz6d6wft9jutfkffxnxvfwx5eyk2wfxh8rvn34fckv48wgrzs4wn0cugz9egcmgqs3mvwq7hetf0vx0khq0l549sa467ddfrj9kfwq5z5v2jkamyn70xmfem8r3ltlhljqyfefhzhsnlulpqhwjyjgqrjm8l7atelw5zu7e4ett0l7deh9q4td60nhvm2m8dugyn0eav2uhva0t4h5d54fph8gggu5mk338cfrj0ssfhpnhggnujpxcgs72h636kh644e0u2gqa5fl8lsvf7d820u3dh6mys4lum37z32xcdmfn6ats8xr7s84rp59gcn3g3a8zsrl6p9jh5am7py8uaq54x5cm7qpepaujtj8gfq50ay2swpc2z58lp8ra4lc9je83w8flnwlnx7aznt8utzmzr0pn2pta6cckfkkeu5j3vv9nt4wejrrkr95wgre7h3l8alaakucnazlwm9e874wc08d8k7ufjh57cj70zem9e88nlnlpl3wtelqsr48cpkjwzlct50ludphlpd3g5f75axkwnnfczl0v9srr9xmnu7mja7arssmtkh0tdgj95axw4djpwgxxsxzhvd77mtfn4dj7dhw0n7ntww2edthgxpmhhmwfemqllwjj3aar5talu8jcvejzqqqgmyy98pujkfrfw4vv9643sh2kxxa2ccn5t8z73vs25negxlkt9gsy6f8n0k038h44xcdxlxcmry6jra6g9n3l5q8nh94s8cmkqemwmt5365pfwpllryteewv4lylu0e26ldxtl0lmr6ehtmsth3j9yheu497mtalk4h9zu0lkedp2hzk355dzepxmthgtde5zr8xvvjnhegkfap0dmxtfdazyxaxj886pfmsdaq2l0vjpld9y7uhh8l20cn4qyjyms7cy9yy404yseyuzwg8afpe6avdt6ckjlgmhtajttw9mfcylafnh0wgfeadtxnnwcfr3880z6aeg5xew46vf9mn892d0qgj72mmdmgjy7kc2mnz4k9hlamvj47w6rdrsxthae9qt49e0dk5dmy42rah8e6ldauhzx84nrem9mvqkx4yvku670aja
BEPE,offer1qqr83wcuu2rykcmqvpsvnw3ul0kgw806maltsv2d95ffthnfxhn7jw2hl0valtm6u7zrp7d07je04crywuu6ngp9wpllap9dmsapmyk8k7zzf4qh3q9wl84pknjvshe9qcgys9x5sjm48plmrsma3cqdfk0fznl687wwex4qmuwmstyed7h7mlqrkv22gvjw74e7n2y4lz5ys8wclmw0vl4959pclhf6skw59la0sx6cyr0udl787qdpgr7altxe0k57rlmll0lskxztkawaafl9nks3ztra2z4l8j74z7nwnd4llwz54rn82m4x3km7q92cyfhltvvxvnqr88x7rluz4vkkwt5aunt9m5a5yv7h4hh08xv6235k7d0g4wua6rhe0wf2k3adkdtsvqzuvlh2nd5p3lp0at6fvmchnkvjg4ewh9ez3388d97vrjlayxeav820rwxhg6j8htpl7pwm87ealw4ltkpxj3lusm6jt7en0p7k0t6wfv44njfxckgt5jhn7dd5lvy0n37hch7wayl0yjueghjd3faqrvalyuaxdh3fugum7zmwdupumvnkhkyl4awna2tdlxwl8s5h7ghl97gfxz0390w35la9vcunaf6ylh4vcz90hcycv9syq3x2arzd06xyzlxge5vf47snnug9f8dsh6jhryz7l0mm78qmm5uudjd7uf9eaul8y04p8lpzg4kuafm09zedxhel7tesugm98rgnlaftllx3lueclj6dq5eh0vl0n44krgsekvnkna0ukgwuk9aulag24eqejpczpm2mhmge5s7tawkwez4tfe667kmjwxvaly4nqak4ws4dgghrc348mdr20k6x5ld53xmwqvnlspgt0nnc09lesuktzuesmrmahdup9xhe64tj6kexfym48ux0ccueyu0c9evt6tlswdn9jj2pg9zma84jw9e9j6jp46092ctxfe39jcjw5f08ujt6d6r8z6jpt6e8ykn92f49venzf9m95ctpwxye5ajxg4ven8nxvelyumnph9e8uu24f9hxucjk29tyrgt6ge5hnztenehyus2e4xh8zetfnkzrf3e57tzf9486crxfea8vmvl44a9ryvcwppes7udf4pxyead0f29m9aqv9q9gjt7wxrxvj2gffn90xu2dwyelvzx0xu8n22pfxecgaupd9uhysrgdp48vhdqgetcynlnlyqtwd6r53zuh54r470lsxqfs7dq5d6t9uefkcexrlll3jzuvyjzw4surjew46853clvvxmaudzteapmeuem6lh49rvhfffkx395lml7lj39herryz7jkvfshnqjwde5mvnnw2xd8vut9ffvmjuv92fskvsdw0xh9272xd9u4n2venfl8uhnfk4tyzmn609g5vmnej4eypejgey8tvc7rzs4wjyx6p5xwtrs07s8znh3d4xcnlmx0ulydu997a0xjz74jahlm884h34vte8w3dxhmwl707ruecp5j4nntu28sp5f9f5ppnvru76huhk600hg6xkd77mrulngd42a8m6kv4ekkk960kqukl0tj08n2t67atq4tt5vfwz2ty6m5yf78gg5uspa5vf7zqlv5gw9yasam47j4uha92rxjy840w9uu8rhhg2kluf4ckax9elxc0q52a5md65c8jaec3m33m2svp6yy7t5gfu4qnag2val8jlcwqtzctyflxzus7wg90q5v36zwy8cfq5r3wzh4nac2el2l7ztww08num887cna3mnxlhn0kj60ajr4vjh08m6fzx4s264nvgk329uqt5rp47vrp7helhmlaakcenaz0wmdchc4w600dhj7vfjn477jkwz369l88jll73l37fehqqp40cpkn7xlct5tlv0pl7pf3csfw5axk73ne6zmwv8str92mnu7mjajankst2km0ttg6y5e8wndjqwqxxkxnkmvy00e4pll2mh0tlrjh0es9nf9lsmgk6t7xh76gw3c69cwgay9a2urv4rqvq5qjzxnqafg994hgkw9azeg45t9zk3uk2jxja2cct4tgq4rl69h4spdy3pjmlmnnc2adw3lrd4ej9g3xu50cse2uresn7anvvrwvasd0ms6tykhq70snacurx2mn8lhxh9wkh8lf7amauc4hea7cp9jdaw9j0d9w7m0m74weunrhuktf2sctk4vzs4cm5zk66ewezvvh9kzhaw8m00e5emlz2307ju0dxpkmt7wddhh7c9wqad4nl8jhuyl3r2stypkpasc2gpt8dvh0zccjhnvtuu76satkehf5ef75zjhyew9xlpnghl3vc7x57aqalfhjldzg8mamd6j5tlv0adynmajyvp8acvhhl2kmakuz07mj0w0d3d5wk6xy8nuyzdzshd85d2v2ljtdzevxgmdja6afrhvzx4x27fhalm2jyqqpv87jm6qc99ht4
BEPE,offer1qqr83wcuu2rykcmqvps2jypexlfajglm9q857ylhqsy5ax7hm03x5tntj70hhy8kye6m0exu94tpl88v9cn3tdqyam8elvy4twn58uhcj6ggf7sz28sa6vu5jcw0n27yqqpgnq567pmw5uyluvrph09peyelyj0ls7f46yl5hvpewf0nak6e6lmqj6p9f34f0chpmdgjru26jq7mnldaate5wn5tzka8kpf73le4kpttpq0l3hlj7gq54rlekddm9u6lelm0lalurzgadfzm0d79xtmgflewf9apw6pz7pzkwfu04lxr8f6z4kkkwgmyaumlelm072lc2cwxxjgdx8879lvpd4a7mdvy9la8t84vjhcmve9sdze3e7uec0w4ghmk9jhjjekn96m8sqpjkejal0puceqnedr3mdgmwlxt480227s0fk70ge6htk9y8gk50qt98arj88w6j8h0ql6p4z3h87w9e5s7n87h83uhhat8nqpdxw799lnxdz6ddhh4guj5vhhluphk28h3lms42l488jklhhxlvtua8hnj40a4mhl32ell2mc7svtw76tmcu05e6w7hlh40gn3dt0chvjjvaek80e7a2dtu5n8mal085d3em0vw5k2vxguxvxqezzgrxwlsx5alzpfjvf67y6ngfa7yp5hks0a9237plth9ultsau6jdka88fy7lw50n3873re33y2t0w5ul4354n0alc9ke7k7fkka7amkl0n9whtmtczrjnqw96e4n3hhmtlvtp8zehft72hkde00rl6z4xfxvswzsx6ka72xdv8jmt4nkg427w75h4hun3r90e9vu8a4t5yt2z4c7yvf6mc6n4h348t0yfkm5ryauqtzmuvure07v84jch8vzcwldm0qdf4uwatuj4xtjfxadlp37x8xf8nupxtz7jl7rmveg5zj2fgkmfdwnewfgkyjdwjewkjejxvfvkyn4ztemyj7nw3eukys27kfa9ye26vftx5c2aw9n8jjtpk9h8j52edea9jutz2xukuajw0f98j5260xf9ngtwtxtyucjp5fyhuajj0xu4rqtff4g4v4n94s7vwd8jcjfdfukqej20emxn8ad0e2erxrsgwv8hz2fgenx82t723ve0fr9gpgyjln3se3y6nz2vffelrnt3xdmq3neh3u6js2fkwq88ptd09eyq6rgdfe9nfzx2wrylulaqzenx3ayg88adgatn07pczvrng8rxje0x20kxgsmll7vck6nx6ahekw94mxlxje8kj9vnxngwzc4wlzm7nj8t66dwwvz2lew0els0llum72ysly0v5t2veex26n7tfd92523f938zcjxgesk2jvkwx5huu26txcm56v7g4u557n7ffv5u4j7tx4ynfjpwfqkv62e5ec6zsxxfrujapjnuvjp4kgqegkse3v3pgwlz3cvmxdy5rut8r7l32t7rd705x48nnkfsaxlkvwyl0yf0ccjwlllepzvuym3tefkxyzg9653yjqqukell8270m4yhh5dxt6ll03wdeg92mwnuamx6kmm0zpymw0t2h9m8mca9ard962d36zx89ya5df6zg7n5yzdcvl6zylqsfkzy8j375w4al4fwtlzjp8fz0ml5zz0ne6nh9td7xmydwlzulj5zsk8w6v7l2upeqa5fagcd3gxya2q0f65q77sfu4a8wlsfpa8q99d4kylspwg00yj5s6xg4plpr58swqs4plcfcad0lpv0ykw203889ga5dpldfm0fey5sxajhvpenmj420hal45xlamnqjpxstasedpjql03u0ml870dhkxlqkmke7tl42kremfalkzg4a8kvhnck7ewpculul60u2j70cxqag7yd53sllzer0lrgdlutug9z04rf4n5umwyhtepvpcafxul0kun082uvx6e4t6m293d8fn4rds0jp35psaeu4a9jfr3n07w0hfls406v7mnazdlddvj4x0ztms0rjakuxdh7j7dtqnxgczqpqvs35c822egd96433h2kxyazech5t9zk3v5268je2jr9ql73d4wqrfywv7a75u7xhmf5tcmtwvn2gfhprkxxwkq7vu7hqmrxmr8vttw6x2c94c8huvaw8pejkuml3e9mta5elmlhw00xddwf07zfyjl035nmdthkmku4thlxc9u9662jxja4tqyrwwaqahxst4sv7v45upkgc38lvk84d0c76wkrh2rmd0ne7g9rnjec94kfwe7rgfk8lgjkzaq950yyzkpzeh84ylmkfzw7vlp0cgn09ahrjsehc5jzldxz28syj9uhwhdat27lha80wxa3atpyeqfgskknmdeykvlamvh9dx8kz0nay2j58ux3seqd4julruvxe0fqu9y9n9a0lhlx9uvfjdlsjw3g7ej5eeq3wexr4kfhw9an00ddszqpdnl5sn39kmp
BEPE,offer1qqr83wcuu2rykcmqvps0zw3n7w6aphq82xxn69v9famgs070tdmdnp0m6sknw0gmahl96a2fhetpl88v9cn3tdqyam8elvy4twn58uhcj6ggf7sz28sa6vu5jcw0n27yqqpgnq567pmw5uyluvrph09peyelyj0ls7f46yl5hvpewf0nak6e6lmqj6p9f34f0chpmdgjru26jq7mnldaate5wn5tzka8kpf73le4kpttpq0l3hlj7gq54rlekddm9u6lelm0lal5r086h2a8jzua87wpzulv0ym4rk62058qhzut60yct4j8flh4ahah7dqv8lllyml4kxrxfspnnn0plupt0wdlej2eleettkyawthxu2ahpser65hxpm7ypl8l00kvaa9f3wm7puutqfr0md5428ej8nw2jwhtwyv6lvm9lurmwzejd3fxj96mv39rtwkal6x5vw44y0w7rlcz8kr3hly0eg8s48tu09p83hjym9w6930z0sm3kp045aaqgnzm7slx7q7cgutty3lvu64e5dmkxevw0j034lvvdktg2s3rqnahdhcu0ynagu7ma86e7huaj3y8qpn6m4785mzt6t9hfmw087t96268xda5h4tr7dj6cw0lzzquxvxqezzgrxwlsx5alzpfjvf67y6ngfa7yp5hks0a9237plth9ultsau6jdka88fy7lw50n3873re33y2t0w5ul4354n0alc9v9vlu50lfu0d6l3uv98u7hhxpkrvdanhvev308tq097n3u7wft030vgtmeljs40jp3yr3y8k9h0k3ndpu464vak92knm44edhxuvcm7fmxpmv2ap2cs3w84r6dk685md50fkmfzdk7q38lyzqkl08s7tl3pedkperrk0hmwmcz2d0n32h949nvkfhg0sdl43ejfsls0jgh5l7qumxf9y5z524h60tyutzf949r05wg4skvhnzf939avjw0eyk5l5xv9a9zh4jvfdx25n2ge3856detffyzj240etxujv3heveu62zd9u455n3teukukjf0eu4nzv2v4m8rd29txymy4neg9e9rrj2248yjhdyxntjfuk5jtzw45xu3n60ekelftjtxgeq7ztnpac232zdfh627j52kt6qc2gt3qhvuvwdey5qsnwt7dc56upj7uyu7dcwx55zsdns3lcjct30fyxscr2we26q3jlsf8l8ugqkum58tz9c0d2htullqgqnrujpgl5xtejjd4ju8lllrq9ra4y8adl00h82cy0dhgtny9uctrypult6fzhmu6enaxwk75nuv5ke70l0afjauf3jfwefx5ej60xyk5uj20fdy25n6048xj5tpger8uhdffxt8z4tpdf4xu4jf2fg4mytjdfxhvcv40xd8jhnxw9t8z5j5afqv2z46dlr3qgh9rrdqzz8d3uzvhez33erpum5ua3e7j7a3u7dtwp22ycjmd605hmvwk647lam28x0re07l7gq389xu27jwqr4zpwdyfv3q89kdl4mhn7a293an0jk5lhumnw2r2765m8wek4hwmcstxhn6u4evej7h00cef2nr2wsj3eghdrz0s6xylpqnwrxws38myzds3pvh0ar4d09tt67c5spegml0lqc3u6w5leze04hfpt0ehru9z5djm7n836hzwyxay06yrq2338j3rj09q8lkzr90fmh7zqwe7pe2dfshuqnjrmcynywsjpfl6g9quts59gl7zx8m0lsgjqjyutzjelj903kul06wr65pq2q3ac0r02v7djr9hnultaekf8zdczasedpjql03u0ml870dhkxlqkmke7tl42kremfalkzg4a8kvhnck7ewpculul60u2j70cxqag7yd53sllzer0lrgdlutug9z04rf4n5umwyhtepvpcafxul0kun082uvx6e4t6m293d8fn4rds0jp35psach3dy0mz2w0hzhxyl78sy0numxgf7kjjatj60l0vu803k4n8kmka2gz9senyyqqs3kgf22rf9v68je2g6t4trpw4vv96433h2kxyazeq4f0jsdlv52eqf5jlxlv7z00tgdcmd7d3kxf4yrmyjt8zlvql8wttqt38vpmkakhep4grjurl7xqhnkuet7flcmj4476dh7l0k8ajwhhq40r92f0nm2taknmldtxt9clldj6z4w9apfq69kza5hxskmnc83kn5ele4vla6qcl0z738chmtup08emx56uagp6xs3ywujpgs3yws730u39v96qmg7gg9vz4nw8umlzptecj933rdtpu7twnslm6d8zs2k6wc4dmgzfxvywn4n569hn2lldx4xj0tul8hhwk0fr930af0hh8dat23kn3uypex4ar0pk8wnm9ftxc8erkywxps86an770fzcat702ls0wdjk7ye7ey6rsju3l2zvhjcpcqpz92s85c5x6nr
BEPE,offer1qqr83wcuu2rykcmqvpstncawhd9fl2lq4xsxeqrnhj8gs7k75dnnh7rkehtna38myhpnsujmkt2swfamedys2tvpl0ejwm896m5eq097y5j2r0jq23u0wr99y4rlu233spq29gpxhjwn4h88hrqsvmmg72x8e5hlu9jdwp8aamqxtjtu0dk7w8uc55sf2ud2na950twygaz74s8ku7m0w2cdr4awe43fas205lcd4s2kecrlu0lskzq9atlkdn0wfvxlll7mla0aqetsmwmxrce2580lchdmf70hk4mqm6ammuycpl8hzqcp4ckmzhxwfvdlalehl80uyvrrrtyxjrhlzlw0n7dfc5424adh69a32dl7f48nwteg4nurdamu7x6kn3u77v68adlxqvr3vhldcxrxw6gdd5n7hmqz3umtp9njn3mkt42ehr0z33m2v4maxs4t573eznhdfpml30lqchm8hz6h93mhavk3dr0299vh36wppxqu73j0uds45aa3hppjwlkgllsz76gm7k9swd9w3mk5v4nytttuak0hehhffmdl3aanl407dj2vp9h3lx3wesmga5k7mljupa3503twj3kwmuc7j2mtehtgw8flejellrvr7uhrjtmsescrqgpzv46wy6m5ug9kd3hgcntap88cs2jw6p044wxg9a7lhhuwphnff6my6aujm3m37wvl6q0kzy3tde6nh7w9j6d0nlch9pu9fmxm93m0dp47zrllkcudl6vax5mvt7ep22el90e94dluu6x0hxckhnl4p2hyrxg8qg8dtwldrxjre046emy24d88tt6mwfcenhujkvrk646z44pzu0zx5ld5df7mg6nakjymdcpj07q9pd7w0puhlxrjevtnxrv00kahsy56l824wt2myeynw5lselrrnyn3lqh930f07pekvk2fg9q5t057kfchykt2gxhfu4tpve8xyktzf639uljf0fhgvut2g90tyuj6v4fx54n2v4gky6nehe485lnpv9h8u4nfw49x2jv3gfcmj5jkdxjkzjd7f9ly252ek98xycd20e4yjkvj09mxrpn72ek6gdx8xnevfyk5ltqve885andn7kh55v3npcy8xrm34x5ycn844a9ghvh5ps5q4zf0eccvejffp9xv4um3f4cn8asgeums7dfg9ym8prhs95hjujqdp5x5aja5pr90qj070uspdehgwjytj7j5whel7qcpxre5z3hfvhn9xmryc0ll7xgt6jxya8tedxm04zt89ta6alg3f7n7ldgt8d7wgktm4jsympts6xj9nkl7lahu5ff7g6egk53n6w9n854tz2xuhndn6veh8r0npwx8854txg95mzunehx9xu6n2v4v5v72fjet9vk2efx24v5j70e65v5je5fqwvjxep6n88scy8tuspjsdpnjewryhxyl0a3ty0y7makev6qhcflz0e9r3h3mhe0x3j448kn4e83a086wrlmleqzyu5m3tcflwucsthfzfyqpednllw4ulh2pw0v6u44hllxumjs24ka8emkd4dnk7yzfhu7k9wtkwh46m6x625smn5yyw2dmgcnuy3e8cgymsem5yf7fqnvyg09tagatta26uh79yqw6ylnlcxylxn487gkmadjg2l7dclpg4rvxa5eaw4crnplgr63s6z5vfc5g7n3gplaqjet6walqjr7ws22n2vdlqqus77f9er5ys287j9g8qu9p2rlsn376luzlktntfpeyuzpcv3lk853hl7l52hghwuc229mlna0k750v5havtcwkyxcvkspr0lcwra0nl0hmmr03t96vl9hm40pva577md96cnr8taatdv8ru2ww0all9p08ursw5rrx7gqdlad33lfhxm797yzn8js5ue6ddlrtnuqkqc0yhw04mxfhh479r9d2hadkz5kn5e2jkuxeyc6qcwuxk9ls4ydtmxrcfmnmn4w53wxyk0xdughuhkx28754xksmajgetyc7ph9ccrqyqqs3kc022pfdd69j3tgk29drev4yd9643sh2kxza26q4glksdavstfyfvjlw7u7zh0tydcmdwv36xfhyr6yk2hqlvql8wmtqmn8vptkaxke94c8juql78q3nkue0leact34el60hwl0k8dkw0kqewn823vnmttlkm6l9tk09cal9j6z4xxa9fqu9wzashkkktscdxu9d7rfv6llktavf6cwfw43y0sljn78nena8ef80llp2ypsducmm5ll5ftpwsz68jzptq3vmn5h8lzjadgjazg9jua5alnzzv4d37frtd9hwp42mhmd7xvhe6u6azqef0ml4mjj44g58kan6mwh7dr7hkww3uqwlenmckl8wgnk79se8ts722athjhnuv9v2jak05n30dvwyr2mmcxaxzmkk7gaerlw4hfaj7lykh9guqr3s8gv9lq6trm
BEPE,offer1qqr83wcuu2rykcmqvps8nvrz349vw6u0h4a40epgr8vwwd7eah32469ll3dlp2r72mqvlelz2ftpl88v9cn3tdqyam8elvy4twn58uhcj6ggf7sz28sa6vu5jcw0n27yqqpgnq567pmw5uyluvrph09peyelyj0ls7f46yl5hvpewf0nak6e6lmqj6p9f34f0chpmdgjru26jq7mnldaate5wn5tzka8kpf73le4kpttpq0l3hlj7gq54rlekddm9u6lelm0lalsrmltt60xx8n2s74y7tacrwuusa9k6hq42p0ukl60ctx9l7uea9hp73503l7lu3lshsuvdys2ww0ut7cwfcemsy0ulnsave0hlf06ukzr6w06cuh4779ufhhldnnevthe04smsfpttg0pnjt5na24cxjslr2km9udemk2xxtd76ala6px4uyv648sxnnl6exwgxudw34yww3gvmt2lxhjufyaj39k7rnndpl9239h6s52alv33u28l4awswhn6wel0tnqrak4l5egk97a4pg54y9erf58vc58vkk5fvhajumc6kfhn7506uudhhd7t7ua5f05r2n5p90uue59nq2t9v85sd6x5jzq3pl009el3rlu45lhk45pvwrgzqg39x33xharzd0nqv6xy7lgdekyzujx6tagtaj3f08lamzs0a6wwwexmw5nujl0hj8esnlq3y6cwx4ahjf0km2velalczxjw0h072d6xlec5d9d9lw28t7gkhaa754fqd7g7k083lctk0x8l6c9auleg2neqcjpcj8mjehmfeks7gazhwlz4ffam6ukt3wwddlya3qah92s4wgqhr73axmdr6dk685nd54xm0qqjlkpqt0lnct9lcs5hmqupnm0mandvr9xkeu4tj6jektym58s8l6cumycwc8e5t60lq2dryjj2pw92ma04j293yj6j3n6hx2stxte3yjcj7kf88u62206nyzkn306fxyknk294xvjneffsky7dptx89rvj34ey5u3t7fxl8zstwg9lxyjtk0e9xu6dkf9e9v3j429u5n2n62ev4j4j2f9hyujtw0kzrfacy6t2t93x26r72e48umvlk4e9nyvq0pdcs6u9g4px5la40f2ytpaqw9y9c5txvx8xuj2q2flylzu20wgc0wz70x5xr223gxecgmuew9sk5jrgwpaxv3dsge8eyhlr7yg2wf6r432u8j4mh707sqqe37fq5t6n8u3gx7e7rlhl35zxgvuv8u4243rxn00mc5ejamusac8pkae24yea8a9p0d8evexnmkeal0l0afju6f3j2v92ezuj60e39jm2p29fyja2f5kf9y5nan4e9rvtfgftx2nn3weu5v424tfg5ujt3d9shyuv3w9nx27j5lwqv2z36dsn3qg89rrdqzz8d3sze7l4vr69lfady4373m3el0dr007jjux43z0m7jf6hgn5c6w7jdcd87070myq2n6jw903873nzpwdyfv3q89kdl4mhn7a293an0jk5lhumnw2r2765m8wek4hwmcstxhn6u4evej7h00cef2nr2wsj3eghdrz0s6xylpqnwrxws38myzds3pvh0ar4d09tt67c5spegml0lqc3u6w5leze04hfpt0ehru9z5djm7n836hzwyxay06yrq2338j3rj09q8lkzr90fmh7zqwe7pe2dfshuqnjrmcynywsjpfl6g9quts59gl7zx8m0lstthwm6gvh05u69uh0xeunagh4lu57e3sd22vp6l8ezfnnzlaju8lqc5mpj6pyfllrc0470a7l0vd7pvhfnuhl24v8nknmldy4t2dve084dasut3emelklc59ulswp6suvmepphl9kx0uxcmlchcs2v72znm8f3hudw8szcr37jae7hvex77hcsv4h2h4ku2z6wn92wmqmynrgrpmsc2tg96llk6e62mfl0xw2p6rxcwq6gmea57n8qaz2vh4ny88r4sgr7pxg3sxq2qeprfsw55js6m4trzw3vut69j3tgk29drev4yd964yz23lazm2cqkjg5ealaeeu9wkhgh3k7uez5qnw28vgvawpuceaw3kx9hxwcxkaud4stts08ce7uwpn9denlnjtkhmfnl4lwa77v26u6luqje87hzf8k6h0dhda2hd7d3tut954vv9m2kqgwua6ptvdgh638p9k9rleux4w6qa08c6pax872zn79ga6fkuex0dw7a4c05lc5ejtl7zwcm5qxjucs6cyryvh8jm9h4nl3xwfncf88wwr9hnv3jmwp55ts4k49rfnam8pe3cfpphj7l2ju7ndyutks0pwyguhpa2fxmtxkw5lskm7wcaure3z0w4xau2hndtx55ncdnevlx8tlcn8p4m0g9nmjn7jphw449s8d3haafl9a0lxqjyvxsp9kpnmusacw6l8
BEPE,offer1qqr83wcuu2rykcmqvpsvjtenxnlxeln744jv7q77q4d67mw70dvwd5vu07es9dvnt5e79fgks3v86u9jhww9f5qjhqlhlsjkd6wsaj0rtdpp96stgjzh0n6stfewftcjqvyzgzn2ctd6nsma3cdkeuyxym8usflara88vnwsau89e9kvklthdl5pty99yxd8l2uhf4z20322grnv0ah8h07j6zsuwm5acf82rl7hcpdvzph7xlltlqzs5rlxl4hvhm20plallhlstf2mms045kj79em4xe7vjz7nqa7nu5hhd7wn9j9qak87tq360we07ahv8lllyml4kxrxfspnnn0pl7pz85lxlug2j77tnck9u7rx7awg760laev7tu90ml34dn0z0q5lstlnzdcxp7vker8n0z0sja4s5jutxau2rl6de3jvxxhlwztakhuhtp2t74twtyap46w53e6g0lct9698fuqmu64ne29cuxjw3nx7l9ug0atwj0e6rf0ahv99wjhumud9uphk689j0uct058ej7psja0dsm2aul7kerjg7uk7l92hhd8thdfuupllywlflj76hhl5pc6whvfc4ck9ndnad98l8fjkn8rv7lwe98emu6jh9nuuvz5wryrqv39y3388er2w0nqucxyalqdf5y6ljz6tmgr7j4glpl4mzu0acw7dexmwjn5jl0hz8ecnlg35cck944hz007c2gellluzf48aem69cc9fc6k2z0vlwt0t2muv0n5rg2wnwmaltd3ztlx088u99ayz7u0549fuqvfqafraevm45umg0xwe2ht36k57ua2t9ch0xkmj76sw6j4g2hygt3lgwnd7saxmap6pk6wndhsqf0mqs8hleupjl7gz2aswqmaha7ekxrjmtv624edfvm9ja6rczlev70jy8vru28a0ls9x3jff9qnz9d7lme9zcjf9ggaamn9g9n9ucjfyf00ynn7dy98aejptgcha5nztfj4y6nxvfynv702tf39563p28y4z8n3798xvcnfvehp26w3ded8j3j6dga8rjj3wf24jjtw2ety5jjwdfd9v4j4vc3rm3p57azf948jcn9fpl8v6j7dkle25jekxq9s7ugfwzk2cn2072454r957q9zjruw9rxrrjwf9s9yhj04w99hvv8hpl8n2zp39c5rvuyd7uhzst2dp58qknxgkgyvnaj0lplzvy8yapcc40ra2dml87gqqvclvs29ae37g4rtvlrln7c6puq4uz209ddhfu2ak7f0x0gfghfhl54pn6xfa95gupkh5t962y4yxalllhu5e07qceyhy4n2vf7k5cv2d98yys2fgxh9u7dw2fpx54je0fxkv4n2g4s4vhnkw9sc5jj40xr957n3wfx4j5twvx49j7vfdegwvsxpp6lxhsc5yts33ks9pnkc7pjyptln88u5heuujh5aghkxx0surkvs5hlqmfhlneez28k4hqh42km4l7l7gq389xu27z00jgyza6gjfqqwtvllm408a6stnmxh9ddllehxu5z4dhf7wandtvah3qjdl843tjan4awk73kj4yxuapprjnw6xylpywf7zpxuxwapz0jgympzre2l2826l2kh9l3fqrk38ul7p38e5aflj9kltvjzhlnw8c29gmphdx0t4wquc06q75vxs4rzw9z85u2q0lgyk27nh0cysln5zj56nr0cq8y8hjfwgapyz3l532pc8pg2sluyu0khlq4lu5arkl57lulv203al79aravtzrcf9vmnnvpran7d9t534v9eas4c4kr95qgml7rsltulma77cmu2ewn8ed7atct8d8hkmfwkyce6l02mtpclznnnl0legtelqur4qcehjqr0ltvv06dekl303q5eu598xwnt0c6ulq9sxre9mnawejdaa03get24ltds495ax254hpkfxxsxrhp4fz6wlk6cf77jhnzsrsmllth7s5gwfkhsjukutj2hckm600e3kvugmjcv3jzqqggmv949p5jkdzeg4509j535h2kxza2cct4trrw4vq25legxlkg9ysy7f0n070prh4kxudklxgerymjpazt9ms0kq0nhd4s9cnkq4mwmtvj6upewp0lrq2emwvhlv7ude6cld8ml0hmrke80mqghen4qhfa49lmda0k4m9ju0lkedp2nzwj5svzlpwctmftdegpl5927k35elzcgn8acy6hs47wak2a5j76jyst5r0xnn5ulxmnljcu008ug6kzeqd50vyzjp26hdylp24a0t77xnvwt0m6a95f3989ntd3t4ct4gnzg8z483dejwhnx5d093xteanlq4kulvejhvp0mkh3p9e2a74q740883jcsumwrphevd4flgchzuh42zrrh32m5mhfwaeu4z0lgf77nme8spht3u8ahhp3pve40q6qpn8w37kaqh2zl
BEPE,offer1qqr83wcuu2rykcmqvpsdnehju42ahhfnfw8vjp6wacyuc0a5lk4020lp84exeavzu8cmcmq8lav86u9jhww9f5qjhqlhlsjkd6wsaj0rtdpp96stgjzh0n6stfewftcjqvyzgzn2ctd6nsma3cdkeuyxym8usflara88vnwsau89e9kvklthdl5pty99yxd8l2uhf4z20322grnv0ah8h07j6zsuwm5acf82rl7hcpdvzph7xlltlqzs5rlxl4hvhm20plallhls26ewzk9mr0ksh3lyuljeh750cpyrxdzmt3l9mv8hc2ff7z5f6x8xw7jwrlmlj0lj6rpn56qeeehs0uqkhhup4yttk7w6a2p2u8ycw8d7jchre89w6tajy226wluwtc2apw8fp5utqa4va5am2gle07ldfs4u89laxpgrhrlnpntlkkekj5d4zjmavw5ex5d5wguam2g7aurlc9t6l6q92ga6l6jd94x3fwr48fefamzu9mr4xp6hkpm3f7hv03d2ddq2aj3mvkt3yf4rntmk4l6307du6lnwzu73lc5kkmkdlk4l2hmqetde6pj823k4la8hvsepm92jj2ce30jt4h2mu5d3dllwzh27huelu7teanl098g4rsescrygfqvem7q6nhug9xf38tcn2dp8hcsxj76pl5428c8awuhnawrhn2fkm5uaynma637wyl6y0xxy3fda6nn7kxjkdlhlq5kd9rkmwkezlhe6cz6l9784xz8zvew72ler888xasumk0esdl49vrwpqhhnl9p20yrzg8zglwtxld8x6rer52amu2498h0tjew9ee4hunkyrku42z4eqzu0685md50fkmg7jdkj5mduqzt7cypdl70pvhlzzjlvrsx0dl0kd4sv56m8j4wt2txevnws7qlltrnvnpmqlx30flupf5vj2fg9c4t047kfgkyjt22x02ue2pve0xyjtzt6eyulnfffl2vs26w9lfycj6v4fx5enjff2hzcj6teccvhn7te09n8j40ff9y7d7ffj5ndnjt95mynjx0xu6vs24te492hjjf9q4z6njgeqhjutwv47cgd8hqnfdfvkyetg0etx5lndn76hykv3spu9hzrts4z5y6nlk4a9g3v85pc5shz3vescumjfgpf8unut3faerpacteu6scdf29qm8pr0n9ckz6jgdpc85ej9kprylyjlu0c3pfe8gwk9ts72hwlel6qqrx8eyz302vlj9qmm8c07l7xst02d33ed74y9mg0fhjcshhxmk6u8waf0rmghvr805y5vdm6zlxaz2lcl7ljn9lcrryjujkdfse57jej9cmrrt6v9v6yj2ww9gkz5v349dy66jz29u55j2344k5vcneweh95hn4wesmjjv6txymvljddfgk3ejqcy8tu67rzs3wzxx6q5xwmzc9lg6u4u0tt8wau5gwr7l9mckewelytel0s6r3z34wy804ahaa0nk5l9lelvsp202fc47ykw9vg9e539jyqukeh7hw70m4gk8kd726n7lnwdegdtm2nvamx6kam0zpv670tjh9nxt6aalr992vdf6z289za5vf7rgcnuyzdcve6zylvsfkzy9jal5w44u4d0tmzjq89r0alurz8nf6nlyt97kay9dlxu0s523kt06v782ufcsm53lgsvp2xy72ywfu5ql7cgv4a8wlcgpm8c89f4xzlszwg00qjv36zg98lfq5r3wzs4rlcgcldl7p09vcmvu2u6urqdvh4mktf5fumr22m66em4ekanh7kn5s9wa6ls30xsdwsvxhesv86l87l0lhkmrx05famdhzlz4mfaak7te3x2whm62ec28ghuu7tll6878e8xuqqx4lqx60cmlpw30a3u8lc9x8zp96n56m6x08gtdes7pvv4tw0nmwtktkw6pd2mdaddrgjnya6dkgpcqc6cmje476k77zt9hytfcqjnm4e7kmt7mavnhln9j609088fs2yj6pnxhlgcyezxqcpgryydxp6jj2rtw4vvf69n30gk29dzeg4509j535h25sf28l5tdtqz6fzn8hlh88s466az7xmmny2szdega3pn4c8nr846xcckuemq6mh3kkpdwpulr8m3cxv4hx07wfw6ldx07hamhme3ttntlsztyl6ufy7m2aakah42ahek903vkj43shd2cppmnhg9d34zukwkjchwwef4ahzkmx0mha08mtl26wxlaatnarwu0y6vse6vava7347l38uf6szfzdc0vzzjz2ehq407q5p7w7tw6ly2he287s80xhph0rgnf6apm7aslwjffuw9gjhjw2ue7mkdhwh32nmpfn5r78p0tqm8lphelv7euzk9cc8l58klgdhle7f9hmtw0lu8rf8f7asghle7q3ls9ahk0mtrj4mw7fldhrq956a2fgch7sqhz22qjs66z8h6
BEPE,offer1qqr83wcuu2rykcmqvps0ju8vl2z6y67n3h3ej0vufn77xfs4ffvduyjc7h52mmh3qkvh74c70asltswfaee9ys2turl0cz2mh96n5fy0duy5n2p0zq2au02rd8yer062pssfq29gp9h6wrhh89htpsgmng7z88l50uudjd2phuahqkfjma0dh7g8vc55sevuatnay5ft79gezw4slku7ml22gwr3awm4pgactljlqd4s2xlcmlu07qjzs8at7kdnldfv8lll7ml3w79un4nw6ttnkmwwnu2awmnma72a3l8kf92v4amdcda4x5uzv0u897hwrlmlj0lj6rpn56qeeehs07qhsvchm0gn94vd2dljgtul7pdwk7xu6f4fz3we7d7zd0n9hzm2vck8p3cxpdww90els6h304fafxtt7kzc2y5lfuefmc3gt42270am0teya07jnuzd6dc6axjydwkrluzc4kkfs45a7px0t77rza2z6km2hwne5lplan9llyuxv76tewpcan3227cglu4kekw3jv0tn46ka57jk2eexf4yrm4e37nzza058x7hplnu08rtdmkr4u0uwfuax2elflpmne0txehmfwjet700shtaw88fy3te9vpx0lnqm5qguxgxqez2frzw0jx5ulxpesvfm7q6ngf4ly95hks8a9237rltk9clmsaumjdka98f97lwy0n3873rf33vtttwy7las53nlllcyul2759vhxx09q5t89asm07kg6agmcerma8m879n47wczmde76slpgttel6s4tjpnyrsyrk4h0k3nfpuh6avaj92knn44adhyuvem7ftxpmd2ap26s3w83r20k6x5ld5df7mfzdkuqe8lqzskl88s7tlnpevk9enpk8hmwmcz2d0n42h94djvjfh20cvl33ejfclstjch5hlqumxt9y5zs29h60tyutjt94yrt5724skvnnzt93yagj70eyh5m5xw94yzh4jwfdx25n22e4xjjd3heckrv2egfu4vajk0xuk5nn40escuutfdfm9u6jjgfs42lj4wxsh57t7tef8242kv9f95kt6gx085ldyxnrnfukyjt204sxvnn6wekeltt62xgesuzrnpac6n2zvfn667j5tkt6qc2q23yhuuvxvey5sjnx27dc56ufn7cyv7dc0x55zjdns3mcz6tewfqxs6r2wew6q3jhsf8l87gqkum58fz9e0f28tullqvqnpu6pgm5ktejnd3jv8lllry9nuf5mz5hpvlmm7wkv08gvv0d6wyf0kjphu0qd20lmkda0a8wt4qex2hll7dl9zg0j8k294xvknese99z72wwfn9jkd3fxgmn2j3hx99j4tetf8xzenpwf98v4txdxvcustz2x0y562fh90xn9jehejku4nwgrry37fwsef7xfq6myqv5tgvckajmh38x698axtel6e8cm932favup4kkk9n0pwltst80een247wkhn08ll7r5ecp5zhnntudnsr5fyf5pp3vra77huhk600hg6yk9l7lrulnqv4wa8e6kd4akkk9j0kyuka0tj08n6t6kuty4mt5ygwz2my6n5yf78gg5aspa5vf7rqmvygw99asath765uha9grwjy84lv95a8rh822klud4gkaw9elxgdqu2a5ma65c8jeegnm3sm2svp6yy7t5gfuaqneg6walxjmcwqt2etyflyzus7wg9dq5v36z7x8cfq5rpwzl5nec6mlzlwrk400wt7v93c0c54m95vjv5zmeyu0auur72wlkzuk9n85e8ck68ylgqhgxrtucxra0nl0hlmmd3n86y7akm3032a577m09ucn98taa9vu9r5t7w09llarlrunnwqqr2lsrd8udlshgh7c7rluznr3qjaf6ddar8n59kuc0qkx24h8eah9m9m8dqk4dk7kk35ffjwaxmyquqvdvvltdnrw0ktl4gnpph52c3cu6aaalfutq3997w5lfks2mew2tmsluca94senyyqqq3kgg2wre9vjxja2cct4trpw4vvd64338gkw9azeq4f8jsdlvk23qf5j0xlvlz00t2ds6d7d3kxf4y8m5st8rlgq08wttq03hvpnkakhfr4gzjurl7xghnjuet7flclj4476vh7llk84nwhhqh0ry2f0ne2takhmldtw29clldj6z4w9drfg69jzdkhwskmnq98e0dfhje087f2l0l89mghrkah45muwuaf3zq9ljcg6nhet202lyfh75l382qfyfhpasg2gfthg7ldd8amqdxdcwe739c7j8napealh4hyen248jjkh2lnwl0w7st0l9m4770lxmj4tnhtk97v9d4fwl8rlau2hhl9ew0tnu0xxdd4dmkgmyjmg2fmxk99lev2j5mjew7l4attrvknw2s4fnxwj8lpa55jrrjkcvqagqrlc6pfgv72ad2
BEPE,offer1qqr83wcuu2rykcmqvps2nvdalhhwrmmft788qtlxxhczc5t30llke8kcm7zz0tchr05vm5av4z604crywuu6ngp9wpllap9dmsapmyk8k7zzf4qh3q9wl84pknjvshe9qcgys9x5sjm48plmrsma3cqdfk0fznl687wwex4qmuwmstyed7h7mlqrkv22gvjw74e7n2y4lz5ys8wclmw0vl4959pclhf6skw59la0sx6cyr0udl787qdpgr7altxe0k57rlmll0lsh9sunrz6utzujps40y6eyfd2lw7y7m6g92stfx7gz6v0pjk6yk47lq60elm072lc2cwxxjgdx8879lgpyz6w38f6jrvlwf220jkk58stdmxrxkw0h4xw2uw9k2lu4myg0gczr3vxdcj0egdfdfz2ys0fwm96aq0z8dljel84x669unzp4cllh6vur4ktxqdwn4ywwjrl7zu7pg582mlcuu7yrkdsk0fd27z2mlqm8flcj48et4qmdrcelkcemd4sha53emaxhldafmheam5cvhel7j0wgtzuy7cvwtet7n0xumvwjua9dck93wlzsjqtkkde022ftrzvndkvwglw8vafkh6whm0d22nc0mfw5n5das08pnpsxqszyet5uf4hfcstvmrw33xh6zw03q4ya5zlt2uvstmal00cur0xjn4kf4me9hrhruuel5qlvyfzkmn480uut956l8l3w798jswf0n40t2nh43ht77lftveaykn4u45s77ajhc9jtx58qxlls5vshhnl9p2lyrzg8zg0vtwldrx6ret42emv24d8httjmwdce3hunkvrkc46z43pzu0285md50fkmg7ndkjymdupz07gypd770puhlzrjmvrjx8vl0kahsy56l8z4wt2txevnwslqmltrnynplqly30flupekvj2fg9g4t057kfckyjt22xlgu3tpve0xyjtzt6eyuljfdflgvct6290tycj6v4fx53nxwef8vjn3w95h27je0x5cndtp2xy5z7tzg94957dpgf88ve2e3fexn2v7w9cejjv7tfskyet3vftx2ajede76gdxhynedfykyatgder85lndn7jhykv3jpuyhxrms4z5y6n054a9g4vh5ps5shzpweccumjfgppxuhum3f4cr9acfeumsudfg9qm8prl39shz7jgdpsx5aj45pr9lqj070cspdehgwkyts764whel7qspx8eyz3lgvhn9ymt9c0ll7xqtvlxn37l0x5tulfqtm7wfrus8u0vp6wvz8we37fwk9hwwad822m677rlllumw2ycly0v5t2ve3x232xwgz5nejed9t9y5s9d83yjrnfu9z42u26g44x563f8xyunpjfleuk25tzde5hz4nzryccnuvet83qp35gh9hvvyarvsddjqy2d5xgty3mpat2nmt3wzhxhjn75vlaxmqf5tntlq4l55dc2rpxl95x7j7mcl70l0lyqgnjnw90p84e0zpwayfysq89k0la6hn7ag9eantjkkllumnw2p2km5l8wek4kwmcsfxln6c4ewe67ht0gmf2jrwwss3efhdrz0sj8ylpqnwr8ws38eyzds3pu404r4d04ttjlc5spmgn70lqcnu6w5lezm04kfptlehru9z5dsmkn846hqwv8aq02xrg2338z3r6w9q8l5zt90fmhuzg0e6pf2df3huqrjrmeyhywsjpgl6g4qurs59g07zw8mtls2gh3dgxvlu5n7mawlwcj7avjat8faq7rxrawhvu5zp6unqe2yrzhckq46ps6lxpsltulmal77mvve738hdkutu2hd8hkme0xyef6l0ft8pgazlnne0llglclyumsqq6huqmflr0u969lk8sllq5cugyh2wnt0geuapdhxrc93j4de70dewewemg94tdh445dz2vnhfkeq8qrrtrd2ht44ruh9aj4thr2x56jntkuxr8h475j5u89d9tn6ln3mwx0959cckcvejzqqqgtyydxpcjktrfw4vv96433h2kxyazech5t9zk3v5253eg8lkt92sy6frn0k038h34k6dx7xcmny6jza6g433h4q8n884cxcmksemx6t536kpfwpllrxt3cwv4lxluwew6ldxt70lmn6ehtmsth3jdyheu997m2alk4h92a0mkf0p2kzk35kd2cpzmmhgrde5zhxym59382g8uc4l09u7mvplaa5w87lnjrljm6m7l5c5vah6lw0ld6jhlcjkzaqp5lxyzkpze89utlxwf63mth43djl8vccjhm62lfn0l7fd2w66l7uhc4tr8752hgkf670znhx7esy8ykl2kl60833zy6ww9mh8ydled8ee6d4lvjn4h9r8guzw7x0xurctaqur7rhzqpw3chml4al2hx74acdmh5hy0yjyen4shlthqyqqntrr6g3t9mwg
BEPE,offer1qqr83wcuu2rykcmqvpsvnre38snz3h8jd00u7u402v45ue2cf42870h4exrqt4alrj88ylzuz3h0tswfaee9ys2turl0cz2mh96n5fy0duy5n2p0zq2au02rd8yer062pssfq29gp9h6wrhh89htpsgmng7z88l50uudjd2phuahqkfjma0dh7g8vc55sevuatnay5ft79gezw4slku7ml22gwr3awm4pgactljlqd4s2xlcmlu07qjzs8at7kdnldfv8lll7ml3wn8e06e98ulknl48tjajz7y5dtt2hz3pgu3n2t38lyraajgufr9e59f3hlhlxluals3svvdvs6gwlutn3lvthxslsm2xj6ey94dlfxe9dqvh3ttxllpneaxwpgytqare829ypsutqgkc3v3z6qexfklu666uacc80me47wxhtxffhlthmryf8jn70u807n5azj98w6jrhlzlzpu0hl094arjcdtmfc4jeh06afyhacthnv7ajg02gyx7an6h40hrmmgz7eghv4qfml6gkq3lpdkqalqnngtvjah6lh008en03fmpmu95lh7y9rt97krgaplngkwv8v50adkkahfn87jxe30tahlt20vt5l7jsah8fzh9elg8rsescrygfqvem7q6nhug9xf38tcn2dp8hcsxj76pl5428c8awuhnawrhn2fkm5uaynma637wyl6y0xxy3fda6nn7kxjkdlhlq5fe3fmnm6ed96nmxtqa6dexg0dhfeuvz0j6nde5wetns7n3dlf65u6e7rly82vjvaqv9qd5dlu5v6cw9khm8v3t4cadt0twe8zk2ljtec0tghgfk59tnuqcn4hph8twrwwkugmdhgxeecqh9ncf6867uc0m93xwc9sd7m7lq6ntcajke92uhyjd6m7npuy0vk08czyk9a90787cj3g4y5jsdjj6l86uj3vfy64yjad4nyyejavf92yhnjf4lx4znaveq44vn72fs45ejjdfjmz5t2tfayuen6v4mx57j20elyvnnj2ekcj5tx0fkeuudw294yvajkvkz4rp23t9g42cv4hfy55jd60f39r2pucu60d3yj6nevfjyslnkdw066lj4jwv8qsvc0wy5k3ryvw4hu4zmjkjxwszsf978rpnqfa8yscznn78xhzumkpr8n0ne49q5nvvqwwzk77tsgp4xs6rstwnyg5vxflel7q43x9r6vs7d6j36hxl7rcycrxqwxd9j7v5lvv3phll7eevnzmhrtvdzllsdagfylmvlwc4khlgj3yk5xj7xv4mmtmgjvnvvaf3n407lahu5ff7g6egk53n20xv6jc2xfxg5v5vkgfymrpjxw98xv6ve4fdy55denfuczjt42e99yujfdxaxj4negegczet42fr957jesrrg3kgw5eeuxpp6lyqv5rgvuk23lmn4l8wt9u8u5frj8lmr23unu06pdkevdy2tfz6jtdl5vlkrswj3lll7sexwzdg4uu6lq25zazfjdqqvtyllh4l9ajntl6x3940lhchxuur4fhf7w4nd0da43gndn89ht6uneu7j73hje9x6apzrjj7cx5apq0e6zp8uz0drz0sgympzr3flw82ulj4h9lptqm53ra06pf8ecaemj4hlrdzyh03w0e6rgrzhdxl04xpu5w2y7uvxc5rqw4p8sa2z08gy72wnh0ey57rsz6k6mz0cqhy8njf2g9rywsls36zc8qc2shayuwxhlchrsxhl7nh404rne55mj435x2ey20l2gcdhmxwfvwuza7w6yx0sa6mvjnqj7q5dlhqc0470a7l0vd78vlgncklw4u9nknmmduhtzvua0h5d3su03feelhl75dulswpcsydmaqp4l4hxrax7m8chus2v7zznh8f4h5vw0sj6rpujeewhve877hgkva52m4k6266wn92gmsmynrcppn3n5272wuhzmnqszz7pxets6lku9jegk87hu9cvntmxd67l9lla7eunpm9gcrq9qys35c822pfdd69n30gk29dzeg4509j535h2kxza26q9gl73davqtfygvkl7uu7zhtt50cmdwv32yfh9r7yx2hq7vylhvmrqmn8vrt7uxje94c8nuylw8qejkuelae4et44el60hwl0x9d700kqfvn0t3vnmfthkm7l4tk0ycal9j625xza4tq59wxaq4kkkt4gtrg220eettl23csl2w5s7h9ma4hpum96h4jm6adhstv5c5wrcdpdrluftpwsq60nzptq3vnj7kul7as9250cy27h0pjy7a428sfjl60aukpaae9d57h8ud8xhv2u6afen00nzj0gxaaupklv4s2jtv6elplea9u0epfreahg5wjd34v5pvv47hsennvwel8jf2lzl5uzk0nsc9dtx7l8hwn5a7ls6jw66t23ep7aaupqq9vejtdsqws0zg
BEPE,offer1qqr83wcuu2rykcmqvps8nlnq67mh8x2tkktdwxzu6v7nrvwea776taw6u0mmd3g88s9scrmares0tswfaee9ys2turl0cz2mh96n5fy0duy5n2p0zq2au02rd8yer062pssfq29gp9h6wrhh89htpsgmng7z88l50uudjd2phuahqkfjma0dh7g8vc55sevuatnay5ft79gezw4slku7ml22gwr3awm4pgactljlqd4s2xlcmlu07qjzs8at7kdnldfv8lll7ml3w88l8aakhlx69dp82d6m37clcwk8h8304qkya3vwzhf3hlk3mku7l4da9u8lhlyl795xr8f5qnnnlzlkqc4tjmvg6elvnwzhmru86nd7s7r7z4af4lk8dk3mls89qvkt5tamrrqgzatpeml6mshlnkeyxaa7mel4ncpqu0mv0xlmlp80n9mge77ncglzgh3ln52g5am2gwlutagtrpw96k5wtcpdg58zrxfwa8f20uw8u4f70zzlzhnfq9vutekmx7qzmpr7n34t5ukdlk7xznqw3ldnkf047nwyg6hyx3hs7wmw0n6zc33d00tk26a9wal0nmr4njt8h7xv6wzmuelynwxclfk8hhv640w6hra7mh80mgqjrsescrygfqvem7q6nhug9xf38tcn2dp8hcsxj76pl5428c8awuhnawrhn2fkm5uaynma637wyl6y0xxy3fda6nn7kxjkdlhlq5msuuae4pdmqavffew8x28qakkmxqhef0mae58pl5ldwgfgkrz70t8vstm37j548sp3yr4y0h9nwknndpuem92aw826nmn4fvhzau6mwtm2pm224p2u3pw8ap6dh6r5m058gxmf6dk7qp9lvzq7ll8sxtleqftkpcr0klhmxccwtddnf2h949nvkthg0qtl9ne7gsas03gl4l7q56xf9y5zvg4hml0y5tzfy4prhhwv4qkvhnzfy39aujw0e5s5lhxg9drzlkjvfdx25n2ve3yzcn6gel954t99gv7npne4evau5j9f998z7n2w9mzz7w9wezkvct32cvsnjwfpy5arnnwgetr5jw2wezju0wyxnm5fyk57tzv4y8uan2tekml92jtxccqkrm3p9c2etzdfle2kj5vkncq52g03c5vcvwfeykq5j7f74c5ka3s7u8u7dggxyhzsdns3hmju2pdf5xsuz6vezeq3j0kflu8ufssun58rz4u04fh0uleqqpnrajpghhx8ez5ddnu070mrq8p6cuud09rjwt4henvf43nk3lsksvlhxnm56ckxewku69a04a9kzllelal4xth3xxf9m9y6nx09dyvan9fxg4j4tfgffxmdved9zkz6t20xghjev4h9g52cnef9pxz52fv9495an2techzcv4hx98yej3sn9yp3g2hfhuwypzu5vd5qggak8sw3t5fjcl5m63z2ctlmkp2y0l43lh2c0z0mrrnk3ps29cfrrl5hpwddnqzvuq6ptee47yksd5f9f5ppnvru76huhk600hg6xkd77mrulngd42a8m6kv4ekkk960kqukl0tj08n2t67atq4tt5vfwz2ty6m5yf78gg5uspa5vf7zqlv5gw9yasam47j4uha92rxjy840w9uu8rhhg2kluf4ckax9elxc0q52a5md65c8jaec3m33m2svp6yy7t5gfu4qnag2val8jlcwqtzctyflxzus7wg90q5v36zwy8cfq5r3wzh4nac2el2luzhk5gr2x8eu8yjr0jmncwy5y74sn047lr8daam9kkdwjh0xsqj3hturt5rp47vrp7helhmlaakcenaz0wmdchc4w600dhj7vfjn477jkwz369l88jll73l37fehqqp40cpkn7xlct5tlv0pl7pf3csfw5axk73ne6zmwv8str92mnu7mjajankst2km0ttg6y5e8wndjqwqxxkx2hkw65xsp8ux8da5unhf2ykdejg8n4l85hdwumt24j7rc4e99f9hcdfvxvepqqyydjz2js6ftx3uk2jxja2cct4trpw4vvd64338gkg92tu5r0m9zkgzdyhehm8snm66rwxm0nvd3jdfq7eyjechmq8emj6czufmqwahd47gd2quhqll3s9uahx2lj07xu4d0kndlhma3lvn4ac9tce2jtu76jld57lm2ejew8lmvks4t30g2gx3dshd9e59ku7ps633ezf8wa6rzawdk67rmemv6xp0xfg6fnk8xlalx2l83smrmcysmyllgjkzaq950yyzkpzeh95c97qrexj88klkrdl3rvv5k4aut03uljp6kl7lekjdlhhk37mwulhtzefnumv2lnlpx27tdmaul2tlw9v9pamrllk0jegt4a809k4lh86gdp7h4jmm8aaj052rla8z22k8keaxf038wmg4cwhp602j7fwtremem3jqrd6dnyfq3gnl5m
BEPE,offer1qqr83wcuu2rykcmqvpsfj6a2030k0u63aa377thy70ztzd02gedttwa5anu8h5m08t9c8j96964s7nnkj7fs5ksz7ln5lkx24hfjz7tufdyyylvp4rcwux22fw80c4tzqzq5gs2d0qahtwx0wxpsmhksusvlnf8lc0y6uz06mkquhyhe7mdvu0esfdqj4c6587tcuk5f379dfq0deak774c68t6d3t2nmq5lflc6tq4a3s8lcml3wyq26nlumxkajud0alahl7lupllakh0hvnm6auwv65u2numnzw5w4hxlu4lt3auhwkfr0zhkfn6khht0plale8l3dpse6dqyuulch7sz46wnvsl6r36jfkjldj4tah490xmltpfez8wx43n44t93uljl5vclcxq32964ueegn77mnujh6z4p4az4gtaxr8hduewt027wn008y84c727d83rz88w6j8h0qlcpk75cccqc2llua9k63qfsve576ge3x4l24404j40kdn8taumzs9hfp7wz384w9ev4pk0evk9xqchlhsv5yrxpl344ep8w3fefadj4jnjf2xkj3nmfls002t4hzl9a6ldldn8dmz94f3l3cecmhf79lunea2yk75c04lgsd3cvqvpjy5jxy7lyvfa7vpngcnnuphxcjt6gmf09p0729pu0lhvtplhfmenymd6z0jta77glxz0azyntrcjkk7f47m9fn8lhlsv86tesleh4echaznu6nhdmx6349l4ma70m84te3mua9paahgv9mwn8es0mp7j548sppyra90h9rwknnd9uem92aw822nmm5fghjluj6wtm6pmzt4p2unpxxa96d46t5mt5h2xmf6fkwzp9lvxqwal83xtleqfrkpur0klh6xuc7td9jf2h949nvk0hc0qrl9ne7gs4303gl4lkq56xf9y5rvv4hel8y5tzfx4fzhnwv4qkvhnzfx39uujw0e5c5lnxg9dtzljjvfdx25n2ve49uh5w29m9y42fd98xzkted9j4j3jx2e48z3tkfee8z7n6g6mtzuv229f8ze242eskvlnfvfmy4923ffy620wyxnmufyk57tzv4y8uan2rckll4gjr8cuqxrm3p9u2etz9fla2ks5yhnuq52g03csvcwwfeykq5s7pl4c5xa3cluru7dgg8ynzq0ns3hlju2pdf5xsuz6yezaqpj07flc8vfscun58nz45w4fhlul3qqpnrajfghnx8mz5vdhul70mrszsnnf5va6lcntlvrm7m9aktl4gdnvlsnzq09s73lc0ga2umagkmyj0ml7lj39herryz7jkvfs4rwv72eu4v7tpwfc4vcjehfv45kdx2el8rwvjf9shv4tej48yvnjzv9uknv2eteyejjvkwfnxysn2dxq5pejgey8tvc7rzs4wjyx6p5xwtps8glwwdjj5k0zzlf3yk0jd09djp444l86f5dezhghuamje07qmnq0ee8lllyqfnjnw90pxhmyjpw4yfysq89k0le6hn7af9aarfj7hlmutnw2p2km5l8wek4k7mcsfxmn664ewe778f0gmfwjnvws33ef8dr2wsj85apqnwr87s38cyzds3pu504r400a2tjlc5sf6gn7laqsnu7w5ae2m03kerthch8u4q593mkn8h6hqwg8dz02xrv2p382sr6w4q8h5z090fmhuzg0fcpftdd38uqtjrmey4yx3j9g0cgapursy9g07zw8ttlctj2hhmxavnpjjh3ejg99hshl85yk6jc4xpufadafl98d75d8nc0qa2rnqj7q5dlhqc0470a7l0vd78vlgncklw4u9nknmmduhtzvua0h5d3su03feelhl75dulswpcsydmaqp4l4hxrax7m8chus2v7zznh8f4h5vw0sj6rpujeewhve877hgkva52m4k6266wn92gmsmynrcppn3eh3tkyec6m2sfdxvla62aeyscsru8yuerlzvaktaljwp97ymhuuws03vxvepqqyydjz2js6ftx3uk2jxja2cct4trpw4vvd64338gkg92tu5r0m9zkgzdyhehm8snm66rwxm0nvd3jdfq7eyjechmq8emj6czufmqwahd47gd2quhqll3s9uahx2lj07xu4d0kndlhma3lvn4ac9tce2jtu76jld57lm2ejew8lmvks4t30g2gx3dshd9e59kuupwzz0dsc8kwwdma0haljv5vaa72m4a7lxglwccxflm5zc97uyt8980lf8vf6srfxdgdvzrjx2fhtnmvenjelnh9ahdleuhamv57t3mxfmt062tjchp68eslul4lzk70a9hf5jlpm02aem037y4shr07avsh3vw4ay7lyx5t759j7fg7jx9da75vhefzdsfe78ulledt7s8kjmaenmshdft970jv3f7thu99ajt702kcmqq28wn39sngswr9
BEPE,offer1qqr83wcuu2rykcmqvps9nwm6ww579uhshk4x0zs0ras739taxat5u4d7w9vmpt7sc7kjark4n7kruwxet48z56qfmj0n7cftka8g0e8395ssnag95tptkeeg95uly4ufqyzpypf4u8kafcf7cuxnv7zrjdn7fyl7punmkfhgwurjujlxmd4nhl7q9sz6nrznl4wr56398c49ypak87mm6hmfargx8d6wvxnaplmtvzkkqqllr0l47spg2rlnw6mkta403l7llmlsyvwdnat64xr6xl09m7f3l0gpghar7h897vhkkw4zsnalz9chm6h7ftncdlllfhltwvxvnqr89xkrluzjta3f3el3srxrnldpkhh2dfwk9ln8ku26wcc5yum5h2k34flnur67sgpkh472d0l7w8va6gl8xsjm2de7877xwqlgvavtf2k345mwea060dkpyfkrf54frh5salchazweew337439dnaa6arfxla27fw8h4ysxw5kr55fxl7rwq64h9lklngplw509cda7k9avmdac7vhh2eafdlvvmaam9fqjvlmhkmqw8jawfvaxlc8j7jwf3rhqckx9mlka40uvuf4ywcn0er23p2cth3paan60wly8vxnkhuqvwrgzqg39x33xharzd0nqv6xy7lgdekyzujx6tagtaj3f08lamzs0a6wwwexmw5nujl0hj8esnlq3y6cwx4ahjf0km2velalcrml3aneuat3gzjh3y2eelxzm4dheyxes077q6drhwdh906t8t78cum2c8aslf22ncqsjp7jhmj3htfekj7vaj4whr49faa6y5te07fd89aaqa396s4wfsnrwjax6a96d46t4rd5aym8pqjlkrq8wlncn9lusy3mq7phm0marwv09kjey4tj6jekt8mu8spljeulyg2chc506lmq2dryjj2pkx2mulnj293yn253tehx2stxte3yngj7wf88u6v20enyzk430efxykn92f4xd2jfvfd9v5tw49yhvaj6dfs4ye295fckvlnpgez5dr5ew9q4j7v2txc4nfj3veyknvn3gegmj6dpkxyhz74p8hzrfa7yjt2093x2jr7we4put0l65fpnuwqrpacsj79v43z5l74tg2zte7q29y8cugxv88yujtq2g0ql6u2rwcu07p70x5yrjf3q8ecgmlew9qk56rgwpdzv3wsqe8lylurkycvwf6re326825ml70csqqe37ey5tenra32xxm70l8a3uzs3l5ljzspma630l8dk5a8v6c4lacatmkmnsgj9ylcyd7m4u6a4vm8llum72ysly0v5t2vefyj323fey6us29fx2k56ted9y5nv2jwf8y2jje24uey7txw9j457dfvfvey32eh9ymrdjekf5h5ctf24zkysxxfrujapjnuvjp4kgqegkse3vx80pylkdal853nfdley3m5ct4ld0yn74zrlv9h6aru7rh0w4mp5w0rllluspxw2dc4uy6lzgyza6gjfqqwtvllm408a6stnmxh9ddllehxu5z4dhf7wandtvah3qjdl843tjan4awk73kj4yxuapprjnw6xylpywf7zpxuxwapz0jgympzre2l2826l2kh9l3fqrk38ul7p38e5aflj9kltvjzhlnw8c29gmphdx0t4wquc06q75vxs4rzw9z85u2q0lgyk27nh0cysln5zj56nr0cq8y8hjfwgapyz3l532pc8pg2sluyu0khlq4featl0pr7fve975raltrgn30zvu9zg2amee8g6l35qv5ljx2pct8xmcqhq8r0ucxra0nl0hlmnd3n86y74hm40pga577m097cn98taa8vu9r5tww0dllar0runjwyqr2lczd8udaslfh7c7pl5zn83ssaf6ddar8nuykcc0qkwt4n8flh969m8dzkadk6kkn5fgjwaxeyguqgduwhq3atz40llelhfc4p55898qg4434txhktxaxf4axk6dnx4lgw37hnjcyezxqcpgryydxp6jj2rtw4vvf69n30gk29dzeg4509j535h25sf28l5tdtqz6fzn8hlh88s466az7xmmny2szdega3pn4c8nr846xcckuemq6mh3kkpdwpulr8m3cxv4hx07wfw6ldx07hamhme3ttntlsztyl6ufy7m2aakah42ahek903vkj43shd2cppmnhg9d34zlx2le8pkldnut7dl2w70qj4xfgutfexxqtuwwauajgzawa5y25cynlv8ug6kzeqd50vyzjp26m259dyldwql0l7v8n9azvvmyh6dwxxn5t4ykt9ajwma090fja2lllave8ukv62j5480hawlzmzckavce2xc40je6zcl4rm8pvval8p790l0608l8lxpj7022nuxk9zcfujd430tyal75glhwrpljavz67aq6qpjlysqvelnqqqtxj3an
BEPE,offer1qqr83wcuu2rykcmqvps9n06vlxremx72lj77htmy70l9eu8ma66mm46hhw0c7a7spldl5njzvw7a2pe8h095jpfds8alxfmvuhtwnypuhcjjfgd7gp283acv55j50l32xxqypg4qy67f6wkuu7uvzpn0dregclxjllskf4cylhhvqewf03akmeclnzjjp9t34205k3adc3r5t6kq7mnmdaetp5wh4mxk98kpf7nlpkkp2m8q0l3l7zcgqh407ekdae9smlllm0l4lurmehxshnqnncyhh7fklxchq30tjs6rh875dde0n7r076200r2astt34lhlxluals3svvdvs6gwlutesdy4tsftule2l04vex5u77kua0880eanvd6an2w8wmk7vtt2qzev5p923gdp52jhr8upljrmg2etlmensar9khdt99xd4kv680nlg0s5vrlhxwf6dr6x826j8h0pl7ptxm0apawr5kd4a70yeavu705f0hpek8t3llmse45gh7dzn4unllnaqhvy0t6d9ewmtlylkllhvcypla6g6fdnwjt9lruaktumze27mp4mj8q8l0s8xegw85dcmfgaz6htlla3ga328n55evmj73hj8rxqjn8uzxafg6upyquxvxqczzgnywh3x5a0zpfnvd6wy6mgfe7yr5hksta923kpl0h4ulrsau6z0kax8dy7awu0n3873res3y2m0w5al33yhn0ulu9jyh6d9phvam9tv2v8m0zmgp84lru9whh72ajtklrdsz0jql44g7drz6707592usvequpqa4dma5v6g097ht8v3245uad0tde8rxwlj2eswm2hg2k5yt3ug6nak348mdr20k6gndhqxflcq59heeu8jlucwt93wvcd3a7mk7qjntua24edtvnyjd6n7r8uvwvjw8uzuk9a9lc8xejef9q5z3d7n6e8zujedfq6a8j4v9nyucjevf82yhn7f9axapn3dfq4avnjtfj4y6jkvej52ejpv9s4umnf2eymju26dfy6vudfk9g4umnpw4s5ndnfte082sv4wes4nvd909n8uenk093xjkd3v9zhmfp5cu6093yj6navpnyu7nkdk0667j3jxv8qsuc0wx56snzv7kh54zaj7sxzsz5f9l8rpnxf9yy5ejhnw9xhzvlkpr8nwre49q5nvuyw7qkj7tjgp5xs6nktksyv4uzfleljq9hxap6g3wt6236l8lcrqyc0xs2xa9j7v5mvvnplllcepwtqdpxa3ldrftdf7hf7ap9zfwgsts28da4atdjhtnmmg0wvufgrqawxlll5mwwycay8v5t2ve9xz52j0fn9r2t3ve9xyjv7t999ndne5fgkvh490x2cjjtxvkqhjmjj49uhjenpg4q62522we5knrjff9rwysxxpzuka3sny0jp4kgqptkccpg9r5lpm9enyn2wauadlfsa9ahcuaeura4l3h9a7axyl6u8p42t07evtllljqyeefhzhsnqzessthfzfyqpednllw4ulh2pw0v6u44hllxumjs24ka8emkd4dnk7yzfhu7k9wtkwh46m6x625smn5yyw2dmgcnuy3e8cgymsem5yf7fqnvyg09tagatta26uh79yqw6ylnlcxylxn487gkmadjg2l7dclpg4rvxa5eaw4crnplgr63s6z5vfc5g7n3gplaqjet6walqjr7ws22n2vdlqqus77f9er5ys287j9g8qu9p2rlsn376luzs0la7wf0rd77xs944kmvw4l9ladz038shta960xm4g4c4lm5mk79f05rasedqjyll3u86l87l0hkxlqkt5e7tl42kremfalkj244xkvhn6k7cw9cuaulm0u2z70c8qagwxdussmljmr87rvdlutug9x09pfan5cm7xhrcpvpclfwultkvn00tugx2m4t6mw9pd8fj48dsdjf35ps4chg87wyuk94cxelxy4pmlpz00gz6670rx0t9flvnu0pj6ed0ps6d0u4jcvejzqqggmyy49p5jkdrev4yd9643sh2kxza2ccm4trzw3vs25hegxlk29vsy6f0n0k0p8h45xudklxcmry6jpajf9n30kq0nh94s9cnkqamwmtus65pewpllrqtemwv4lylude26ldxml0hmr7e8tms2h3j4yhea497mfalk4n9ju0lkedp2hz7s5sdzmpw6tngtde5rzhnf7khqearxda4uafdp7wk905telwdqua9uvjgtsafadl5f8xlxmjn7ydtpvsx68kzpfq4dt5t6ml65x38hjcwrgx0pjycqrctm82wutzv8zslf6aw36tc8yt2grrjkes0uczl54ahrluv8kj5afg9r30nvm848kd2x4xzn4avj6vra2dst87wn4jmc5t67dmakmfda0le7pfvhf9809tgz86c52hu0e7fesgcargrqrxpd884egjghf
BEPE,offer1qqr83wcuu2rykcmqvps0n8dk000vx92aaxw3jyk93l3cc8eern5lhxl0kd446lxmr3ttw8mj67knuwxet48z56qfmj0n7cftka8g0e8395ssnag95tptkeeg95uly4ufqyzpypf4u8kafcf7cuxnv7zrjdn7fyl7punmkfhgwurjujlxmd4nhl7q9sz6nrznl4wr56398c49ypak87mm6hmfargx8d6wvxnaplmtvzkkqqllr0l47spg2rlnw6mkta403l7llmls98ds0wf09zuw4menqmw20ee65ulhfcwe2egk2a29ua2lz2d4lxdxkws7rlmlj0lj6rpn56qeeehs0aq73vt047nqw7sudf39s6ah7qkyhhhaa4r7k0694mm2swtky9wzte92pcutq54j6slrv8tlclmh8hw6hcylt50l258u70t6e9gmgwrhw9t7d8pe90lc7336k53amc0lstvsjq087llnmy3xxa5hznlh439s7r33gm4nuazmzyn7nw3674ps9rchmpr6ls4a5e5f3tgtpxxdhwutgykafrpldwlrj8m0ahff8j2eqfels9v60l08jeju9ufa3ehfhh6wk7knj0dk0tmmwd59ycmslrkrllmltv770aczcuxqxqez2frz00jxy7lxqe5vfe7qmnvf9ayd5hjshl9zs78lmk9slm5auejdkap8e97l0y0np873zf43uftt0y6ldj5enlmlsx2wtmff64fh088wfutxj7wkawah8xtdfmqvmsslu9ykje6urpnx66j77rly82vjvaqv9qd5dlu5v6cw9khm8v3t4cadt0twe8zk2ljtec0tghgfk59tnuqcn4hph8twrwwkugmdhgxeecqh9ncf6867uc0m93xwc9sd7m7lq6ntcajke92uhyjd6m7npuy0vk08czyk9a90787cj3g4y5jsdjj6l86uj3vfy64yjad4nyyejavf92yhnjf4lx4znaveq44vn72fs45ejjdfnyjknfnfge55v43fe8242pjkghye2fwfr8ycdzfxj5j7npkkc4j4txv92c2623hf5kv6j60e39tvtevx48ntpucu60d3yj6nevfjyslnkdw066lj4jwv8qsvc0wy5k3ryvw4hu4zmjkjxwszsf978rpnqfa8yscznn78xhzumkpr8n0ne49q5nvvqwwzk77tsgp4xs6rstwnyg5vxflel7q43x9r6vs7d6j36hxl7rcycrxqwxd9j7v5lvv3phll7eev8pahal06purdv57zwmjpmx9jvmnfuwgk77n6ucq30fe7kehw4tcxw9tvllln0egjru3aj3dfnyvkd90edxz6235488zkd3deh8u5dw2f49ykjfferyvan70ely5kv4teex5jdjtfm8ykv9wfv62nj3t90yu6jqcey0jt5x203jgxkeqr9z6rx9hu80wvm9wd847ujvttra82djp4e7p7w08u454k3gd5yfhv0hkkvd4j8lllsaxwqdq4uu6lrtgq6yj56qsekp70dt7tmd8hm5drtxl0d370e5x64wnaatx2umttza8mqwt0h4e8ne49a0w4s2446xyhp99jdd6zylr5y2wgq76xylpq0k2y8zjwcwa6lf27t7j4pnfzr6hhz7wr3mm59t07y6utwnzulnv8s29w6dka2vrewuugacca4gxqazz096yy72sf759xwlne0u8q93v9jylnpwg08yzhs2xgap8zruys2pchpt6e7u9vl40upamwshu0h56w74ryw9u7tmyejmal57pnr7y5e50jdyvlndafu9la7sptkrp57gr37h3lhllaakccnazlwm9ehu4wc08dhk7ufjn576jkwzem9m88jlhl3l3wtelqqp40cpkj7zlct5tlv0pl7pf3c5f75axk73nfczm0v8str9zmnu7mja6anjsm2kn0t0g6y5exwhdjqwgxxjxfhwhf3tywny4vhe94jmmn2d7h3zm7tmuv9v4hltve7mvz7mmx4l7kvnpnygcrq9qvs35c822fgdd64338gkw9azeg45t9zk3uk2jxja2jp9gl73d4vqtfy2v7l7uu7zhtt5tcm0wv32qfh9rkyxwhq7vv7hgmrzmn8vrtw7x6c94c8nuvlw8qejkuelee9mta5el6lhwl0x9dwd07qfvnlt3ynmdthkmk74tklxc479j62kxza4tqy8wwaq4kx5tmq0vl0m5et5pasezjhun7t9azm7e0hrc9t0ae79zw6kg97ahp6n9hmm7flzx4qkgrvrmps5szh9c9rm0n2uvw7vmqupc4f9ngxrf6g7d72maldcaad3ql78suv3rd40st926lulxqsupal7ckh0nmmnq3wpsucuaz6n6unfnuu7kc8lfjswynl95apdd7jkrjy9dwaen72l0r5p64rg9dum2z0z0x3px4cuw4d9mnkvcpwdw2y8qmvk3wf
BEPE,offer1qqr83wcuu2rykcmqvpstz0t24lm55s79sulke2dqhp6g4czdm0nf7pj95h8jch0yjcj5ll8kc84g8y7aukjg99kqlhu38dnjad6ys8klz2f9qheq9278hpkjjg3hl9gcgqs9z5qnme8pmmnnm3sgxde509rra60lwzexhqn7wlstye97hkm0xr7v22gv5wx4e7j6x4hz5v382c8mw0dlh9vxpc7hd6c5wc90m0cx6c9rdu9l78lstpqz74lmxehh5kr0llldluhn3u3va84yarudz0zxvkw64nsn2krk20jv06wxxqhmne9rv8fh7mxjf3403l7lu3lshsuvdys2ww0utucwnehk5nnqd43nf3eqre4jy7l3m9h8fe5v4m0tpn656unmle46adgw8zct4lh0ftt3wzwktnhjedvnt8ha294wsk4pm4uye4nrjm36rtk7ra5edv6d92gaay80797cxwefvd9d88jl7n4lf34cayj5lv4s0920u5s4xr2242uklfvuf4vs4ak34vwhwxz0dja6277z7m62f3tdjdenggul7t8wfvyl70u5pu5f6s0lx7dhn9580fas979a55lk4rp8d9vkn7gv9rshjgry2d7l3xc6fxtcdclqmrseqcryffyvfe7g6nnuc8xp380cr2dpxhuskj76ql5428c0awchrlwrhnwfkm55ayhmac37wyl6ydxx93dddcnmlkzjx0lllqhzmftk7lh6y7wz5j0m0406w7r927ske08smh3ql46mgda7knfmdw6pd08l2z4wgxvswqsw6ka76xdy8jlt4nkg426wwkh4kun3n80e9vc8d4t59t2z9c7ydf7mg6nak348mdyfkmsryluq2zmuu7re07v89jchxvxc7ldm0qff47w42uk4kfjfxaflpn7x8xf8r7pwtz7jlurnvev5js2pgklfavn3wfvk5sdwne2kzejwvfvkyn4ztelyj7nwseck5s27kfe95e2jdftxymne5fu6jkn2vxj423jw09skv6v40fh9nzt4gesezudfn9642nj9vxyenyjfjf38rfj324hyyjt3s4dyzuja5s6vwd8jcjfdf7kqejw0fmxm8ad0fgerxrsgwv8hr2dgf3x0tt623we0grpgp2yjln3senyjjz2vetehznt3x0mq3nehpu6js2fkwz80qtf09eyq6rgdfm9mgzx27pyluleqzmnwsaygh9a9ga0nlupszv8ng9rwje0x2dkxfsllluvshw3ke4kwzd02txsl6ln4hlmfaaudc5n7cfavj5gdzjtvhqlk2349mwwlllumw2ycly0v5t2ve3x2cnw0fmxudj359y652df38c7z9j37fj55s22rg5ln42pgye8rktp245h5vj3lct8raj4gc5nrkww2eax2sxxpzuka3sn5djp4kgq3fksepvjfs7vkdyrned97jlrhjcvr088aulm3rlend8896x6mgrhn7l7ej60klulkgq484yu2lzwhz3zfwdqfvnq09kdl9ehnla293an0nksl8umn0282765n8wak44wnes0xhn6u4evej7h8wcaf63rz0sj3e2hdrz0s6xyhqqhwrxwss8myz0sepvh0ar49090t2uc53pagma0hpc4u6w5heza09hfp20ehru9z4dkmw3836hxwyxavw6yrq2338j4rz09gxljzn80f6h7zswekqe2desh5pnjrtcynywsj3fljg9quts5dgl7zk8m8lsv7d70dkj4xagr5txm9s7kl62ht8fh4v28r9kajk9mwjjev60r706rr8kr95zgnl78sltulma77cmuzewn8e0742c08d8h76f2k56ej702mmpchrnhnldl3gtelqur4pcehjzr07tvvlcd3hl303q5eu598kwnr0c6u0q9s8ra9mnawejdaa03qetw40tdc595ax25akpkfxxsxrhxn67jn580l7kujlx24yfmvt90dc09v7l6eag6ky9audtsa57lxm6qmtvxvepqqqy9jzxnquft935h2kxza2ccm4trzw3vut69j3tgk292gu5rlm9j4gzdy3ehm8cnmc6mdxn0rvdejdfpway2ccm6srenn6urvdmgvand96gatq5hqll3n9cu8x2ln078vhd0kn9l8laeavm4ac9mcexjtu7zjld4wlm2mj4whamyhs4tptg6tx4vq3dam5pku6pgmtm9memla7f0jk58jck36y5ceggd0haee45ldggkw4wvr7h7xxdy7q0c34v9jqmg7cg9yz43w4p0nuemjk84ena8jfhe0huhll2n2623mmwjth7yz7lpwj9jeqx9z9egttquelkk70e0wnu7vvt82y7al888n770kemlyvkr5eaju7zc4ytej7tlpkpa8cswcj85mnxdg7hkymdtmq5hmtadva76fax05a8hm4pmhwcpqq324jdfsym6hwf
BEPE,offer1qqr83wcuu2rykcmqvpsfjaeq8mh9ed797nmk727waxwpfjq3vck5c7daamenl9wevxr2j4clmje04crywuu6ngp9wpllap9dmsapmyk8k7zzf4qh3q9wl84pknjvshe9qcgys9x5sjm48plmrsma3cqdfk0fznl687wwex4qmuwmstyed7h7mlqrkv22gvjw74e7n2y4lz5ys8wclmw0vl4959pclhf6skw59la0sx6cyr0udl787qdpgr7altxe0k57rlmll0lshv5kta7acwhhhmjg97nl6tlckxcwnz55llwk042k8c7x4vuadr8tqkp34lhlxluals3svvdvs6gwlutaf3hunxevhudfsflxd5ht42a5le3v7wl8rel7cuan7n46u3xrpkn4vg4r3vrxylxnvlv77awx8g02h3dc4luydfh3wjzgm5t4mh6crxauvgeexm9hgdxj4yw7jrhlzajvtthn2asa6vaet0caxr7wg0wm0m4y27ldxlwk5c4amahgc246mrztcyl94l6pv8dmk0ftt6lcuk8ugpef5tangmrt9ua0trtpe8fkclhc9mpdf0v6nrsn47lneumf4tnlr86805846ej7wr7whtjdxca4e09cl9luhntghq9guxgxqez2frzw0jx5ulxpesvfm7q6ngf4ly95hks8a9237rltk9clmsaumjdka98f97lwy0n3873rf33vtttwy7las53nlllc9p6a9ejnhax7vhd8hpdsemlf9wk5ahpa202a30e7dt44am8xcvymywc7plv82gjulqyyqd5alu5d6cw95hn8v4t4cad200we9z7tljtfc0tghvfx59tjuycn4hfk8twnvwkagmd8gxeccyh43cpm877vc0my3xwc8sd7m7lq6nreakkf92ukykd6e7mpuq0uk08ezqk9l98787czngay5jsdsjjl87uj3vfy64yzldajyqejlvfy2yhnjfalx3znlveq44vr72f345ezjdfnxkmjgtehkye28535yu3m2f94k2ez3wfvxl86cgp3xxkjc2ff57sz52ee8ulnk27a4q7ztwas9qk6lg9c9rt3uc560d3yj6nevfj5slnkd2026l64j2vhzsyc0wyyk3t9v2487426jjjkwsz3fp78rpnpfe8yjczjn68khz5mk9rh30ne4pq5nvvpwwzx77t3g94xs6rst2ny25yxfle07qa3xpr6ws7v6k364xllruygpxg0xf9z7vulvg33hlhleavtpl7vvxzclj324d7zvzjdw6wm3z33fne49ts97l6tle40f7lfprmkt0l07l6n9mcnryjajjdfjhycd9tfse5ktpve2eu6nxfevmj6v9w9q4jujkvft8zj2ejfghzun9vff9twnetxjkjjjf2e55t2vfwxjk36jqc59t5m78zq3w2xx6qyywmrgxq0hqncvmyleqzdkwma7l4d6w5zfxau6zd6rjlh603umvej429zhhh7lu8ensrf9t8xhc3tqlgj2ngzrxc8ea40e0d57lw35dvmaak8elxsm2460h4vetnddvt5lvped77hy70x5h4a6kp2khgcjuy5kf4hggnuws3feqrmgcnuyp7egsu2fmpmhta9te0625xdyg027utecw80ws4dlcnt3d6vtn7ds7pg4mfkm4fs09mn3rhrrk4qcr5gfuhgsne2p86s5em709lsuqk9skgn7v9epuus27pger5yug0sjpg8zu90t8ms4n7475pv22cw3cknlk7g5r9tk70sl7mlaf07dn58tlx3gndw9pwwexas7yfjsx3qydllpc0470a7l0vd79vhfnuklw4u9nknmmd5htzvva0h4d4su03feelhlu59ulswp6svvmeqphl4kx8axum0chcs2v72znn8f4hudw0szcrpujae7hvex77hc5v442l4kc2j6wn922msmynrgrpmsvs9a70dm2ulvtetca3ttlrv0dsmw2ja8l8cflcwsfrdh5lcnhwqd50zcvejzqqggmyy49p5jkdrev4yd9643sh2kxza2ccm4trzw3vs25hegxlk29vsy6f0n0k0p8h45xudklxcmry6jpajf9n30kq0nh94s9cnkqamwmtus65pewpllrqtemwv4lylude26ldxml0hmr7e8tms2h3j4yhea497mfalk4n9ju0lkedp2hz7s5sdzmpw6tngtde5zn2wc09d3n7xp8lkde0u037tfmjnac6fxj9mr5d3aaxu0ej8ked2jmrh7gjkzaqd50yyzkp2e8r7u876mxxq98ef8nj86708ms0kj2eleakymymr5r8ht3fa3rmyrdzd6wysw9c6a4zylwl6kys7pz2dckxqnpauzg8era06246y0ntc43whugtkvmmgn20a3nmfwhuvym6w4wyk088003w2ymtg0t3ye583cuyjmkukqvqvgd407ugmlddg