CHIA,offer1qqr83wcuu2rykcmqvps0r2xc4lw48dmf4lmu7ye9x9d9ltr083a32dht66lanxwwtg7h74n887el4crywuu6ngp9wpllap9dmsapmyk8k7zzf4qh3q9wl84pknjvshe9qcgys9x5sjm48plmrsma3cqdfk0fznl687wwex4qmuwmstyed7h7mlqrkv22gvjw74e7n2y4lz5ys8wclmw0vl4959pclhf6skw59la0sx6cyr0udl787qdpgr7altxe0k57rlmll0lshjnwd6dlrxafghxw86d0markk4n0nfnvhc8uu7ujrleveha7w03h0a7dtu8lhlyl795xr8f5qnnnlzluq7l6wahkaa703yg6v4avkaujdw0xdumzcexecc0292l6ld6dddlmmnsvp24gfk4dg7p0levzph2xxp4vuxcw4k4kk07anx7vt6uwx0866pvkg4v68y2wa4y8079lspk6hv8s9kmuqs6mfu08cmn7lykzhu7lf98jvl74n08vtxdhdnvc9defvq0n6z8lrmhkkuh5qz06lsw9z2lsje3txmk4xtja4j703cj65mfa8mhcx2dmakwp6u6kjkjg7nf0na70du7llv8y23t79mdkdh2anvfnzgz6whksqlrscqcryffyvfa7gcnmucrx3388crwd3yh53kj72zlu52rcllwckrlwnhnxfkm5ylyhmau37vyl6yfxk839dduntak2nx0l07qelf0aex46wx00rmlelfkxy3l90ner70kr0tats4dr89a5h54th78ymwp0w862j57qxysw537ukd66wd58n8v4t4cat20ww49juthntde0dg8df259tjy9cl58fklgwnd7saqmd8fkmcqyhasgrmlu7qe0lyp9wc8qd7m7lvmrped4kd92uk5kdjewapup0uk08ezrkp79r7hlczngey5jsf3zkl0auj3vfyj5yw7aej5zej7vfyjyhhjfelxjzn7ueq45vt76f395e2jdfnr5k0e0fmxv223leh9v6s488y7uetw0erz2v0f6em9juj7wgc3r60wg4485ctef9nxve2f0gchncjxtf08523acs60w3yj6nevfj5slnkdf0xm0u42fvmrqzc0wyyhpt9vf48l92623j60qz3fp78z3np3e8yjczjte86hzjmkxrmslne4pqcju2pkwzxlwt3g94xs6rstfnytyzxf7e8lsl3xzrjwsuv2h374xalnlyqqxv0kg9z7ucly234k03lelvdq69kzhskrammz2xuvft3zwgm74s8y5hmurmje0mek5mcwn4wzlahrql8lm72vhlqvvjtj2ehxzsn2f949662xgxt85cn2vfh8vutp4fyc572wtxjhv5j6dxu5nvnw09qkjutf24lxrzv70xr9rfjkvfn9pn5qcy8tu67rzs3wzxx6q5xwmrcyt5jt0whnmgurywnv3qll6c9jhvmefutpehej22arzmh8jl0v23jglll6ryecf4zhnt3qkgjvngqrze9laa0e0v56l735fdtla79eh8qa2d60n4vmtm0dv2ymveed67hy7085h5duk9fkhgxsu5hjp48gxr7wsvflqnmgknuzpxcxsu20m36h8u4de0c2cxayglt7s2f7w8wwu4dlcmg39mutn7ws6qc4mfhmafs09rj388rpkyscr48fu82wne698j05amaf98s6qk4kkcn7q9epuu36jpglr5ruvwswpcxz59lf8r34l79uyhrlpy7lvzxg6qxkvwtyf93lezr35lnnewv2f7z679rtd6x0pa83qqasedrwq704c0el0l0dhxylghmkewfl4tkremfahhzv4a8kyhnckwewfeululc0utj70cyqaf7qd5nsh7vlrpw8l7zlz9u2akh8alqm6ru9n0nnkeqle8dt0t7fdx0hy39hmll3ltctkuxtanyqvqvdvxlt7u3ptpuhec7rulzclhdd0kkxt33n7rmugekmntthv26u2pttc0rx4ukz7vssqqzxeppfc0y4sgmt4fr9w4yv965e3h2nxyazdch5f5z4y72phu6e2yqkjfumanufaadfkrfhekxcex5slwjpvu0aqpuaedvp7xasxwmk6ayw4q2ts0lcezajp5evxlsf38t9e5m9rw6d6c7ngt2e8y6a5wa5ljps0w4yl704ermrddp2nrwjwswzhpvctmt29cuzg7wv3sqatlnkuw56w4d6a7thppd8zmxne70mcfdmj3sg79hhfc50luyanksqdfepp4s8xgcumemjcnn94dcmy62jtcf0hzp3h53najm8tf3x9q2p4tte4tewk9ff3l9s4fhxg7wwt7ke9l2hmd7d8lqh36hj7ltthl6kyjwjm49u0s44zghc78aklcaa4d08znydj6aaaas6z7r7mh6ctlp04f8447jjc48885hswqp58ag7qlwdfgu
CHIA,offer1qqr83wcuu2rykcmqvps9nvt47k754sddx7a4mw5tqflcv0u62ye5nmd4dh0fktgf4wf90kgl8e3ltswfaee9ys2turl0cz2mh96n5fy0duy5n2p0zq2au02rd8yer062pssfq29gp9h6wrhh89htpsgmng7z88l50uudjd2phuahqkfjma0dh7g8vc55sevuatnay5ft79gezw4slku7ml22gwr3awm4pgactljlqd4s2xlcmlu07qjzs8at7kdnldfv8lll7ml3wvyhkztllcryn5nh6knkc27cpqlh74t3mlm3nrenz4unaxn3tj7k9pvr0l8ldletlptpcc6fp5culch63k7mcd5xvktk533xyaws9xxekwew2ckhvr34054walzn58lvsj69z9cxptd6yhktmumzsz9a9n8nah4tz0qexm8dnekttskvamhrnz48060aq6hazj98w6jrhlzl7qen46nl73wlvc4myvncc0rd93tet7x6w2hr4f7fwt5k0y4gueay7a4s3ap22d47hn6246kg2hnx04c40gtf2p588h706gr9f0fcagana5ztcmkemjhfld3ruh5zfle9n3przk2eadxu4nfx0fwdxlkjax0860j0g9u5yzfcvcvpsyy3xga0zdf67yznxcm5uf4ksnnug8f0dqh624rvr7l0te78pme5yld6vw6fa6acl8z0az8npzg4k7afmlrzf0xlelctrmhavm2nxx4lvtfvjmuhlzlrwk744c8kpd755a6tg2uz60w5uu227hhslep6nyn8grpgrdr0l9rxkr3d47emy2aw8t2m6mkfc4jhuj7wr6696zd4p2ulqxyadcde6msmn4hzxmd6pkwwq9ev7zw37hhxr7evfnkpvr0klhcx5678v4kf2h9eynwkl5c0prm9ne7q3930ftl3lky529f9y5rv5khe7hy5tzfx4fyhtdvepxvhtzf239uujd0e4g5ltxg9dtyljjvfvhv5n2v4ryrz2jf96e2knp0x98ngnjt4752ed20x48ycde49ey2kjzvf0xuntz094x5jj3wfsmjkn9t94xzuj4n9g6g0x8xnmvfyk57tzv3y8uantn7khu4vnnpcyrxrm3995gerr4dl9gku453n5q5zf03ccvcz0feyxq5ul3e4chxasgeumu7dfg9ymrqrns4hhjuzqdf5xsuzm5ez9rpj070ls9vf3g7ny8nw55w4ehls7pxqesr3nfvhn98mrygdlllkwtrc97mkenf0kmus0dldl2cleeqxa8wnhc7cxcnxe4psap30h3hdcxkh4m0ll7n9e5nzysua609hxsau2dp0xuu6624ncnzz3hay5nq230x28qk6wgpm6hz232pq5lp23v424g62wv3t8vhj6ta3kge88grrsswrwyugz9egcmqqs4mvvq4hmudqh0awzykw4l8v7lj0a6h56n5zkljel2c477u7w50s4wd5gh3dpllljqyeefhzhsn8uhgsthfzfyqpednllw4ulh2pw0v6u44hllxumjs24ka8emkd4dnk7yzfhu7k9wtkwh46m6x625smn5yyw2dmgcnuy3e8cgymsem5yf7fqnvyg09tagatta26uh79yqw6ylnlcxylxn487gkmadjg2l7dclpg4rvxa5eaw4crnplgr63s6z5vfc5g7n3gplaqjet6walqjr7ws22n2vdlqqus77f9er5ys287j9g8qu9p2rlsn376luzucuknzun3hwz02jdwtj9cdlyan5cwjlhrpjcl4uyhqkd7ca4654ssy0vxtgy38lu0p7helhmaa3hc9jax0jla24s7w600a5j4df4n9u74hkr3w88087mlzshn7pc82r3n0yyxllxccteulchc3065d3eltc7lsnpvlu5akvx7dm6c6hnm0n9cydv7alu067rahp2lvepnyrrgzsmcfu0daf57ddaj0e7gazx0an6nt8h7vwa2fu95mvnaltrdxt7la7vtqckz7vssqzzxep9fgdy43gat9fr9w4vv464psh24xxa25cn525z4972pha23tyqkjtumancfaadphrdhekxcex5s0vjfvutasruaedvpwyas8wmk6lyx4qwts0lcczej35ey8l5fp8t9c5l9nv6d6c7nct238y7aywa57j9s0w4vl704frmrdd92rpw6ns2zhrvs2mt29eg04va66xfzxe0fxjh5ltayam5v3ue3fpt5lma6lsnz0usvhap7awmal7y4jhqqdtepq4s8kfc44haxqj8ene7ktn09cm9kepeltlcc8xpep9lujahyl0rkt48zgsldvmrc62hhznl02euwxak0m9lawfle4j932wn0wesgtsxf0xtmwtrvy3thzh9ev8pkk47klle3ejlz868ra630789htk2hdmuecm2h40ee030gwxqqqjhem7qagna4x
CHIA,offer1qqr83wcuu2rykcmqvpsyj7lp9mtm9ylrp0anmh2dwunpmcpfjeefla0p45vy8wnl2pu4xex0d24s7nnkj7fs5ksz7ln5lkx24hfjz7tufdyyylvp4rcwux22fw80c4tzqzq5gs2d0qahtwx0wxpsmhksusvlnf8lc0y6uz06mkquhyhe7mdvu0esfdqj4c6587tcuk5f379dfq0deak774c68t6d3t2nmq5lflc6tq4a3s8lcml3wyq26nlumxkajud0alahl7l5q75h3ulyla8jrlma0hpekhlwktcwjhu8ltpu4xeyrg3w3lnteh9547h7rlmlj0lj6rpn56qeeehs07qat8hcheauy4a5wua0x7h85uhdhfkvha8hgu4xfay20ma6jh7m2h5lczqn22l2422v0qccqen6waamhpnh56pumdjhrgkhfhdaa8fnx79twludle52g5em6gwlutcs0tlnug7z7tucekythxrvuvllawl4cf9s7hk3rvlezxe57myac33jkqpf8zh0gnvu57gd5tf07fku0gm80ernxaeudzd0zn929maqgnmtgew782skrxa6lpt2hky32940mq43dlxe7z4kscjlhhy30uvktw3ym0ev6cjczcuxsyq3z2drzd06xy6lxqe5vfa7smnvg9eyd5h6shm9zj70lmk9qlm5uuajdkaf8e97l0y0np87pzf4sudtm0yjldk5enlm7c83tjj5k66w0r506kgerh36h5yn7l3udgg9k89fjz6lhq20yzd7hltttc8asafztnuqsspknhlj3htpckj7vaj4whr44faamy5te07fd8padza3y6s4wtsnzwkaxcad6d36m4rd5aqm8rqj7k8q8vlmenplvjyemq7phm0mur2v08k6ey4tjcjeht8mv8spljeulygzchu5lclmq2dr5jj2pkz2tulmj293yn25stahkgsrxta3y3gj7wf8hu6y20anyzk4s0efxxkny2f4x0z6evxz9jujs0drhq5rxw78hzcv3wpzh7krcfdtk2jz5we09wmj9de55hztf2puk5ktnwpq55uzwwftmwkdq8nznfakyjt2093x2jr7we4fattl2kffju2qnpacsj69v4325l64t2222e6q29y8cuvxv98yujtq220g76u2nwc5w7970x5yzjd3s9ecgmmew9qk56rgwpd2v32sse8l9lcrkycy0f6ren26825mlu0s3qyepuey5tenna3zxxl7ll84sur989tuk9z0ua5n6fdxxlfzya4e6m2mc06kyzj2p88a597q9xu84tr0ll6dh8zvwjrk294xdw5f09a9z7nkd94x25t9d9d226dzhxu6ju27he5kjk2kv4e9j7dk092my6djw9nt56v2d9lx4w2e52cmr5vqccytjmkxzv37gxkeqq9wmrq9walzujsdnrg6wy2nytlmlmr6m92rl4ngak079tjm5stmlmkvv7htauhl8ajq9faf8zhcn8cegjtngztycredn0ewdull23v0vmua58elxum636hk4yemhd4dt57vre4u7h9wtxvh4emk82w5gcnuy5w24mgcnux339cq9msen5yp7eqnuxgt9mlgaftet66hx9yg02xltacw90xn497ghted6g2n7dclpg4tdkm5fuw4en3phtrk3qcz5vfu4gcne2phus5em6w4ls5rkdsx2nwv9aqvus67pyer5y520ujpg8zu9r28ls437eluzademl95frd0hjhcsyfaxe5na7l734ln0v6grghhav9j7aldntvxrd8uztsr3h7vrp7helhmlaekcenaz02ma6hs5w600dhjlvfjn477nkwz369h88kll73h37fe8zqp40upxn7x7enuu8ch7s0u543fh2cllunpgl5ka7wx6vrlc74ra0m9ccwujuhl077rahpwlsephynpgz3msnq0puc084l5rt79auh53tvhnp5kpleldtxvxmdhx0nh34778c2e5l8v8u3zqvq5pjzxnqaffpp4h24xyaz4ch524zk3252682e2get42gy4rl69k4gpdysenmlmnnc2adw30rdaej9gpxu5wcse6ure3n6arvvtwvasddmcmtqkhq703nacyrfjsvlyn7vxpnf42klyn5eaxck4c0f3my7m97uyqja6075ut78kgm6r4w9dr9g69jzfkhws5mng9wx2wzlfq3ah65mfwdk0ht2dfa6aha40uqcrkufu93gz09uc554dlnlcjk2uqp40yyzkq7e8rrdwe407zm60s4jf6qmknuujmuhawlpc52thk65p40l9kx7trjes847gaj53dwtpvf44k0au8rk9h57kpnkmnlq39tx76l0lnaxtthyulxmmssl5mlkx7se4t446d39m0vy7cdu3adhnjkmzaw2xavwquutvmhcfvxgqrhafcucdh829s
CHIA,offer1qqr83wcuu2rykcmqvpspzt6mkusdsjt7g4r85r7rx70vernc7kw0t364hxfgk7f6gnmfm0mpdh6urj0wwffyzjlqlm7qjkaew5azfrm0p9y6stcszh0r6smfexgm7jsvyzgz32qfd7nsaaeed6cvzxu68s3elarl8rvn2sdl8dc9jvkltmdljpmx99yxt882ulf9z2l32xgn4v8ah8kl6jjrsu0tkag28wzluhcrdvz3h7xllrlsys5pl2l4nvlm2tpllllklutsgljnju5ldw2jdp2tyf64m5sjlqlthk6tdlhdfuxcwz4kg5n2kvedd0u0lhly0u9u8rrfyznnnlzl5zuc57wwyjp3qfnwhhehuf4v8a600lrfp9d00c42ntftzmch4uw32as9qlt8zgw9f697tdukx3y0yxuekj255zyhdgarucpkus8lat8z6kgldwtexnf2j80fpml3wtzmh8kulxdua2ngy883gp8jkea0sskj0wk7snlmjuxg7f6ykehcqa4mprc7ahu8vl7f3u85ksk084f0v4fmwhlw43x4vu83n30dh5e2jkhuudtar756acl5ld7tjsvldx25x35amhy75dhp8u2px7r40d7q8h7tleazlwauzvwrczqg39x33xharzf0nqv6xy6lgde7yzujkctaftejpt08lalzsda6wwwexmw5jukl0hj8csnls3y6ewx4ahjpwkm2uml47ur0mac36d7hwvng7hnsz37xhmlmhjmj75az7gzeheswzl339w29wte3008l2z4wgxvswqsw6ka76xdy8jlt4nkg426wwkh4kun3n80e9vc8d4t59t2z9c7ydf7mg6nak348mdyfkmsryluq2zmuu7re07v89jchxvxc7ldm0qff47w42uk4kfjfxaflpn7x8xf8r7pwtz7jlurnvev5js2pgklfavn3wfvk5sdwne2kzejwvfvkyn4ztelyj7nwseck5s27kfe95e2jdftxv6v92fh82sjkweskz6v6wfl8z5nwv95hy623fe5hj6t40xs5j72pte88nqjk092hvstwv4q5ujv3t9s4rwja5s6vwd8jcjfdf7kqejw0fmxm8ad0fgerxrsgwv8hr2dgf3x0tt623we0grpgp2yjln3senyjjz2vetehznt3x0mq3nehpu6js2fkwz80qtf09eyq6rgdfm9mgzx27pyluleqzmnwsaygh9a9ga0nlupszv8ng9rwje0x2dkxfsllluvskgkj5mlvjlwfyfkj9wldexjghtyu0f0w0tcc9d8t4k87fful4xfh4vu0alm0egjnu34j3dfr8y7nktxqkjuje4flyz3j2gfu6v7d3kfnyj5v9w9u45ln2de2hj5vz2e64532e09f9232p24l9y3nk2fueumnqueydjr4xw0psgwheqr9q6r893c02lmgtzf4k7vz0lcklnh800wgu9wunn6c9umyv92tk72mjneq47lzllljzyecfhzhjngz2gst4fzfyqpednl7w4ulh2f00g6vh4l7lzumjs24ka8emkd4dhk7yzfku7k4wtk0h36t6x6t55mr5yvw2fmg6n5y3a8ggymsel5yf7pqnvyg09ragatml2juh79yzwjylhlgyyl8n48w2kmudkg6a79el9g9pvwa5ea74crjpmgn63smzsvf65q7n4gpaaqnet6walqjr6wq22mtvflqzus77f9fp5v32r7z8g0qupp2rlsn366l7zlvrymhfw3d00c7twtsntxrrmv737zemkn8g40fuj0npzt78t37ktmppkr95zgnl78sltulma77cmuzewn8e0742c08d8h76f2k56ej702mmpchrnhnldl3gtelqur4pcehjzr0lnvv9u70utugha2xcul4u00cfsk072wmxr0xaavdteahejuzxk0wl78a0p7ms40kvsejp35pf4l6e8pv9ry4exmawv04velfccdtakecc32ayrmd0q6a6ym4294g7rrv9u3zqvq5pjzxnqaffpp4h24xyaz4ch524zk3252682e2get42gy4rl69k4gpdysenmlmnnc2adw30rdaej9gpxu5wcse6ure3n6arvvtwvasddmcmtqkhq703nacyrfjsvlyn7vxpnf42klyn5eaxck4c0f3my7m97uyqja6075ut78kgm6r4w9dr9g69jzfkhws5mnq982q66jj5jluj6kxsd049sl0hsf79wgnj68nz72e6h7m4kfe0v8cfll5ln8zqfgf8pas82ggm5ew8mu0844sdnpl5ng4dcul2k6v2ftrjp4x92d3vvygwa5swm4kfk7fq9wjnx5ke4mhawsvndf9t2ld8x9leww2h7d62hf7ryt0eda5xxukshn0v37ha90hpl35llht8rxegmf3mtdxv6wm0xm6n0a5rsezjxfg9ycqs2re49scmy6nd
CHIA,offer1qqr83wcuu2rykcmqvps8jvd8wr279dgn6mmdcertjl3uul57ys77xlxum90l5rf48ldnum0jnphltswfaee9ys2turl0cz2mh96n5fy0duy5n2p0zq2au02rd8yer062pssfq29gp9h6wrhh89htpsgmng7z88l50uudjd2phuahqkfjma0dh7g8vc55sevuatnay5ft79gezw4slku7ml22gwr3awm4pgactljlqd4s2xlcmlu07qjzs8at7kdnldfv8lll7ml30pz7ux6f4fwlrr3pm76wur30lsattkxtvmhd7hv827mx7j2epdwzutzsmllln07x7cvcxyx7gdy8lu9hex45pt04f0z7kf56545zw6apfxckv0f80w66kh2jtnync4mqsta4qqrad09y4v7ujm3vguxuakd04tje7uy92dcyn38juzpallsauzvh0l8juxedzj98w6jrhlzljpmvvgef90ez4flvl5fl7wnxllauemz7240uf0k4kf29g7x4h963whuq0hztp7afhluexhelwamjmwjk5m4v25hqdd774h4apxh5khe8t0x2cz66rytzwfnrh0e246p3keqw0lnty58y0t8dtnhke7en77lf42rr2n83vqmsescrqgpzv46wy6m5ug9kd3hgcntap88cs2jw6p044wxg9a7lhhuwphnff6my6aujm3m37wvl6q0kzy3tde6nh7w9j6d0nlchwrkzj25wm6clc4lp2hw4cfvpncngzk2amdtwl5t26x6rze0f8uwt27wplv862j57qyys0547u5d66wd5hn8v4t4caf200w39z7tljtfe00g8vfw59tjvycm5hfkhfwndwjagmd8fxecgyhascpmhu7ye0lypywc8sd7m7lgmnred5kf92uk5kdje7lpuq0uk08ezzk979r7h7czngey5jsd3jkl8uuj3vfy64y27dej5zej7vfy6yhnjfelxnzn7veq44vt72f395e2jdfny5ct7veaxtyn3dxtyjej60ff8dpv3f9dxze24h9y4u6v9f99924tp0fu44vjff98xu6j92fjkj5262f09rgfacs6003yj6nevfj5slnkdg0zml74zgvlrsqc0wyyh3t9vg48l426zsj70sz3fp78zpnpee8yjczjrc87hzsmk8rls0ne4pqujvgp7wzxl7t3g94xs6rstgnyt5qxfle8lqa3xrrjws7v2k364xlln7yqqxv0kf9z7vclv233klnlelvfquhee6z7tzgt0wt8l595ljfkatuegfe7n905ew8auk40pauvmej65h6hll7n9ecnryjajsdfn9xh642pj88gjgga35zez9dfj85mj0wfckxc2ywxakj7rfjfyyk6jgvelx5laxt9mcr22sfpdy53n62ea89mjqcuytsm78zg3w2xkcqy9wmrq9hfnq59q2rl2737zfw69r2u5lhxaef78q5jx59xtlekl9wnccea2p8ll7ruecp5j4nntuttsd5f9f5ppnvru76huhk600hg6xkd77mrulngd42a8m6kv4ekkk960kqukl0tj08n2t67atq4tt5vfwz2ty6m5yf78gg5uspa5vf7zqlv5gw9yasam47j4uha92rxjy840w9uu8rhhg2kluf4ckax9elxc0q52a5md65c8jaec3m33m2svp6yy7t5gfu4qnag2val8jlcwqtzctyflxzus7wg90q5v36zwy8cfq5r3wzh4nac2el2lyqgujal37ewc8km30u9shde04eja4l6xdne25s639wdjk9wt6ceye6cphvxrfus8ra0rl0llmmd338697aktn0e2as7wm0dacn98fa49vu9nktkw09l0lrlzuhn7qqr2lsrd9u9ln8cct3llqhce0znd4el0ex6slpvmuuakc87pm2l6ljtpjaeye07llu06wzalpjmvfzrqrr0zr6a9hl5u6hc49c0vjmd6rl9twmhh7c0exesyxeu0uwptknlxdl0hrncnjct3jzqqggmv949pyjkdz4g45w4j53jh2kx2a2sct42nrw42q25legxl4g9ysz7f0n070prh4kxudklxgerymjpazt9ms0kq0nhd4s9cnkq4mwmtvj6upewp0lrqtx2xnysll3qydwh2nujdnthtz60pa2yunm53m5njfkpa6hnlc73y0vd454vv4m2xqgwuajprvdgh0j07zdnd2tpmmhycd9eal9esl6v06t6hkka9cc29g9tv3smku6fzlx0l39v4cqr27gg9vpajk8mmmju4ecxr7gw9fgvkrhv700766z69pvpqc2hl4hw06nnuem55mjm22nhqnvs4vexk74u30rjujd03nljf5l83vh93xakdh96ktdlahg73n02dml8lwlsnncuw0f9wm0hexlayj6m6lvn77tlh44m0hdphhammezyqqqrpl6j2y6r5cdu
CHIA,offer1qqr83wcuu2rykcmqvps0jlm3kxm789wx0um58vmtvk744ta5d8hntmy0wan9amketnadz3hajr2swfamedys2tvpl0ejwm896m5eq097y5j2r0jq23u0wr99y4rlu233spq29gpxhjwn4h88hrqsvmmg72x8e5hlu9jdwp8aamqxtjtu0dk7w8uc55sf2ud2na950twygaz74s8ku7m0w2cdr4awe43fas205lcd4s2kecrlu0lskzq9atlkdn0wfvxlll7mla0hp57eeat7h566dmv47ummrelkw7phu7lvpgl7mqduuffjeaa3tw3r35dlalehl80uyvrrrtyxjrhlzu7942mawru50qm4x7uyka8yuf958ame8h7lvfwydsmehgkfgjluj7j9urqq5l865a4pz4lma93uwx3z2gvwdtq3e6d0q4dlvmthhzlvjjhmxr3lpu0c6ar2g7av8lc9essc02my930j6mzh6hwlxj7q4m409qjz55lh84z6znwjdk47e08sga2trvd0etqcytvn089g38dwsglkmzgk2e76t7ya97x9l0n575tacse2t30luf8aate99ud2w8m9uneez6flt76u07h4fwmt2p0w02ns2qcr3c7nl4qr3cvsvpjy5jxyulydfe7vrnqcnhup4xsnt7gtf0dq0624ru87hvt3lhpmehymd62wjta7ugl8z0azxnrzckkkufalmpfr8lllsf3pttv4fjr3084cjd2am055nde6tsc5cc2aufa23m05a7dna0aghpyxqhhnl9p20yrzg8zglwtxld8x6rer52amu2498h0tjew9ee4hunkyrku42z4eqzu0685md50fkmg7jdkj5mduqzt7cypdl70pvhlzzjlvrsx0dl0kd4sv56m8j4wt2txevnws7qlltrnvnpmqlx30flupf5vj2fg9c4t047kfgkyjt22x02ue2pve0xyjtzt6eyulnfffl2vs26w9lfycj6v4fx5ej2wej45an2gemyuctejemxzcj9txue2ej924m9n8j35e2kv6nfwxsk5kn9d9j55unedez5j423nf56jj2f3x7cgd8hqnfdfvkyetg0etx5lndn76hykv3spu9hzrts4z5y6nlk4a9g3v85pc5shz3vescumjfgpf8unut3faerpacteu6scdf29qm8pr0n9ckz6jgdpc85ej9kprylyjlu0c3pfe8gwk9ts72hwlel6qqrx8eyz302vlj9qmm8c07l7xq2xu0sw359lulnh800j8h9l8ajyl8xdw602rv3pkw8uncausjkm99y8el7ljn9lcrryjujkde3yv4njgfghzsdz0956u62x2xqeunj40xgcu7jjwfg6j6vk2fr95s2kv955r9j20fvh24np2eqk2hjzw9fx3mjqcy8tu67rzs3wzxx6q5xwmrcrpuqslts60jmashllw9j4le54p72n2g6ywg8ew8cezsxr79whw8gh0elclx2qax4yu6ujzqz4zfwdqgvnql8k9l9ahnla2y3an0nkcl8umrd28t775n9wah43wnes88hn6uhevcj7hhwc4g64rz0sjsewhapz036zy8qql0rzwss8m9ztsfrvhwa844090t2cc53pafme08pcaa625hmzaw9hf320ekrc9zhdkmw48pchwwyxavw6yrqw3p8jazz09gyl6zn80ech7rs2ekzezdeshyrnjrtcyrywsn3flzg9quts5agl7zk8mhlqvk25yc45w4k0rjf56dx2n2c906k37uvru7534t60fmvc7l0laa3q3qampj68ypultcln7l77mwvf730hdjunl2hv8nknm0wyet60vf083vajunnelelslch9ulsgp6nuqmf8p0ue7xzu0lu97ytc4mdw0m7ph58ctxl88djpljw6k7huj6vlwfzt0hllr7hshdcvhmxgqcqc6ch7l8st9u2t54fd0nmtnwm3n0ecvfxtd4lpu4zunmcejdz58hnyxghqxdfxcrlw8gqqppvs35c8z2cvd464psh24xxa25cn52hz7325269232j89ql74v42qtfywd7e7y77xkmf5mcmrwvn2gthfzkxx75q7vu7hqmrw6r8vmfwj82c99c8luveweq6v5r8eyun9su6dj4hayay0f594wn6vw687c03pc8h2j0h86u3ank7s4f38ffgxp0skv9a54xujq5tu3k69tn9x4n3l4dd3570rm0dtkhuujqc9awhe8x88t7tm9xsemtaelxx9qkszvrmpw5spkac2fjavmwlfm6rqj34t8pv68esam2jd8afv8hwk8h75e9en5algj5c8qfntd6mq69jmtpa83qaal5hux54paxe6a7rwjr5r7233694f46y95tdn0tkftucd0u5w9zgxcv3dlh00sajpd4700gg4j7kelprcraan2eg8qzrfm8hx70p2sv
CHIA,offer1qqr83wcuu2rykcmqvpszn4nll22ylhj2ajsgfeqd3d34u6u0h52wfm3lkx9e0m72vghl7dvp54tpl88v9cn3tdqyam8elvy4twn58uhcj6ggf7sz28sa6vu5jcw0n27yqqpgnq567pmw5uyluvrph09peyelyj0ls7f46yl5hvpewf0nak6e6lmqj6p9f34f0chpmdgjru26jq7mnldaate5wn5tzka8kpf73le4kpttpq0l3hlj7gq54rlekddm9u6lelm0lalurnkuv0thsaavwjdaew3yw3cmvh5vwzsz4cc3w800p6046fk98eyvecm0elm072lc2cwxxjgdx8879avtxklqe248hds0re7y77hh7p56amlk9h0h0ll60037nu49a6a2h8yea6ps86af7lxa6lmyh5vy4h2m8ujmcuwc9wltsvl5m7ww4t8tk7lhuu5kt7akjdxj4yw7jrhlzlwt5wer7hp3x709qwrrae08v6tkshf70x0c8f7fum8vtcafla0x768sq0a73ejkl5f3kj76y406tm8v2rx9kxt357phxkaksvxnlh7ra67nj222nwvgxlwj2vhelwtm7auvdhnr900tvmkgea74g99z29cl67yme7p94hmvwrxrqvpqyfjhfcntwn3qkekxarzd05yulzp2fmg97k4ceqhhm77l3cx7d98tvnthjtw8w8eenlgp7cgj9dh82wlecktf470lzlwghhajdha2t02hkm9cvvf3ea3ajx0jhnznfnttkwglrryce2xs6pccz7707592usvequpqa4dma5v6g097ht8v3245uad0tde8rxwlj2eswm2hg2k5yt3ug6nak348mdr20k6gndhqxflcq59heeu8jlucwt93wvcd3a7mk7qjntua24edtvnyjd6n7r8uvwvjw8uzuk9a9lc8xejef9q5z3d7n6e8zujedfq6a8j4v9nyucjevf82yhn7f9axapn3dfq4avnjtfj4y6jkvfs6rv232xcer8nejfqm5une5e55jjt90e0yu4jztxg5u6txvfm8rv2k2e65zcnp4feyycj729a8j7nfj9zkmfp5cu6093yj6navpnyu7nkdk0667j3jxv8qsuc0wx56snzv7kh54zaj7sxzsz5f9l8rpnxf9yy5ejhnw9xhzvlkpr8nwre49q5nvuyw7qkj7tjgp5xs6nktksyv4uzfleljq9hxap6g3wt6236l8lcrqyc0xs2xa9j7v5mvvnplllcepw8tedfkkfck42tpllc8mjuf9lhql26vz6hdcy6utn3uafhh29t47klrlll6vh8zvvjtk2p4xv5jjtwn9j4as0p44y5dw0pmhv5r8fw5ej6tgw9n4g7r60atxjung2f3h82tsv30mu5zjfemh8pvsw948n0kggrrs3wr0cufz9eg6mqqs4mvvqj99kdejdvdm4mykhvejlhlv4pkxw0wcx9qyp4dadkmxx4t2dn8ttullluspxw2dc4uy6lt7g9653yjqqukell8270m4yhh5dxt6ll03wdeg92mwnuamx6kmm0zpymw0t2h9m8mca9ard962d36zx89ya5df6zg7n5yzdcvl6zylqsfkzy8j375w4al4fwtlzjp8fz0ml5zz0ne6nh9td7xmydwlzulj5zsk8w6v7l2upeqa5fagcd3gxya2q0f65q77sfu4a8wlsfpa8q99d4kylspwg00yj5s6xg4plpr58swqs4plcfcad0lpvxgunz59se07e4ak45yauhtyk4993n0e7llch45v9nj4mafrj7e8vcjcqhq8r0ucxra0nl0hlmnd3n86y74hm40pga577m097cn98taa8vu9r5tww0dllar0runjwyqr2lczd8udan8ec030aqleftznw43llexz3lfdmuud5c8l3a286lkt3sae9e07lau8mwzalpjrwfxzs9rhqnlj78e465gn8zedguvwt9y7054f044tlhj075f4zekgh6609xtkwchjct3jzqqggmv949pyjkdz4g45w4j53jh2kx2a2sct42nrw42q25legxl4g9ysz7f0n070prh4kxudklxgerymjpazt9ms0kq0nhd4s9cnkq4mwmtvj6upewp0lrqtx2xnysll3qydwh2nujdnthtz60pa2yunm53m5njfkpa6hnlc73y0vd454vv4m2xqgwuajprvdgh7pnyta744y5t60lqxwsakl2lcr87enmzluarae30lcg9n8ew24fj37ulnrzstgpxpash2gqmm00my07tm27her7eah965f0m0r80cut6uhmxxp5tgfze3h4xmjtcl6lx84744ys6n86nxkhqs6wuz097jlxrlm9aj27t9mnvwfk9c7h0uxf8acfm770hay8ewh3rn46du4ww60a0r4mag83g99weyylef9xmrjnwg5zqpg0hnu6skxcrca
CHIA,offer1qqr83wcuu2rykcmqvpsrj8hetr0zdlrlnup673v8w86wrt6lv67aklnpgmstund0nrjkuxlsq4d86u9jhww9f5qjhqlhlsjkd6wsaj0rtdpp96stgjzh0n6stfewftcjqvyzgzn2ctd6nsma3cdkeuyxym8usflara88vnwsau89e9kvklthdl5pty99yxd8l2uhf4z20322grnv0ah8h07j6zsuwm5acf82rl7hcpdvzph7xlltlqzs5rlxl4hvhm20plallhls20f0gg0f604a3tmugqfhqmh0vv799ywrh3r237t57kne06hhheav83gw04ly0u9u8rrfyznnnlzl5r9tkalah6ukydk0nxpslnxg8yj8k6y0f0ufwh6lzj9la95l9rdhze328zcx9tucxcl5m0wtl78x7sksawgyxymzj0fwty38ln7t2uhxqw47nhnum23eznhdfpml30aqv8q7e9ud5hgahg6lafy8sk667jlfgnvdjh7h0clcm8xk6ph2h30g6cql9k9ehsp8waedrcm076a6f5s0xyw9ldkalh8g7r73x5nl4hxwgh08p7e707ku54y77gx5ynla5d3sldh6e5l0ynmlf0lq9ndxkhta7l5706xykzsuxvxqezzgrxwlsx5alzpfjvf67y6ngfa7yp5hks0a9237plth9ultsau6jdka88fy7lw50n3873re33y2t0w5ul4354n0alc9wt579jaycvunduc9w7w3xaqwkm0k3ul2xthuka5knjlcmh7nnvprwtmcl7s4fjfnyrs5pk4h0j3ntpuk6avaj92hnh49adlyuget7ft8pld2apz6s4w83rzwk7x5adudf6mezdkaqe80qzcklr8q7tlnpavk9emqkrhmwmcr2d0rh2ly4fjujfht0cv033ejfulqfjch5hls7mx29q5jj29k6tt57tj293ynt5kt45kv3nzt93yagj7weyh5m5w093yzh4j0ffx2knz2e4xyk2w04tyvcdk2e4x57v6f9nxzh26g98xz5233efyzjj7vevmrxd4d9q6y52eg9zkuejp2e4xy4222fukz4dy8nrnfukyjt209sxvjn7we5eltt72kgesuzrnpacjj2xve36jlj5txt6ge2q2pyhuuvxvfx5cjnz2w0cu6ufnwcyv7du0x55zjdnspec2mtewfqxs6r2wfv6g3jnse8l8lgqkve50fzpelt282umlswqnqu6pce5ktejna3jyxlllnx93uzfwlnwzrd4plnldsl9cshyaunum3m0m0h7cw0um7juk3670a3x6n9lllxlj3y8erm9z6nxdfd8nrn2we08vknft9ccvj292fzhz4t9df5enw2339c45lj3wxex5jjf54v6nztww9dxykv7we99j4262f3yp3jglyhgv5lrysddjqx295xvttfl36k9kvt9n4u7kak05auw7p78fux9ttdglen8ku6ndwaje3vhjhuhu078ejs8f4f8xhysgqtgjtngzryc8ea30e0dull23y0vmuak8elxcm236lh4yethdavt57vpeau7h97txyh4amk92x4gcnuy5xt4lggnuws3pcq8mccn5yp7egjuzgm9mhfadtet66kx9yg02w7tecw80wj497cht3d6v2n7ds7pg4mdkm4fcw9mn3phtrk3qcr5gfuhgsne2p87s5em7w9lsuzkdskgnwv9equus67pqer5yu20cjpg8zu9828ls437alyzv2t688nvtlzxclsn8tt5h03wgmhlmc0tt4t05n003ph7axkmx2lkgqwcvk3eq08678ulhlhkmnz05tamvhyl64mpua57mm3x27nmzteut8vhyu7070u879e08uzqw5lqx6fctlx03shrllp03z79wmtn7lsdap7zeheemvs0unk4h4lykn8mjgjmallcl4u9mwr97ejqxqxxk9p4295dfpj9dacwmewma3y8uf84qm6303yfwz5ns0kucn9w350nxrsp7t3vxqgqpprds755qj6m524zk3252682e2get4tr9w4gv964vp23ldqm64qkjg2e97aaeu9w7kgm3k6uer5vnwg85fv4wp7cp7wakkphxwczhd6ddjtts09cpluwpyeg7vjplk9q346a20jfjd7lvtgu84c3j00j8wzvfwe8h2wdlrmy4apkkj53jhd2cpqmnkgxde5ze7399ae7nnsqe6xljlrp0ef9wutjucptxd883tlwultel7946ad340f8ucc5z6qfs0v96jqxemp0kw2h3xshm8u4357tn93awryt7g4egwk96l2rlcfm6cj4eup5tz5duv08h0z7hl68e3wss7q6lja8pr4na5ve09jnwsr80ajwdpa0h0e93fcxa5g9tw80kn9h4l03cmd4jtl4nsnkla3fttmn3xw899m4cga9cdqrnsp86gvy0e50
CHIA,offer1qqr83wcuu2rykcmqvpsvn8xvl8zx730gfe0fkklntldpm0aqkha5de5zjz5gmtglavllpvr7ten0tswfaee9ys2turl0cz2mh96n5fy0duy5n2p0zq2au02rd8yer062pssfq29gp9h6wrhh89htpsgmng7z88l50uudjd2phuahqkfjma0dh7g8vc55sevuatnay5ft79gezw4slku7ml22gwr3awm4pgactljlqd4s2xlcmlu07qjzs8at7kdnldfv8lll7ml3w8zj6ag93s0jy4729nyyvlpr2m4wravfjsuk9nvrl7w84lamuhy94vnntl8ldletlptpcc6fp5culchm3dtc07ykw6xqjfhk7fe7ktv0pc8c7xvwnm2dzu856mh6w98klkskd58hqc9d08dm4uzs43fwzhhtxk5ltf54gkfuutgvkugsl9nck7yum777cy47ngu3fmk5salchlsvq7hr730u7kdnzn46dwwkc48fpyuuv950cl937n7gnsszkdfu9mensd7kgk4alga78tkhvk9mcue6xw844d9st65zl6pluzh3fv9yum0truy43w97wwmu672ll2rmwtyudpxfdw8j7w75032k6udg6xr53wmzjc4h70y0s93cdqgpzy56xy6l5vf47vpngcnmaphxcstjgmf04p0k299ullhv2plhfeemymd6j0jta77glxz0uzyntpc6hk7f97mdfn8lhlsy5mrawat2dsayqh9mw9j826mtdn57n6e7aruvam0v4pnacxha7xk694u0lg25eyejpc2qm2mhege4s7tdwkwez4tem6j7kljwyv4ly4nslk4ws3dg2hrc338t0r2wk7x5adu3xmwsvnhspvt03ns09les7ktzuastpmahdup4xh3m40j25ewfym4hux8ccuey70syevt6tlc0dn9zs2ff9zmd94609e9zcjf46t966txge39jcjw5f08vjt6d688jcjpt6e855n9tf39v6nx09ryvunww9h8ngt3tfgkj3n4veq4znjwdfgenvtfjx0854n7ves42ktpkfuh5mtjv9c4r2j6wxh8jutxgkkre3e57tzf948jcrxffl8v6vl44l9tyvcwppes7uff9rxvcaf0e29n9ayv4q9qjt7wxrxyn2vff3988uwdwyehvzx0x78n22pfxecquu9d4uhysrgdp48ykdygefcvnlnl5qtxv6853qul44r4wdlc8qfswdquv6t9uef7cezr0llenzckf47l8u6wqntpxq7t554j4dlkp9ah8uf0ll2fa2fu7ku590rxkhm6almlklj398ert9z6jxwf5mzkd3hxtx2hn4ded9nxtkwef8nytpw98xvmnf3egkv3te5f5hnd24fxykjst33fy426v6dfmx57tfwxycp3jgmy82vu7rqsa0jqx2p5xwtygn8l0tj7rnwgl22ftasnn7wdzmlfkt7pplrn0ja8hzuj7wl2us5h9llllruegr565nntufscz5f9e5ppjvru7chuhk70l4gj8kd7wmrulnvd4ga0m6jv4mk7k960xqu770tjl9nzt67amz4r25vf7z2r96l5yf78ggsuqrauvf6zqlv5fwpydjam57k4u4adtrzjy84809uu8rhhf2jlvt4ckax9flxc0q52akmd65u8zaecsm43mgsvp6yy7t5gfu4qnlg2val8zlcwptxctyfhxzuswwgd0qsv36zw98ufq5r3wzn4rlc2clwl7pz2wctt87pex23x24nujv4cea37seuuwrej9kml2crdx3a8wc7n68ut7cvkseq0hc78alnl8kmmr0stdmvl9l64tpua57lmpy27nmxteut0vhquw070a879f08urqw50zx6gc0lkd3shrml303zl92mtn7h3dapwzeleemvsdumh4n40xkmxmjgjeallcl4u8mwz97ejzxgxxj9zhggk0zty8yerur8qwl6ew0unpu0k7u8yvxet4wtdanm39vld97epqxtpwxggqpprdsk55yj2e524zk36k2jx2a2cet42rpw42vd64gp2nl9qm74q5jqte97dleuyw7kcm3kmueryvnwg85fvhwp7cp7wakkqhzwczhdmddjtts89c9luvpveg6vjrl7yq346a20jfkdwavtfu84gnj0wj8wjwfxc8h270lr6y3a3kkj43jhdgcppmnkgyd34zl7r3yk4rk7rqj8sgvuw88n2542k2sthhhpw4ep82e8a304ftlpn9r038ucckz6qf50v96jqxe8xv7r49ljgnavtmvh2464kmmadhkmzvcme0ln54wvm56xhull066mhz3k25780yrsns50tc6l5jttufcgscudxl04kckhlrnvue723cfalmp2ff67guxawyu7e4udwyvcrrm6nnm6f838mphwtxlt743hxytellzjpyqymakjck8qlrvy
CHIA,offer1qqr83wcuu2rykcmqvpsdznma7z90tx2v7kchmug06eyqj33688yrm9e7aln0479ex3magshl2j4s7nnkj7fs5ksz7ln5lkx24hfjz7tufdyyylvp4rcwux22fw80c4tzqzq5gs2d0qahtwx0wxpsmhksusvlnf8lc0y6uz06mkquhyhe7mdvu0esfdqj4c6587tcuk5f379dfq0deak774c68t6d3t2nmq5lflc6tq4a3s8lcml3wyq26nlumxkajud0alahl7lkp9kgnft4k63wfkyqarmc9y02jvwhul9fxuapw7u7kfad2llx3a0sc74cdlllfhltwvxvnqr89xkrluzjwkh84y038437v8t88e6xnz394p6wefk0um9w7ezcwk3zkm0e56szpykd2muh67nk7734h8j6erx3u0dp40u5u7dk2s6k8j0r4wwe59ku4s2rtx3eznhdfpml307q46ee3wmc0hu0dgkce4sjrxkeg7m0s4mlly5tjtl57znap49tpy3ylsf7f20t76ymed6extct6vmnrzl9ejmr0knx775h47mm7cle073arvfs7256aj2nvtkv75yaemyedqamx7x3rtz5x8h9ev4f9s5ul38esekl8eupx8pnpsxgsjqenhup480cs2vnzwh3x56z003qd9a5rlf250s06ae086u80x5ndhfe6f8hm4ruufl5g7vvfzjmm488avd9vml07p00xcl9xa0kmjk8fe72x93cueg4j2f2adh0eerswnvcdf2uhw6shslkhs0mp7j548sppyra90h9rwknnd9uem92aw822nmm5fghjluj6wtm6pmzt4p2unpxxa96d46t5mt5h2xmf6fkwzp9lvxqwal83xtleqfrkpur0klh6xuc7td9jf2h949nvk0hc0qrl9ne7gs4303gl4lkq56xf9y5rvv4hel8y5tzfx4fzhnwv4qkvhnzfx39uujw0e5c5lnxg9dtzljjvfdx25n2veex2mjf09t923n2v4ucvkt9g9vmrwtfw2y4jkj6g98xr9t3feghzjj7hevkv3tefec55an3jev4v326tfv6u0wyxnmufyk57tzv4y8uan2rckll4gjr8cuqxrm3p9u2etz9fla2ks5yhnuq52g03csvcwwfeykq5s7pl4c5xa3cluru7dgg8ynzq0ns3hlju2pdf5xsuz6yezaqpj07flc8vfscun58nz45w4fhlul3qqpnrajfghnx8mz5vdhul70mzcxjl0ratudh5fmrydxwm0fmuv9gyhlfmzjmnw7vh56vgmvsp2ts9h80llumw2ycly0v5t2veex50s3l8yjy7wf0yy4nctktct9nln2de39y9nfuegkuutk0egkuune9fy7zx23mcarnk0zgeey5vt3lftxvsxxpzuka3sn5djp4kgq3fksepdwv4asm6j2u6hasdnunjegxjxhcy22ntekqs56h3s6mnlupflchfxkhllleqzvu5m3tcf47dsg9m53yjqqukellh270m4qh8kdw26mllnwdeg92mwnuamx6kem0zpym70tzh9m8t6adard92gde6zz89xa5vf7zgunuyzdcva6zylysfkzy8j475w4474dwtlzjq8dz0elurz0nf6nlytd7key90lxu0s523krw6v7h2upesl5pagcdp2xyu2y0fc5ql7sfv4a8wlsfpl8g99f4xxlsqwg00yju36zg9rlfz5rswzs4plcfcld07p2xfsdakmgzmv7ddax2anaw377ddmm6ltr4cya4slhfee7rnfad9j43ampj6ryp7lrclh70u7m0vd7pdhdnuhl24v8nknmlvy3t60ve083dajur3elel5lc49ulsvp63ugmfrpl7ekxzu00797ytu4tdw0679h59ct8l88djphnw7kw4u6mvmwfzt8hllr7hsldcghmxggeqc6g4jm57t064zlfgflmamah4rmahvz7xynvv0wqw4qh0kjtjwcx62ja9nktp0xggqqppvs35c8z2cvd464psh24xxa25cn52hz7325269232j89ql74v42qtfywd7e7y77xkmf5mcmrwvn2gthfzkxx75q7vu7hqmrw6r8vmfwj82c99c8luveweq6v5r8eyun9su6dj4hayay0f594wn6vw687c03pc8h2j0h86u3ank7s4f38ffgxp0skv9a54xukqath4a0xm9xanjlnuhyepm3x4rczkalp9kxmdwfkf67rlqhwrcx990lcjk2uqp40yyzkq7e8z5l5vx3c7vh03nm3d84ulrcmha8ratjclnfapj0tazxeuva00mx9gdau45hlxvy3ccj4t0tl8edwcr2enp5u5lt6548ymjxkcdme0hlykj0efhhm0fwltc7g6leyw8l8egj8v09v03g60wft6llmc5rkdmhgtnzvvxgfqp5xe8v05xefxj
CHIA,offer1qqr83wcuu2rykcmqvpsdz9hn0xcnccwxf6hp2xvehlnc29z5pqnqfjgld847tlaumpawdtfq8k4s7nnkj7fs5ksz7ln5lkx24hfjz7tufdyyylvp4rcwux22fw80c4tzqzq5gs2d0qahtwx0wxpsmhksusvlnf8lc0y6uz06mkquhyhe7mdvu0esfdqj4c6587tcuk5f379dfq0deak774c68t6d3t2nmq5lflc6tq4a3s8lcml3wyq26nlumxkajud0alahl7l6qt3pw44ex6wxdwacae5xm8ly7pzwqcl46k7twrgdxljzdaysm4uwjzr0ll6dl6mnpnycqeef4sllq52kzkg0v3xs4lpenat3cn0pvtd2cwtpu9wg88n42v6cg030pzahsggxr3vfa4a0kje37k0n08dv0pckradltnsexjeh06wl68vnvdlmdfrejw0njhg53fmk5salchlq75lwdeqzjljkh8n8hqm7c5h9unh4nkfaxhja3hym2wpmels23py96qhm3ruhne9muwa5apsk0t40nkphfsgpdxrv4h03fmpkgk7weu0xyvt8kaclttnz8c7jwx7yx62z5d30ejlafl4kulaw9y24nw9g4hw8f02676rltcycv9syq3x2arzd06xyzlxge5vf47snnug9f8dsh6jhryz7l0mm78qmm5uudjd7uf9eaul8y04p8lpzg4kuafm09zedxhel7tmczth4stx46guwx7887v6lnd6lllaa2lmafmum6se8dm5w0mwanxtzpv8qlkr4yfw0szzqx6wl72xav8z6tenk246uwk48hhvj309le95u845tkyn2z4ewzvf6m5mr4hfk8tw5dkn5rvuvzt6cuqanl0xv8ajgn8vrcxldl0sdf3u7mtyj4wtztxavlds7q87t8nu3qtzljnlrlvpf5wj2fgxcff0nlwfgkyjd2jp0k7ezqve0kyj9zteey7lng3flkvs26kpl9yc66v3fx5e6809ucq7txg3lclvzfvaghqsrjgeneu5trj3y955j02f2hy3dlwps8xansvamyglun0pj8xlj5ta4mzuz44c7v2d8kcjfdfukye2g0emx484d0a2e9xt3gzv8hzztg4jk92nl24dffft8gpg5slr3ses5unjfvpffarmt32dmz3mcheu6ss2fkxqh8pr009c5z6ngdpc94fj92zryluhlqwcnq3a8g0xdtga2n0l37zyqny8nyj30xw0kygcmlmlu7k8sln5qmnvz6ulalz2xlr6pa0mf09wl40snf0hx9ymml6a8d4ae4d4mdl8lm72yklyvvst62e3x5cnkwepynd2wfxv4zhnedev42426txax25j9wfh8562wfx99zjtps4fxyen7wxym5nj3tfd8yaneg998ju8xfrysadnrcv2z46gsmgxseevvqfncfchhdhu6n9sawtwdh593xlry4clnc4r4spj7n77krj05fwfz60ll7ggn8pxu272d0jkzpw4yfysq89k0le6hn7af9aarfj7hlmutnw2p2km5l8wek4k7mcsfxmn664ewe778f0gmfwjnvws33ef8dr2wsj85apqnwr87s38cyzds3pu504r400a2tjlc5sf6gn7laqsnu7w5ae2m03kerthch8u4q593mkn8h6hqwg8dz02xrv2p382sr6w4q8h5z090fmhuzg0fcpftdd38uqtjrmey4yx3j9g0cgapursy9g07zw8ttlct2ckwltu2m50nkfl8hqz4haezcyg8zxaxsmnrma46zvxwakm7lpm72xxcvksfz0lc7ra0nl0hmmr0st96vl9l64tpua57lmf926ntxteat0v8zuww70ah79p08ursw58rx7ggdl7d3shnel303zl4gmrn7h3alpxzelefmvcdumh43408klxtsg6eamlcl4u8mwz47ejrxgxxs9yh79dczcaedatdftx4md3raz3d4hkl8234mell5k24e4e2nuuhm39nycrejxqsqgryydxp6jkzrfw42vd64f38g4w9az4g4524zk36k25seg8l4td2sz6fpn8h04883476dz7x6mny6jzdcga33n4s8n884cxcekcemz6mk3jkpdwpalr8tjgxn9qe7f85ev8xng4dlf8fr6d3dt57nrkpaktag2pd65mae6h50v4h592ut6z2p5tv9nfwdpfhxsg74duu0yvujc20t8e884ke2tv4r48zm2nwnvlanxf8wddayhnwlw20l3pv9cqr27gg4vpank9pxmz5t0mg7uj0d8mxku29samjgc0nccw9h0q48twfakzd0um6k7l3632my3h6ll0yh3ufa4s4juyc2vwv35eywl4y90wec6ml7n6lk7fm3dvn0pu5fcxpdl0j97sj4erwjtcldtz2em7x0lymhyjzdmkjw9kwxjg9qp6ptguq9vkdsz
CHIA,offer1qqr83wcuu2rykcmqvpsfj9plldlxka7aqy8um2wm3uhlll05u9tev7w74v69spr0hq4y5fkaujcl4crywuu6ngp9wpllap9dmsapmyk8k7zzf4qh3q9wl84pknjvshe9qcgys9x5sjm48plmrsma3cqdfk0fznl687wwex4qmuwmstyed7h7mlqrkv22gvjw74e7n2y4lz5ys8wclmw0vl4959pclhf6skw59la0sx6cyr0udl787qdpgr7altxe0k57rlmll0lshdh9w2wtexluw2p5q5rj5ngcvyemk6kuervtueaeyulkkds7094h34wqmllln07x7cvcxyx7gdy8lu9luves6ka8e68jny60m4avv5ek7t57mkfz2ep6w0j7rtm2wfqm5xc7sv7d95qsls5x0vhn6643ug3kvgkgm5dfpkr3w9v5fc2mpygjdc74ekd2jj7kvdxj4yw7jrhlzuwgmlljdpdv8r4qf6rtnqgk3x9flme8eh02q2mdyac0azllaep59v6pswgq6r0tat96x8k07ju8fnjgh3tl7e0w7n5e2v3pz647a3u6gmht8wa76nx8asdla7twcvgfzkd4cer86mtyu2lfm7adqm4jvmm68ahvva7gn7m04srvwrqrqv39y338herz00nqv6xyulqdekyj7jx6tegtlj3g0rlamzc0a6w7vexmwsnujl0hj8esnlg3y6c7y44hjd0ke2velal5za5d05thl4a25vkhxrj0uexaxmjlmlwhp6kml2lq6ahala2plzmwvpv0pljr4xfxwsxzsx6xl72xdv8zmtankg46uwk4h4hvn3t90e9uu845t5ym2z4e7qvf6msmn4hph8twydkm5rvuuqtjeuyara0wv8ajcn8vzcxldl0sdf4uwetvj4wtjfxadlfs7z8kt8nupztz7jhlrlvfg52j2fgxefd0nawfgkyjd2jfwk6ejzvewkyj4zteey6ln23f7kvs26kfl9yc26vefx5ev3wfn92kj4ve9yngj2w9sk27tzve99mwvf4xukjen2g4ryyktewf2k6etj2euhze2jgf085627fff8tpt35q7vwd8kcjfdfukyezg0emxh8ad0e2e8xrsgxv8hz2tg3jx82m723detfr8gpgyjlr3sesy7njgvpfelrnt3wdmq3neheu6js2fkxq88pt009cyq6ngdpc9hfjy2xrylullq2cnz3axg0xafgatn0lpuzvpnq8rxje0x20kxgsmlllvukz3hmjvlj6ke7ueatfgn8ma0faytt4u4f0fdw2m7efvr3ftlx34m9ernll7m72y5lydv5t2genxunne4f09n2tft9txjanejx54rvnfwfu6j6dwweayz32eheu55hj7deuknp24d9tyzjtfs9d9rydfke0y2s8xfrvsafnncvzr47gqegxseev0zfaaah7t3v63uxluzjqt7lax64ddkwaag7ewkkew0txp0juanaua08llus3xwzdc4u5m0r9yza2gjfqqwtvlln408a6jtm6xn9a0lhchxu5z4dhf7wandtdah3qjdh844tjanauwj73kja9xcaprrjjw6x5apy0f6zpxux0apz0sgympzregl2827l65h9l3fqn538al6pp8euafmj4klrdjxh03w0e2pgtrhdx004wqusw6y75vxc5rzw4q85a2q00gy727nh0cys7nszjk6mz0cqhy8hjf2gdry2sls36rc8qg2sluyuwkhlskfp2ue7d4l6nv0hel99hkumjm80hnruua9w88aknd8pe65jtc59r7l6ztvxtgq3hlu8p7helhmaa3hc4jax0jma6hskw600dkjavf3n4774kkr3798887lljshn7pc82p3n0yqxllxcetau0chcs075a3eh2c7lsnpvlu5akwx7vm7c64nm0n9c50vkulu067rahpwluepnyrrgzsmhy77tf0h8ufd7kvt6l47uy2s3vm9300z7ldxrpr2akafxtan5j0q4qd9shryyqqs3kct22zf9v6923tgat9fr9w4vv464psh24xxa25q4fljsdl2s2fq9ujlxlu7z80tvdcmd7v3jxfhyr6ykthqlvql8wmtqt38vptkakke94crjuzl7xqkv5dxfpllzqg6aw48eymxhwk957r65fe8hfrhf8ynvrm408l3azg7cmtf2cetk5vqsaemyzxc63wwp08dmvexx42pe7950wkg659jw23w2yfya4j326ua3ltdhl5unzc0dll3pv9cqr27gg4vpanw8e674jvr74ttwapyjs6a4jnvet275ddlucxd370ceaaxm408ggkm5t3whze23kcqcxhvw3809kd0j3g0n9kzfz36rzdtcw867mk8e054l7grwlk67lxk75jd4lctjjedwxujkke978syes65cmpvw05ar8wql84cqvqp48dff2tqtklg
CHIA,offer1qqr83wcuu2rykcmqvpsfrlrj5ek2y708m6juulx937zkgqaktkaln6q7t7ft3w8fclrm0ch5tzkruwxet48z56qfmj0n7cftka8g0e8395ssnag95tptkeeg95uly4ufqyzpypf4u8kafcf7cuxnv7zrjdn7fyl7punmkfhgwurjujlxmd4nhl7q9sz6nrznl4wr56398c49ypak87mm6hmfargx8d6wvxnaplmtvzkkqqllr0l47spg2rlnw6mkta403l7llmlc9afja5med8mutm0k6d4ttmmcx3hvjx9wyujwhkkclgayhqnhpv65lq6lelm072lc2cwxxjgdx8879ls93ktn74reev9k5j23tk6m3ulhcpdj0ldhcmpe2er7ezlew6wwhsphwps8nvqxtdxapwx8w82hm308naucam5fkwazt46t5ut0ezh2v8ak5ad60u6d92gaay8079eymh8ahx8klnee277h75myu46k89dr7c6ejlvranfeycncffuletalszhv5dc26au639c67kflxf0hhnl6djujca7s6dj0lx904u4tkrhdhhcm4zafjfnn7suszjn6lhvu5638xm7wa3h9wdkcmkw30s6hx0c7dpq02yah0qnrs6qszyff5vf4lgcntucrx338h6rwd3qhy3kjl2zlv52tellwc5rlwnnnkfkm4ylyhmau37vylcyfxkr340dujtak6nx0l06qa4eltwel4nxc042hwpcj50nj7ckfe73qk3nhdzlhls6s78jahzht767plv862j57qyys0547u5d66wd5hn8v4t4caf200w39z7tljtfe00g8vfw59tjvycm5hfkhfwndwjagmd8fxecgyhascpmhu7ye0lypywc8sd7m7lgmnred5kf92uk5kdje7lpuq0uk08ezzk979r7h7czngey5jsd3jkl8uuj3vfy64y27dej5zej7vfy6yhnjfelxnzn7veq44vt72f395e2jdfn95ujxk9y4272p29nxvnjpkfueyud9kxumjkv2d9hy425ew9jcnv2fwe3xu4j7dfm8vuvjt9skv42egk0yngfacs6003yj6nevfj5slnkdg0zml74zgvlrsqc0wyyh3t9vg48l426zsj70sz3fp78zpnpee8yjczjrc87hzsmk8rls0ne4pqujvgp7wzxl7t3g94xs6rstgnyt5qxfle8lqa3xrrjws7v2k364xlln7yqqxv0kf9z7vclv233klnlelvfqcc48agnk6t6qmmc4h3v3dlhwmt3hz7fandr6l5wtcle579kwk8lpea0l0afjauf3jfwefx5ejjdes454j2t4z4tf2jvex6y5tk24geryt3ffckv3vdk94xylj2d9492mn3de24tq2jv4f9vm2j24g5jjnsufqv2z46dlr3qgh9rrdqzz8d3czrnrj8vhezmtv27d4znamvke2hklfaursctxetxzn7erlq3xfk52yl707ruecp5j4nntugqdxf2dqgvmql8k4l9aknma6x34n0hkcl8u6rd2hf774n9wd443wnas89hm6uneu6j7hh2c926arztsjjexkapz036z98yq0drz0ss8m9zr3f8v8wa05409lf2se53patm308pcaa6z4hlzdw9hf3w0ekrc9zhdxmw4xpuhwwywuvw65rqw3p8jazz09gyl2zn80euh7rszckzez0eshy8njptc9rywsn3p7zg9quts4avlwzk06hlsk8vtp6dz6je0ag94hsjj9af8hk3jtaka78uf3w0wptlavww3z7t74qjaqcd0nqc0470a7ll0dkxvlgnmkmw979tknmmduhnzv5a0h54ns5w30eeuhll50u0jwdcqqdt7qd5l3h7vlrpw8luzlp9u2djh8lly628u9n0nnkmql6892lt7ewxrhyh9lmlhsldcthux2d3ycwqyvu2ep7yfg260tjdhkgdk0x8m8ysql7h30wt2nheac5lxr2wazm6cln3nqtp0xggqpprvsj55xj2c5w4j53jh2kx2a2sct42nrw42vf692p2jl9qm74g4jqtf97d7euy77ksm3kmumrvvn2g8kfykw97cp7wukkqhzwcrhdmd0jr2s89c8luvpveg6vjrl6ysn4ju20jekdxav0fu94gnj0wj8w60fzc8h2k0l8653a3kkj4pshdfc9pt3kg9d44zu5xnt26tuecdu08ma5qd3u0q2dpgr5tavctqfv6dka75fpg0fevvnrfllz2etsqx4uss2crm9vwhhy4re6mlsphvh08a2a9sax8kk89q3l7alea6mxkk7ks26feam7jd0arsskw8mv3s7nrn8ahh8ggs74pelzn6g6yxdafj4t47vmz0ac8rylte0alhmhfnnajcatecl8cp8l8r00hc4w50rc72e7e550rl7ghyc634qyqp3z4q9c0j2hmt
CHIA,offer1qqr83wcuu2rykcmqvpstn7k4anc7ntpl5ge0lan8rw966vrnf8yk5400nns805aksn7k2jfds02swfamedys2tvpl0ejwm896m5eq097y5j2r0jq23u0wr99y4rlu233spq29gpxhjwn4h88hrqsvmmg72x8e5hlu9jdwp8aamqxtjtu0dk7w8uc55sf2ud2na950twygaz74s8ku7m0w2cdr4awe43fas205lcd4s2kecrlu0lskzq9atlkdn0wfvxlll7mla03pl0jfmfugzanx6zm0pxvnqsxdfgsmjkhaj7cv99vp7wtxcn6f4haedk03l7lu3lshsuvdys2ww0utacvea8nu0uclag7fsaxmn0rk8mllv7aravu2p2v0qvjal0lt9hf2wmnpyutpeh9tzhfgwn6wn4h0wahrwkvca8mq3j7x670hwk6m4q5t9ly5ukdzxxazj98w6jrhlzl6q0xd5dm83vwyftmgmu7a54s9a7m8emllc0arjm69h775fzdn6dse4nqrax5seeum9e58jl30d793w8s7up4mumz2a8fj6qc9mza27fpk7jnn62ym9hcdalxckw569h2dwu3l4a0njj02hd8xfmkrrnwekl0jk6kcaup6pk8pspsxgjjgcnmu338hesxdrzw0sxumzf0frd9u59leg583l7a3v87a80xvndhgf7f0hmerucfl5gjdv0z26mexhmv4xvl7l6p4rggad6mx6d5ac9gp6ljh64e30hlwwsls75hxwf64l084fq7y7n0xa7plv862j57qyys0547u5d66wd5hn8v4t4caf200w39z7tljtfe00g8vfw59tjvycm5hfkhfwndwjagmd8fxecgyhascpmhu7ye0lypywc8sd7m7lgmnred5kf92uk5kdje7lpuq0uk08ezzk979r7h7czngey5jsd3jkl8uuj3vfy64y27dej5zej7vfy6yhnjfelxnzn7veq44vt72f395e2jdfnf9vvef9chuj2kdet8j6jpwf8xafnev2dyjj5wh9v556jwg998v7tww9l9a9tfd9f8rztfteqevkvk29ryt23acs6003yj6nevfj5slnkdg0zml74zgvlrsqc0wyyh3t9vg48l426zsj70sz3fp78zpnpee8yjczjrc87hzsmk8rls0ne4pqujvgp7wzxl7t3g94xs6rstgnyt5qxfle8lqa3xrrjws7v2k364xlln7yqqxv0kf9z7vclv233klnlelvtqg9eg8dmmczn9mpl44e6w70eyl8nhhlhwp7g5kzl7dedptglxcv0m3e8ll7n9ecnryjajsdfn5v5rx0a8xt2nefaz6surr3d59gmmk09dhqjzwwwt4nwrftf2h56t7wptxylmtgpucw7dcf9f4r2d3hxg4pezqcuytsm78zg3w2xkcqy9wmrg9r7w6wdk4juhrkc8hk44x82mf5mwh0m7fsztrcewudl7danedjhlwhkl7l7gq389xu27zwhnrzpwdyfv3q89kdl4mhn7a293an0jk5lhumnw2r2765m8wek4hwmcstxhn6u4evej7h00cef2nr2wsj3eghdrz0s6xylpqnwrxws38myzds3pvh0ar4d09tt67c5spegml0lqc3u6w5leze04hfpt0ehru9z5djm7n836hzwyxay06yrq2338j3rj09q8lkzr90fmh7zqwe7pe2dfshuqnjrmcynywsjpfl6g9quts59gl7zx8m0lsf4w04xntfemgf0up0wjdtxul0awaqks9l5u9jjlh20mmr9emq2v3lgaasedpjql03u0ml870dhkxlqkmke7tl42kremfalkzg4a8kvhnck7ewpculul60u2j70cxqag7yd53sllvmrpw8hlzlz9724kh8a0zm6zu9nlnnkeqmeh0t827ddkdhy39nmll3ltc0kuytanyyvsvdy20064ecqtwc9306edkul9acu0d9ajz9q3ew3f2445e22nmuhk85lvx7dshnyyqqqskgg6vr39vxx6a2sct42nrw42vf69t30g429dz4g4frjs0l2k24q95j8xlvlz00rtd56dud3hxf4y9m53trr02q0xw0tsd3hdpnkd5hfr4vzjurl7xvhvsdx2pnujwfjcwdxe2m7jwj856z6hfax8drlv8csurm4f8mnawg7em0g25cn555rqhctxz762nwtq4xcvrq2f9l3junc2d3jyuc500g4v4uwyumfu6lktskrgl4kkt2hmhuvlnrzstgpxpash2gqm5u7xx09y442ekal3nl3a2exd80axzzvx078t08jje2xf3l8zhqtwhhje9x8utwz7469j5aye4klalkx7gd5v02v0skwswef0hqhj3a09htl0du9wf9730r4w6glp39mhc3s00m0thercc4dl0e8nava6f8jgp7xp5cdsqfavn6lsg70088
CHIA,offer1qqr83wcuu2rykcmqvps8j5hc24f78pvq0hsfg9cf79hntfhxfjv8xk09acgn0jmnvkshvl74tadh6u9jhww9f5qjhqlhlsjkd6wsaj0rtdpp96stgjzh0n6stfewftcjqvyzgzn2ctd6nsma3cdkeuyxym8usflara88vnwsau89e9kvklthdl5pty99yxd8l2uhf4z20322grnv0ah8h07j6zsuwm5acf82rl7hcpdvzph7xlltlqzs5rlxl4hvhm20plallhlst2l67ve38eav3j7vl9kva4n7klk7vj0vrwsl7lnrwnnue24th4zfrt226v0emlprqcc6ep5salch93udfe8076n5zfu5u0hr9sehkawu6nfa2np93hkes5thl0kc5d7uvpqutqm6anyl8387mm0rc7knek50gfuwv4r9a8mkmawwdaxmmxp0kfpj4qttxnf2j80fpml3wnr47netjll6fn3f8dc7d0lds6xy5ujakhmatfdva06khnqdkh3jrwktvg2dvkmh6uwxjnsdfp2wv7hxck4ml3z0dr2zs72wey990tkq92hzpe6l6w22twatn8qv92tfmdxtwh06w7k5a2ylkfl0vk8c70kl8yku778tz9cvcvpsyq3x2a8zdd6wyzmxcm5vf47snnug9f8dqh66hryz7l0mm78qme55adjdw7fdcacl8x0aq8mpzg4kuafml8zedxhelut6sl32v33g7zdktn704w97wv4q80mcdm3mmz49f2a7vadltjge29umkhs0mp6jyh8cppqrd80l9rwkr3d9uem92aw8t2nmmkfghjluj6wr669mzf4p2uhpxyad6d36m5mr4h2xmf6pkwxp9avwqwelhnxr7eyfnkpur0klhcx5c70d4jf2h939nwk0kc0qrl9ne7gs930efl3lkq568f9y5rvy5helhy5tzfx4fqhm0v3qxvhmzfz39uuj00e5g5lmxg9dtqljjvddxg5n2vaa9zjn9wfz6yjtwtprk09tcwp8y0wmfg3zykmngfd842ez34fghver2wd89qujltdgczkzcdffk54r2tdt6q0x9xnmvfyk57tzv4y8uan2n6kh74vjn9c5pxrm3p952etz4fl42k5554n5q52g03ccvc2wfeykq5573a4c4xa3gautu7dgg9ymrqtns3hhju2pdf5xsuz65ez4ppj07tls8vfsg7n58nx45w4fhlclpzqfjrejfghn88mzyvdlal70trcdf3rj3e5kmcl4dkql9qdla0waavp0l6acmcwks3p4jdt8c3t9d8y5lrlm72vhlqvvjtj2e4x26nxtxw4ysd7d9sh55jjw97kj32ev4dxy5nxfesknwj6f4tyvjdewec52jnzwexhvcvp49vhymjfw9ve5k8wgrqsa0ntcv2z9cgcmgzsemvtqsemxjudftzr5k4ku3e65erqt5a7nsh96h0ywdqlzdtm0wjca2aklm78l8ajq9faf8zhcjac43qhxjykgsrjmxl6amelw4zc7ehet20m7deh9p40d2dnhvm2mhdug9nteaw2ukve0thhuv54f348gfgu5tk338cdrz0ssfhpn8ggnajpxcgskth736khj44a0v2gqu5dlhlsvg7d820u3vh6m5s4hum37z32xedlfncat38zrwj8azps9gcneg3e8jsrlmppjh5amlpq8vlqu4x5ct7qfepauzfj8gfq5layzsw9c2z50lprrahlsyg68kwxntxn6xwp8xmh0ay22h5mjn4kapyeug80x8glxu049xg0ezfsf0q2xlmsv86l87l0hkxlrk05fut0h27zemfaak7t43xwwhm6xccw8c5uulmll2x70c8qugzxa7sq6lcmn80hslzljpljjk8xatrmlzv9rljmhecmf30mr2k0a7vhr3ejtnleltc0ku9m7nyxujv9q29wtvplhgwhf50xs4adxvllk67q6aenmll2mj9ajf9kw9w4n887me4rx2z6grlw8gqqppvs35c8z2cvd464psh24xxa25cn52hz7325269232j89ql74v42qtfywd7e7y77xkmf5mcmrwvn2gthfzkxx75q7vu7hqmrw6r8vmfwj82c99c8luveweq6v5r8eyun9su6dj4hayay0f594wn6vw687c03pc8h2j0h86u3ank7s4f38ffgxp0skv9a54xukpcfjswv7nxjlhntz3efsfc9j506jalc2gjlnfh8tg8w7cl3md395sn7jwen3qx5vjs6crhyvd2da87we9gkdl74ksmcwt0jwex43udhavc0kjaen7m3wjed0kg6vkd8rvve7u4zuhmgmeg9v7krk8juhj58y00kdcqluqlfuyv4caj92wn90hlunuj9eyd5arkdyqendj3l4a5qj7gmk44wdegmh6kew092qtwhwk7sql23enysg4dvw8
CHIA,offer1qqr83wcuu2rykcmqvpstn4r00af9vs8c56pxms2rjlkcen6wc6ewntmuch0ag7exekcnxuz63n2swfamedys2tvpl0ejwm896m5eq097y5j2r0jq23u0wr99y4rlu233spq29gpxhjwn4h88hrqsvmmg72x8e5hlu9jdwp8aamqxtjtu0dk7w8uc55sf2ud2na950twygaz74s8ku7m0w2cdr4awe43fas205lcd4s2kecrlu0lskzq9atlkdn0wfvxlll7mla06qaxt23hcznl26mu4e0a9rrv7a6f9damd7hzul2907ez2s9h3ke7ps2r0ll6dl6mnpnycqeef4sllq5cmwn5awrtnm6reltdg5f2pa4d376elu8kyhx438agcfntrjtlmryneurq84s640l7v38uh750n9lhvl57j08vrc9th5x00a7l3dlgn9h23djmjdcvg6ar2g7av8lc9p705st8e58ayhm5d6xlt4mm2jfl5mlh7hajn26090h270ggwkw32xluz042vf5krmn755jlxatdlupa9u2wsttflrjx2e3yy7d3jx4q0d5lmv22dmz4746p7map5w7yl9uxknyn4uy8anlh6aljysgamldww2mjlcdm7uqx8pspsxgjjgcnmu338hesxdrzw0sxumzf0frd9u59leg583l7a3v87a80xvndhgf7f0hmerucfl5gjdv0z26mexhmv4xvl7l7pa4p49hmww2k4s736w4hlhzkc6tv0mwflafazkk09nck9yy0x0f03300qlkr4yfw0szzqx6wl72xav8z6tenk246uwk48hhvj309le95u845tkyn2z4ewzvf6m5mr4hfk8tw5dkn5rvuvzt6cuqanl0xv8ajgn8vrcxldl0sdf3u7mtyj4wtztxavlds7q87t8nu3qtzljnlrlvpf5wj2fgxcff0nlwfgkyjd2jp0k7ezqve0kyj9zteey7lng3flkvs26kpl9yc66v3fx5em6g48yza6sgkfxsmj70ah8rgmetxuhqerlhev9vmnrfwq5n9rc2d3xguar2xvys6nm4fyklxt3hpuyh9u33q7v2d8kcjfdfukye2g0emx484d0a2e9xt3gzv8hzztg4jk92nl24dffft8gpg5slr3ses5unjfvpffarmt32dmz3mcheu6ss2fkxqh8pr009c5z6ngdpc94fj92zryluhlqwcnq3a8g0xdtga2n0l37zyqny8nyj30xw0kygcmlmlu7krqwez74daqtw3yeuguk5s8wgfluc2ude77atk8afk7kxkxqhutcgfcalllndegnru3aj3dfnxynnjgey4u3j2vcqhnks9t8axv3nkwf2k59tfu9q5j03f78rxy62x0fa923n2gee9uhnpg9zhycn20er9u62qccytjmkxzw3kgxkeqz9x6ry9mspvlthhwtluelavwr9vcu77g887tev9q985elyuh0tnd06njq7pu7llhljqyfefhzhsneut3qhwjyjgqrjm8l7atelw5zu7e4ett0l7deh9q4td60nhvm2m8dugyn0eav2uhva0t4h5d54fph8gggu5mk338cfrj0ssfhpnhggnujpxcgs72h636kh644e0u2gqa5fl8lsvf7d820u3dh6mys4lum37z32xcdmfn6ats8xr7s84rp59gcn3g3a8zsrl6p9jh5am7py8uaq54x5cm7qpepaujtj8gfq50ay2swpc2z58lp8ra4lc9s92mj3a287ef0a696ak8454a6n6talj2whthmaslzkzdw35lhalnjqhvxtgvs8mu0r7lelnmda3hc9kak0jla24s7w600asj90fan9u79hktsw88l87nlz5hn7ps8283rdyv8lmxcct3alchc30j4d4eltck7shpvluuakgx7dm6e6hntdndeyfv7llu067rahpzlvepryrrfz3mtah7nlmeq4j4nv3llld9mlmdr728hu8lkwr6cf402m02l609fa0jjq7t3vxqgqpprds755qj6m524zk3252682e2get4tr9w4gv964vp23ldqm64qkjg2e97aaeu9w7kgm3k6uer5vnwg85fv4wp7cp7wakkphxwczhd6ddjtts09cpluwpyeg7vjplk9q346a20jfjd7lvtgu84c3j00j8wzvfwe8h2wdlrmy4apkkj53jhd2cpqmnkgxde5zu2sn8jukkdw0stgngxmd9wj5770gwl8mjh83lk8g0rylxkygt6ung7rl7y9shqqdtepz4s8kfcuw0u2sd8hntj4zen9g0ej6m02vm8qzp6wrmar2t8p5fp7ql7ld0hy0p6dwfjy5mud2w4qs4ujmd7trumqstenzdum4mu4uxlzhaklm0afk2elkj7nnlx0dkkkzaw59lmv23n0llwaahnvu4mdzkw9xhcuhfeaumusyqzqd4zhy53vz9e
CHIA,offer1qqr83wcuu2rykcmqvpsfry028k34ljmh7wtfd5cp5m4gd60lr4l0eajachxee2plla5psm7t8j4s7nnkj7fs5ksz7ln5lkx24hfjz7tufdyyylvp4rcwux22fw80c4tzqzq5gs2d0qahtwx0wxpsmhksusvlnf8lc0y6uz06mkquhyhe7mdvu0esfdqj4c6587tcuk5f379dfq0deak774c68t6d3t2nmq5lflc6tq4a3s8lcml3wyq26nlumxkajud0alahl7l5plrendjd8r3n2l8vh8c49wuk8ymkvw97cdhxmrkm738a4l2hmcrlpr9tgfhltvvxvnqr88x7rluzs75je8nvhattl46arp5mdm0zhwdkat5lswkh7d4kar0mwtzhaufmjrgw4j3sd8ltc2d7tjjjamjeewlhl93vwrgp3dt5kqhjl0tuh6h3972fky3ert5afrn5sllshqh6tn6hnsa79xj9u2m2lxah3l55hxs3w43demwppfmxwfh48vxjaestpra652d37v5l74fnpd6mc07w77keny9v83e2lvjpvpxulme5d67q6554raf0jkmf2apfmzkda7wmemhaaehakvdmyp966mtua0skc3gfmyd3kyzpcvcvpjyysxvalqdfm7yznycn4uf4xsnmugrf0dql624rur7hwte7hpme4ymd6wwjfa7agl8z0az8nrzg5k7afeltrftxlmlstgnaekvhdwe83d4g0dmsnld44hrz5s4t5azfcr3k8yul7nc9mnj704jur7c0549fuqgfqlftaegm45umf0xwe2ht36j577az29uhlyknj77swcjag2hycf3hfwndwjax6a963k6wjdnssf0mpsrh0eufjl7gzgas0qmaha73hx8jmfvj24edfvm9na7rcqlev70jy9vtu28a0as9x3jff9qmr9d70ee9zcjf42g4umn9g9n9ucjf5f08ynn7dx98uejpt2chu5nztfj4y6nxffzhu5jfge385c4xw93xnptev9e2262x4eu5v3n6j9c6txte26d8jljk09c45j24f2h2j7tzwe38jjjxf6nrm3p57lzf948jcn9fpl8v6s79hla2yse78qps7ugf0zk2c320l2459p9ulq9zjruwyrxrnjwf9s9y8s0aw9phvw8lql8n2zpeycsruuydluhzst2dp58qk3xghgqvnlj07pmzvx8yapuc4dr42dll8ugqqvclvj29ue37c4rrdl8ln7cjplnt2lhma2kmzwht0vtflkklsa8gfqzl0e6hqt9lvvfkm0dmakqnel6l7l6n9mcnryjajjdfjhj4t35fd9v3d62fmxmrjjfevk6en20f08t8d2f976v52en9a9yutasf49z62egkg55unjdx99z32fjkgd9qx9p2axl3csytj33kspprkc7pe55ndym80vjhmkd5t8zr3ex7cud30vmlwj08lcge047fyg8mute4d9l7l7r5ecp5zhnntutlqlgj2ngzrxc8ea40e0d57lw35dvmaak8elxsm2460h4vetnddvt5lvped77hy70x5h4a6kp2khgcjuy5kf4hggnuws3feqrmgcnuyp7egsu2fmpmhta9te0625xdyg027utecw80ws4dlcnt3d6vtn7ds7pg4mfkm4fs09mn3rhrrk4qcr5gfuhgsne2p86s5em709lsuqk9skgn7v9epuus27pger5yug0sjpg8zu90t8ms4n74lvzgu4xa4h69zyl57hrl74a4zx3tevz672539vd59lwkd70wqcrm25usnmpj6ryp7lrclh70u7m0vd7pdhdnuhl24v8nknmlvy3t60ve083dajur3elel5lc49ulsvp63ugmfrpl7ekxzu00797ytu4tdw0679h59ct8l88djphnw7kw4u6mvmwfzt8hllr7hsldcghmxggeqc6g477j0lr7ttt0ahf5lurmnw7k5wh70hqm759t8uer9awxutteexr783aq0jutpszqqggmv849qykkaz4g4524zk36k2jx2a2cet42rpw4tq250mgx74g95jzkf0h0w0pth4jxudkhxgarymjpazt9ts0kq0nhd4sdenkq4mwntvj6urewq0lrsfx28nys0a3gydwh2nujvn0hmz68pawyvnmu3msnztkfa6nn0c7e90gd454yv4m2kqgxuajpnwdqktjkf92al4l6zg46vcrnltd6ka6n0elhf97tnk0854e7cy67le9ux0ml7yanhqqdfepp4s8xfccw57adkuk4fa2jl4pn5u09ele809f8kaakq78l8fkkr9tkatawnn0fldequ8vxnfaljwt6ttmchfxlthj7z9nwru3h47u7gpd45ucde45cwfnehxt82eylr32n6hrte3myjklldw94amat0unmtkcm0mczkkux0v5hqyy8afnx5hhl32
CHIA,offer1qqr83wcuu2rykcmqvpsrj78raw26ac3qkkhdfe84cydgkeucnh4d0x320wcgegfqvx9m0wh5dk4s7nnkj7fs5ksz7ln5lkx24hfjz7tufdyyylvp4rcwux22fw80c4tzqzq5gs2d0qahtwx0wxpsmhksusvlnf8lc0y6uz06mkquhyhe7mdvu0esfdqj4c6587tcuk5f379dfq0deak774c68t6d3t2nmq5lflc6tq4a3s8lcml3wyq26nlumxkajud0alahl7luq43fcf57n3gnpgkm77w54k0mmjhcyct05gnt0mpn0hvnnwjka0mntnflplale8l3dpse6dqyuulchasfh052grnvx568760k70mxhnecu3d5akma4885ud2kwfm2ex7n3wg2x3ldm5rqd03he4tz9d0hh7j2s9am88lmjeumd0l5lwgxlhmgjdtrzjmmf0lwe52g5am2gwlutls8eaxmsy7mv4dzflm0ec9awlmykaces0rm9qh8gm5u772zjvn40fqksp7nfawrjx7h4agmpu6hfnew3ns88d6s0wm7sr70c6azpasxmwd6rp5zaxka5jlrmxfufm0xg5jwjj9v8mrzag94a7jueekdd6shnfgvcx7c2x7qx8pupqygjngcnt733yhesxdrzd05xulzpwftv9754ueq4hnl7l3gx7a888vndh2fwt0hmerugflcgjdvhr27meqhtd4wdl6l2rheyleyv97mj0n82u27lr5ln7d430ldewen4vl3gnc48vtyj65swtqhhnl4p2hyrxg8qg8dtwldrxjre046emy24d88tt6mwfcenhujkvrk646z44pzu0zx5ld5df7mg6nakjymdcpj07q9pd7w0puhlxrjevtnxrv00kahsy56l824wt2myeynw5lselrrnyn3lqh930f07pekvk2fg9q5t057kfchykt2gxhfu4tpve8xyktzf639uljf0fhgvut2g90tyuj6v4fx54nzd9l8va26v98854jp3e2h56n60eexzc2wdxccu4t72eg5uu2edegkzkjxw9myjsdwwfymng2jv9h92j26d9w6gdx8xnevfyk5ltqve885andn7kh55v3npcy8xrm34x5ycn844a9ghvh5ps5q4zf0eccvejffp9xv4um3f4cn8asgeums7dfg9ym8prhs95hjujqdp5x5aja5pr90qj070uspdehgwjytj7j5whel7qcpxre5z3hfvhn9xmryc0ll7xgtuthkdmg3mzcdrh803ecg3altkdrl769wkglh0adammlewakdm6hj2alull0egjmu33jp0ftx562eke0xukv7wfex2aj2d9v5jajptf6k2jv729yknq2ffxa8u427g4c42326teexvune59h9nxtf54qen8nqueyvjr4kv0p3g2hfzrdq6r893v8dj020682vhwu26lvd2sln70252wajlm8weka2ydzwsumardu24400llc0n8qxj2kwd03tuz9zfwdqgvnql8k9l9ahnla2y3an0nkcl8umrd28t775n9wah43wnes88hn6uhevcj7hhwc4g64rz0sjsewhapz036zy8qql0rzwss8m9ztsfrvhwa844090t2cc53pafme08pcaa625hmzaw9hf320ekrc9zhdkmw48pchwwyxavw6yrqw3p8jazz09gyl6zn80ech7rs2ekzezdeshyrnjrtcyrywsn3flzg9quts5agl7zk8mh7syqt4j079t0wnr8cph0zmjgtljnn6us88e46mxf7c326r93rflrxcwwcvk3eq08678ulhlhkmnz05tamvhyl64mpua57mm3x27nmzteut8vhyu7070u879e08uzqw5lqx6fctlx03shrllp03z79wmtn7lsdap7zeheemvs0unk4h4lykn8mjgjmallcl4u9mwr97ejqxqxxk9j5m9084elhcvc7deq84uhejyr7k2aef7v9hzxaag0arvklu4rvdjlqukl2q0m36qqqgtyydxpcjkrrdw4gv964f3h24xyaz4ch524zk325253eg8l4t92sz6frn0k038h34k6dx7xcmny6jza6g433h4q8n884cxcmksemx6t536kpfwpllrxtkgxn9qe7f8yev8xnv4dlf8fr6dpdt57nrk3lkrugwpa65nae7hy0vah592vf622pstu9np0d9fhxqznedemvpth6mfn79cxqh80dkdn50h7hkwfxydg5rga7lypk0u7qj98sgckz6qf50v96jqxchfpnu54s9whvtek4gxgtnhnp2s3ul3tdkhlhpct7aas9saj3ujc8x5hrvd9c55ej3wy42hfmxwcuphfm3ralxuf7m0llqeme7f8z48ya8elav74hmw9nmx5wjrj7j0t6zlhuewpd0dwvxevfmg428ud2cudlf3jduqp3srnjaspll856
CHIA,offer1qqr83wcuu2rykcmqvpsfj9xkjnd7qvhewk58l453fl4hxf5uek07d08w4259e5k7khu6hfwrrkkruwxet48z56qfmj0n7cftka8g0e8395ssnag95tptkeeg95uly4ufqyzpypf4u8kafcf7cuxnv7zrjdn7fyl7punmkfhgwurjujlxmd4nhl7q9sz6nrznl4wr56398c49ypak87mm6hmfargx8d6wvxnaplmtvzkkqqllr0l47spg2rlnw6mkta403l7llmls9ld7lzz443ln5598mrkk0t8ppmgha4c9nsn2h4t0f50t3xw0kk0v3cm0elm072lc2cwxxjgdx88797u8t40du5ntklh0y0wrx43gljv30u3a70hgxxuh6f6ka0v46rwhr7r78qutq7z6nlejh9ucdk82jvulehuw7akkns0d2rm9l2dhwa2ha444dhgs8dsnf54frh5salch4jvwvawux0uax5ekhyyhl0cytzuy34nahxk75lum9ya4a7xg32j7z77p8mf955x3wr5ll38gtnr3lhauhcv9acdfa0t94kd25k03y6da7fhht75hlkh2kfnhnxm9dve78aunhcwzcukqtfhhdghalthjmmku46nza2lzxzsuxvxqezzgrxwlsx5alzpfjvf67y6ngfa7yp5hks0a9237plth9ultsau6jdka88fy7lw50n3873re33y2t0w5ul4354n0alc9uhdwcdkwnecnw2krktlpe8gshxcmls4z9mpzqeur5heej92nx5ln5ttcl7s4fjfnyrs5pk4h0j3ntpuk6avaj92hnh49adlyuget7ft8pld2apz6s4w83rzwk7x5adudf6mezdkaqe80qzcklr8q7tlnpavk9emqkrhmwmcr2d0rh2ly4fjujfht0cv033ejfulqfjch5hls7mx29q5jj29k6tt57tj293ynt5kt45kv3nzt93yagj7weyh5m5w093yzh4j0ffx2knz2e4xv5nj2f99zcdwwf09zajf3x49rtt3g955yej729d9z5j7v9p9nv2704g4z5nzw989jenefe9xz5tx2f56j4dv8nrnfukyjt209sxvjn7we5eltt72kgesuzrnpacjj2xve36jlj5txt6ge2q2pyhuuvxvfx5cjnz2w0cu6ufnwcyv7du0x55zjdnspec2mtewfqxs6r2wfv6g3jnse8l8lgqkve50fzpelt282umlswqnqu6pce5ktejna3jyxlllnx95uuxcfck40x0cmxnzlvd64t8wycunwrv4qruhd6sgzg9h3enq56jm0al7lj39herryz7jkvf5hukjw090xu5n3v4a9np2pjfc453jfnxu6nv26f9jhusj2w4vcz42edel9j72egx98z72xf9l9ntjp3flypejgey8tvc7rzs4wjyx6p5xwtqgp5wwmdkrapzvlwdd3l7lllehnxmwhj859795mvv3ulf74tsxjhtyklml37v5p6d2fe47yr5y6yju6qsexp70vt7tm08l65frmxl8d370ekx65whaafx2am0tza8nqw0084e0je39a0wa32342xylp9pja06zylr5ygwqp77xyapq0k2yhqjxewa60t2727k433fzr6nhj7wr3mm54f0k96utwnz5lnv8s29wmdka2wr3wuugd6ca5gxqazz096yy72sfl59xwln30u8q4nv9jymnpwg88yxhsgxgap8zn7ys2pchpf63lu9v0h0lqhm4mg8vz8w2zcf9vtn2zgr3uhj2d4swpmx0mnktr96el23khcjdyxcyhs9r0acxra0nl0hmmr03m86y79hm40pva577m096cn88taarvv8ru2ww0all4r08urswyprwlgqd0udenhmc030eqleftrnw43al3xz3ledmuud5cha34t87lxt3cue9elul4u8mwzalfjrwfxzs9zhyrjw4nc0k7hamwx78ke0fknaft4hftdl8cet7jaetjcjceq3wjsmty4v9uepqqqy9jzxnquftp3kh25xza25cm42nzw32ut6923tg4292gu5rl64j4gpdy3ehm8cnmc6mdxn0rvdejdfpway2ccm6srenn6urvdmgvand96gatq5hqll3n9myrfjsvlynjvkrnfk2kl5n53axsk460f3mglmp7y8q7a2f7ultj8kwm6z4xya99qc97zeshkj5mngp644e7w6amr0ex96ttvtjvc5sjullqlzms0ucx8ek4azqqjs2l8a8lcn7vugp9pyu8kqafprgm2jmnj20crhl83exhkw08n5ukntlc604aw63m8ajeq67a886ws6hgk9txt6udhstret0nx5g0ug3007y7vz770uncxwtel7vhzkru70ly4cfkwtwmllm7ndzrfwwreruc7n60l045vf0000sdyla44yhxds6jh0jekqwqq2635tysxlkc07
CHIA,offer1qqr83wcuu2rykcmqvpsqjwewjsh8053qe3jd9v2mdu6tmh39hj2macdskfmelq6mwwzkmkhrfatpl88v9cn3tdqyam8elvy4twn58uhcj6ggf7sz28sa6vu5jcw0n27yqqpgnq567pmw5uyluvrph09peyelyj0ls7f46yl5hvpewf0nak6e6lmqj6p9f34f0chpmdgjru26jq7mnldaate5wn5tzka8kpf73le4kpttpq0l3hlj7gq54rlekddm9u6lelm0lalcruvhd4ehatum6xja0lhlk0d6nlpdqxhcaktwl36z4h6ssrch95ljlwrqmllln07x7cvcxyx7gdy8lu93ch6mr8xk5judln6zqk0c75z9um7edaa9akanq2vtltvlk7k4ev0395utqgk4rctflh4qu97u9uw2nwfcnmg0gjvyl8j4lyv8e39lmdsw4zefqmq68y2wa4y8079lsql50gjwhw6kdcemve3anwl8l42xlxedvnd8963sc7p8wzn620ely0ur0k6xyjuh32wtlhuen2zc5r5wq8ktckakp9l8slpnumcdkmhf4f8c9c2vsmfg5wajqhx2ahdahfrdvt04ghfctyhsnw8j29ncdl40c7jwdhhdat0qnpskqszyet5vf4lgcstuerx33xh6zw03q4yakzl22uvstmal00cur0wnn3kfhm3yh8hnuu375yluyfzkmn48du5t956l8le0lqjnpu79nkx2teew25k9l2m32g4cn6tg6xp8qzw90yavl256s4900m2m7rly82vjvaqv9qd5dlu5v6cw9khm8v3t4cadt0twe8zk2ljtec0tghgfk59tnuqcn4hph8twrwwkugmdhgxeecqh9ncf6867uc0m93xwc9sd7m7lq6ntcajke92uhyjd6m7npuy0vk08czyk9a90787cj3g4y5jsdjj6l86uj3vfy64yjad4nyyejavf92yhnjf4lx4znaveq44vn72fs45ejjdfjhrqjf5ffxrgj6w9m8rgt6vkhx5ej3ff256cd9n956y7n92f2hven3geskys2wv939vlndffrxu7n3ffp9ngpucu60d3yj6nevfjyslnkdw066lj4jwv8qsvc0wy5k3ryvw4hu4zmjkjxwszsf978rpnqfa8yscznn78xhzumkpr8n0ne49q5nvvqwwzk77tsgp4xs6rstwnyg5vxflel7q43x9r6vs7d6j36hxl7rcycrxqwxd9j7v5lvv3phll7eev4pmfnhyljhe7dz45l847n5kk4geuatvmxmvhtakw65nna8e6w4xy3c0xlll5mwwycay8v5t2veafykv7d99y2k56k955dgjfj6v6j6de09axz324hxc4j4nfg9ny2e2j0ezkyjn30988zjjew988jmnjv2gujsxxpzuka3sny0jp4kgqptkccpg88at4jn7elhewpywl0wmelet7wma4835h0rrdyqukj9zmy2dmp5w04lllsaxwqdq4uu6lz9vqazfzdqgvtql0h4l9aknma6x3930lhcl8ucr9thf7w4nd0d443vna389ht6uneu7j74hze9w6apzrsjkex5apz036z98vq0drz0scxmpzr3f0v82alk489lf2qm53pa0mpd8fcae6j4hlrd29ht3w0ejrg8zhdxlw4xpukw2y7uvx65rqw3p8jazz08gy72xnh0e5k7rsz6k2ez0eqhy8njptg9rywsh337zg9qctshay7wxklchaq53w682ha2xlmrgz9aucyw37l2tkw6l7jnpwll6ctwutwaaeu0gjp3mpj68ypultcln7l77mwvf730hdjunl2hv8nknm0wyet60vf083vajunnelelslch9ulsgp6nuqmf8p0ue7xzu0lu97ytc4mdw0m7ph58ctxl88djpljw6k7huj6vlwfzt0hllr7hshdcvhmxgqcqc6c57kql8zg946kf28c790s22f6k8qclsdq4xlxl3teu9k8yl5l9mxtl3ytp0xggqqprvss5u8j2cyv4643jh25xza25cm42nzw32ut692p2j09qm74v4zqtfy7d7e7y77k5mp5mumrvvn2g0hfqkw87sq7wukkqlrwcr8dmdwj82s99c8luv3weq6vkr0cycn4ju6dj3hdxav0f594vnjdw68w60eqc8h2j0l86u3a3kks4f3hffg8ptskv9a44zuypjh2tmva6hppmww3504a6dulh74a4adwjuud9jt9wmj5xlud80j7dlp8ucckz6qf50v96jqx6hx9vxl03avkfpn5u279hdw6kfhyd5kekahumjjhphwvlnthuwlk4gwfyahv8mc4etkv0kt7hajmslvhxt5ff4cx55fge6dvm3zmttnvzwwh8hwkc50tvxtscklt54h9cd4tkecd02vs7jua9m0n0llvlq8rtm4su9qpvke5yuq8dtr5m
CHIA,offer1qqr83wcuu2rykcmqvpsrjxh9tp4zhk0unn9594hg6h60746wfj5km4hewav77mlee3llk46dm430tswfaee9ys2turl0cz2mh96n5fy0duy5n2p0zq2au02rd8yer062pssfq29gp9h6wrhh89htpsgmng7z88l50uudjd2phuahqkfjma0dh7g8vc55sevuatnay5ft79gezw4slku7ml22gwr3awm4pgactljlqd4s2xlcmlu07qjzs8at7kdnldfv8lll7ml3w8xa92ckrc6dg4tw6d0m2k84298fheg2u5xuwlc7d9cdsamk6vm7je0dau8lhlyl795xr8f5qnnnlzljpe4a08m40hlzlmmgqven2j08x7rhhm2ucdktafskulfucad0hjyjrlsvq7jj42vhvg996ep7amufd5tjxhstj5lruwxrwcxm85ahwrcm2m8l2jjyvguam2g7aurlcx28mealf6vm3tn04uumwr7tcln289d8n3n2s3lj4ad0qua6tkaf9e6tkz8ceejm8mal75f3lc5a8m0y9uav067caaz337pw6agnskac6x4yavr0f0ffcmj3n4nvx03wd6qk5cg4666ucrntnem8qx4w62axha0jahxp8rhqnpskqszyet5vf4lgcstuerx33xh6zw03q4yakzl22uvstmal00cur0wnn3kfhm3yh8hnuu375yluyfzkmn48du5t956l8le0hqhmlsw4yz277zht7vje5n67lthsuhdkcm6vhygtwvhm7at3haku3c9jur7cw539e7qggqmfmlegm4sutf0xwe2ht366577aj29uhlykns7k3wcjdg2h9cf38twnvwkaxcad63k6wsdn3sf0trsrk0aueslkfzvas0qmaha7p4x8nmdvj24evfvm4nakrcqlev70jypvt720u0as9x36ff9qmp9970ae9zcjf42g97mmygpn97cjg5f08ynm7dz987ejpt2c8u5nrtfj9y6n80fgx57jlgeyx7nn9wev8v7u6dp88v3nmkev4v4rw073mr2r33fyyl9j3dfjhk52p59u8scmrh9vyg562fxhre3f57mzf948jcn9fpl8v65744l4ty5ew9qfs7ugfdzk2c420a244999vaq9zjruwxrxznjwf9s99850dw9fhv280zl8n2zpfxcczuuydauhzst2dp58qk4xg4ggvnljlupmzvz85apue4dr42dl78cgszvs7vj29uee7c3rr0l0ln6ckpaezk4snpww0whre58gv9402g2dcms2rwle6efx20c88e74kv957u07ll0egjmu33jp0ftx56t6txvcz5jpdxc6z7ve295kyunw2eg5nzv3tfumnwvftf49y5n3w9qmndt42fd8j6d3deq5ujnw2fcky6vsceyvjr4kv0p3g2hfzrdq6r89suz4mlng8alwl62acr966el47jhll89ptj8ea8lw0z2zw747u8w6y8q0llelvsp202fc4ay5qq2yju6qjexq7tvm7tn08l65trmxl8dp70ehx75w4a4fxwamdt2a8nq7d084etjen9awwa36n4zxylp9rj4w6xylp5vfwqpwuxvapq0kgylpjzewl6822727k4e3fzr63h6lwr3te5af0j967twjz5lnw8c292mdkaz0r4wvugd6ca5gxq4rz092xy72sdly9xw7n40u9qanvpj5mnp0gr8yxhsfxgap9znlys2pchpg63lu9v0k07qs93lddpm7aqaxu2rk5ah9990vhxwdaus9paa3t3mfhdlxhmvcv9ujcyhq8r0ucxra0nl0hlmnd3n86y74hm40pga577m097cn98taa8vu9r5tww0dllar0runjwyqr2lczd8udan8ec030aqleftznw43llexz3lfdmuud5c8l3a286lkt3sae9e07lau8mwzalpjrwfxzs9rhq8dhm8halu7yf9gjygvmg75neuryum85kvfg4qku7s4qfkmv7hmvmv9u4zsvq5qjzxnqafgp94hg4w9az4g4524zk36k2jx2a2cet42gq4rl69h4gpdys3jmlmnnc2adw3lrd4ej9g3xu50cse2uresn7anvvrwvasd0ms6tykhq70snac5rfj3vmyr7vwpnf465lyn5eakck4c0f3ty7my7uysjaj075um78kfm6r9v9dr9v64szphhwsymng9ee8962mmlfkgukhkxvvkay0cre0tcdencglzgl227pewhjc0zmcv3le8vecsr2xfgdvpmjxx54808lp9la20lw0qlr0w05vzly9nya59almmejz4cwewrz0fcltek8uumasla889v2rm9uumnygnuylm77e9nn6gm70l8j9najc6hsfxz8trk6mc9s7uahec43dm9akks35qz2ur52vax845tpemeyav6nl0rza90sfqpvgsnzlq8rgqmx
CHIA,offer1qqr83wcuu2rykcmqvps0rh7kws4zfdmg7h0sw267eumm3elketk3r27l725ehd8exdn8t42vlf40tswfaee9ys2turl0cz2mh96n5fy0duy5n2p0zq2au02rd8yer062pssfq29gp9h6wrhh89htpsgmng7z88l50uudjd2phuahqkfjma0dh7g8vc55sevuatnay5ft79gezw4slku7ml22gwr3awm4pgactljlqd4s2xlcmlu07qjzs8at7kdnldfv8lll7ml3w3z6wyu53nylwrcyj8l0e8q0x6mx0ahqk74a24wx433znxe6nkeafckxm78lmlj87z7r335jpfeel303p2x965fhlsmr4mkjttekmlaaz5anwedaah3nv0ely899f2uk5eldpecxq702qlkktvn5h56a746nwrv5czw8qnt2h96mz7cuww640s82kwlckparf54frh5salch83ynn544f4uymaq6eu3a5nekfl0rqa6jceql2fkdwklqkns7d9nxgjqrld5tly7rv3350gad9uv02csch60l58p6lau3t0uh790et23t4cqsd77d3we7wmre0d987kdjtsn78jekckksk4409e4zc0kpma7633095tvfcdlqnpskqszyet5vf4lgcstuerx33xh6zw03q4yakzl22uvstmal00cur0wnn3kfhm3yh8hnuu375yluyfzkmn48du5t956l8le0pz2097re7l6lfheunlpqa6k08thh90mcewauwae6lkhafny6yhmmpsr9c8aslf22ncqsjp7jhmj3htfekj7vaj4whr49faa6y5te07fd89aaqa396s4wfsnrwjax6a96d46t4rd5aym8pqjlkrq8wlncn9lusy3mq7phm0marwv09kjey4tj6jekt8mu8spljeulyg2chc506lmq2dryjj2pkx2mulnj293yn253tehx2stxte3yngj7wf88u6v20enyzk430efxykn92f4xv3j7h9ukuk42t9394z2e0e2656tzv424uetwg93yu5v2t9s5u522ve8yvkj7dfu5z542t9qkjnn7fecmvkdw8hzrfa7yjt2093x2jr7we4put0l65fpnuwqrpacsj79v43z5l74tg2zte7q29y8cugxv88yujtq2g0ql6u2rwcu07p70x5yrjf3q8ecgmlew9qk56rgwpdzv3wsqe8lylurkycvwf6re326825ml70csqqe37ey5tenra32xxm70l8a3vrnvnue0nh4pxh67l76uy2lsq6l6za86pf0j8kuwv3q6l7wnf6ke3d0jlll6vh8zvvjtk2p4x0gmsgk08ndmf5xy4qkv2fxm4jutpkxuhs3vwdx44jj2gvp9mvjzxwemxw4nf0dyxtpj32agytyjfw7s4qe82grrs3wr0cufz9eg6mqqs4mvvqhfm467krk0ttck80vh6rlh07ext70v8djw6m9jjglncyhe70pe9k5c8lllgvn8px527wdqg7zpw3yexsqx9j0lm6lj7ef4largj6hlmutnwwp65m5l82ekhk76c5fkenjm4awfu70f0gmevjndws3pef0vr2wss8uapqn7p8k338cyzds3pc5lhr4w0e2mjls4sd6g37haq5nuuwuae2ml3k3zthch8uap5p3tkn0h6nq7289z0wxrv2ps82sncw4p8n5z098fmhuj20pcpdtdd38uqtjreey4yz3j8g0cgapvrsv9gt7jw8rtlutmsamch9a9a6zvmj0d3fnl79y7w75wya7fwwxcxwdp3v3m7c0n436kp3mpj68ypultcln7l77mwvf730hdjunl2hv8nknm0wyet60vf083vajunnelelslch9ulsgp6nuqmf8p0ue7xzu0lu97ytc4mdw0m7ph58ctxl88djpljw6k7huj6vlwfzt0hllr7hshdcvhmxgqcqc6ckwlwm8rsnmleyay0l7exwz4ke4e05q8sykkkluydzjaahaxhmu93r988qkz7vssqzzxep9fgdy43gat9fr9w4vv464psh24xxa25cn525z4972pha23tyqkjtumancfaadphrdhekxcex5s0vjfvutasruaedvpwyas8wmk6lyx4qwts0lcczej35ey8l5fp8t9c5l9nv6d6c7nct238y7aywa57j9s0w4vl704frmrdd92rpw6ns2zhrvs2mt29mv9ds9h66f7hhyvqd96gzk6mc0xuymm26el9l78enh37thdxlwxmvryaalky9shszdrepx4s9kfclx7mfzzggx96ftfpvllwehvrq4fmdhl52mtf9n92f2vdzcnplul44lw03qlny2kklsmax466lavkh9cpra0yddr5m672xt2c48emvfkaf6cy5wjfe7fhjvalk45krnvlz05k0u5z4vfd3qenh3u89rfc7j0dhfqzh565xlsr3r0hg
CHIA,offer1qqr83wcuu2rykcmqvpsrr7wk76y0tsvtkka6lm20umau8ur3wmv6t79netlkvhvc7f80hm0u8y96603cm9w5u2ngp8wf70mp9wm5aply7ykjzz04qk3v9wm89qknnujh3yqsgys9xhs7m48p8mrs6dncgwfk0eynlc8j0wexapmswtjtumdkkwllcqkqt2vv2074cwn2y5lz55s8kclm002ld85dqcahfes6058ldds26cqrludl7h6q9pg07dmtwe0k478lmll0lqk4htqmk9sav94d69hllncakwuhqtjpgqn58s88uup7t6dregegn95ktslllun07kccvexqxwwdu8lcyd70pezs508wh4m5968w6ez4n3ehnpzvnvj7hfvxxuwn64eanmtcgwgt9p5xl87yc8ah24a47vyfezvh4l7r3excad74uea0mnfkn94lfawlwnjs8l68ywwa4y0w7pl5zcxh90xu3pamuae86e2hhujr3smv9f3kasl0g4t70kt4lfc2287umsxld50r550lnwymvt4z2hpk97m084r5zhvhfc64wmyrjlh439jey7el4halkt4clwf28kzk4w89x7clmn5rn6r46va8mvkn664w2f2zwga7ut033szvwrqrqv39y338herz00nqv6xyulqdekyj7jx6tegtlj3g0rlamzc0a6w7vexmwsnujl0hj8esnlg3y6c7y44hjd0ke2velalurrafawa2l6e7eavzaxhe5257tshdnkfkthndlrpt0pelwtd0km3wn5xshhnl9p2lyrzg8zg0vtwldrx6ret42emv24d8httjmwdce3hunkvrkc46z43pzu0285md50fkmg7ndkjymdupz07gypd770puhlzrjmvrjx8vl0kahsy56l8z4wt2txevnwslqmltrnynplqly30flupekvj2fg9g4t057kfckyjt22xlgu3tpve0xyjtzt6eyuljfdflgvct6290tycj6v4fx53njded8rvdfheq4yjv9fx8ynv2jd9ukvcn3kx482ujpd9a9nwd3feyc26jwtfcc53jfw9ghz72f0xghnznkg476gdxhynedfykyatgder85lndn7jhykv3jpuyhxrms4z5y6n054a9g4vh5ps5shzpweccumjfgppxuhum3f4cr9acfeumsudfg9qm8prl39shz7jgdpsx5aj45pr9lqj070cspdehgwkyts764whel7qspx8eyz3lgvhn9ymt9c0ll7xq2f5h9cj3aelfju6tenal3l3mfww3nlxvclg04nk8888zk6kfal9ugnelllaxtn3xxf9m9q6nxff3yv4j82ezx5kj0wec9uku2d949sn6jwprx5au70pmh8frewezh0gz3negxucntte24v6rz2d3yq6m05nyyp3cghphuwy3zu5ddsqg2akxsgzzh07ezdtg0nq2lser2g49fpehlsxx47csr96tpcywaar9zzcwjw07lulkgq484yu27jwqpdzfwdqfvnq09kdl9ehnla293an0nksl8umn0282765n8wak44wnes0xhn6u4evej7h8wcaf63rz0sj3e2hdrz0s6xyhqqhwrxwss8myz0sepvh0ar49090t2uc53pagma0hpc4u6w5heza09hfp20ehru9z4dkmw3836hxwyxavw6yrq2338j4rz09gxljzn80f6h7zswekqe2desh5pnjrtcynywsj3fljg9quts5dgl7zk8m8lsw0apda45sltcmmajmkm6sfn6mzk8eletu2s624jyc5dl4mjdutaegsrwcvxneqw86787lllhkmrz05tamvhxlj4mpuak7mm3x2wnm22ect8vhvu7t7l7879e08uqqx4lqx6tctlx03shrl7p03j79xmtn7ljd4p7zeheemds0urk4l4lykr9mjfjlallcl5u9m7r9kcjyxqxx79u4alyk7mtpr4022t8dhnnuev7w86ff7wf0ma2mjennymtcjf0kn4g9fv9cepqqyydkz6jsjftx3252682e2get4tr9w4gv964f3h24q920u5r065zjgp0yhehl8s3m6mrwxm0nyv3jdeq739jac8mq8emk6czufmq2ahd4kfdwquhqhl3s9n9rfjg0lcszxht4f7fxe4m43d8s74zwfa6ga6feymq7atelu0gj8kx662kx2a4rqy8wweq3kx5t6f0hp4ad6lh43ft452jhruxv5hkzl67u9npqg6ceyejk7643mp4lg63lky9shszdrepx4s9kwc0e8ulxn477xh72wvfm6au3j6m7anhs8fel8elnslflf9e34k29j240t53mxau8w66tprumajm2k0xlcppf4uu4zh7cwe8h6u2g3u7jwgedh0sg26c4k380nut0pu278tyhfx0d8glhvn0ld4hk50e87msjxel0wvqsqvah6wvqmn2du2
CHIA,offer1qqr83wcuu2rykcmqvpsyj0pm043xtrx83nyy79gatvnyfzsunhegmf637ruevjvzfcy60pfx97e04crywuu6ngp9wpllap9dmsapmyk8k7zzf4qh3q9wl84pknjvshe9qcgys9x5sjm48plmrsma3cqdfk0fznl687wwex4qmuwmstyed7h7mlqrkv22gvjw74e7n2y4lz5ys8wclmw0vl4959pclhf6skw59la0sx6cyr0udl787qdpgr7altxe0k57rlmll0lsh6nj0cwf659xu55km0rgs4zl3v0ze2y3wd9wkhn36wz5hc3nfauq78jcdlllfhltwvxvnqr89xkrluzaxk8m37whk73rldn2ssn634crfzmkujejw9l2vt4x7ejhj5cqflg8j4hq6rvj300ws82ly4u9nvzjwr267vqa3w63w8p82srgh4d6hhgpre87ywch7dxj4yw7jrhlzl7prltymu7zw7kl4juakxkk060jm273kmxtsck00tdajy7rvlkakh95q0kz8uwwvzr3wyljefz5tlxmjtwmh02d5uvk65v6ef3wx432w63ms50rl263n86zhwptun9cdfgpjmc6drp8ml4mxura0z5tr79nc47kn700jdc7rsescrygfqvem7q6nhug9xf38tcn2dp8hcsxj76pl5428c8awuhnawrhn2fkm5uaynma637wyl6y0xxy3fda6nn7kxjkdlhlq4l4m4nkqlvfk8nalp6w762nlcd38wetnu0xqwnj7lzehlqhu7ly5k8vtmc0usafjfn5ps5pk3hlj3ntpck6lvaj9whr44dadmyu2et7f08padzapx6s4w0srzwkuxuadcde6m3rdkaqm88qzuk0p8gltmnplvkyemqkphm0mur2d0rk2my4tjujfht06v8s3ajeulqgjch54lclmz29z5jj2pk2ttultj293yn25jt4kkvsnxt43y4gj7wfxhu65204nyzk4j0efxzknx2f4x2kn2f4655eveff39ymj2tft8mt23vky4y4t20fukukn70xtxj3jj2fkh57vew9qhycj2f9lxv7j404nxy7dq8nrnfakyjt2093xgjr7we4eltt72kfesuzpnpacjj6yv336klj5tw26ge6q2pyhcuvxvp85ujrq2w0cu6utnwcyv7d70x55zjd3spec2mmewpqx56rgwpd6v3z3se8l8lczkyc50fjreh2282umlc0qnqvcpce5ktejna3jyxlllm89s5d3t4v0rhk4m6289s6ksx3sjw9w9fjcla72thlmm50379p4tlerkkrllln0egjru3aj3dfn957vkt9l9uktfg4sku3nwt94xv6nes455juj22egh5kn30xghn0j3295c2kv4wxvhngj3v9n957np2egm56jqcey0jt5x203jgxkeqr9z6rx9hv77xmja0fg03v6gy9l9aa29yh4857e97lvhu0dm7uav8h5pyzrkkselllsaxwqdq4uu6lr2uzazfzdqgvtql0h4l9aknma6x3930lhcl8ucr9thf7w4nd0d443vna389ht6uneu7j74hze9w6apzrsjkex5apz036z98vq0drz0scxmpzr3f0v82alk489lf2qm53pa0mpd8fcae6j4hlrd29ht3w0ejrg8zhdxlw4xpukw2y7uvx65rqw3p8jazz08gy72xnh0e5k7rsz6k2ez0eqhy8njptg9rywsh337zg9qctshay7wxklchlseam7w693dhue2yh68y0wlkal2kawfmvlfm9xmx6a9wle66w23a4pzp96ps6lxpsltulmal77mvve738hdkutu2hd8hkme0xyef6l0ft8pgazlnne0llglclyumsqq6huqmflr0ue7xzu0lc97ztc5m9w0l7f550ctxl88dkpl5w247hajuv8wfwtlhl0p7msh0cv5mzfsuqgecml09l2gmklrd7st5mlnuu32m2hm4x95uease5a8whg94pf9a4f06whqrvhzcvqsqzzxmpafgp94hg429dz4g45w4j53jh2kx2a2sct42cz4r76ph42pdys4jtammnc2aav3hrd4ej8gexus0gje2urasruamdvrwvas9wm56mykhq7tsrlcuzfj3ueyrlv2prt465lynyma7ck3c0t3ry7lywuycjaj0w5um78kft6rdd9fr9w64szph8vsvmng9l4042elyxy2nxhc6tk658fj6wlaxg70kx54vn47n0mwh5un05ewc470l38vacqr2wggdvpejwx2ke7syea0wh6stz548cfjdnlw0j6xss2nav5lagtxhyh72pf76nhf4v8et9hvhhsfwk7hvkf7vlwe596thz7884lmjmhlcw9wlj90h45kuxdu4zsdzm0zruww0t7kystcgtlmanyfs8nt8fl9hwheqwvj5msn8dx3gqczm6mzquguu0t
CHIA,offer1qqr83wcuu2rykcmqvps0nwe8533al48wuan5atw20kmn7d3yvhvcr0a3ku05txaapml2gwzrm0gw4qunmhj6fq5kcr7ljyakwt4hgjq7muffy5zlyq4tc7ux62fzxlu4rpqzq52sz00yu80ww0wxpqehx3u5v0hflacty6uz0em7pvnyh67mduc0e3ffpj3c6h86tg6ku23jyatqldeah7u4sc8r6ahtz3mq4ldlqmtq5dhshlcl7pvyqt6hlvmx77jcdlllahljl6yckauvrtherch55g4h0c5f5w33crduwdrv7e4569e7nyt69g4x9lmndl8ldletlptpcc6fp5culch5suek8sgt03psakd492wxshh9xt38d5t7hkg496y9shv4njmt766pygutpmqrjlr8wlr0l367zj04v3tlxltd0xnewd9wdnkmgkkuw74nkakht8fazj98w6jrhlzl2p7r7axwejw37mcapfv4zgtet7e0jku4crdmut6pxu0m8w754cmqnmcyl0yfjtwy2qm98fjqwz8lng04mxf74zhlcsl0ecmcueqfn90nqmfj42gmcmyclnc5w3rjmal3p7ftjw5t7auqca6z9mfld2nht00pkatun7n47r5wryrqv39y3388er2w0nqucxyalqdf5y6ljz6tmgr7j4glpl4mzu0acw7dexmwjn5jl0hz8ecnlg35cck944hz007c2gellluzr0965kcufdlvul93vn00xelda7t8fm6ww3lme292t8pdnwxr2d08d75z7u0549fuqvfqafraevm45umg0xwe2ht36k57ua2t9ch0xkmj76sw6j4g2hygt3lgwnd7saxmap6pk6wndhsqf0mqs8hleupjl7gz2aswqmaha7ekxrjmtv624edfvm9ja6rczlev70jy8vru28a0ls9x3jff9qnz9d7lme9zcjf9ggaamn9g9n9ucjfyf00ynn7dy98aejptgcha5nztfj4y6nxwfz4yhjpgevkvxnemfghy53k2x8pnkwwweukyfge38c7y0je5eylyan9w9jhvs2425d9nlj9ve39z92eegnrm3p57azf948jcn9fpl8v6j7dkle25jekxq9s7ugfwzk2cn2072454r957q9zjruw9rxrrjwf9s9yhj04w99hvv8hpl8n2zp39c5rvuyd7uhzst2dp58qknxgkgyvnaj0lplzvy8yapcc40ra2dml87gqqvclvs29ae37g4rtvlrln7c7p6atq2ula4e4jtulhhrdtgnjuhfmr4glyc3ud63vkwl97mxgef53l0lllm72yklyvvst62e3xyljevx98van6dxr9zunzt9smvude24nynzvfwfmxyk24wx48nvv4w9txvs2224y6ycjk2egh55tf4xnxpe5gey8tvc7rzs4wjyx6p5xwtrsf3u3d2ksjapyf8vmk460e7vmns7fhd6h2umpu9lu8sg2h4zg0xh48llljzyecfhzhjngu2dqhgjvngqrze8laa0e0v56l735fdtla79eh8qa2d60n4vmtm0dv2ymveed67hy7085h5dukffkhggsu5hkp48ggr7wssflqnmgcnuzpxcgsu20m36h8u4de0c2cxayglt7s2f7w8wwu4dlcmg39mutn7ws6qc4mfhmafs09rj38hrpk9qcr4gfu82sne6p8jn5am7f98suqk4kkcn7q9epuuj2jpger58uywskpcxz59lf8r34l797u0hntgl9fehx0wtz9k8xeddg8jdurneaff7mft8k62tyhgu0hsawalsfwqwxlesv86l87l0lhxmrx05fat0h27z3mfaak7ta3x2whm6wec28gkuu7mll6x78e8yugqx4lsy60cmmx0nslzl6pljjk9xatrlljv9r7jmhecmfs0lr6504lvhrpmjtjlalmc0ku9m7ryxujv9q28wq4pvpuerayhv4lamns3lw8sgkmlfpyva52nrhlm27hu5jp97ghkxyvru3zqvq5pjzxnqaffpp4h24xyaz4ch524zk3252682e2get42gy4rl69k4gpdysenmlmnnc2adw30rdaej9gpxu5wcse6ure3n6arvvtwvasddmcmtqkhq703nacyrfjsvlyn7vxpnf42klyn5eaxck4c0f3my7m97uyqja6075ut78kgm6r4w9dr9g69jzfkhws5mng9glk8e8gzgwx006vm0c6ream0j0h0rxsrn50gl6x78rh7ka48vpv5t3r7vvtpdqy68kzafqrdt4s03w88qv3khn2l48a42zk4m2lta28ztfmewl0vlwzc67r4n4jmg8h6dau4gmswnqvt33uaxa905hwvv2nlpw0j64k3tn70ffcr9025astmqnts3kapphrpmxmz6j7dw4ckhctdqlvv0jetsv98va4d7fx98007qgqxutfc8c0vsswq
CHIA,offer1qqr83wcuu2rykcmqvpsxj9me7mjm980586zeyx0ae3er5t37zdlkkz5e968p88mqk23da7wvfk4s7nnkj7fs5ksz7ln5lkx24hfjz7tufdyyylvp4rcwux22fw80c4tzqzq5gs2d0qahtwx0wxpsmhksusvlnf8lc0y6uz06mkquhyhe7mdvu0esfdqj4c6587tcuk5f379dfq0deak774c68t6d3t2nmq5lflc6tq4a3s8lcml3wyq26nlumxkajud0alahl7l6q7dxekp4q4a0p8269ldfr7x5ltmq2a6lya2atflmqhxgd8de09k90vdlalehl80uyvrrrtyxjrhlzaz9tkclmpchea029l9gzmwtnnvk2tnn940t9u7ufjr52ea6delmaskzqg8ze445uhazk9zmrqenwjhx8k9g67dkvlrdaag789tquyeh70a359f48uvc6ar2g7av8lc9f5q6weng4u7w66r6ay07x3kngu940epy4lapja33uny7vh2nxf9g667q8m4wc6lalpkak6a02ecu6m0vj0u00mm2eykaul35ct35h7yukd25ylyl4vk90fw82ck8kw3na8t3tguesgtvd73vf4yuwkckz494lxvunfftyxquxvxqezzgrxwlsx5alzpfjvf67y6ngfa7yp5hks0a9237plth9ultsau6jdka88fy7lw50n3873re33y2t0w5ul4354n0alc9hc9my8f7c408txye4fgtxt4m7ncgw2djsmrlfxrw02hekulyvh9v5zgtmeljs40jp3yr3y8k9h0k3ndpu464vak92knm44edhxuvcm7fmxpmv2ap2cs3w84r6dk685md50fkmfzdk7q38lyzqkl08s7tl3pedkperrk0hmwmcz2d0n32h949nvkfhg0sdl43ejfsls0jgh5l7qumxf9y5z524h60tyutzf949r05wg4skvhnzf939avjw0eyk5l5xv9a9zh4jvfdx25n2gee827290e542c2kv4l82ljekxn9uej3jxjhrwjj2fz5vmje0xy6venejfj4umn4d9txzctftffx57jfw4gc5hdyxntjfuk5jtzw45xu3n60ekelftjtxgeq7ztnpac232zdfh627j52kt6qc2gt3qhvuvwdey5qsnwt7dc56upj7uyu7dcwx55zsdns3lcjct30fyxscr2we26q3jlsf8l8ugqkum58tz9c0d2htullqgqnrujpgl5xtejjd4ju8lllrq9emts6u7tawnhx2p0ek292wmnfm7x8w2nh7f04v4wgs0w8rvpxw78ll0lm72yklyvvst62e4xjan9tenyjkjfwey5ze22tx48j5tfff64u6jp2e2kntnpw409r22kv4y426vf59lxz6j9d939z5nx2xvmp35gey8tvc7rzs4wjyx6p5xwtpcv2nmvu6k0f3vlljnl2mevmp69fch4uf54nmt87hh3lmzh6wfxpdt7lrln7eqz575n3tufg5q5f9e5p9jvpukehuhx70l4gk8kd7w6rulnwdagatm2jvamk6k460xpu670tjh9nxt6uamr482yvf7z2892a5vf7rgcjuqzacve6zqlvsf7ry9jal5w54u4adtnzjy84r047u8zhnf6jlyt4ukay9flxu0s524kmd6y782uecsm43mgsvp2xy725vfu4qm7g2vaa82lc2pmxcr9fhxz7sxwgd0qjv36z2987fq5r3wz34rlc2clvlupejaupqy9jy09x7a29l2uvha3z0s9ee0puff2sev49028e0dsnzs39mpj6ryp7lrclh70u7m0vd7pdhdnuhl24v8nknmlvy3t60ve083dajur3elel5lc49ulsvp63ugmfrpl7ekxzu00797ytu4tdw0679h59ct8l88djphnw7kw4u6mvmwfzt8hllr7hsldcghmxggeqc6g4jlftdfn9nat5n5z3q6jtwgeewta2x2uyd47ggn7armatsk4kx4yxmqlygsrq9qvs35c822ggdd64f38g4w9az4g4524zk36k2jx2a2jp9gl73d42qtfyxv7l7uu7zhtt5tcm0wv32qfh9rkyxwhq7vv7hgmrzmn8vrtw7x6c94c8nuvlwpq6v5r8eylnpsv6d24heyax0fk94wr6vwe8ke0hpqyhwnl48zl3ajx7sat3tge2x3vsjd4m59xu6ppaquz8apy7df7mljt45lmmhq67fx3flv22klhmjl3trxnrffu90fjlcfm8wqq6njzrtqwvn3k4f7m3fmml3re7v9x6wxsr55lye0pa7hs7fa4vhmnekfa4d6d0meazvzawpt86cz7cv259f4hnu4w73psqxuncwaxjqkvj4m66j7lyn5hzllm27tx629hg24nzn93wffgy75f67fcas7f0lky5r3f0uhtjl0m53d3gq8du6d2629mnzh
CHIA,offer1qqr83wcuu2rykcmqvpsxj9me7mjm980586zeyx0ae3er5t37zdlkkz5e968p88mqk23da7wvfk4s7nnkj7fs5ksz7ln5lkx24hfjz7tufdyyylvp4rcwux22fw80c4tzqzq5gs2d0qahtwx0wxpsmhksusvlnf8lc0y6uz06mkquhyhe7mdvu0esfdqj4c6587tcuk5f379dfq0deak774c68t6d3t2nmq5lflc6tq4a3s8lcml3wyq26nlumxkajud0alahl7l6q7dxekp4q4a0p8269ldfr7x5ltmq2a6lya2atflmqhxgd8de09k90vdlalehl80uyvrrrtyxjrhlzaz9tkclmpchea029l9gzmwtnnvk2tnn940t9u7ufjr52ea6delmaskzqg8ze445uhazk9zmrqenwjhx8k9g67dkvlrdaag789tquyeh70a359f48uvc6ar2g7av8lc9f5q6weng4u7w66r6ay07x3kngu940epy4lapja33uny7vh2nxf9g667q8m4wc6lalpkak6a02ecu6m0vj0u00mm2eykaul35ct35h7yukd25ylyl4vk90fw82ck8kw3na8t3tguesgtvd73vf4yuwkckz494lxvunfftyxquxvxqezzgrxwlsx5alzpfjvf67y6ngfa7yp5hks0a9237plth9ultsau6jdka88fy7lw50n3873re33y2t0w5ul4354n0alc9hc9my8f7c408txye4fgtxt4m7ncgw2djsmrlfxrw02hekulyvh9v5zgtmeljs40jp3yr3y8k9h0k3ndpu464vak92knm44edhxuvcm7fmxpmv2ap2cs3w84r6dk685md50fkmfzdk7q38lyzqkl08s7tl3pedkperrk0hmwmcz2d0n32h949nvkfhg0sdl43ejfsls0jgh5l7qumxf9y5z524h60tyutzf949r05wg4skvhnzf939avjw0eyk5l5xv9a9zh4jvfdx25n2gee827290e542c2kv4l82ljekxn9uej3jxjhrwjj2fz5vmje0xy6venejfj4umn4d9txzctftffx57jfw4gc5hdyxntjfuk5jtzw45xu3n60ekelftjtxgeq7ztnpac232zdfh627j52kt6qc2gt3qhvuvwdey5qsnwt7dc56upj7uyu7dcwx55zsdns3lcjct30fyxscr2we26q3jlsf8l8ugqkum58tz9c0d2htullqgqnrujpgl5xtejjd4ju8lllrq9emts6u7tawnhx2p0ek292wmnfm7x8w2nh7f04v4wgs0w8rvpxw78ll0lm72yklyvvst62e4xjan9tenyjkjfwey5ze22tx48j5tfff64u6jp2e2kntnpw409r22kv4y426vf59lxz6j9d939z5nx2xvmp35gey8tvc7rzs4wjyx6p5xwtpcv2nmvu6k0f3vlljnl2mevmp69fch4uf54nmt87hh3lmzh6wfxpdt7lrln7eqz575n3tufg5q5f9e5p9jvpukehuhx70l4gk8kd7w6rulnwdagatm2jvamk6k460xpu670tjh9nxt6uamr482yvf7z2892a5vf7rgcjuqzacve6zqlvsf7ry9jal5w54u4adtnzjy84r047u8zhnf6jlyt4ukay9flxu0s524kmd6y782uecsm43mgsvp2xy725vfu4qm7g2vaa82lc2pmxcr9fhxz7sxwgd0qjv36z2987fq5r3wz34rlc2clvlupejaupqy9jy09x7a29l2uvha3z0s9ee0puff2sev49028e0dsnzs39mpj6ryp7lrclh70u7m0vd7pdhdnuhl24v8nknmlvy3t60ve083dajur3elel5lc49ulsvp63ugmfrpl7ekxzu00797ytu4tdw0679h59ct8l88djphnw7kw4u6mvmwfzt8hllr7hsldcghmxggeqc6g4jlftdfn9nat5n5z3q6jtwgeewta2x2uyd47ggn7armatsk4kx4yxmqlygsrq9qvs35c822ggdd64f38g4w9az4g4524zk36k2jx2a2jp9gl73d42qtfyxv7l7uu7zhtt5tcm0wv32qfh9rkyxwhq7vv7hgmrzmn8vrtw7x6c94c8nuvlwpq6v5r8eylnpsv6d24heyax0fk94wr6vwe8ke0hpqyhwnl48zl3ajx7sat3tge2x3vsjd4m59xu6ppaquz8apy7df7mljt45lmmhq67fx3flv22klhmjl3trxnrffu90fjlcfm8wqq6njzrtqwvn3k4f7m3fmml3re7v9x6wxsr55lye0pa7hs7fa4vhmnekfa4d6d0meazvzawpt86cz7cv259f4hnu4w73psqxuncwaxjqkvj4m66j7lyn5hzllm27tx629hg24nzn93wffgy75f67fcas7f0lky5r3f0uhtjl0m53d3gq8du6d2629mnzh
CHIA,offer1qqr83wcuu2rykcmqvps8nvju30c3fy7ge08408d0tafate2nz2708h6ea4a7spuajzkfht066wkruwxet48z56qfmj0n7cftka8g0e8395ssnag95tptkeeg95uly4ufqyzpypf4u8kafcf7cuxnv7zrjdn7fyl7punmkfhgwurjujlxmd4nhl7q9sz6nrznl4wr56398c49ypak87mm6hmfargx8d6wvxnaplmtvzkkqqllr0l47spg2rlnw6mkta403l7llmlcyl5rn4mlmv6jv7j9wmf5xrdwn00rge4c8ch3hk9guwkdhth37xl0ka4l3l7lu3lshsuvdys2ww0ut7g9lhm8jy07ulhyfrtllkdl3mrhjt0dkfs93wd7u0wmerwn7gtk5hxnqvr4dp40eze400xhet6dahmymda574l3vu8cwtxrnhey7na8r4l2qyxw747nf54frh5salchrqlemxxl2pevpdn078x88yc0dmct439caz79yjmvelwgqautma0qm0qr7cg58ldu4946an6ce0saethn8nckmm9wmn3nvfnn20t32877hkuuq780rjr62hytdf4v4l97um8a6ljg3hqknhaysldc5a52awt95e37z403llcursescrygfqvem7q6nhug9xf38tcn2dp8hcsxj76pl5428c8awuhnawrhn2fkm5uaynma637wyl6y0xxy3fda6nn7kxjkdlhlqk43lm0rnke73luhsm7jzhadpd608hdazk2ej4g4wm5elxhrl8y6cml3stm37j548sp3yr4y0h9nwknndpuem92aw826nmn4fvhzau6mwtm2pm224p2u3pw8ap6dh6r5m058gxmf6dk7qp9lvzq7ll8sxtleqftkpcr0klhmxccwtddnf2h949nvkthg0qtl9ne7gsas03gl4l7q56xf9y5zvg4hml0y5tzfy4prhhwv4qkvhnzfy39aujw0e5s5lhxg9drzlkjvfdx25n2ve99j3g2f8cjzywfeeyhze2ktf492hn6d9n9yk2wfg9ynhjxdet8uj270fly5mjjzfglynjwg45k58n3cevju0wyxnm5fyk57tzv4y8uan2tekml92jtxccqkrm3p9c2etzdfle2kj5vkncq52g03c5vcvwfeykq5j7f74c5ka3s7u8u7dggxyhzsdns3hmju2pdf5xsuz6vezeq3j0kflu8ufssun58rz4u04fh0uleqqpnrajpghhx8ez5ddnu070mrgxy08dyt8ak0lmefek2ghuf70fh5ajjmjvh3lklhdltyewpg93l02vmg6gee07qceyhy4n2vxsk57tk0fukykjwwechzmjef9w45en7tfc6z7tjteumujneh4lxvste0ed9ujjd09q4vcd6d9hxymnfn9cwvsxpp6lxhsc5yts33ks9pnkc5qakrngrjzj2p9dp6lmfspmsnlddvtsn0lsdm44g6dve7xmhlyv8ghhel70myq2n6jw9039h3nzpwdyfv3q89kdl4mhn7a293an0jk5lhumnw2r2765m8wek4hwmcstxhn6u4evej7h00cef2nr2wsj3eghdrz0s6xylpqnwrxws38myzds3pvh0ar4d09tt67c5spegml0lqc3u6w5leze04hfpt0ehru9z5djm7n836hzwyxay06yrq2338j3rj09q8lkzr90fmh7zqwe7pe2dfshuqnjrmcynywsjpfl6g9quts59gl7zx8m0lsgsfm7rx668yevtfsuljl463k97nevez380nd00r07r0f4anxcqnwlupt5rp47vrp7helhmlaakcenaz0wmdchc4w600dhj7vfjn477jkwz369l88jll73l37fehqqp40cpkn7xlenuv9cllstuyh3fk2ullunfglskd7wwmvrlgu4ta0m9ccwujuhl077rahpwlsefkynpcq3n3ku9fg4klepv7yatshgr8kgxh82g6gnmw7whufh6mraur4vr88af4wp3v9uepqqyydjz2js6ftz36k2jx2a2cet42rpw42vd64f38g4g92tu5r064zkgpdyhehm8snm66rwxm0nvd3jdfq7eyjechmq8emj6czufmqwahd47gd2quhqll3s9n9rfjg0lgjzwkt3f7txe5m43a8sk4zwfa6gamfaytq7a2elul2j8kx6625xza48q59wxeq4kk5tkclldxn8wsnlpsw4cmtu8nretdzkaz2dm954ccmrhs3gu8wlk0fl0r8lsnkwuqp48yyxkque8r5cw3dc0hh3d2hk6cvnl27ufcnl603ghp0jq3h7c748u0dtw2pl4djunlmaxjl4cthu3sc0evm2hk57rwx48ulqw4k0t4s935k99wj9cxclz8tp207q24vlxalnyt2t977jwkdek54x8h0nxkl87rcuhzk0l5ua3k0vq4904gcuh25hkw
CHIA,offer1qqr83wcuu2rykcmqvpsxrm37hfvtwgeqf87xafwcqhlfl0thdl4pek3384sahzwnf4kvrgvfp7knuwxet48z56qfmj0n7cftka8g0e8395ssnag95tptkeeg95uly4ufqyzpypf4u8kafcf7cuxnv7zrjdn7fyl7punmkfhgwurjujlxmd4nhl7q9sz6nrznl4wr56398c49ypak87mm6hmfargx8d6wvxnaplmtvzkkqqllr0l47spg2rlnw6mkta403l7llmlc9ua7d7243ylh2eks70lh2t4l24xt35vckm7a60h04f4n6huuwjnasxtsmllln07x7cvcxyx7gdy8lu96gt4kfrvv6unc0fevmw59073s20evuja25c4f0k2jxup2awfa8c4m66qq86munf6kdj04zs8j76lxwufx70z0hjks6drsmqf3z8056rl03vlejl0cc336k53amc0lsfz2xd4lktusc9ujfahn4v0cdykvh3vnnkm2mqv7ckssd8m7l7ajuhsr76gel6yr0xu39djddg4mam3h9tjmhw9qf5s8el3ezkp3tld8j6r3jamaeqg95a2kcglwfcx7mt9n2e7lu6w4en3h9wh03c3te8lyyejna64s9h7qx8pupqygjngcnt733yhesxdrzd05xulzpwftv9754ueq4hnl7l3gx7a888vndh2fwt0hmerugflcgjdvhr27meqhtd4wdl6ljru9ssj8uppump027kezyrll7r2juadal3uu0fjytu0s0cghtnge5kchhnl4p2hyrxg8qg8dtwldrxjre046emy24d88tt6mwfcenhujkvrk646z44pzu0zx5ld5df7mg6nakjymdcpj07q9pd7w0puhlxrjevtnxrv00kahsy56l824wt2myeynw5lselrrnyn3lqh930f07pekvk2fg9q5t057kfchykt2gxhfu4tpve8xyktzf639uljf0fhgvut2g90tyuj6v4fx54n2vxq4nv2egx88uu2jg9tyyk23wfd85jtfw9vczct6d9ukj6nxwfumz6te4eskynnjdxg5uudw09mxr2j629w6gdx8xnevfyk5ltqve885andn7kh55v3npcy8xrm34x5ycn844a9ghvh5ps5q4zf0eccvejffp9xv4um3f4cn8asgeums7dfg9ym8prhs95hjujqdp5x5aja5pr90qj070uspdehgwjytj7j5whel7qcpxre5z3hfvhn9xmryc0ll7xgt8tedjl3u0w5wn6kdcvkrtk2a7wvs8qavg07ft7tm466amueklj4wa7hl0afjauf3jfwefx5edfwxuhj4vjwf0yvjd7tfz6uk2kwf08zjn6wf9yj5tz2fuevjjd0939ven459e8z5jjwf2423n3w44xycjcufqv2z46dlr3qgh9rrdqzz8d3urm8dnajmw0pwaua6le3t7prtr3aqw0edzkvjf6xnhkv5hne9tqccxnl0lp6vuq6ptee479rc96yjy6qsckp7l0t7tmd8hm5dztzll0370esx2hwnuatx67mttze8mzwtwh4e8nea9atw9j2a46zy8p9djdf6zylr5y2wcq76xylpsdkzy8zj7cw4mld2wt7j5phfzr6lkz6wn3mn49t07x65twhzulnyxsw9w6d7a2vrevu5faccd4gxqazz096yy7wsfu5d8wlnfdu8q94v4jyljpwg08yzks2xgap0rruys2pshp06fuuddl306pv69xe0ycukmjkw4ynhuh7jed8glmq5dt70cg076zfltrvu6y5khewp9cpcmlxpsltulmal7umvve7384d7atc28d8hkme0kyef6l0fm8pgazmnnm0llgmclyun3qq6h7qnflr0ve7wrutlg8722c5m4v0l7fs506twl8rdxplu0237hajuv8wfwtlhl0p7msh0cvsmjfs5pgac8jhfvgteufvj2fhfyme72r3lpsaf9u03tnc0cxw0yd006nyuhd4d7u2ctejzqqqgmyy98pujkpr9w4vv464psh24xxa25cn52hz732s25negxl4t9gsz6f8n0k038h44xcdxlxcmry6jra6g9n3l5q8nh94s8cmkqemwmt5365pfwpllrytkgxn9sm7pxyavhxnv5dmfhtr6dpdtyuntk3mkn7gxpa65nle7hy0vd4592vd622pc2u9np0ddgh9qn5duva0uuwphfdjxxh660tt86havld9ausl3qlnuwtkqmvuanc03dl38vecsr2xfgdvpmjxxncgvkqep83mt6mvlw2xnwdch2l8l66twywk8uhrjkxgaex5ew074spruahtk5t2dhcs8tlmjaygm2pwh8qh7ajag3c9qjj8l8p37mzlrd4d82uu589n5au40utuwtvw7anl08p2ve3rr9fm9pnjdnse83ra2meh6q5qpzzuh7ukf74zk
CHIA,offer1qqr83wcuu2rykcmqvpswrz26kaa4uuum42ttd79zjgljlmyzckekd9zak0dprtac0k40m6gme3tpl88v9cn3tdqyam8elvy4twn58uhcj6ggf7sz28sa6vu5jcw0n27yqqpgnq567pmw5uyluvrph09peyelyj0ls7f46yl5hvpewf0nak6e6lmqj6p9f34f0chpmdgjru26jq7mnldaate5wn5tzka8kpf73le4kpttpq0l3hlj7gq54rlekddm9u6lelm0lalcrrnk3pwee2ng6ccca068d7l7h0lh3447tlwy347lj0unyejwgnc0qm6hcn87kucvexqxw2dv8lc9r9aq0f6mtnlazc4pm5uwnh3rh5v4j4uupueda4aljchl8t0jsht9krmsvp7n3khku89a0krr6dmwh0n77cnnkcqdc7v7q9yxd9d454sul2hmntdu0c6d92gaay8079ag0gkca8r8hjmhzlvktp20jw5nfyal0t7u00klwhathr40nzek4a0q0xjedp5f36xzmzazyudandy0plsn6vm9jthm80354uylk26w77nzsytplx00fxudt4qatuetz7mtmnqa6v6hk45xa6kamtz8mguu2ht56wwnfym0gkcu8pnpsxqsjyer4uf48tcs2vmrwn3xk6zw03qa9a5zlf25ds0maa08cu80xsnahf3mf8hthruufl5g7vyfzkmm480uvf9uml8lpv3tw7t9w9290hhj7wkt7k27rfnl3w0fwpj6ty3mmdkkt678dmlqnzchhnl4p2hyrxg8qg8dtwldrxjre046emy24d88tt6mwfcenhujkvrk646z44pzu0zx5ld5df7mg6nakjymdcpj07q9pd7w0puhlxrjevtnxrv00kahsy56l824wt2myeynw5lselrrnyn3lqh930f07pekvk2fg9q5t057kfchykt2gxhfu4tpve8xyktzf639uljf0fhgvut2g90tyuj6v4fx54nzvxu45cnft9px272edfg55nn3dfy4u5vk0elxyut3vxr9us2k290yn0je2eue5626we0x2kvf4e885sj70fx6gdx8xnevfyk5ltqve885andn7kh55v3npcy8xrm34x5ycn844a9ghvh5ps5q4zf0eccvejffp9xv4um3f4cn8asgeums7dfg9ym8prhs95hjujqdp5x5aja5pr90qj070uspdehgwjytj7j5whel7qcpxre5z3hfvhn9xmryc0ll7xgtxtkew89a5v3huc7k6h3mmqvt2erzm8eufyny67rx37tlp3plkwvaxnlull0egjmu33jp0ftxy6tpg949nvjf5fvm5jje4fu5v6d60989rzn30999ze23sxvh2ljev9gk2kjeffyezsvktxsk552etx0xpakgey8tvc7rzs4wjyx6p5xwtqsdecnm5q3yd57wftalr2n0a9tjdmkmn6ekjsulh0gjw2lh5jywh6ezlllcwn8qxs27wdd36kp73y3xsyx9s0hm6lj7mfa7argjchlmu0n7vpj4m5l82ekhk66ckf7cnjm4awfu70f02m3vjhdws3pcftvn2ws38capznkq8k338cvrds3pc5hkr4wlm2njl54qd6gs7haskn5uwuaf2ml3k4zm4ch8uep5r3tkn0h2nq7t89z0wxrd2ps8gsnew3p8n5z09rfmhu6t0pcpdt9v38ustjreeq45z3j8gtcclpyzsv9ct7j08rt0utmqtacwd3y53x7nchr6lw8qdxdycuuxn0haw2uv3lhcvk33h0ekn5hlcprkr95wgre7h3l8alaakucnazlwm9e874wc08d8k7ufjh57cj70zem9e88nlnlpl3wtelqsr48cpkjwzlenuv9cllctugh3tk6ulhur0g0skd7wwmyrlya4da0e95e7ujykl0l78a0pwmse0kvspsp343fadxffgyakwkfptg6wnm0k5rvh4qu382eh7dv7avl7590h0spjyqyeg07ple3jqqqgmyy98pujkpr9w4vv464psh24xxa25cn52hz732s25negxl4t9gsz6f8n0k038h44xcdxlxcmry6jra6g9n3l5q8nh94s8cmkqemwmt5365pfwpllrytkgxn9sm7pxyavhxnv5dmfhtr6dpdtyuntk3mkn7gxpa65nle7hy0vd4592vd622pc2u9np0ddgh8q7psx2546ddtcpvwd75wmxwt6747nxs4r9lkdwnjnpp0wp70gmudvtl7y9shqqdtepz4s8kfcu88s0lfjrvzl6eg7ea86sfelzy4l5l0cp2ekt9xf7gz3hnghkp69alas58cm07xfksantte9mxjwwdslvm7ll9lhn9e07g4le8nk78etk3nezlnwaf0mlw8jf08ycxetne8wk9lva5rh2dj08c3nvftfehla0y06avqvh7vaqvm4yfm2