HOA,offer1qqr83wcuu2rykcmqvpsgn2qfm30l8evsafncnc7aqmak4w3jkvl2uyljh0n75xy4w0ukmc9vq24s7nnkj7fs5ksz7ln5lkx24hfjz7tufdyyylvp4rcwux22fw80c4tzqzq5gs2d0qahtwx0wxpsmhksusvlnf8lc0y6uz06mkquhyhe7mdvu0esfdqj4c6587tcuk5f379dfq0deak774c68t6d3t2nmq5lflc6tq4a3s8lcml3wyq26nlumxkajud0alahl7lupypmc0ulnqgmdlt36l0y8cea9fduyvk55c0hs0yhkt92ttzxw89s2fh03l7lu3lshsuvdys2ww0ut7st3urla9yazac8w67fmh9qm9h8ygacl2z546xwkev60897w0wm80wspu8zcull4he3svnn92at70j3t5en2m7ksnuu9jwlzllfn4ne2tmc8pha56n68y2wa4y8079lur6403n7a4hsc8tmdc5zaw9nvruelvrhyl7sh9t0ym79k63p58mll2epmprjk320s308gzpah4awh3g55lk2dn96aut2mwt6pj837zu5f3fer4fakfz6xeyjlexv2jtlwn70a7emnsu3y443lrc4n95e0u2064zvrmywwzvpvwrgzqg39x33xharzd0nqv6xy7lgdekyzujx6tagtaj3f08lamzs0a6wwwexmw5nujl0hj8esnlq3y6cwx4ahjf0km2velalgzcl8e9zm3ya4v5hp0lydz8unzmdywjk0kuhmjafgvthu847k4w0jew2stm37j548sp3yr4y0h9nwknndpuem92aw826nmn4fvhzau6mwtm2pm224p2u3pw8ap6dh6r5m058gxmf6dk7qp9lvzq7ll8sxtleqftkpcr0klhmxccwtddnf2h949nvkthg0qtl9ne7gsas03gl4l7q56xf9y5zvg4hml0y5tzfy4prhhwv4qkvhnzfy39aujw0e5s5lhxg9drzlkjvfdx25n2vce8n52wtf5k2k2ezgvcnk0kffc4v6g9f8zh54j7tej55ctktghqnkdkf8axjc260f09uej69gylr4tkty8qn0wyxnm5fyk57tzv4y8uan2tekml92jtxccqkrm3p9c2etzdfle2kj5vkncq52g03c5vcvwfeykq5j7f74c5ka3s7u8u7dggxyhzsdns3hmju2pdf5xsuz6vezeq3j0kflu8ufssun58rz4u04fh0uleqqpnrajpghhx8ez5ddnu070mrcyepw7wxv0mt4wa2un3kx0c806kr8h0w00rw80n93prvftaftaz6x30llahu5ff7g6egk53n6de08rft3te98umn32f5kn0j2tx5cj6txw4h9uenjd9ymukdfkezkn9tp2egkuc2e0xyh5kt7t9r8n2n2f9qwvjxep6n88scy8tuspjsdpnjckzn7e09eu85sj2uwfklt54r3nvjwxu7c0adh7n6l2s7mglh84tduhrm9lllgvn8px527wdt3n5qazfzdqgvtql0h4l9aknma6x3930lhcl8ucr9thf7w4nd0d443vna389ht6uneu7j74hze9w6apzrsjkex5apz036z98vq0drz0scxmpzr3f0v82alk489lf2qm53pa0mpd8fcae6j4hlrd29ht3w0ejrg8zhdxlw4xpukw2y7uvx65rqw3p8jazz08gy72xnh0e5k7rsz6k2ez0eqhy8njptg9rywsh337zg9qctshay7wxklchnpw8h0m5jj9deayknc348fkeht0mu0w75lw8w5pe7pgctp44wk48afnqjuqudlnqc0470a7llwdkxvlgn6klw4u9rknmmduhmzv5a0h5ans5w3deeahll5du0jwfcsqdtlqf5l3hev6mflzl7pknzvhrz8g5mr89z70ecn84vv9t9zttmh43wa6f0lwdc6jcy2m5tngs3jp3532dn7lm36jusqhkt7ddjgc6drthfhwmwmzhjmd40vrsuccn0yhhgc7eekz7vssqqzzeprfswy4scmt42rpw42vd64f38g4w9az4g4524z4yw2pla2e25qkjgumanufauddknfh3kxuex5shwj9vvdagpueeawpkxa5xwekjayw4s2ts0lceju7pp7e8w989jlyg6z9k08hqlxael0telwyn83a0u664h73ru4plhr6eg24s45v4n2kqgx7a6qnwdq5dtddtw8eh207ecq089s4pw24nd2jw4fl9m6k3qknn707ffa47fwhh7yan8zqdge9p4s8wgcm8t37jmu6rrlrgkl38a8vck88xzaewvrva7l7k2ql9kk84v4t3ljdzh4en0m0sd8u0t7wjalduku5as4782f7nxd8t7a868vc79h6pqj4c50gza0xxen3x0gpn2d2udd76el06tln6efj607kcmh58vr2tj23mmrahqzq8ndjskxpsqnld
HOA,offer1qqr83wcuu2rykcmqvpsfnl69h34ftm99asuem0rfr80k7znaw0hf3729vkk7zc24a02tx4ce6adh6u9jhww9f5qjhqlhlsjkd6wsaj0rtdpp96stgjzh0n6stfewftcjqvyzgzn2ctd6nsma3cdkeuyxym8usflara88vnwsau89e9kvklthdl5pty99yxd8l2uhf4z20322grnv0ah8h07j6zsuwm5acf82rl7hcpdvzph7xlltlqzs5rlxl4hvhm20plallhls2vjzk7u2wzzdah463x6l7jz6jfmjnaylm4t0mf979rr69h03curddahl3l7lu3lshsuvdys2ww0ut7s0gahnycta8lehkskeed36rex83mquzlk3l845utew9gzrw8ejdll4qvr4d8lxpm5jehlh9wf30nvmlgsamtwpgr6u3nrdd2s3jzl5gf0mt6dy6jxyvw44y0w7rluznyakcdzhul4xvvgu0f0trstw7fx2z4m0659dat6c00agddkcuxl9xj7q8cf0nffmfu37ncdtyaruawf4z6u07w3439wlu4a0c3pp8h44uu7s7xeajgmnsalzm0vc5cut94lmsvafgeet0ht3n5vt0mk68wwkmxs980d6l4yqvwrgzqg39x33xharzd0nqv6xy7lgdekyzujx6tagtaj3f08lamzs0a6wwwexmw5nujl0hj8esnlq3y6cwx4ahjf0km2velal5r5h3jnz6d03ke5hmf7tslzek7e8e3vk6klkuvw8dverg84t9gk95at2c8aslf22ncqsjp7jhmj3htfekj7vaj4whr49faa6y5te07fd89aaqa396s4wfsnrwjax6a96d46t4rd5aym8pqjlkrq8wlncn9lusy3mq7phm0marwv09kjey4tj6jekt8mu8spljeulyg2chc506lmq2dryjj2pkx2mulnj293yn253tehx2stxte3yngj7wf88u6v20enyzk430efxykn92f4xvuje5fvhrxn3v4jhnz5ff9ftvutxd93yax23vef8ujdp29etjudkf9q4jkj9g4tx5kv4f9d225tfge892kdx8hzrfa7yjt2093x2jr7we4put0l65fpnuwqrpacsj79v43z5l74tg2zte7q29y8cugxv88yujtq2g0ql6u2rwcu07p70x5yrjf3q8ecgmlew9qk56rgwpdzv3wsqe8lylurkycvwf6re326825ml70csqqe37ey5tenra32xxm70l8a3yzsmje6928t9n4mg77ct9wnz058ate4dd02x283dmg7lmtlx9hrfhphllum72ysly0v5t2ve3yn0j4de5657j4weymz5tkv455vaj329umrgn7fecky6d3ke25v7v62xeyn0jxdxe9y62fw956yk2etx3x2sxxfrujapjnuvjp4kgqegkse3djy5g40f94n6kf5yms9tnmaqm9j9a3jkhe3lhkcw8ughcuj57tuya43lhlclx2qax4yu6lztkp2yju6qjexq7tvm7tn08l65trmxl8dp70ehx75w4a4fxwamdt2a8nq7d084etjen9awwa36n4zxylp9rj4w6xylp5vfwqpwuxvapq0kgylpjzewl6822727k4e3fzr63h6lwr3te5af0j967twjz5lnw8c292mdkaz0r4wvugd6ca5gxq4rz092xy72sdly9xw7n40u9qanvpj5mnp0gr8yxhsfxgap9znlys2pchpg63lu9v0k07qcpcu5huhe0hjdh66wh8xvl2cze6t9hn84ghrj736xvek8jajpell3rnkr95xgra783l0uleak7cmuzmwm8e0742c08d8h7cfzh57ej70zmm9c8rnlnlfl32tuzwh7xalqx60cmukd05hs0lqmt3w233r5gdenj30huupj6kxjhj3y4em66hwuyhlhxudfvx9ac934gveqc6q5ka8w4wxx3vd3220xnk7g5d26xu2wkdjvvvhwdk9wjqsrt3f4vtelk7ashnyyqqqskgg6vr39vxx6a2sct42nrw42vf69t30g429dz4g4frjs0l2k24q95j8xlvlz00rtd56dud3hxf4y9m53trr02q0xw0tsd3hdpnkd5hfr4vzjurl7xvh8sg0kfm3fevhezxs3dneac8ehw0m670m3yeu0tlxk4dl5gl9g0ac7k2z4v9dr9v64szphhwsymng9ul09dmv0edvvrk49mq0tmgl6ul6uc6wz2amr6yvs9g7ht9vmdwlqnumlvgtp0qy68jzdtqtvdn6uh7fk984eecd88d0hkdnyehk6mr3uk8avwnle2ul5872985f2ksud56w3vv8nnjcjz0h60lwjv47n2qm9njc8952m0acaxwx8hfp7e4e4tk8ypwl4w0ww77u0n7yjm8kc9a2jzl4s9m40lea23gatgld0tpxl6anqp5cw5dfs67k9va
HOA,offer1qqr83wcuu2rykcmqvps9n5e9w9rxctsthda59crw3ezklnhaav6q3uje2ggm4w69c038n4u8a4tpl88v9cn3tdqyam8elvy4twn58uhcj6ggf7sz28sa6vu5jcw0n27yqqpgnq567pmw5uyluvrph09peyelyj0ls7f46yl5hvpewf0nak6e6lmqj6p9f34f0chpmdgjru26jq7mnldaate5wn5tzka8kpf73le4kpttpq0l3hlj7gq54rlekddm9u6lelm0lalcr3095pkmyn7czcnc4fsk4dktn03t9j4ck5upw74cgl48um72hvstu5d0alehl80uyvrrrtyxjrhlzuv0a7a3u0fwkh3teh6ltqvxjtee3kvnc56wgmcu7807sk3n5hk5kncq8zcx5md89y74yaw6vllwnfayhrvf2pcan3htk44hn8hkgarmzpgw9cwa8vdwn4ywwjrl7z7zrgn8glhs8enkj5s38asuve6m0mdn68fdtfr0k466wv5jk0fmh6xplm9r9hg7tuvldk0vm26ecfd09j87cg9lrdrvqwgesrg04sprw92umxmw6ssvcw7wpkp5k8jy252x4gd65lrm764tsa3w8p020uh2mtm6ctdurenuqvwrczqg39x33xharzf0nqv6xy6lgde7yzujkctaftejpt08lalzsda6wwwexmw5jukl0hj8csnls3y6ewx4ahjpwkm2uml4l5zj7vmhhjgvgxsk4hh84jn5tmnvdfwz7m0heah880jyuk6vxtlr5dk3d08l2z4wgxvswqsw6ka76xdy8jlt4nkg426wwkh4kun3n80e9vc8d4t59t2z9c7ydf7mg6nak348mdyfkmsryluq2zmuu7re07v89jchxvxc7ldm0qff47w42uk4kfjfxaflpn7x8xf8r7pwtz7jlurnvev5js2pgklfavn3wfvk5sdwne2kzejwvfvkyn4ztelyj7nwseck5s27kfe95e2jdftx562e39nyzjt4d988u6jkdep85ud224j4v3nj2e49zjv32f0854jehxskjhnkgxy45hje54c6uln7wfaxnxnd5s6vwd8jcjfdf7kqejw0fmxm8ad0fgerxrsgwv8hr2dgf3x0tt623we0grpgp2yjln3senyjjz2vetehznt3x0mq3nehpu6js2fkwz80qtf09eyq6rgdfm9mgzx27pyluleqzmnwsaygh9a9ga0nlupszv8ng9rwje0x2dkxfsllluvskr9xd3f8wwxqwehdmgsfkaezy8jyqe2shnac9mxv7eh5ux4n6s6rknc0ll6dh8zvwjrk294xvujj24255k2pweaxv543f9yky5te24tynrjeg92mukt7n9u62j2w24s4vj53f9qhz3nptfy5junxk2g5js0zgrrq3wtwccfj8eq6myqq4mvvqk8w0hxr27wwpktfupmd8el67wnlwjhtl06q60q7rullzs08ny98wnx9llleqzvu5m3tcfspwyg9m53yjqqukellh270m4qh8kdw26mllnwdeg92mwnuamx6kem0zpym70tzh9m8t6adard92gde6zz89xa5vf7zgunuyzdcva6zylysfkzy8j475w4474dwtlzjq8dz0elurz0nf6nlytd7key90lxu0s523krw6v7h2upesl5pagcdp2xyu2y0fc5ql7sfv4a8wlsfpl8g99f4xxlsqwg00yju36zg9rlfz5rswzs4plcfcld07pf0weh05wl3dhhgcqaa5ezlxnr90tkt33y4gjtjff7d0plhma4elu8ldqzaqcd0nqc0470a7ll0dkxvlgnmkmw979tknmmduhnzv5a0h54ns5w30eeuhll50u0jwdcqqdt7qd5l3hev6lf0ql7pkhzu4rz8gsmn89zl0ecr94vd909zftnh44wacf0lwdc6jcvtmstr2sejp35pf4l6a2sau622a6fp40awryykl8qn96e9euht39hn8rk0h3s0f2aqahy92kz7vssqqzxeppfc0y4sget4tr9w4gv964f3h24xyaz4ch525z4y72pha2e2yqkjfumanufaadfkrfhekxcex5slwjpvu0aqpuaedvp7xasxwmk6ayw4q2ts0lcez77pq7e8w98dnlyg2z9708hqlxa3l00e0wym83a0v664h73ruhphkr7eg24c45v4rgkgfx6a6znwdqsenwm07lh7k05t7ucmaup8r0ctlut26l9jn4auy30l6fpslt3w2k2ehlylnrzstgpxpash2gqmj7nfullwjn78az3ue0de4947e5lzj32jqtd0kmwrlukl3sl5lxql4qem0j3tl9j5d4ah60z4d3jla6hq928p03u2z7a849eapmgrslppmvjzr9t4ql3htrukm9rvl945k44p62ztzkyllutc0836u5klsw8ya07l05qsqwj0ng2sd3mrqc
HOA,offer1qqr83wcuu2rykcmqvpsrny05hqnrw08tjysv02cnttlz56tk5hd4wp8xkh07d496tyhppe8je04g8y7aukjg99kqlhu38dnjad6ys8klz2f9qheq9278hpkjjg3hl9gcgqs9z5qnme8pmmnnm3sgxde509rra60lwzexhqn7wlstye97hkm0xr7v22gv5wx4e7j6x4hz5v382c8mw0dlh9vxpc7hd6c5wc90m0cx6c9rdu9l78lstpqz74lmxehh5kr0llldluhlq006f8q73km38xve6p6vavmlamu3ntzx3cegxwln390ms35wddwckzr0ll6dl6mnpnycqeef4sllq5edl877tg6803na0drc2tmm8ld5nfs78t650j26sdhele0kew7gaggaurqd5a8l0e3krplhsfsvdfpycwd5lyn48u0ra37xhuucte7wk2996z3j6drz88w6j8h0qlup7g728xhuna4w5hdn9gppskvc827ex2j9eg8w3tngzq7wv6rsjg339mpr55hmzdt2kt7v70jv6ns3ywa78h5d3nn938el0tfkt2ldnjh66xm2t9vu37ndjtae7tkdaahmuxtwmjklmm8r47l3f2ww08nnwlxml3qmf00h6rywryrqv39y3388er2w0nqucxyalqdf5y6ljz6tmgr7j4glpl4mzu0acw7dexmwjn5jl0hz8ecnlg35cck944hz007c2gellluzavnpc4flducjtesgrhum9ad3t46ufcdjmf4ruuv7m3xe62d8e0eq694ulag24eqejpczpm2mhmge5s7tawkwez4tfe667kmjwxvaly4nqak4ws4dgghrc348mdr20k6x5ld53xmwqvnlspgt0nnc09lesuktzuesmrmahdup9xhe64tj6kexfym48ux0ccueyu0c9evt6tlswdn9jj2pg9zma84jw9e9j6jp46092ctxfe39jcjw5f08ujt6d6r8z6jpt6e8ykn92f49vcn22fcmzkve4es6ylnetegeu5t624u6vnn6ffyey5dxt9vkrxneg9j5ujnf3ff8uude0e55uk2j0e2424tffkjrf3e57tzf9486crxfea8vmvl44a9ryvcwppes7udf4pxyead0f29m9aqv9q9gjt7wxrxvj2gffn90xu2dwyelvzx0xu8n22pfxecgaupd9uhysrgdp48vhdqgetcynlnlyqtwd6r53zuh54r470lsxqfs7dq5d6t9uefkcexrlll3jzu5sh63d60vzdatmuauewl2hg5h3h7du82e6zn0xl3xl0dug44astvahllldl9z20jxk294yv7n3wfe923jenev5yknwffm8u5260f5h55vxff4yvjtpv9umn22evfmxzud9geu6u6jp2xly2hjpter8nwvf5rry3kgw5eeuxpp6lyqv5rgvukt33z323hmvsymv0dgjcenfvd8k326a3052u94dh5975ms88hl5n3e6pzrg7qz575n3tufau3gstnfztygpedn0awaulh23v0vmu448alxumjs6hk4xemkd4dmk7yze4u7h9wtxvh4mm7x225c6n5y5w29mgcnux338cgymsen5yf7eqnvygt9mlgatte267hk9yqw2xlmlcxy0xn487gktad6g2m7dclpg4rvkl5euw4cn3phfr73qcz5vfu5gunegplasset6walssrk0sw2n2v9lqyus77pyer5ys207jpg8zu9p28ls337mlczzu0pn50c3dhlumx3knc63nusw5ljpw35jxw78zyqcn5s7v0pcxwd8sfwqwxlesv86l87l0lhxmrx05fat0h27z3mfaak7ta3x2whm6wec28gkuu7mll6x78e8yugqx4lsy60cmukdd5l30lqmf3xt33r52d3nj308uufn6kxz4j394am6chwayhlhxudfvz9d69e5ggeqc6g577ytfxe2vmyxfllezw5ya45l0qfk27zf0l9g0ntmk50qfm3t857hy83jhm0qr86mcq9s3kgf22rf9v282e2get4tr9w4gv964f3h24xyaz4q4f0jsdl252eq95jlxlv7z00tgdcmd7d3kxf4yrmyjt8zlvql8wttqt38vpmkakhep4grjurl7xqkh5ghkfn3fmv0ez233tnflc0ehv0mm7tm3xeudtm8k3dlkgl9cdasak2z4w9ap9q69kze5hxs5mnc8wlxdsd9mq52uf3ts0nde892e65mutx989cm7a7592ag3mpw7s7rrhlcskzuqp40yy2kq7ehrkup5edy49nf3yh9hvruw7jdd08knwl3jmavm5txeysg04ulthftqc86ujla7dtpk9lc07w9df0z7u6vq3efsz78anut944xl80ynt7etvv3u97lzyh5j4qzf9n7hlwmdz5khh6fzm009yajze2az7nxs6qlwa5uuhsq7wljqss98pj9a
HOA,offer1qqr83wcuu2rykcmqvps9rl4xmhqa2uza2qeutyrrnkvtda8unz7ml488pqluey8a6juleh9w8z4s7nnkj7fs5ksz7ln5lkx24hfjz7tufdyyylvp4rcwux22fw80c4tzqzq5gs2d0qahtwx0wxpsmhksusvlnf8lc0y6uz06mkquhyhe7mdvu0esfdqj4c6587tcuk5f379dfq0deak774c68t6d3t2nmq5lflc6tq4a3s8lcml3wyq26nlumxkajud0alahl7l6q27yah880ulndym6u89mm09jd0hynryda2v8vu7e7u0kswzda0q8wyr3hlhlxluals3svvdvs6gwlutjej9ahav2varlttxdur2lqnmrm094u93mhxl4xd0falfendvz083kecpsw4kq4yn3af2hpv8rpm5dp4jmlhkq60w0wkx0slm4ee52t5re2sc7w5l3hrt5dfrm4sllqk32r67wht9l9d557tkt5k9n0l8lraepkl8pau6ntl77t4xj7anmwt95qlaj3l99g0vmyt72dw8r4e8dnyuymnnacxrqjhsda3ny0v3nu42c67vz8ue5ntgw8u00nfnlecyuauqe3xwh7870hfc2fxx4mnm45jxslwj6tznhcycu8syq3z2drzd06xyjlxqe5vf47smnug9e9dsh6jhnyzk70lm79qmm5uuajdkaf9ed7l0y03p8lpzf4judtm0yzadk4ehltucvhszy739xhjadskxe8nmt8dc7h90lf83rnwu9vuka0rv4lw2e5822z6707592usvequpqa4dma5v6g097ht8v3245uad0tde8rxwlj2eswm2hg2k5yt3ug6nak348mdr20k6gndhqxflcq59heeu8jlucwt93wvcd3a7mk7qjntua24edtvnyjd6n7r8uvwvjw8uzuk9a9lc8xejef9q5z3d7n6e8zujedfq6a8j4v9nyucjevf82yhn7f9axapn3dfq4avnjtfj4y6jkdfnyjuj42f5456n3vxgh2s2x0909ukd7gflx57tjt9dx2sv40fv4zs2ef9j55jt6txtxzknz29jhzsn4w9q4mfp5cu6093yj6navpnyu7nkdk0667j3jxv8qsuc0wx56snzv7kh54zaj7sxzsz5f9l8rpnxf9yy5ejhnw9xhzvlkpr8nwre49q5nvuyw7qkj7tjgp5xs6nktksyv4uzfleljq9hxap6g3wt6236l8lcrqyc0xs2xa9j7v5mvvnplllcep00yu6e59eu04e8fjt4mzdgmhc4lhl37yjnwn292x36u57a8q30mldzmllln0egjru3aj3dfn8yenffxz4r2nj2en8j42x244y5c233xhxjjt33e0xn2d33fn8rwt609u5vjjenf8yz5v6wfc5u6dwwxs45mjqcey0jt5x203jgxkeqr9z6rx9nc9nt4l39fk8xh7y5l6335mka40003m6aaw9k78u28ddlkjtxek7u5p7ll0lyqgnjnw90p80ce3qhxjykgsrjmxl6amelw4zc7ehet20m7deh9p40d2dnhvm2mhdug9nteaw2ukve0thhuv54f348gfgu5tk338cdrz0ssfhpn8ggnajpxcgskth736khj44a0v2gqu5dlhlsvg7d820u3vh6m5s4hum37z32xedlfncat38zrwj8azps9gcneg3e8jsrlmppjh5amlpq8vlqu4x5ct7qfepauzfj8gfq5layzsw9c2z50lprrahlcy0gef0p22n8lu3kmdym67k8une0g423sy2m8f4el72m8ds7fra0dcuwtpj6qydllpc0470a7l0vd79vhfnuklw4u9nknmmd5htzvva0h4d4su03feelhlu59ulswp6svvmeqphlehe26rtlzlw9ktzvlrz8gv6r09jc0f6nt5u29n8z0tt443wa7glew9c6keywm5fny3psp3h3z43cxj44dtaavna6kvn045dr4zrxnl088e0lp0ly7vlne4mfgn5xhdkctejzqqqgtyydxpcjkrrdw4gv964f3h24xyaz4ch524zk325253eg8l4t92sz6frn0k038h34k6dx7xcmny6jza6g433h4q8n884cxcmksemx6t536kpfwpllrxtncy8myac5uktu3rggkeu7urumh8aa08acjv784lnt2kl6y0j587u0t9p2kzk3jkd2cpqmmhgzde5zn8xk78a39e9kx7e9ev50k0hk20pd2kanwc66twyxk6megfnwt3vjz7ulnrzctgpx3ash2gqm8vm0k8ywhqmvffp40tsdnnwtmmty2lkm9399pghm9a4q74luh982xll33s48a5fh7jkhgryv22k0na9nhzfklku57vnvwtt7xr4k2h9n5hz69ec4zew90mzwmsav2mvfchg40aamrzlunmmckhrlj7n6cttun4j7q7qcqxx9ea3se44f3w
HOA,offer1qqr83wcuu2rykcmqvpsdjlyqc46tlk5y4dtdjqvnna58ra3wu200jwdeunaxe93v5cljar00aevh6u9jhww9f5qjhqlhlsjkd6wsaj0rtdpp96stgjzh0n6stfewftcjqvyzgzn2ctd6nsma3cdkeuyxym8usflara88vnwsau89e9kvklthdl5pty99yxd8l2uhf4z20322grnv0ah8h07j6zsuwm5acf82rl7hcpdvzph7xlltlqzs5rlxl4hvhm20plallhls24df3at3seqymnujnn4m78z5vvu7cl8vkfs995farlk9zmvp4wlwajacdlllfhltwvxvnqr89xkrluz6lmkamjvhdkrktknw533e9ve6djaxghk4ka57tl580k7umjurmc7rf3cxpnwa7gjlv4t26jawhmdupshc7aamx38r640n4x2006hpzw78r3am3vwyvguam2g7aurlg8v9hnv5gjpmwue0djhlellx0c4a8n3755yulrgw80j6mkhz5du7grgtmprn6vsl0993nm5lxx5ym592kncye54v9l4jldkmcp6envlg77dv04a69khch38yyhay3z9akgamqhwp0try2rltfmtl2277rew964fhdhss74nsescrqgpzv46wy6m5ug9kd3hgcntap88cs2jw6p044wxg9a7lhhuwphnff6my6aujm3m37wvl6q0kzy3tde6nh7w9j6d0nlch93shx2em744jlt7kl3pe6u0nhc2hztj4u8d3e36s4mr4fsdze2ej6lkplv862j57qyys0547u5d66wd5hn8v4t4caf200w39z7tljtfe00g8vfw59tjvycm5hfkhfwndwjagmd8fxecgyhascpmhu7ye0lypywc8sd7m7lgmnred5kf92uk5kdje7lpuq0uk08ezzk979r7h7czngey5jsd3jkl8uuj3vfy64y27dej5zej7vfy6yhnjfelxnzn7veq44vt72f395e2jdfn855jpg9txnxj30evh57tev9hyn0jevem85m472xckjuv62924tptet6m8jnjjneuezu2jte3xjjnfvfzctzfacs6003yj6nevfj5slnkdg0zml74zgvlrsqc0wyyh3t9vg48l426zsj70sz3fp78zpnpee8yjczjrc87hzsmk8rls0ne4pqujvgp7wzxl7t3g94xs6rstgnyt5qxfle8lqa3xrrjws7v2k364xlln7yqqxv0kf9z7vclv233klnlelv2qud6m3t4xl00w9qlph0zu2je8d244hxaww72rc8sn0awl9u89qucl8llldl9z20jxk294yv7n7t956vsnedxz4rwjx29e9nrjkde9ynd26f94yjhj3d9g4rv27dfv6jkd7wey526j2v9m9ulj4wey5nwvxvrny3kgw5eeuxpp6lyqv5rgvuk93d6asr4m89ykj272rd4629n97hk06w2jduukm7dpt56jxh4umv3ehll0lp6vuq6ptee4kyls95f9f5ppnvru76huhk600hg6xkd77mrulngd42a8m6kv4ekkk960kqukl0tj08n2t67atq4tt5vfwz2ty6m5yf78gg5uspa5vf7zqlv5gw9yasam47j4uha92rxjy840w9uu8rhhg2kluf4ckax9elxc0q52a5md65c8jaec3m33m2svp6yy7t5gfu4qnag2val8jlcwqtzctyflxzus7wg90q5v36zwy8cfq5r3wzh4nac2el2lwrkvkj4e3l4adpmt427xq787xkmusum3j6hh6mxve44gzhl38fdr8rxq9cpcmlxpsltulmal7umvve7384d7atc28d8hkme0kyef6l0fm8pgazmnnm0llgmclyun3qq6h7qnflr0je4kn79lurdxyewxyw3fkxw29uln3x02cc2k2ykhh0tzam5jl7um349sg4hghx3pryrrfzntkv3vm2zun2lhl8l35s4whrlwrvxy27hjec0yuex65qjmj2n4mlmk0v9uepqqqy9jzxnquftp3kh25xza25cm42nzw32ut6923tg4292gu5rl64j4gpdy3ehm8cnmc6mdxn0rvdejdfpway2ccm6srenn6urvdmgvand96gatq5hqll3n9euzrajwu2wt97g35ytv70wp7dmn77hn7ufx0r6le44t0az8e2rlw84js4tptgetx4vqsdam5pxu6p03se75jtded4lawa6dvv6u3d6w4h59t9s5eqlhmljy5wg8np05g2cll3pv9cqr27gg4vpanwr7l8t6gk2fv44u78d39kvxnfrphlmurjdjlyh5xd82xer4ev35x4uzrjthcn778efr97wqtlkf7s72uwwtlfpa82jjdjenqyuhe6e3mjernqp70dnuk95dmn46vmhldhtut7t8f2jxmlddft93kms6ue0fcxa72km0qqq2h75wjgtnvmpr
HOA,offer1qqr83wcuu2rykcmqvps0rkwjklf0hqkga07ldz0j6846tnewx4xkyn2dnz4h5na5akft5mw72k4s7nnkj7fs5ksz7ln5lkx24hfjz7tufdyyylvp4rcwux22fw80c4tzqzq5gs2d0qahtwx0wxpsmhksusvlnf8lc0y6uz06mkquhyhe7mdvu0esfdqj4c6587tcuk5f379dfq0deak774c68t6d3t2nmq5lflc6tq4a3s8lcml3wyq26nlumxkajud0alahl7ljpsdhs02hfz2752a5lr5dk4sylvvelll70e74cnv3any6zu66ze6adlplllexlad3sejvqvuumc0lsfny2d3h4ww64njz4yfsfrx95lcvne2wd0f07l37d4hdrtyr2m6400urqd46u3zeehf87gg4fydh42h45e0nu79ltl7kq765eter2t3tdnpmnm30rwxhg6j8htpl7pg3y2etmtd4nsrlw84dxfc075a8kmk0zmlxlxldk07k6h0jcuh84fwqpaj3k7thfauy6vtjgn3nefahh8pllmuf536vdlhdrddfxapagdhd6k4e5v3l7647rharumanluryhjdansy72xuxa60pz7fsm2lxafdl9mmpe0gs03cvqvpjy5jxy7lyvfa7vpngcnnuphxcjt6gmf09p0729pu0lhvtplhfmenymd6z0jta77glxz0azyntrcjkk7f47m9fn8lh7qdng4er2clrmyfa6vs6wv8tcu8ku78047d6gdup63ly487sh5eyl2mzc78l592vjvequ9qd4dmu5v6c09kht8v324uaaf0t0e8zx2lj2ec0m2hggk59t3ugcn4h348t0r2wk7gndhgxfmcqk9hcec8jluc0t93wwc9sa7mk7q6ntca6he92vhyjd6m7rruvwvj08czvk9a9lu8kej3g9y5j3dkj6a8juj3vfy6a9jad9nyvcjevf82yhnkf9axarnevfq4avn62fj45cjkdfnxrqt72fqhv4jxgee9ujtdt4seyunxvxgmryn3ffgkvstwvxgh6sjj0fm86svjfxf8zud2tegkzltj29h8tfpucu6093yj6nevpny5lnkdx066lj4jxv8qsuc0wy5j3nxvw5hu4zej7jx2szsf9l8rpnzf4xy5cjnn78xhzvmkpr8n0re49q5nvuqwwzk67tjgp5xs6njtxjyv5uxflel6q9nxdr6gsw06636hxlursyc8xswxd9j7v5lvv3phllue3vlymtrrnhg07e5558dndeatwczaczwmvmnxs937l2h7l2kfca7zgs0atgndecnr5saj3dfnx5ln6s6v4zctef9ffyutkge025jd93xchrq2f5ey4vkj2s9chzu5jj9gcvk222ee8y7djf989u3tz2xa9rcjqccytjmkxzv37gxkeqq9wmrq90kr8746yyhe962vm8n3andmle2w34amhwfv9mlrr6ggjvtnkhdy7mshll7gqn89xu27zdqt5zpwayfysq89k0la6hn7ag9eantjkkllumnw2p2km5l8wek4kwmcsfxln6c4ewe67ht0gmf2jrwwss3efhdrz0sj8ylpqnwr8ws38eyzds3pu404r4d04ttjlc5spmgn70lqcnu6w5lezm04kfptlehru9z5dsmkn846hqwv8aq02xrg2338z3r6w9q8l5zt90fmhuzg0e6pf2df3huqrjrmeyhywsjpgl6g4qurs59g07zw8mtlst0e9pf2xh8akd6tzn8wkvc4fdfmy7nv70jyzqdel768t96c49w90ev98vxtgus8na0r70mlmmde38697aktj0a2as7w60dacn90fa39u79nktjw08l87rlzuhn7pq820srdyu9lmxhztc0lst4ck9ve3uywae3g8a7wpe92r0t3gjwudadtkwxtlen795krz6ujm6sxvjv9q28wwn8a0fs7nt5wl7nh9tnsk6xn6wrv2en3964a9enwr55tnhf07ahtd7as8nyvpqqsxgg6vr49vyxja25cm42nzw32ut6923tg429dr4v4fpjs0l2k64q95jrx0wl2w0rta569ud4hxf4yyms3mrr8tq0xw0tsd3nd3nk94hdr9vz6urm7xwh8sgtkfm3pevhejxs3dneac9el00m6wdme9ec0tlxk4dm5cl9q0au7kgzad9fr9w64szph8vsvmng9he2klgj6wd0hpt9dfh9ha8dyzgahzgwj4l80eykqu4h0eka04adwu7w0e33g95qnq7ct4yqdjw0y20g32c7hxa24d2g5nm6mhuwdxk2n7rnatntfekjnvza8vsvverujk8lpmk6mwad660txwdhfnr06amxtxftxhn08wltw9xmc7gayn5ayltr74r27ja8z5c9h7570antmjv4mjjakkhnd0y03xf3t48w04hn0txxqqd8dglls8kxsuf
HOA,offer1qqr83wcuu2rykcmqvpstjth8xjl5e7rxy7n6nu9ewls7l3w90tt7u6a78d6a8ldy2w6mhta3h9v86u9jhww9f5qjhqlhlsjkd6wsaj0rtdpp96stgjzh0n6stfewftcjqvyzgzn2ctd6nsma3cdkeuyxym8usflara88vnwsau89e9kvklthdl5pty99yxd8l2uhf4z20322grnv0ah8h07j6zsuwm5acf82rl7hcpdvzph7xlltlqzs5rlxl4hvhm20plallhls2m9pel0g5hm6wedljks5c7c5l6m59akecljjmlhwufhfrduu0gc0x3nrfl8ldletlptpcc6fp5culch4prtw8flz9h9rc0574gne5etk7zyyracvamauww8u26xxr5ny00kf28svqk4wwwgh2zhmhmvp0vn0g2k0xlk6nhcdjx8eukvyhgkelnpswetmyhhc7336k53amc0ls2l5tehkp9wqwe8xprtytp02v4uzumf0k80rmsahu6g8lckxk7cs5lrqrukjunzvwajtj9rau98mrpndk4z5h0udv0r2cyu3d6dl744nnhxvekjslehuky6xney7776h9r6wmln3ms655tw47e7fq88m660pxhkx9sjcncycv9syq3x2arzd06xyzlxge5vf47snnug9f8dsh6jhryz7l0mm78qmm5uudjd7uf9eaul8y04p8lpzg4kuafm09zedxhel7tlsae5tx0fq2vn00t6vll3yfem0ha86t8757rajx7eu9smy3dtvt4gunqhhra9f20qrzg82glwtxad8x6renk246uw448h82jew9me4kuhk5rk542z4ezzu06r5m058fklgwsdkn5mduqzt7cypal70qvhljqjhvrsxldl0kd3suk6mxj4wt2txevhws7qh7t8nu3pmqlz3ltlupf5vj2fgyc3t0h77fgkyjf2z80wue2pve0xyjfztmeyulnfpflwvs26x9ldycj6v4fx5en2t9fr56df28g5vpjfcy24ncgp08lpyw03l9npj6d928tyvhjptehyzj3zr8yuug23mfq4y7t6g4v4y42wyg7ugd8hgjfdfukye2g0emx5hndh724ykd3spv8hzzts4jky6nlj4d9ged8spg5slr3gescunjfvpf9unat3fdmrpac0eu6ssvfw9qm8pr0h9c5z6ngdpc95ej9jprylvnlc0cnppe8gwx9tcl2nwleljqqrx8myz30wv0j9g6m8clulkxsd7garland0njnv0mum3q046g4es0m40nuekdwcywu2vgv678rspfelnlal9xtlsxxf9e9v6nph9ayv5nzv4lxz6jf2fy423jkdeeyzmn3tfs4yljen9dxuun3deq4nqvdtx38u5n6dxm9562ktx4yn8nfgrnypsgwhe4ux9pzuyvd5pgvak8s8u3gqw03xf8jr0umt427vv6utra3tev3dhaw0xald3505nyu6cc90ehlllyqfnjnw90px0mg0slm3fxf5qp3vnl77huhk2d0lg6yk4l7lzumnsw4xa8e6kd4ahkk9zdkvuka0tj08n6t6x7ty5mt5ygw2tmq6n5ypl8ggylsfa5vf7pqnvygw98acatn72kuhu9vrwjy04lg9yl8rh8w2klud5gja79el8gdqv2a5ma75c8j3egnm3smzsvp65y7r4gfuaqnef6walyjncwqt2mtvflqzus7wf9fq5v36r7z8gtqurp2zl5n3c6llz778rxaf9flxryw6q776e7lkmu0nan8nm5fmpmw0e5uscp4n3gdu9thdqkascd8jqu04u0alll0dkxylghmkewdl9tkremdahhzv5a8k54nskweweeuhalu0utj70cqqdt7qd5hshav6af0pl7pxhzu4rx8csmnx9zllecry4gd409zftnh44wacf0lw0cjjcvttjtt2sejp35pga6taywgdr7k9lfn0jm7d5ldhl7kwkcu8mz4dumjmpcwjdnwxqgs4ks2ctejzqqqgmyy98pujkpr9w4vv464psh24xxa25cn52hz732s25negxl4t9gsz6f8n0k038h44xcdxlxcmry6jra6g9n3l5q8nh94s8cmkqemwmt5365pfwpllrytmcyrmyac5ak0u3pggheu7urumk8aal9acnv784ant2kl6y0jux7c0m9p2hzk3j5dzepymthg2de5z6kdky53uhh2dswe9338hxmau4tr6klr2mxz0ksgh67ktkxl4ajvhrhrlvgtp0qy68jzdtqtvds4dml8ykar8flkhydkm677le5494amm4hgpghu4r7fplf6ynmv0vazkerduuvl33lmf6mrfj7a2dwwjx3raynhdflt0ja68ejlelmv2nz529xwka8eml6tn4zylreqhkll35leeapstptuxe0ucsckpn88jllhs4m4szqzlcww52v2rmyk
HOA,offer1qqr83wcuu2rykcmqvpsxz4peyl79dtzs5zg68hjnd8ml8c4l3hdnknuu9440ed0ul2q6njwwn3tpl88v9cn3tdqyam8elvy4twn58uhcj6ggf7sz28sa6vu5jcw0n27yqqpgnq567pmw5uyluvrph09peyelyj0ls7f46yl5hvpewf0nak6e6lmqj6p9f34f0chpmdgjru26jq7mnldaate5wn5tzka8kpf73le4kpttpq0l3hlj7gq54rlekddm9u6lelm0lalsz6u47czdxynma9luvdcaalwusu4wk56jl2jwuntu4wta537dmgee3udlalehl80uyvrrrtyxjrhlzucp6cnthvvrtc0zk38tzpm2ku9056shpdyrm6gsa4dma77lqk7el36pw4ty8qmx3awdf4xsel6hlf5kexk5c2h5ky5ekapskt3whq4khwevtu3mpj8c6336k53amc0lsgth9pmx8u8dsepmyklndlp2ud2tkrvmelu86d8u4e7x670htmykdeuhvq04tm5ma3m8axw4jumlhegad69zmmhmhz4xy47ge4peralcd40luzyewztu8f78c3eu0evsf7xn606ztfnnjt0uc74w0uu5ga2kvxvrwksvvjs4wrxrqvpqyfjhfcntwn3qkekxarzd05yulzp2fmg97k4ceqhhm77l3cx7d98tvnthjtw8w8eenlgp7cgj9dh82wlecktf470lzl2t5mea6jm4p7zraytc27g90v0f7r7c47uzcf5mthj8yfh8c33alsk4z6707592usvequpqa4dma5v6g097ht8v3245uad0tde8rxwlj2eswm2hg2k5yt3ug6nak348mdr20k6gndhqxflcq59heeu8jlucwt93wvcd3a7mk7qjntua24edtvnyjd6n7r8uvwvjw8uzuk9a9lc8xejef9q5z3d7n6e8zujedfq6a8j4v9nyucjevf82yhn7f9axapn3dfq4avnjtfj4y6jkdf492sj32xy4nyd424t9zjtedfr82atfteucnxdx29v55stkfft85lj224cky5nk29ymj7jwtxl8uutwg94xmfp5cu6093yj6navpnyu7nkdk0667j3jxv8qsuc0wx56snzv7kh54zaj7sxzsz5f9l8rpnxf9yy5ejhnw9xhzvlkpr8nwre49q5nvuyw7qkj7tjgp5xs6nktksyv4uzfleljq9hxap6g3wt6236l8lcrqyc0xs2xa9j7v5mvvnplllcepw72dza0ev9dc8kqc8av3kkr7430389hxg97vn6ezcgr0se3hfwnn4lhlll6vh8zvvjtk2p4xwkj4f7syjamf29s4z4z4tev9uanrgesmykrt5egewurgwwd9qunmtfykv7d0wxucjure2d25gjtwv945gc8xgrrs3wr0cufz9eg6mqqs4mvdq5axyt2hhqyeazc0ttqdlvw8ynfhks8hgwyvmtenwute0u09ngu5cmlmlc0n8qxj2kwd03g7qw3y4xsyxds0nm2lj7mfa7arg6ehmmv0n7dpk4t5l02ejhx66chf7crjmaawfu7df0tm4vz4dw339cffvntws38capznjq8k338cgraj3pc5nkrhwh62hjl54gv6gs74achnsuw7ap2ml3xhzm5ch8umpuz3tkndh2nq7th8z8wx8d2ps8gsnew3p8j5z04pfnhu7tlpcpvtpv38uctjreeq4uz3j8gfcslpyzsw9c27k0hpt8atuc2kj7ay5ar4glq0tmluze4hunuu4wf22dnezedvxhpv76ycz9pl2vhcyhq8r0ucxra0nl0hlmnd3n86y74hm40pga577m097cn98taa8vu9r5tww0dllar0runjwyqr2lczd8ud7txk60chlsd5cn9cc369xceeghn7wyeatrp2egj67aavthwjtlmnwx5kpzkazu6yyvsvdy24w589znfcku6djlmpjnv3k5ydavmm4dd98uue0jc6k5wm4jtjnn0fmyxu4zsvq5qjzxnqafgp94hg4w9az4g4524zk36k2jx2a2cet42gq4rl69h4gpdys3jmlmnnc2adw3lrd4ej9g3xu50cse2uresn7anvvrwvasd0ms6tykhq70snacuzza3wufw09xd3uyt278wpx0tl773nwlewwrml349dwa98afra08hjqkmf2sctk5uzs4cmyzk663w4rulp0hztt0ue9jqj97nrr6u0ndjdmflcxwum0nk6ypf6fdaru8llt86flxwyqjsjwrmqw5s3kxh6afne7apltn2hre0mkvdumf0w3e6ln3fglt75k0m8853mkagmj6uuz4v98ud4ljh2v3ktjvdk52cxkgakdh3ehfwa2g8h6yh8f7fekltf6nq3nvwkyc0mfde5h45ecemyvyulw826hrp70wd2666aa7w0zjk438qxqy4p204wu0dagk
HOA,offer1qqr83wcuu2rykcmqvpsyjk4mxw7cplvfasnuhckhefnn73q4927tthh70207m8qnf2zllc3dljknuwxet48z56qfmj0n7cftka8g0e8395ssnag95tptkeeg95uly4ufqyzpypf4u8kafcf7cuxnv7zrjdn7fyl7punmkfhgwurjujlxmd4nhl7q9sz6nrznl4wr56398c49ypak87mm6hmfargx8d6wvxnaplmtvzkkqqllr0l47spg2rlnw6mkta403l7llmlcynulemrw0ed4ym2khzf0az076kquue6k4juku0d6995mldeu4kfd8rd0plale8l3dpse6dqyuulchustpthqghdzfzf8ct9n9nx05k64a6qdnrt3lfw37umtd7kalllmve7lsqpchwlxndvmpjyx5hy44hd9p5hm7nn5tfnm4l5vjjn6dp4m0hw4x8j7sthphrt52g3amc0lqg65zxch64z4z9l65sawg8a4l5t0ayrmupcw6tj8x726lmnndcllczhfd07npx6ezkl4pz49ur49xue4nl6rwjmmfd4a8hum0k0hswd9a8kdwj20942p4yjn7km6lyl7aa0h758heh2sw9jaq7d9ud5anmexl8wk7nr5yn7qx8pupqygjngcnt733yhesxdrzd05xulzpwftv9754ueq4hnl7l3gx7a888vndh2fwt0hmerugflcgjdvhr27meqhtd4wdl6l7r7k56xawsa5a6ewl94j0enfv4kcu6pch234v6lnh7j4nwlvg322cdqkhnl4p2hyrxg8qg8dtwldrxjre046emy24d88tt6mwfcenhujkvrk646z44pzu0zx5ld5df7mg6nakjymdcpj07q9pd7w0puhlxrjevtnxrv00kahsy56l824wt2myeynw5lselrrnyn3lqh930f07pekvk2fg9q5t057kfchykt2gxhfu4tpve8xyktzf639uljf0fhgvut2g90tyuj6v4fx54n2d9uc57tpn9lyjat9t9hyvuvjtxskue2wv9ueu6n924py54t42eqkv3jf3e5cnxt3dx9yrzvk24nyjcvf0xkcgdx8xnevfyk5ltqve885andn7kh55v3npcy8xrm34x5ycn844a9ghvh5ps5q4zf0eccvejffp9xv4um3f4cn8asgeums7dfg9ym8prhs95hjujqdp5x5aja5pr90qj070uspdehgwjytj7j5whel7qcpxre5z3hfvhn9xmryc0ll7xgtnrftd9k5l3e4xtrce4et2l4m4xshglyf2r7he5gt78dc73fnfmvt0m8ll7n9ecnryjajsdfncvut8kxg8qau6dx99zujgte0hyu2ts3u4xkzgddt9g4j2dw0yjkapn9ykg6v22p948gvsdpfkyed0h9y9p6jqcuytsm78zg3w2xkcqy9wmrg9hewtwmc5ta7krk949lnlmpezyed848dcyun0wnxrjmrwrwcn3lcflnllluspxw2dc4uy6lw2g9653yjqqukell8270m4yhh5dxt6ll03wdeg92mwnuamx6kmm0zpymw0t2h9m8mca9ard962d36zx89ya5df6zg7n5yzdcvl6zylqsfkzy8j375w4al4fwtlzjp8fz0ml5zz0ne6nh9td7xmydwlzulj5zsk8w6v7l2upeqa5fagcd3gxya2q0f65q77sfu4a8wlsfpa8q99d4kylspwg00yj5s6xg4plpr58swqs4plcfcad0lpw8yuva2m6evtlwq3upcvgn3hy4fyhrtdgt8c795umzm6wn07vnkkaams9wsvxhesv86l87l0lhkmrx05famdhzlz4mfaak7te3x2whm62ec28ghuu7tll6878e8xuqqx4lqx60cmukd05hs0lqmt3w233r5gdenj30huupj6kxjhj3y4em66hwuyhlhxudfvx9ac934gveqc6q52ltzkejta0x0xshzyal0teuulgm8n7mdj6yktc596exqtmawl8akfn59u4zsvq5qjzxnqafgp94hg4w9az4g4524zk36k2jx2a2cet42gq4rl69h4gpdys3jmlmnnc2adw3lrd4ej9g3xu50cse2uresn7anvvrwvasd0ms6tykhq70snacuzza3wufw09xd3uyt278wpx0tl773nwlewwrml349dwa98afra08hjqkmf2sctk5uzs4cmyzk663wwpdmu62tx8emnd0nue94uyzk8dk0nzvejh7cpfe2k7623xnf7rnf8s0l39v4cqr27gg9vpajw8smg9dp4k2mw0axxvc8jhjdzrwnrsd8x09lsfhtk0ds5udwew8fnesa3vex30mt4pmzect678vsjrw2qx7tzvstrjjp3amke7u9kkmu8leut7d0p3a4ll6uvzsn7mlhmy20l6xqf3lwhxgfkltlecx3h27jyj03vveqpplwjd5sgnfmy4
HOA,offer1qqr83wcuu2rykcmqvps0n89cd99v9shezmpw4hxxr3kl7epr4e6n7z93exwz3mqlac4z4d8nht2swfamedys2tvpl0ejwm896m5eq097y5j2r0jq23u0wr99y4rlu233spq29gpxhjwn4h88hrqsvmmg72x8e5hlu9jdwp8aamqxtjtu0dk7w8uc55sf2ud2na950twygaz74s8ku7m0w2cdr4awe43fas205lcd4s2kecrlu0lskzq9atlkdn0wfvxlll7mla0hp4tkmkgaht6rzauae8njf8sl7p4xl99evn46l530pk7r495h2nxt0clxa78lmlj87z7r335jpfeel30hpf0qy28a2qamcals8emwmea6k7xz58fcnm88htvxa0203gxnz286qteyss7rlxk9nw7t3dwm7t6ax327a6u94648ktazmmwhkajp6vee2nvk0hquu2drj98w6jrhlzlkqe4dar9tjkfx9l7v6md7hlmlpvymxp57vrwfezr3uzujt48s58mm7cw7cg7ma8fjdufkmt480um9xxeej8r9h3ugws2cv7vl0qmdz8nl973yw7raau3ewfraerr0de4e9m8e7drgc5wm7mlq48x96ha2hu79evyk7aesnwqx8p5pqygjngcnt733xhesxdrz005xumzpwfrd97597eg5hnl7a3g87a888vndh2f7f0hmerucflsgjdv8r27meyhmd4xvl7ljqur77ljawqteln03adsh0vz9udj6kgsycf84lgxd6auxz6a4uflwxp00pljr4xfxwsxzsx6xl72xdv8zmtankg46uwk4h4hvn3t90e9uu845t5ym2z4e7qvf6msmn4hph8twydkm5rvuuqtjeuyara0wv8ajcn8vzcxldl0sdf4uwetvj4wtjfxadlfs7z8kt8nupztz7jhlrlvfg52j2fgxefd0nawfgkyjd2jfwk6ejzvewkyj4zteey6ln23f7kvs26kfl9yc26vefx5etfjed9ttn2t4g6rwt6ff56vuvwtft9y6nahxg4jkjjdxz5n9je4ea8vatxvfz5tq26t95myj2729uhzunp5q7vwd8kcjfdfukyezg0emxh8ad0e2e8xrsgxv8hz2tg3jx82m723detfr8gpgyjlr3sesy7njgvpfelrnt3wdmq3neheu6js2fkxq88pt009cyq6ngdpc9hfjy2xrylullq2cnz3axg0xafgatn0lpuzvpnq8rxje0x20kxgsmlllvuk9pzj2m6alu0ym7wf23dgv9jjhl0w2fwkzf8mxmavrrttj2muqt72znmlllxmj3x8erm9z6nxqecayjnzg448vegff8a8yan3w99x2xnfc9n92jn9gcnynstwt9y42k3728vk592f6eu5vhnz2g09rjjw2fs5p3sgh9hvvyarvsddjqy2d5xgt0ee3ctxjzeld3vkj5dprlt48nlw4mmk5082my4f7rlx6c8wytejg8csy8jqax4yu6lzxwr4zfwdqgvnql8k9l9ahnla2y3an0nkcl8umrd28t775n9wah43wnes88hn6uhevcj7hhwc4g64rz0sjsewhapz036zy8qql0rzwss8m9ztsfrvhwa844090t2cc53pafme08pcaa625hmzaw9hf320ekrc9zhdkmw48pchwwyxavw6yrqw3p8jazz09gyl6zn80ech7rs2ekzezdeshyrnjrtcyrywsn3flzg9quts5agl7zk8mh7s0z3z8lzak8hyh3uzlhpcu7j20c6wnayjzm6xg9rcl9fjxmxe7a7pqkr95qgml7rsltulma77cmu2ewn8ed7atct8d8hkmfwkyce6l02mtpclznnnl0legtelqur4qcehjqr0ln0j45xh797utvkye7xywse5x7t9s7n4xhfc5txwy7khttzamu3ljut34djgahgnxfzrqrr0zsmc56r7a0y6nzk776ak7d9fez4lh2232j5uxxwrlka8a206h8hvhktev9uepqqyydjz2js6ftz36k2jx2a2cet42rpw42vd64f38g4g92tu5r064zkgpdyhehm8snm66rwxm0nvd3jdfq7eyjechmq8emj6czufmqwahd47gd2quhqll3s94az9ajvu2wmr7gj5v2u607r7dmr77lj7ufk0r27ea5t0aj8ewr0v8djs4t30gfgx3dskd9e59xucpdvga8ntfnfah03a4ttu3j6470y67ljyv5znsw88294zz2pdnlxj4mlsnkwuqp48yyxkque8rcsuw033ys76h5agdd9mf00m54k0huk35hp00lcter6w45qdputs8jtft558tj0sh3e2pg0xv5rz054vvy0pas3ej7l2dukfldel967jj40tmgmdttxrl4qnqk9u45hhlr7wmlwf788089l7ya4kk0eagyc22cr23qgqye5y36skrhjxz
HOA,offer1qqr83wcuu2rykcmqvpsrngk32rq8nghg50ze53alyur6c4ytt9a0psvf7z759re88sewqa560hgw4qunmhj6fq5kcr7ljyakwt4hgjq7muffy5zlyq4tc7ux62fzxlu4rpqzq52sz00yu80ww0wxpqehx3u5v0hflacty6uz0em7pvnyh67mduc0e3ffpj3c6h86tg6ku23jyatqldeah7u4sc8r6ahtz3mq4ldlqmtq5dhshlcl7pvyqt6hlvmx77jcdlllahljlj876z43ytq720chyh57t6ga730khe5fj2ckl0xrwa8yx0xfq0f4twlwrlmlj0lj6rpn56qeeehs0aqavt5erck767gnpda4nlrkh05dgux82enu299v8kwhyulppgyn0a6xwpsf69x6nw4p6e8nwr7exn4lr7ymwa0uu663nmdm9gfh980dfd8krs5ectg53fmk5salchusy2ux9ywh5fe4muwkfvpjuk420qtxl0n0mufrzdl7m84kjcnw3u8z0qna5sml8ljxjugg6twnhrkkal4mvntpcl4kfq4aeldz62ea6htprylkthcuwq7l66rt2n5m9qclfalmanaq7nl22mhg58h4jhymp4hpa7c5nsn96pywryrqv39y3388er2w0nqucxyalqdf5y6ljz6tmgr7j4glpl4mzu0acw7dexmwjn5jl0hz8ecnlg35cck944hz007c2gellluz6zu6j3c9z5e2ecewkc5qwwkv2sg07gz5cd788ntxf9e4kntpylkecp00872z57gxyswy37ukd76wd58j8g4mhc4220w7h9jutnnt0e8vg8de259tjq9cl50fkmg7ndk3aymd9fkmcqyhasgzmlu7ze07y997c8qv7m7lvmtqef4k092uk5kdjexapupl7k8xexrkp7dz7nlczngey5jst32kltavj3vfyk55v74ej5zej7vfykyh4jfelxjjn75eq45ut7jf395e2jdfn9ye23g9t9y6j3s948n8n9fxy4y52409n85uvehxvmjmn6g4a8vctwg4v5jc2wv9yhyljpt9qk5aj90xskuenass60wpxj6jevfjksljkdflxm8a4wfverqrctwyxhp29gf48ldt623zc0gr3fpw9zenp3ehyjszj0e8chznmjxrmshne4ps6j52pkwzxlxt3v94ys6rs0fnytvzxf7f9lcl3zznjwsav2hpu4walnl5qqxv0jg9z75ely2phk0slaludqjd90lj79w6dpfmz6k236l75kfltv2l9xjlnq0tmsl5hya47w0tenavplllndegnru3aj3dfnp550fvft953ned9ayzf2euev52ljp0e0p2vw3ceexz4t9vya8n6tey9caj4gf288yvetpv45hv523z9cmyjwqccytjmkxzw3kgxkeqz9x6ry9hvtgsp2ld24n86d6lwlr3790fnqrnptuewtku9kmdt7w356c79x94lrlllyqfnjnw90pxle8jpw4yfysq89k0le6hn7af9aarfj7hlmutnw2p2km5l8wek4k7mcsfxmn664ewe778f0gmfwjnvws33ef8dr2wsj85apqnwr87s38cyzds3pu504r400a2tjlc5sf6gn7laqsnu7w5ae2m03kerthch8u4q593mkn8h6hqwg8dz02xrv2p382sr6w4q8h5z090fmhuzg0fcpftdd38uqtjrmey4yx3j9g0cgapursy9g07zw8ttlcttqn8z6nvlrnmwhxd9mj7xr9ezuk9w8h4427pxhh9ytp4zarsal4r5jasedqzxllsu86l87l0hkxlzkt5e7t0h27zemfaak6t43xxwhm6k6cw8c5uulml72z70c8qagxxdusqmlumu4dp4l30hzm93x033r5xdphjev85af46w9zen384466chwly0uhzudtvj8d6yejgscqcmcnwhd2er4nnl9maznf8lueszmcuqhtwe40whtsx08q6vaknlfl9a625skz7vssqqzxeppfc0y4sget4tr9w4gv964f3h24xyaz4ch525z4y72pha2e2yqkjfumanufaadfkrfhekxcex5slwjpvu0aqpuaedvp7xasxwmk6ayw4q2ts0lcez77pq7e8w98dnlyg2z9708hqlxa3l00e0wym83a0v664h73ruhphkr7eg24c45v4rgkgfx6a6znwdqng55zk94ak08kneukjw74gafc3alf65al8muuf30t8mmsvx95hydk0f8ucc5z6qfs0v96jqx7h2kwayl8a06g56j0zulye6r497w703m3vd228548cyajtmawp3hemvtj5m6d9nj0hcts6m87c64w6zmcerxd3dk6thdy5erc39tv6fgrag24zkgk95ftl4w8ndjdesaf00fhef6dadwyt7x9c4lumxujxm4l4ns6kqq6r4y0rwvuxur
HOA,offer1qqr83wcuu2rykcmqvps0nv39a8llwrm7wancjn3cupdxed2y3ejl4dafew73st7xd9vvmegntej0tswfaee9ys2turl0cz2mh96n5fy0duy5n2p0zq2au02rd8yer062pssfq29gp9h6wrhh89htpsgmng7z88l50uudjd2phuahqkfjma0dh7g8vc55sevuatnay5ft79gezw4slku7ml22gwr3awm4pgactljlqd4s2xlcmlu07qjzs8at7kdnldfv8lll7ml3wfy5e39ect454fs2l8wpy0ln0n40llnwsn7dlk3a3k0cl0w2yyaujcr3hlhlxluals3svvdvs6gwlut7ckz6ztmh36754pl32cgl64l5ah25rtgejl3nu0ngc349c7r7fnln02pq866zu698wny08g3p3mlgl6hkx2jn0rywh49a9t47m4z43395ttullyukkdxj4yw7jrhlzu600lm26uxjlhe9nzcm8ldy4hl9em4fe70ma82ulc56hdn872nmcwe0cqlt4xn5cndhpnup6va3yp8zxakr55l7g5mznemdnnd9260xnpn4hd6a6t7n3flecl6mu7u2nvm34hgka0xewt5wnejd3wvde7vll9yqk76a445euzvxzczqgn9w33xharzp0nyv6xy6lgfe7yz5nkctaft3jp00haalrsda6wwxexlwyju770nj86snls3y2mww5ahj3vkntull9agwec3kp7ctf9hyl3a8eemekmjmtu7lwm29lycsaku3jh6urx5pxe47ur7cw539e7qggqmfmlegm4sutf0xwe2ht366577aj29uhlykns7k3wcjdg2h9cf38twnvwkaxcad63k6wsdn3sf0trsrk0aueslkfzvas0qmaha7p4x8nmdvj24evfvm4nakrcqlev70jypvt720u0as9x36ff9qmp9970ae9zcjf42g97mmygpn97cjg5f08ynm7dz987ejpt2c8u5nrtfj9y6nxgen4u5z2gefx53ahhpv9ld6s09fc26r92wvhnptg29eks4tk2phy736gg90kscr7ve8elyvfn9y6q5rh0w5re3f57mzf948jcn9fpl8v65744l4ty5ew9qfs7ugfdzk2c420a244999vaq9zjruwxrxznjwf9s99850dw9fhv280zl8n2zpfxcczuuydauhzst2dp58qk4xg4ggvnljlupmzvz85apue4dr42dl78cgszvs7vj29uee7c3rr0l0ln6c5q0d2czh0e2rlnjzlp4l03xnemerk4keveugjj4na3dlueulaz464vhll7dh9zv0j8k294xvjj4g4895vteecnpnuwwwfh8y7t9vedxu6fkf89xzp3em8nyukn609tyzctjw9fqvj0zg999zm37f8mxvhsqc6ytjmkxzw3kgxkeqz9x6ry9j5aua6e0jkalterqksrnd346hem8lyakf5adjse2kzljrck378pg7h8ll7sexwzdg4uu6npkyqazfjdqqvtyllh4l9ajntl6x3940lhchxuur4fhf7w4nd0da43gndn89ht6uneu7j73hje9x6apzrjj7cx5apq0e6zp8uz0drz0sgympzr3flw82ulj4h9lptqm53ra06pf8ecaemj4hlrdzyh03w0e6rgrzhdxl04xpu5w2y7uvxc5rqw4p8sa2z08gy72wnh0ey57rsz6k6mz0cqhy8njf2g9rywsls36zc8qc2shayuwxhlch4z5z4lqs7ldn9g2eu52w7vkwddtyz2ullmw4nh9x93lm93hdgpglsr4sedqzxllsu86l87l0hkxlzkt5e7t0h27zemfaak6t43xxwhm6k6cw8c5uulml72z70c8qagxxdusqmlumu4dp4l30hzm93x033r5xdphjev85af46w9zen384466chwly0uhzudtvj8d6yejgscqcmc3w3h6n9kla69rf5ffjvehtsf8r6fjtlqzux8lf6wcvt7jve8857jfr7tp0xggqpprvsj55xj2c5w4j53jh2kx2a2sct42nrw42vf692p2jl9qm74g4jqtf97d7euy77ksm3kmumrvvn2g8kfykw97cp7wukkqhzwcrhdmd0jr2s89c8luvpd0g30vn8znkcljy4rzhxnlslnwclhhuhhzdnc6hk0dzmlv37tsmmpmv592ut6z2p5tv9nfwdpfhxswct64mu56w28luaeadpzf44v9ry9cejlvl4rd6hmju9dfczjvpg7uluyanhqqdfepp4s8xgcmtw9clfmdw7dfcum6fh9ane57h0yc7helq3j46rn7nsg2nwnuln258040tmu29myt2u6z4epfxd0lqnf9jh9anhvfcnesd3wlm4n2f984asem75t3v00yw9lutgwfh0076jnzehnmluy6dpr34lx0z44n976cwptevqzfkty83kyjtu5
HOA,offer1qqr83wcuu2rykcmqvps0jyac30ek8np6a0ep9n7ttaa354z5dkdjdaxmtsc3vlddak2hh6l6r74s7nnkj7fs5ksz7ln5lkx24hfjz7tufdyyylvp4rcwux22fw80c4tzqzq5gs2d0qahtwx0wxpsmhksusvlnf8lc0y6uz06mkquhyhe7mdvu0esfdqj4c6587tcuk5f379dfq0deak774c68t6d3t2nmq5lflc6tq4a3s8lcml3wyq26nlumxkajud0alahl7l7pkdmkdx2e46wkpcm6enak4gmtf8pst8wja6ertkfwujheahznhlnmz5wrlmlj0lj6rpn56qeeehs0lq79d56kuxl8nekm76cc4fsmnl20rt9rt0a7hywaj4a4nkx8g8hw8gy35yn2d8s9p7fu2fxal7k47uxx0h594ex7984syjhk4gtyjjpul5vxpw7324n0rjx826j8h0plup2a3vhtf603vh8xut57rv75elktsv5qml46lejvcttkndtlnm9fu5vq8vyw0c0h69v5dew3ekce9z5uml8rdvqulynhqc5mhljdmgkz763vnd20pmjdlnr0lr0c9ahmmevatd7k2hlvf70qxusk827a00nfnv5lc24ahcjq68pjpsxgjjgcnnu3488eswvrzwlsx56zd0epd9a5plf250sl6a3w87u80xundhff6f0hm3ruufl5g6vvtz66m38hlv9yvlllupqn3a9hc4vk86uj0va7apryrd0tx4jwr28k9kr0mtl9jl0he03p42ek0s0mp6jyh8cppqrd80l9rwkr3d9uem92aw8t2nmmkfghjluj6wr669mzf4p2uhpxyad6d36m5mr4h2xmf6pkwxp9avwqwelhnxr7eyfnkpur0klhcx5c70d4jf2h939nwk0kc0qrl9ne7gs930efl3lkq568f9y5rvy5helhy5tzfx4fqhm0v3qxvhmzfz39uuj00e5g5lmxg9dtqljjvddxg5n2verx7kjf375hsuzjva98nx6ekpgxwk6s2pm8x5n9keuehzrcfe4xhtagf93y2aj32fq40y2cdpdelwzcga46g0x9xnmvfyk57tzv4y8uan2n6kh74vjn9c5pxrm3p952etz4fl42k5554n5q52g03ccvc2wfeykq5573a4c4xa3gautu7dgg9ymrqtns3hhju2pdf5xsuz65ez4ppj07tls8vfsg7n58nx45w4fhlclpzqfjrejfghn88mzyvdlal70trcvve3m8ldud7kf06ns8cu42cexm9wj8gtd6e3e7x3dw5wrgefudl2llllklj398ert9z6jxwfu6n2242eqkjknx24yc5ute09u4zutfjxl8ukn709n8v3tfset8v3npt9d8ymj6dfn92kj3txy5js2fvehypejgmy82vu7rqsa0jqx2p5xwtyg0lexn7v9uhnnmdwr9m6ewhvhh3nttl5g4fakmrucgnavneyhuaz2elllsaxwqdq4uu6hz0gz6yj56qsekp70dt7tmd8hm5drtxl0d370e5x64wnaatx2umttza8mqwt0h4e8ne49a0w4s2446xyhp99jdd6zylr5y2wgq76xylpq0k2y8zjwcwa6lf27t7j4pnfzr6hhz7wr3mm59t07y6utwnzulnv8s29w6dka2vrewuugacca4gxqazz096yy72sf759xwlne0u8q93v9jylnpwg08yzhs2xgap8zruys2pchpt6e7u9vl40nqe7d6wwh8kmejc2mdp8whe7kn3dkqvzju2kuh0kyh0eflasv5kek2u8wcvkseq0hc78alnl8kmmr0stdmvl9l64tpua57lmpy27nmxteut0vhquw070a879f08urqw50zx6gc0lkdwvksmlsht3d2enrcg46nxsleu5rjw5kuhz3yecm66ldugh0n8utfvx4he9k4qveyc2q5wuw6muw2shkaefcwsnt9h8rkapyak36z9340n7efaes98s5aqdvhld3slj52pszszgg6vr49qykkaz4ch524zk3252682e2get4tr9w4fqz50lgk74q95jzxt0lww0pt4468udkhxg4zymj3lzr9ts0xz0mkd3sdenkp4lwrfvj6ure7z0hrsgtk9m39eu5ek8s3dtcacyea0lm6xdml9ec007x544m55l4y04u77gzmd92rpw6ns2zhrvs2mt296yt5m4swhhhc9uwkwh3dusuvw0hmykaka5j0gljc357l7p0l3s94ecclz0e33g95qnq7ct4yqdlhd74kqlcedq02a4675n3ndulw77s6wk982ch4namktt67cptlrevplx5ll9fna7lr77fy07m8h95qtueujnctyed0z9u8wuagmeeeatmw24fjpk0kjwtymdv7y0l9xe0w7nxgl0p9u2t307hazfu8smnhna7g9f4jygq4zrfcccydetwf
HOA,offer1qqr83wcuu2rykcmqvpsdne3eu7ysacay70ueak2j8lj0v40wnhrx8wvg6l4d2hn4nvx0xv76f3tpl88v9cn3tdqyam8elvy4twn58uhcj6ggf7sz28sa6vu5jcw0n27yqqpgnq567pmw5uyluvrph09peyelyj0ls7f46yl5hvpewf0nak6e6lmqj6p9f34f0chpmdgjru26jq7mnldaate5wn5tzka8kpf73le4kpttpq0l3hlj7gq54rlekddm9u6lelm0lal5r8lpcga5kwl2kljw7cnxm8rf70tnj64npu7e7704s8sadnyd49al26e7rlmlj0lj6rpn56qeeehs0aqm3wu58nen9uamcf9h0m4u9mct055wfhngd0qxmlpe002tlg440nm3qureduqncdvt7p4ryug3dxjd99mca84hlz42x0ytahtqh43046agkn698wxyvw44y0w7rluzmszj0t3a6u9lwlrthtz78nsjqd37mpu8274u0jdg305y26r95h4cyp3prvdfvwt4x96rv8cv7mg9sm8el9tdehw4guz58s3c9exacfm2ruuhhd7swnah2dg746f8tme8ye9kt4x0ujm407747l47f4lxumw0kjdur0lm6tgpcuxqxqez2frz00jxy7lxqe5vfe7qmnvf9ayd5hjshl9zs78lmk9slm5auejdkap8e97l0y0np873zf43uftt0y6ldj5enlmlc9ttul5aafk0u3lmj2j3vx867ucwu7pxlukmfw3c22u74r70c8n99zg9auleg2neqcjpcj8mjehmfeks7gazhwlz4ffam6ukt3wwddlya3qah92s4wgqhr73axmdr6dk685nd54xm0qqjlkpqt0lnct9lcs5hmqupnm0mandvr9xkeu4tj6jektym58s8l6cumycwc8e5t60lq2dryjj2pw92ma04j293yj6j3n6hx2stxte3yjcj7kf88u62206nyzkn306fxykn92f4xvcjfkxexukvpfe5ery2324t8y5tfd9txynjwv9cmuajefflxngje5ez4572ftx5kv72xged92j2edf2hv3n90kzrfacy6t2t93x26r72e48umvlk4e9nyvq0pdcs6u9g4px5la40f2ytpaqw9y9c5txvx8xuj2q2flylzu20wgc0wz70x5xr223gxecgmuew9sk5jrgwpaxv3dsge8eyhlr7yg2wf6r432u8j4mh707sqqe37fq5t6n8u3gx7e7rlhl35zpwn9jkh2al0na0uswn5ue27aa9g3dmluy6r357hv8ly0a0lad2xue4hll7dh9zv0j8k294xv7jpf9r9v3nz09dyv3netem853t7wet92527w9c42nnwfy39nj2kte4xjkg9w8y5u6jjtf9x57362xc4njtzgrrq3wtwccf6xeq6myqg5mgvshnk0h32ppvwuwmtw9kzn0eyn00d42v8tuh96v35lan3435dz0y4nufn0elc0n8qxj2kwd03dqqx3y4xsyxds0nm2lj7mfa7arg6ehmmv0n7dpk4t5l02ejhx66chf7crjmaawfu7df0tm4vz4dw339cffvntws38capznjq8k338cgraj3pc5nkrhwh62hjl54gv6gs74achnsuw7ap2ml3xhzm5ch8umpuz3tkndh2nq7th8z8wx8d2ps8gsnew3p8j5z04pfnhu7tlpcpvtpv38uctjreeq4uz3j8gfcslpyzsw9c27k0hpt8atlspv0hdjnjugdmpe894xmcawkel355mx3esw9lrgjd49yaq5dmpxl6dq7ascd8jqu04u0alll0dkxylghmkewdl9tkremdahhzv5a8k54nskweweeuhalu0utj70cqqdt7qd5hshav6af0pl7pxhzu4rx8csmnx9zllecry4gd409zftnh44wacf0lw0cjjcvttjtt2sejp35pgdew827yhxwalpta4gu79f07hnjahzfdcwrlmcp066xgh04wnmnenazwp7g3qxq2qeprfsw55ss6m42nzw32ut6923tg429dr4v4yv464yz23lazm25qkjgvealaeeu9wkhgh3k7uez5qnw28vgvawpuceaw3kx9hxwcxkaud4stts08ce7uwppwc8wyh8jhxg7z9508hqn8all0geh05h8pa0c66hhwjru53lhnmeqt954vv4m2xqgwuajprvdgh3r4k629utgemku5n6nnjwj3pc8krl4kfl3u7umtadnhcmahym7kt400l39v4cqr27gg9vpajwxplt46fmyeu62l6xl78ccry6llwza8p775n99a7ms8etujuw6lad2ddctcvcxsnnun6z5vxdwnja4hzhl86k8hlm639qg70s35mhu402wjlwt4s0ul0gun7hzt2ccreelsuw8y4jk9cfewjklxeq2cv09se772rwq4sqkhcjh8s2hlr6u
HOA,offer1qqr83wcuu2rykcmqvpsvn8nsaepwm478jvhtp90ed460j24z49ltlg0nkrxf4s7kd0t7l43vhek0tswfaee9ys2turl0cz2mh96n5fy0duy5n2p0zq2au02rd8yer062pssfq29gp9h6wrhh89htpsgmng7z88l50uudjd2phuahqkfjma0dh7g8vc55sevuatnay5ft79gezw4slku7ml22gwr3awm4pgactljlqd4s2xlcmlu07qjzs8at7kdnldfv8lll7ml30lz67tnvx2530d5u7nxklfr8w047llj0d07k8cxe7kz8aazd7kxev583hlhlxluals3svvdvs6gwlut4cm9mevtj770v0zvtthj9k6dvn3eceferhzln5kxnnamc0kx9hcmxpu82cq7mmx84uzec5gkzlux7v0gl7flfj0lhj4wyslvvnamyxtlvawwscvap46w53e6g0lctankka8hta9gdpz37lv75mer5vnwghl7wqee96tqlgg3j0dx20e6t6phkjxx6qyvth0y5nye4659790d8huumttff6wa4k0xm7ja7h4zh0mww5f0tygj4ylyvwtv8t4uathxeandk0dp7494t3uhzln82mw6l5swgf0rpcuxvxqczqgn9wn3xka8zpdnvd6xy6lgfe7yz5nkstadt3jp00haalrsdu62wkexh0ykuwu0nn87sras3y2mww5aln3vkntul79eufhup8ktwh4vdsehkcxpn8f44dm98s2asf2tkxuux6nnumklud3w2g9aulag24eqejpczpm2mhmge5s7tawkwez4tfe667kmjwxvaly4nqak4ws4dgghrc348mdr20k6x5ld53xmwqvnlspgt0nnc09lesuktzuesmrmahdup9xhe64tj6kexfym48ux0ccueyu0c9evt6tlswdn9jj2pg9zma84jw9e9j6jp46092ctxfe39jcjw5f08ujt6d6r8z6jpt6e8ykn92f49vcnf4fgc542fs454zajwwfvhjj2324qc552zwfe95627we0y5ejxgflxjkn3ge5k2nj9gx5mu5d624u6vctefkjrf3e57tzf9486crxfea8vmvl44a9ryvcwppes7udf4pxyead0f29m9aqv9q9gjt7wxrxvj2gffn90xu2dwyelvzx0xu8n22pfxecgaupd9uhysrgdp48vhdqgetcynlnlyqtwd6r53zuh54r470lsxqfs7dq5d6t9uefkcexrlll3jzc5lulun8r9wk8a8nx0y4ap94latgryk3d4numa7zq72ucguanuh7nwalll5ewwyceyhv5r2v7exslj0kfy955j7waa4g7dxtprhuet2gplc562kv3txx6jswfl9vmmmwp5xy562v3r8kk6cfpdewktygpdwvsx8pzuxl3cjytj34kqpptkc6pd3g4rsad90x097n9au597vwmeey63f9wm2mf2s0sgxea6dysml7d4lmlcwn8qxs27wdf3y6qw3y3xsyx9s0hm6lj7mfa7argjchlmu0n7vpj4m5l82ekhk66ckf7cnjm4awfu70f02m3vjhdws3pcftvn2ws38capznkq8k338cvrds3pc5hkr4wlm2njl54qd6gs7haskn5uwuaf2ml3k4zm4ch8uep5r3tkn0h2nq7t89z0wxrd2ps8gsnew3p8n5z09rfmhu6t0pcpdt9v38ustjreeq45z3j8gtcclpyzsv9ct7j08rt0utmsn97kdkfk3xzw0nm59s4n6d6l8003kalx6m70k3jmnmcgwlr9aluls90vxtgvs8mu0r7lelnmda3hc9kak0jla24s7w600asj90fan9u79hktsw88l87nlz5hn7ps8283rdyv8lmxhxtgdlct4ck4ve3uy2afng0u72pe82twt3gjvudad0k7ythen795kr2mujm2sxvjv9q28w9u7dzxd02azr6wn6vl67f6894gly0kg0t5m240y5rtp0nex48tlc6rvkz7vssqqzxeppfc0y4sget4tr9w4gv964f3h24xyaz4ch525z4y72pha2e2yqkjfumanufaadfkrfhekxcex5slwjpvu0aqpuaedvp7xasxwmk6ayw4q2ts0lcez77pq7e8w98dnlyg2z9708hqlxa3l00e0wym83a0v664h73ruhphkr7eg24c45v4rgkgfx6a6znwvq5aem89902r9x0eg2utna9xm84jukkupuhjpvrjl8eden8lrxtk087etl7y9shqqdtepz4s8kfcex3h8v4qtm4ha0ts8dshtxemhjz7wdd5374k5jnnjsl3gw446dkknee9aulwtp00p6vndh50lavw5gp05fwzzl2ykfdk3n0hmf5c2msn3ehfluvq6u30rlr56u47z9hdlx0ketjvx3awee0a7hetucresv9c47kxqr654xqs2p9fts
HOA,offer1qqr83wcuu2rykcmqvpsfznk7mngh3l630u0vkpfan77uwwwlh89t3z80hm4nf6wl9l7ldmrgxw4s7nnkj7fs5ksz7ln5lkx24hfjz7tufdyyylvp4rcwux22fw80c4tzqzq5gs2d0qahtwx0wxpsmhksusvlnf8lc0y6uz06mkquhyhe7mdvu0esfdqj4c6587tcuk5f379dfq0deak774c68t6d3t2nmq5lflc6tq4a3s8lcml3wyq26nlumxkajud0alahl7l7pucv4903wt57e43x3xwf82dkm8c03lwpda3avlafln803m59jy72ehflplale8l3dpse6dqyuulchust76hd3arslesgemyhu5pu6hkwdacmq8cukx888uhcska3d2skl60jd0svp7n7ge6yl7qp9m3skh8l5w38j7xwlex0cmajlj6el67rqrwcpzt47f328y2wa4y8079lvr5cc5ulunu709w0mkmx2j5r28tvvku4xl886c3temjlhjle482w67s7mprnw47d07a7auw4hy0l086t75lk9vaafjdmmtwcum8eztc9fhrv7ptkrr5zjv7a8u06ated0485ve0fsny3enhkj0d3d73g75emyhkdanyjlvc8cuxqxqez2frz00jxy7lxqe5vfe7qmnvf9ayd5hjshl9zs78lmk9slm5auejdkap8e97l0y0np873zf43uftt0y6ldj5enlmlg8pzhufdvg0rdenavfyuuyu56t854jny8l0ueuz5xtl5mh7lpxx90nev0rl6z4xfxvswzsx6ka72xdv8jmt4nkg427w75h4hun3r90e9vu8a4t5yt2z4c7yvf6mc6n4h348t0yfkm5ryauqtzmuvure07v84jch8vzcwldm0qdf4uwatuj4xtjfxadlp37x8xf8nupxtz7jl7rmveg5zj2fgkmfdwnewfgkyjdwjewkjejxvfvkyn4ztemyj7nw3eukys27kfa9ye26vftx5cve293yy42e2e9ynvn4w9q4jjv204992mjp24a9rxtw2edyj4npwe49j72pjft9y6tw2f486n2x29khy5ja4s7vwd8jcjfdfukqej20emxn8ad0e2erxrsgwv8hz2fgenx82t723ve0fr9gpgyjln3se3y6nz2vffelrnt3xdmq3neh3u6js2fkwq88ptd09eyq6rgdfe9nfzx2wrylulaqzenx3ayg88adgatn07pczvrng8rxje0x20kxgsmll7vckrsyw7ahemv0keunzdxgl4pxln4sm80tkhjde2w0nleq7tf0zwt6utu0llum72ysly0v5t2ve99vet9dxsk5etftxc4zanehxj4nqt92956n0nkwxukuj23wf38jutktet8u52wtfhxv7vf2ejhj5ve5fgkvsxxfrujapjnuvjp4kgqegkse3veq7kdny4x3hyh60lclng74276uh55799z8je29pt8w678nhyalksxh0llepzvuym3tef5pp5g9653yjqqukell8270m4yhh5dxt6ll03wdeg92mwnuamx6kmm0zpymw0t2h9m8mca9ard962d36zx89ya5df6zg7n5yzdcvl6zylqsfkzy8j375w4al4fwtlzjp8fz0ml5zz0ne6nh9td7xmydwlzulj5zsk8w6v7l2upeqa5fagcd3gxya2q0f65q77sfu4a8wlsfpa8q99d4kylspwg00yj5s6xg4plpr58swqs4plcfcad0lpw89jt4lztmkel05aaehd4hd43xa9lm3uma5r02ml02nmr54cm4etwnts9wsvxhesv86l87l0lhkmrx05famdhzlz4mfaak7te3x2whm62ec28ghuu7tll6878e8xuqqx4lqx60cmukd05hs0lqmt3w233r5gdenj30huupj6kxjhj3y4em66hwuyhlhxudfvx9ac934gveqc6q5w7lhscky37uze9snfdmcnte78xshh46xe76gh02fwea0ynkatxkwn9mq0xgczqpqvs35c822cgd964f3h24xyaz4ch524zk3252682e2jr9ql74d42qtfyxv7a75u7xhmf5tcmtwvn2gfhprkxxwkq7vu7hqmrxmr8vttw6x2c94c8huvaw0qshvnhzrje0nydpzm8nmstn77lh5umhjtns7h7dd2mhf372qlmeavs9662jx2a4tqyrwweqehxstnsmdtwkffhg0y46mjuc80navsqnjz2mn8ja49xqh9vvkutz404dj97vlnrzstgpxpash2gqm2ahv3l4wwn477308dankvu00jhknchlau0l694dmtknjgzhl0974eejvmfdgr8t88a706xc6kyswrhdn84lcgle9p8msdtmknlmm8zdeu6xfemdyju46lkxxdruy0lx6lewm8aje3rarnuauddnkmelg8eumrrhda8f8kqytpx3kuacg802
HOA,offer1qqr83wcuu2rykcmqvpstn08flh5ukegjtekavxhmj6tzgtgdlmg9t8lrmf6may7fkrk2u7kvr24s7nnkj7fs5ksz7ln5lkx24hfjz7tufdyyylvp4rcwux22fw80c4tzqzq5gs2d0qahtwx0wxpsmhksusvlnf8lc0y6uz06mkquhyhe7mdvu0esfdqj4c6587tcuk5f379dfq0deak774c68t6d3t2nmq5lflc6tq4a3s8lcml3wyq26nlumxkajud0alahl7lkqck3kcpy82fjg96lrmmhgsv24dn0v3c4q0um84asvglm7g5ccvkksudlalehl80uyvrrrtyxjrhlzlx85khll4003nx6gw0j0hkae86z4uv9am96nhevyjk43s74xw3aaxkdqqred4qn35y7r324e87vhrqjyecxjetufj2e9we4da7a4clf8vxewj3awqvg6ar2g7av8lc9g5qe5mzm83nsvd6944ahtsutchxr8l79vg3sa6t77kpzkd0hda7agphmazq5nd4yhr7c5lgercrz6g4t9hluf8u6ukwv04c4k9u0l0gajvhag4m7x08ajtnkuw65m03gvdnmddqp2ad6x5hu4yjx0pjzydmcnye9xwkvzvwrczqg39x33xharzf0nqv6xy6lgde7yzujkctaftejpt08lalzsda6wwwexmw5jukl0hj8csnls3y6ewx4ahjpwkm2uml4lv8m382fhw9fz2ehwp7yh5u2tfa9h7ckf447wlf5a8r3mdarxdz8lmmekp00872z57gxyswy37ukd76wd58j8g4mhc4220w7h9jutnnt0e8vg8de259tjq9cl50fkmg7ndk3aymd9fkmcqyhasgzmlu7ze07y997c8qv7m7lvmtqef4k092uk5kdjexapupl7k8xexrkp7dz7nlczngey5jst32kltavj3vfyk55v74ej5zej7vfykyh4jfelxjjn75eq45ut7jf395e2jdfn85anpveycu6je4eh8ycne0fexzcjfnxuejhnfnffy25jxg99xuet324n8y4n7t9f95nje5ff9ngnzd9a9ntnass60wpxj6jevfjksljkdflxm8a4wfverqrctwyxhp29gf48ldt623zc0gr3fpw9zenp3ehyjszj0e8chznmjxrmshne4ps6j52pkwzxlxt3v94ys6rs0fnytvzxf7f9lcl3zznjwsav2hpu4walnl5qqxv0jg9z75ely2phk0slaludqhrmc066hcajs7lde3hwalu00jg2kl6erfe8jd604g2hy07za9a7m80mlll5ewwyceyhv5r2va3x2um3d9uyqu6x29h8shm6g304yu2l095ysnj20e3hlvrswf46ykdhjpc8wkug0x9xj3nytankqcz0jwcvssx8pzuxl3cjytj34kqpptkccpqnyv4ayw375m8v4hnrjjad8d8hgrynvf082tt2u30l4x6f96nsfk7lll37v5p6d2fe47y8vw5f9e5p9jvpukehuhx70l4gk8kd7w6rulnwdagatm2jvamk6k460xpu670tjh9nxt6uamr482yvf7z2892a5vf7rgcjuqzacve6zqlvsf7ry9jal5w54u4adtnzjy84r047u8zhnf6jlyt4ukay9flxu0s524kmd6y782uecsm43mgsvp2xy725vfu4qm7g2vaa82lc2pmxcr9fhxz7sxwgd0qjv36z2987fq5r3wz34rlc2clvlup79a9t3fetev7htavuau9etwk5tsfq5mnlsawlku5w2cc3t6mtv84fq2aqcd0nqc0470a7ll0dkxvlgnmkmw979tknmmduhnzv5a0h54ns5w30eeuhll50u0jwdcqqdt7qd5l3hev6lf0ql7pkhzu4rz8gsmn89zl0ecr94vd909zftnh44wacf0lwdc6jcvtmstr2sejp35pg4lfmje0q28nhvamlhdhz3v8vu2mkftgn39lxqmwktpw5765htp4mxluru3zqvq5pjzxnqaffpp4h24xyaz4ch524zk3252682e2get42gy4rl69k4gpdysenmlmnnc2adw30rdaej9gpxu5wcse6ure3n6arvvtwvasddmcmtqkhq703nacuzzaswufw09wv3uytg70wpx0ml773nwlfwwr6l3440way8efrl08hjqktf2cetk5vqsaemyzxc63wfxtkn78gwya8ljslf77pxgl87leamh5mzzlw0crcn6zu42vjp5p5mz0l3pv9cqr27gg4vpanwrk79ce833hl7tvewcat5sru3ma38x7uz0v4wnjnnmvxmchvnw6h5c8c55mlfxnh9m4hyw7k9sx7pxylx78hzhtfxhfukvaw5l26lhlmdzz2vmrrchdfdnsw9w7euhhjlzr0vzfla92d64jchfh494ajtafcpaem7a7qgqdmtyhxvg4kkhj
HOA,offer1qqr83wcuu2rykcmqvpsdn7624yc7lsc6yhm87thkfl8wa5km705cm2tpm2wwlwl6hsp3m9d0466l4crywuu6ngp9wpllap9dmsapmyk8k7zzf4qh3q9wl84pknjvshe9qcgys9x5sjm48plmrsma3cqdfk0fznl687wwex4qmuwmstyed7h7mlqrkv22gvjw74e7n2y4lz5ys8wclmw0vl4959pclhf6skw59la0sx6cyr0udl787qdpgr7altxe0k57rlmll0lsh79lm36wxwrcl97e3ja05w67ltl02ld6syq5thtth6xnslxj79se9f2ndl8ldletlptpcc6fp5culchlsmnhm6ncf3lqgrlngek4cezlatp8lxvhhglju3nrlkpmsl47cc6ftdcxq4v9a5tdw00874wtn6hs68thhdhwkdawmksuuzc83k35u55ec3cl9wyg7336k53amc0ls229xctz52aewj07mhla6dxyl9x55n3meaw7vke9jxc5ruc4vljkhtg9ldy296v9u42g0aees7zmxhajw9lnned8r6kaedms7tguh23vxg9e4nuxd47m6lhrj0tfj7e8qc2l2nznfrjau77z9c3x0g5z2rd667tzfl0qftqzcuxqxqez2frz00jxy7lxqe5vfe7qmnvf9ayd5hjshl9zs78lmk9slm5auejdkap8e97l0y0np873zf43uftt0y6ldj5enlmlg8ylxg5wu5havtkuukg8mkrsnxavf6l4n7h9fp27lfcz3ej5lwxgaqadp00872z47gxyswys7cka76xd58jh24nkc4260wkh9kum3nr0e8vc8d3t59tzz9c750fkmg7ndk3axmdyfkmczylusgzmau7re07y89kc8yvwe7ldm0qff47w92uk5kdjexap7ph7k8xfxr7p7fz7nlcrnvey5js232klfavn3vfyk55d73ezkzej7vfykyh4jfelyj6n7sesh5527kf395e2jdfr85ut7ge5evctesfdx5atpg9s4yanjtxfxzln3v9shz4jwg9uezhn9dxt8z7t20e565uvkgf88uejwt9g52jvass6dwf8j6jfvf6ksmjx0flxm8a9wfveryrcfwv8hp29gf4xlft6232e0grpfpwyzan33ehyjszzde0ehzntsxtmsnnehpc6js2pkwz8lztpw9ays6rqdfm9tgzxt7pylul3qzmnwsavghpa42a0nlupqzv0jg9r7se0x2fkktsllluvqkkyhgn7ane0n87463004s8vyphut4hv57zk7lh4c70k6m6wfqate7h9lll5mwwycay8v5t2vef9j6dx39u4nytef68xjkvpk9y6j72k59ghrzjfv492vj262xq5jln9tevkuknkw98xynnwdfht5ut2wf3wvsxxpzuka3sny0jp4kgqptkccpdx3vk878tlrk0lta7n0s0483w0enhdecsldljydpr6yez8x8xwqxxnxspxwzdg4uu6lz4yqazfjdqqvtyllh4l9ajntl6x3940lhchxuur4fhf7w4nd0da43gndn89ht6uneu7j73hje9x6apzrjj7cx5apq0e6zp8uz0drz0sgympzr3flw82ulj4h9lptqm53ra06pf8ecaemj4hlrdzyh03w0e6rgrzhdxl04xpu5w2y7uvxc5rqw4p8sa2z08gy72wnh0ey57rsz6k6mz0cqhy8njf2g9rywsls36zc8qc2shayuwxhlchzslfwd930ulxz702lnsgkeu0m8khpl9l803vg44a9umpkhuc0gkfhysdwcvk3eq08678ulhlhkmnz05tamvhyl64mpua57mm3x27nmzteut8vhyu7070u879e08uzqw5lqx6fctlkdwyhsllqht3v2enrcgamnzs0muurj25x7hz3yacm66hvuvhln8utfvx94e9h4qveyc2q5wuaydhunt8ntu5975s50ky0lttuylh9muhvsazgkjyr4gnnnpwj0ft68ukzuvssqzzxmpdfgfy4ng429dr4v4yv4643jh25xza25cm42sz4872pha2pfyqhjtumlncgaad3hrdhejxgexus0gjewurasruamdvpwyas9wmk6mykhqwtstlcczjl3x7fxw9xd3lyt2w9wf80rlwu3m0le0w9m834dv7m9h7frulphjrkmg25cn555rqhctxz762nw0qlsdvls8d8wlp4kedephd9n6nlaw0s7rkle4079y0akw8y540xamh0lf8vecsr2xfgdvpmjxxxhre3cjtxk0ucwwpalm2gck9ehpc6lju7vn40npdtah8ws8xm5rn6gmwv6tymuwldeagsm3kw6ukyw0ayefu3gefvkdd63cjf7l6a8477ac0zt78ruqn8rf9jl839dhur448hcll6yegdrdlllj4h3h6vu78dzw7vvxspz265uzqe9r4ur
HOA,offer1qqr83wcuu2rykcmqvpsqjknlnat6hdn20ajwnht75vheh8cl43k7kercxlr7rvhmjx76t3d26wknuwxet48z56qfmj0n7cftka8g0e8395ssnag95tptkeeg95uly4ufqyzpypf4u8kafcf7cuxnv7zrjdn7fyl7punmkfhgwurjujlxmd4nhl7q9sz6nrznl4wr56398c49ypak87mm6hmfargx8d6wvxnaplmtvzkkqqllr0l47spg2rlnw6mkta403l7llmlsyy0dl7r8t9mrrwem44s8dwvuk7xd8xu8qe2dh7ua9mhy04wqyrkpaud0alehl80uyvrrrtyxjrhlzuwy4ulelj4jwjdgyhvn7wtzau3c00at8vh7caeev6s6f997dfm76tt4wpsdmwl5cu5v54lz5fx6s7z7ukaa7wmtlftjglu5z9j4smnawdr042c0fdrz88w6j8h0ql7pkup7n32m2g9r640h8lam4tzd7hqtjlvmg30y7kq4wxhkwmnww3j8xxxcg7va7h4haesa089l28pv7a3wdv9uhz5m5kfkwlwc9usrqal43ekn7tzw8m2xexxfls40acd95vnh02aajukthtme5wckcctua846smcncg8pe7g93cvsvpjy5jxyulydfe7vrnqcnhup4xsnt7gtf0dq0624ru87hvt3lhpmehymd62wjta7ugl8z0azxnrzckkkufalmpfr8lllsfxlwmz2xjmha89s7elwzznhylljwj3kal6pa62m0wvf4jtcjujauzze7rly82vjvaqv9qd5dlu5v6cw9khm8v3t4cadt0twe8zk2ljtec0tghgfk59tnuqcn4hph8twrwwkugmdhgxeecqh9ncf6867uc0m93xwc9sd7m7lq6ntcajke92uhyjd6m7npuy0vk08czyk9a90787cj3g4y5jsdjj6l86uj3vfy64yjad4nyyejavf92yhnjf4lx4znaveq44vn72fs45ejjdfn8z6nztxveyjd7d9xc5u2xgkj6552xg42kjk2kdfycmvn32f2ku3j624xk2knfver8vlt72fwmz6jjt9vhnfpucu60d3yj6nevfjyslnkdw066lj4jwv8qsvc0wy5k3ryvw4hu4zmjkjxwszsf978rpnqfa8yscznn78xhzumkpr8n0ne49q5nvvqwwzk77tsgp4xs6rstwnyg5vxflel7q43x9r6vs7d6j36hxl7rcycrxqwxd9j7v5lvv3phll7eev6ptr4xtaml2yu7hk8aqmhzul6ku66e5h790ylwrhf9gdpd9ek95g4j8llaxmn3x8fpm9z6nx0f9xv7j20e8fy52kseuhadjfk9v5jj29069yjk2et9jk252ew2fyjunxge32jkv409yev5tk0e39us2jtthyp3sgh9hvvyerusddjqq2akxqtpcamw0tv776mav7wlteacwmhv9dc72q8kvmrs8l4fml76dl9s8558m0lluspxw2dc4uyelzvyza6gjfqqwtvllm408a6stnmxh9ddllehxu5z4dhf7wandtvah3qjdl843tjan4awk73kj4yxuapprjnw6xylpywf7zpxuxwapz0jgympzre2l2826l2kh9l3fqrk38ul7p38e5aflj9kltvjzhlnw8c29gmphdx0t4wquc06q75vxs4rzw9z85u2q0lgyk27nh0cysln5zj56nr0cq8y8hjfwgapyz3l532pc8pg2sluyu0khlqh0vl6m8z40aawt6a97v82p9xutjeyfvmg08866ud8h66hg2fgttxejksdwsvxhesv86l87l0lhkmrx05famdhzlz4mfaak7te3x2whm62ec28ghuu7tll6878e8xuqqx4lqx60cmukd05hs0lqmt3w233r5gdenj30huupj6kxjhj3y4em66hwuyhlhxudfvx9ac934gveqc6q5w7huypkwpyazkvu7ffvkltlf4uanc520alpv0gr2cm7ve36jk0h8w3xp7g3qxq2qeprfsw55ss6m42nzw32ut6923tg429dr4v4yv464yz23lazm25qkjgvealaeeu9wkhgh3k7uez5qnw28vgvawpuceaw3kx9hxwcxkaud4stts08ce7uwppwc8wyh8jhxg7z9508hqn8all0geh05h8pa0c66hhwjru53lhnmeqt954vv4m2xqgwuajprvdghwndy0mcvm37htv0uatet0l57pdhjmuh9e9c9yh4q4newmxjnynla0f8lcskzuqp40yy2kq7emptn8hwtv6fljzkw6ezaj9thcwfyxjmzalyq3l0cll0ydvrzahpmjjmer7wt4ad8wtxsr359ewn2fnswm8xlp2n0hw9wnhfqm7m7jyt945mf0999859p5kkdgnealkm0npumfe7dmath70zjjvn3e87mnhmtdchh47asqs7n58vslrtp64
HOA,offer1qqr83wcuu2rykcmqvps8jc26jxl0m3wnrkkpcejedy437a3l8zt0nmtkckm72vdxmutgg0xkhp3ltswfaee9ys2turl0cz2mh96n5fy0duy5n2p0zq2au02rd8yer062pssfq29gp9h6wrhh89htpsgmng7z88l50uudjd2phuahqkfjma0dh7g8vc55sevuatnay5ft79gezw4slku7ml22gwr3awm4pgactljlqd4s2xlcmlu07qjzs8at7kdnldfv8lll7ml3wx8vnrfmfua2zm9a4t27s8ec9466kpl9nulz6k6g9qevuk2hwmhxhxq75fynlukscvaxsxwwdurlq90ml8melqpwj9veslndck0th259y5p3ytp8g85hjmxf89uwevde9h5pqd9lsmytu0hxl0gu4nd3uzqxfxufwl7dk2ar73lhvh0e2gsl3wdmz888gu3emk53amc8lqvlxfruhw47xlcl8h449n48slmxuehdx7k0ht0sk84u027m33j9xal39kz8pa854hrvjewj3uz3fa3atykfcl8dh2jxfnckxdtsanw8exrawv4y75cgvwel90hl5fkd56c2vvh53fg5lq50r0w74twfv5tjsx7lg3r7cfn8pnpsxqszyet5uf4hfcstvmrw33xh6zw03q4ya5zlt2uvstmal00cur0xjn4kf4me9hrhruuel5qlvyfzkmn480uut956l8l3w4qg57klkf87n42lfm8ejkv3zy3lcguvluevmsszddwj2ryah76vq0mc9aclf22ncqcjp6j8mjehtfeks7vaj4whr4dfae65kt3w7ddh9a4qa492s4wgshr7saxmap6dh6r5rd5axm0qqjlkpq00lncr9lusy4mquphm0manvv89kke54tj6jekt9m58s9ljeulygwc8c506llq2dryjj2pxy2malhj293yj2s3mmhx2stxte3yjgj77f88u6g20mnyzk330mfxykn92f4xvxn3hyvln4je29g4vkj6r95ayaj40ejhu429dfg5us2j0e5kyu37w8m8z5tjvgqjny0f7e3xuktpfeu4j7fp8hzrfa6yjt2093x2jr7we49umdlj4f9nvvqtpacsju9v43x5lu4tf2xtfuq29y8cu2xvx8yujtq2f0yl2u2twcc0wr70x5yrzt3gxecgmaew9qk56rgwpdxv3vsge8myl7r7ycgwf6r3327865mh70usqqe37eq5tmnru32xke78l8a35zkmnumnfhv0ac20rhemj8tatc6y36mwtr2lka0tj23j9wx9wv4ga5tll7dl9zg0j8k294xv7nfnfjhyan7d9lx2et2t9cenvv7d9ckv7d6249xn9nwwxtyz7j9g4shrzt3te88vunx2xmy26veffchz7twgrry37fwsef7xfq6myqv5tgvckmn2kxkg70r36pah7mske8mrjlft6vh06rnm7rn5n4v4nct4dhl230d8elaluspzw2dc4uyu0z7yzu6gjezqwtvmlth08a65trmxl9dfl0ehxu5x4a4fkwandtwah3qkd084etjen9aw7l3jj4xx5ap9rj3w6xylp5vf7zpxuxvapz0kgympzzewl682672kh4a3fqrj3h7l7p3re5aflj9jltwjzklnw8c29gm9hax0r4wyugd6gl5gxq4rz09z8y72q0lvyx27nh0uyqanurj56np0cp8y8hsfxgapyznl5s2pchpg23luyv0kllq5lrslh4f4y5alrv4vgh4eylgp2dny5dmk8t4cn7gud8ymukd4x706gqhgxrtucxra0nl0hlmmd3n86y7akm3032a577m09ucn98taa9vu9r5t7w09llarlrunnwqqr2lsrd8ud7txh6tc8lsd4ch9gc36yxueeghm7wqedtrftegj2uaadthwztlmnwx5krz7uzc65xvsvdq2rwfzeka6563cgkdnf3tjuf7sku7835hjflulxecxlvvl793dnccmw8qkz7vssqzzxep9fgdy43gat9fr9w4vv464psh24xxa25cn525z4972pha23tyqkjtumancfaadphrdhekxcex5s0vjfvutasruaedvpwyas8wmk6lyx4qwts0lccz673z7exw98d3lyf2x9wd8lplxa3l00e0wym8340v769h7eruhphkrkeg24ch5y5rgkctxju6znw0qmr92z0wvns737p8jzldxa7875nmkwl8x4k9d8r9k0aer9z5l7np866mlugtpwqq6hjz9tq0vnsuwrz0dc556a06hnlzxafulhedkz2vlktsdyw0drmrsfzgs7w0nd3a70lyx37nhqy47ksw49mrza8jd7cpfuj64hka5u70y02rdmjfayf0wfe03de0anhatx7ks3xv55ckewgrkt45u6kdjhkra7uq5l774m5hq25zgq06wefuc4naxsq
HOA,offer1qqr83wcuu2rykcmqvpszj5rdtg4tlc8ndm8sw2jphdw0jww953ks96l78amfhvnlnwtadlnekwknuwxet48z56qfmj0n7cftka8g0e8395ssnag95tptkeeg95uly4ufqyzpypf4u8kafcf7cuxnv7zrjdn7fyl7punmkfhgwurjujlxmd4nhl7q9sz6nrznl4wr56398c49ypak87mm6hmfargx8d6wvxnaplmtvzkkqqllr0l47spg2rlnw6mkta403l7llmlc9kal6gd4w00sm47hu3tlmhfc3k30eh2ehs4xdeamkmkfny2n7sl6wclkn78lmlj87z7r335jpfeel30eqllmdfdqqeu9765e8tuazsmueaa76jald5rreu4ewaajscwnevlkayfhqcya68lpul7qce0u46kwaayktpetz0a80fj0latteal6nn5h9akhh7jzc8vdw34y0wkrluzk22h99dt89zkftl7fp0t7e98x8u2hzdw3ksstke8wdtvwar3454mgp0mdzt746juhltqhajdh338zwzgle2a5cvdhh4sl7qgz4zq0n2elqywndjz7h6uhret5h4j38ckfql35ce90yfmlc3x8tzlfkdtdhnpmlrst44652ecvcvpsyq3x2a8zdd6wyzmxcm5vf47snnug9f8dqh66hryz7l0mm78qme55adjdw7fdcacl8x0aq8mpzg4kuafml8zedxhelutusjfyng6hxazut7mjk78kvmjmfludr2ckc6g7zw86hn54676fefrjwrqlkra9f20qzzg862lw2xad8x6tenk246uw548hhgj309le95uhh5rkyh2z4exzvd6t5mt5hfkhfw5dkn5nvuyzt7cvqam70zvhljqj8vrcxldl05de3uk6tyj4wt2txevl0s7q87t8nu3ptzlz3ltlvpf5vj2fgxcet0n7wfgkyjd2j90xue2pve0xyjdzteeyulnf3flxvs26k9l9ycj6v4fx5ejjd93y5hjpdfh2tz23w9yhaxnfge88zhj40224z723dfl8jsvww9d9uu27vkr8z5n9j2ucjjt9d2h8nfj34c7ugd8hcjfdfukye2g0emx583dll23yx03cqv8hzztc4jky2nl64dpgf08cpg5slr3qesuunjfvpfpurlt3gdmr3lc8eu6sswfxyql8pr0l9c5z6ngdpc95fj96qrylunlswcnp3e8g0x9tga2n0lelzqqrx8myj30xv0k9gcm0elulk8sdrwgh6w3qgtmumq7znd2hclqrmmn6e02d90lhmpv4hnx5j34felm3lllal9zt0jxxg9a9vcnfj48xy3j3gxh9rz260xlxv7twtfeyng2pw9y6z62jg4myny220ey6zkdp0qagetjw989yujwgyf9r6jqccytjmkxzw3kgxkeqz9x6ry9kcrsa4ty2ek4cady7sctkj50kt34zja8l9nnt074t37vxeq6yrhv8zllllp6vuq6ptee4p9zg96yjy6qsckp7l0t7tmd8hm5dztzll0370esx2hwnuatx67mttze8mzwtwh4e8nea9atw9j2a46zy8p9djdf6zylr5y2wcq76xylpsdkzy8zj7cw4mld2wt7j5phfzr6lkz6wn3mn49t07x65twhzulnyxsw9w6d7a2vrevu5faccd4gxqazz096yy7wsfu5d8wlnfdu8q94v4jyljpwg08yzks2xgap0rruys2pshp06fuuddl30kr4lkulrjkevfs26vxx6h87k387dkmjkxz6jw6whk0yk0vmwnryqteyqt5rp47vrp7helhmlaakcenaz0wmdchc4w600dhj7vfjn477jkwz369l88jll73l37fehqqp40cpkn7xl9nta9urlcx6utj5vgazrwvu5tal8qvk4354u5f9ww7k4mhp9laehr2tp30wpvd2rxgxxs99hlzkqn8uh426atju4d0025lvgvt95s9sspzvt6g83cjxg6yk072w8screjxqsqgryydxp6jkzrfw42vd64f38g4w9az4g4524zk36k25seg8l4td2sz6fpn8h04883476dz7x6mny6jzdcga33n4s8n884cxcekcemz6mk3jkpdwpalr8tncy9myacsuktuerggkeu7uzulhhaa8xaujuu84lnt2ka6v0js8770typwkj53jhd2cpqmnkgxde5zmw9huppulze6725jg8pu7d3yarhp9hajant0meunlexk9ahgwwfu4t0uplxx9skszdrmpw5spkdeat445pd0n987fl4tqctja46lhkwh9swzaddt0faa0qtndlne6j8w09kl0ajfc6uupa7f4648lzu03r5s30dmvpkxaq6u6zlm6sd9w4cunp5uram5teql3ruhqdxn903hvkwuah0n0t0n639llm5p6nejkcw6ckajdskq8002w5jdvu2ec
HOA,offer1qqr83wcuu2rykcmqvps0z4hr8j2w3yde6rkahxv0a7uc8w05wekt7xk5wwyy25l25hclnd28tzkruwxet48z56qfmj0n7cftka8g0e8395ssnag95tptkeeg95uly4ufqyzpypf4u8kafcf7cuxnv7zrjdn7fyl7punmkfhgwurjujlxmd4nhl7q9sz6nrznl4wr56398c49ypak87mm6hmfargx8d6wvxnaplmtvzkkqqllr0l47spg2rlnw6mkta403l7llmlc97v0lj44xkx0n5gxk030776l86xv5a8kvje4m72u7atntk78xhcsjdvv8lllyml4kxrxfspnnn0plupd80038vha7z4c2yatx4axhawy5ex7dth6glddg80578yc0nuw7v4wm8svpx3a74ed300lz6guzh0ayul05al0ducamg0junnk4ygvnhawsw68amh3nrt5dfrm4sllqkynlr7uukgx20euvxvk26ka5x62c8djz5lafu50kh2ylvjjz2v89egqmprj0fd5ryt4lvawxkgha5d66rud0xahcmn9ju2uj4fduzautyvu5e027658vnej0zj4z577xmmkkw0l5sf40sc7kgvq57e5fchhj0athalazqtsescrqgpzv46wy6m5ug9kd3hgcntap88cs2jw6p044wxg9a7lhhuwphnff6my6aujm3m37wvl6q0kzy3tde6nh7w9j6d0jgq4jyd5l8g2jw9mtx7dkmll020xs3n28vq4f3mrau2pmmhvlmxdevtmel6s4tjpnyrsyrk4h0k3nfpuh6avaj92knn44adhyuvem7ftxpmd2ap26s3w83r20k6x5ld5df7mfzdkuqe8lqzskl88s7tlnpevk9enpk8hmwmcz2d0n42h94djvjfh20cvl33ejfclstjch5hlqumxt9y5zs29h60tyutjt94yrt5724skvnnzt93yagj70eyh5m5xw94yzh4jwfdx25n22e3xz6deseq5z5ne59nxu6j9feqhyknfw4ck5kj6v9uc2an2gxt9v7tfnfskyanfv94yyeje5e495jvpn9mxyndyxnrnfukyjt204sxvnn6wekeltt62xgesuzrnpac6n2zvfn667j5tkt6qc2q23yhuuvxvey5sjnx27dc56ufn7cyv7dc0x55zjdns3mcz6tewfqxs6r2wew6q3jhsf8l87gqkum58fz9e0f28tullqvqnpu6pgm5ktejnd3jv8lllry9aes70unuelr033pueeufpdwn6098jttze9qmnlnvs2d7a2494zrxgl0lm72vhlqvvjtj2e4xrfnfde8y5mj20egmj4tejxe8n9j30xqh6ntzv4tyz5nxvxzhv3jw2fjhv5nj2fd8ryj6d4s4vkva29ny5c8wgrqsa0ntcv2z9cgcmgzsemv2qxmja4sga0ftn0mm0774hlhkr76egzllhtgxmzy9ppcastcas6lpgalllgvn8px527wd03f2qw3yexsqx9j0lm6lj7ef4largj6hlmutnwwp65m5l82ekhk76c5fkenjm4awfu70f0gmevjndws3pef0vr2wss8uapqn7p8k338cyzds3pc5lhr4w0e2mjls4sd6g37haq5nuuwuae2ml3k3zthch8uap5p3tkn0h6nq7289z0wxrv2ps82sncw4p8n5z098fmhuj20pcpdtdd38uqtjreey4yz3j8g0cgapvrsv9gt7jw8rtlut7f3d0tk2pjulgmnfjjf7dy3d47n5mxc574rh3fskkauc9a5rmdlmrpspmkrp57gr37h3lhllaakccnazlwm9ehu4wc08dhk7ufjn576jkwzem9m88jlhl3l3wtelqqp40cpkj7zl4nt49u8lcy6utj5vclzrwvc5tll8qvj4pk4u5f9ww7k4mhp9laelz2tp3dwfdd2rxgxxs9zhzqn7jxfdlr952gddada6gf7c83a06f0w7lqqc7mtmjrkp0aktl8k2stj52pszszgg6vr49qykkaz4ch524zk3252682e2get4tr9w4fqz50lgk74q95jzxt0lww0pt4468udkhxg4zymj3lzr9ts0xz0mkd3sdenkp4lwrfvj6ure7z0hrsgtk9m39eu5ek8s3dtcacyea0lm6xdml9ec007x544m55l4y04u77gzmd92rpw6ns2zhrvs2mt29evtwl8hahavlcnj0nwru2h98uxlktm700ujxczdawf0lrua7dluv06hla8uecsz2zfc0vp6jzxkkf0n5dkj0pwk00w0670x0lxnf3gct7809r24d4hd5rfty7rnmz6a2xlv5tnsa2e4cnfx49tst600dlntx2zukklu37mzutppkkdf7tya8p0m60nvgkuywtka768v5y7y72rcd458tj0h4whenxvchcmtlnrraewq2q9h87fp7kv5cgr
HOA,offer1qqr83wcuu2rykcmqvpstjuu2ww3u88ffwh5u0k278tapu99e9mekmkk6wk074uaummclllm4dxnd2pe8h095jpfds8alxfmvuhtwnypuhcjjfgd7gp283acv55j50l32xxqypg4qy67f6wkuu7uvzpn0dregclxjllskf4cylhhvqewf03akmeclnzjjp9t34205k3adc3r5t6kq7mnmdaetp5wh4mxk98kpf7nlpkkp2m8q0l3l7zcgqh407ekdae9smlllm0l4lvpfu0wd87duquv9krft2d8349dn4njdslh6my696hvfy4m662c2jmkx478lmlj87z7r335jpfeel30uqtskk46a6u7rackqjjglcltydld7pyha7k2dmzu7suwvztqa00u9x0qgzfdeauskk3855wtgcx6e9duvt9a0h6wfl0vgkl9l5n5vgfwat43lcuz5vguam2g7aurlc8kc9ynauu4gah5wh03nmdv9ahvmhthqt0mh2aytfcnx6lxlzl0afvgtas3erl8uxauaydju72acek4c9dn4myyffdc5ektj68dltjx39aekfdenhhewxzk6zce0mh2l5m66jde8ksw0w5udtx7hfjhexuecath0wj06k0gprsescrygfqvem7q6nhug9xf38tcn2dp8hcsxj76pl5428c8awuhnawrhn2fkm5uaynma637wyl6y0xxy3fda6nn7kxjkdlhlq4jjhvezn9w69u370jw7m9pqj6nhvk46ahegtjkc8xt37843x30tjllxstm37j548sp3yr4y0h9nwknndpuem92aw826nmn4fvhzau6mwtm2pm224p2u3pw8ap6dh6r5m058gxmf6dk7qp9lvzq7ll8sxtleqftkpcr0klhmxccwtddnf2h949nvkthg0qtl9ne7gsas03gl4l7q56xf9y5zvg4hml0y5tzfy4prhhwv4qkvhnzfy39aujw0e5s5lhxg9drzlkjvfdx25n2ve3xj83fa8vh54tj2es5233p08j5v0n3e9c4v7n6dfuhj33fd83yjpj37fzjz6d3t808j3n72fqkzct72ejjz0wyxnm5fyk57tzv4y8uan2tekml92jtxccqkrm3p9c2etzdfle2kj5vkncq52g03c5vcvwfeykq5j7f74c5ka3s7u8u7dggxyhzsdns3hmju2pdf5xsuz6vezeq3j0kflu8ufssun58rz4u04fh0uleqqpnrajpghhx8ez5ddnu070mrs8q6mlv0fhvaeslh2k2ea8dh3t4akvdmsvwuv76lf4g0ekx3tyl8j0w8lll5mwwycay8v5t2veet5utzge92z6vwd9nyu6dk49ucz72w02m8z6t7dfeyz5njvetgu6220fc5vkj30eje92tf2e8t4wt328mgp3sgh9hvvyerusddjqq2akxq2m3hlqky56uat6k0h7elwt4zazaxp2tedavtfhazya3nhc8a5hzlrre070myq2n6jw9039nndzpwdyfv3q89kdl4mhn7a293an0jk5lhumnw2r2765m8wek4hwmcstxhn6u4evej7h00cef2nr2wsj3eghdrz0s6xylpqnwrxws38myzds3pvh0ar4d09tt67c5spegml0lqc3u6w5leze04hfpt0ehru9z5djm7n836hzwyxay06yrq2338j3rj09q8lkzr90fmh7zqwe7pe2dfshuqnjrmcynywsjpfl6g9quts59gl7zx8m0lq2ht9u3ltdv6tn04h4az07nklyl43td4cy76k2jcwxg47t7rnny6krwp9cpcmlxpsltulmal7umvve7384d7atc28d8hkme0kyef6l0fm8pgazmnnm0llgmclyun3qq6h7qnflr0je4kn79lurdxyewxyw3fkxw29uln3x02cc2k2ykhh0tzam5jl7um349sg4hghx3pryrrfznmg26y65pllzfal30zcunp5d7wm7y75e7v2f7k2v0t4elx47kfwprq2kz7vssqqzxeppfc0y4sget4tr9w4gv964f3h24xyaz4ch525z4y72pha2e2yqkjfumanufaadfkrfhekxcex5slwjpvu0aqpuaedvp7xasxwmk6ayw4q2ts0lcez77pq7e8w98dnlyg2z9708hqlxa3l00e0wym83a0v664h73ruhphkr7eg24c45v4rgkgfx6a6znwdq4lylnkld2klmuha47ucw5n423l4shdmwfv8w570vxchkfqpvlhyxx8rluft9wqq6hjzptq0v43kdh5l33ln66wa9shlvvn6dtm4urmkfy5adketm8qmc66kekf0j4kwmahl49w3z05ll69g56ksmzjyh6s9r3aa55j4glchd0ushkae8wlr0l4z7n6lhleaf9l7dezuj2kpflel7xqcpm4na8pdxnk6d7wt048ls3apqq0gmuavstxhxf5
HOA,offer1qqr83wcuu2rykcmqvpsdznr7ngnf4g709u5m9cylrwhersq860e4ckeh4elpu7m9lt0rukd909tpl88v9cn3tdqyam8elvy4twn58uhcj6ggf7sz28sa6vu5jcw0n27yqqpgnq567pmw5uyluvrph09peyelyj0ls7f46yl5hvpewf0nak6e6lmqj6p9f34f0chpmdgjru26jq7mnldaate5wn5tzka8kpf73le4kpttpq0l3hlj7gq54rlekddm9u6lelm0lalurhent5t6dm2n0c2lwl47dekgd7uz552m9w77lah4lanqhfrh5h524e4u8lllyml4kxrxfspnnn0pl7p2n0dxdwac7n0nnggj9gme45cl8nqt2dm30d2ww6gmnqvvzu9jegcksyp6k0rc8tmc0yaxvcxrhentaf47jzlxw30zmz77tmjmt0jk2wuapkkcwg6d92gaay80796ynpnnh9nl6hffg723ysv2my060gmtkjwv7tecv9njtmkr9tnjvynuq0njhw6t0f9zmjlzhcnyjww0t9cdkut9dwku7yafa9lqvgs9kl4nwnn7nlgasutdmv0l5hhr9qu44l2mt4t4lxnghsndkgdyw0lynju895v3e59pcvcvpjyysxvalqdfm7yznycn4uf4xsnmugrf0dql624rur7hwte7hpme4ymd6wwjfa7agl8z0az8nrzg5k7afeltrftxlmls2h0t8ke8yaugy65n9hrehe3kdrf7flruams5t94ewj098ul8rjalu40lpljr4xfxwsxzsx6xl72xdv8zmtankg46uwk4h4hvn3t90e9uu845t5ym2z4e7qvf6msmn4hph8twydkm5rvuuqtjeuyara0wv8ajcn8vzcxldl0sdf4uwetvj4wtjfxadlfs7z8kt8nupztz7jhlrlvfg52j2fgxefd0nawfgkyjd2jfwk6ejzvewkyj4zteey6ln23f7kvs26kfl9yc26vefx5enpkedxy5nehed954dfnffy57j3f4e9zej6de5mv5nzv9axtvjjtfw6z7jjvxtyjhjj296h5jj4geqcmxn34q7vwd8kcjfdfukyezg0emxh8ad0e2e8xrsgxv8hz2tg3jx82m723detfr8gpgyjlr3sesy7njgvpfelrnt3wdmq3neheu6js2fkxq88pt009cyq6ngdpc9hfjy2xrylullq2cnz3axg0xafgatn0lpuzvpnq8rxje0x20kxgsmlllvukwsw72kyjgyudecj2gxjwmjd2r69t04349wunxhphnzfte86p707ue88ll7dl9zg0j8k294xvujed9ge2uvw09y5n92w0fcmry22teg4yjd7tea92ct3j9myu7dpw94xjhn2tea8zejet9ucngjx0evhvunfgrry37fwsef7xfq6myqv5tgvcksshdh0842mx6nvmm3lj8v4pundkhqfmyluse03g7ju75t4llvr0t2jh5laluspzw2dc4uymr9kyzu6gjezqwtvmlth08a65trmxl9dfl0ehxu5x4a4fkwandtwah3qkd084etjen9aw7l3jj4xx5ap9rj3w6xylp5vf7zpxuxvapz0kgympzzewl682672kh4a3fqrj3h7l7p3re5aflj9jltwjzklnw8c29gm9hax0r4wyugd6gl5gxq4rz09z8y72q0lvyx27nh0uyqanurj56np0cp8y8hsfxgapyznl5s2pchpg23luyv0kl7q30s78905uhrr424h4tmwd8mjlqugw6k0me2aeehrn9nn3frt7266dq5asedrjq704u0el0l0dhxylghmkewfl4tkremfahhzv4a8kyhnckwewfeululc0utj70cyqaf7qd5nshlv6uf0pl7pwhzc4nx8s3mhx9qlhec8y4gdaw9zfm3h44wece0lx0ckjcvttjt02qejfs5pg4cp47xseertcu6cdhvfj0a0dfd0zew8np472lwlttmlyc04vzy3nevu3jctejzqqggmyy49p5jk9r4v4yv4643jh25xza25cm42nzw32s25hegxl429vsz6f0n0k0p8h45xudklxcmry6jpajf9n30kq0nh94s9cnkqamwmtus65pewpllrqtt6ytmyec5ak8u39gc4e5lu8umk8aal9acnv7x4anmgklmy0jux7cwm9p2hz7sjsdzmpv6tng2decrwjt44qh66wauw7qk7cywjwjl2a54e404kpexas9duu67jcd9x2hwtlp8vacqr2wggdvpejx8aljtmmrlqgw009hlkea4lxwzm0mk8qhhlt2khl7wkcygtksg0dx8rkal3ln77yarvdepu0hu5xsa4l7a3mnf5nv6t8pln9jgpdpjqpll8w7r6cwk5f0jmukhnr49rmufl20raxkekemn70k3k240s699ckfj0k6d8sq0trcelsfeagd7
HOA,offer1qqr83wcuu2rykcmqvpsvjw0q8hum92t9swd4q59efh0tc60dzf0a4whkrfamjpzehz595tnvk0awqerh8x56qfts0llgftwu8gwe93ahssjdg9ugptheagd5uny97fgxzpypf4yykafc07cuxlvwqr2dn6g5l73lnnkf4gxlrkuzext04lklcqanzjjrynh4w056390c4pypmk87mnm8afdpgw8a6w59n4p0ltupkkpqmlr0l3lsrg2qlh06ekta48sl7llmlu9hvzf8nl8kx9h2uk9ttcps4rnvner647njj0h4wn2aa6z9z4mj00y7m8c0l07flutgvxwngp88879lvrm6606mxar66j4vawfrghanc0dxl2dnyjac0tj2s28lnjgwrkdswk7psx24kufyyxz223kpgekex4xh73f38yc08434h6r7xfu6rqcl703r3ach5wg5am2gwlutlc9dc29y3dma9vhwcewlv877830re5rnlv57n9hmpf0fmxa8pj6a829kfsp7w2mlsayd48u7p4nh92h5atn7k4uln0uw96ty8p7u6m6mfxsx4qhk360960lh0f8ffjxwx40m5zms26jx7x94w9j8y4npmdp0uqa8j64zehmtlcycv9syq3x2arzd06xyzlxge5vf47snnug9f8dsh6jhryz7l0mm78qmm5uudjd7uf9eaul8y04p8lpzg4kuafm09zedxhel7tmgj04gl6xvnqtp9ljj9f7dv66a6lud9danek97al2m4t4d59a48a40tqhhra9f20qrzg82glwtxad8x6renk246uw448h82jew9me4kuhk5rk542z4ezzu06r5m058fklgwsdkn5mduqzt7cypal70qvhljqjhvrsxldl0kd3suk6mxj4wt2txevhws7qh7t8nu3pmqlz3ltlupf5vj2fgyc3t0h77fgkyjf2z80wue2pve0xyjfztmeyulnfpflwvs26x9ldycj6v4fx5e3zw8mxjlnpxygarcjwfefyuytenegmjuw4gez4v0neafg5uhswwx99rctx2cqhne2ewfmzv6ww244xz3j7y57ugd8hgjfdfukye2g0emx5hndh724ykd3spv8hzzts4jky6nlj4d9ged8spg5slr3gescunjfvpf9unat3fdmrpac0eu6ssvfw9qm8pr0h9c5z6ngdpc95ej9jprylvnlc0cnppe8gwx9tcl2nwleljqqrx8myz30wv0j9g6m8clulkxq2tphncr0h2u33vn2yeh22cwtld8ae4yldrczlwxcf40yrmxhhw2da0hlml2vh0zvvjtk2f4x26j4fe26juj4tfg4rxt33fe9ucd2txgh55j9w4v554j9tx4y56tjdf89ycn22fj46un90f48mvt3tfgmv782grzs4wn0cugz9egcmgqs3mv0qucwx08hf3f4eamltrprll29543ft9ucs6umswpcgmxzznr8wkkk3llllcwn8qxs27wd03nurdzf2dqgvmql8k4l9aknma6x34n0hkcl8u6rd2hf774n9wd443wnas89hm6uneu6j7hh2c926arztsjjexkapz036z98yq0drz0ss8m9zr3f8v8wa05409lf2se53patm308pcaa6z4hlzdw9hf3w0ekrc9zhdxmw4xpuhwwywuvw65rqw3p8jazz09gyl2zn80euh7rszckzez0eshy8njptc9rywsn3p7zg9quts4avlwzk06h7szw7z7n9nat2pvp23k5uc09du3akm34tnkp2vwezjjz45pyw0c2t0kcyhs9r0acxra0nl0hmmr03m86y79hm40pva577m096cn88taarvv8ru2ww0all4r08urswyprwlgqd0ud7tk560chmsdkcn9cc368xseevhr7wyca0r3gegn66advth0j0lt3wx4kpzkazumyqvqvdv2dfhujgd893eww9rzaw9zxm44teh2lmhpac77ltxtuh7wf25a7z2uyf4shnyyqqq3kgg2wre9vzx2a2cet42rpw42vd64f38g4w9az4q4f8jsdl2k23q95j0xlvlz00t2ds6d7d3kxf4y8m5st8rlgq08wttq03hvpnkakhfr4gzjurl7xghhsg8kfm3fmvlezzs30neac8ehv0mm7tm3xeu0tmxk4dl5gl9cdaslk2z4w9dr9g69jzfkhws5mngy6gpm6tz7eydgg0kl2h38ghm9uatn7cutagskyr4ws5j7j8llnh7amlelxx9qkszvrmpw5sph9ml8v5auttlvjd0dyuf4l0e37q9e2cjg8f6xfy4rt0q2m0ttqapnuhnf04h7gunqstrn852hdcvjwhg0wufh7h9uar4ahwcqmupjufxa0ykhr88cc7rx8mw9wdtran0au3hf9jhpux4fm9d8t9a7jmg5a2374rs8asnqp894yetxvhg58
HOA,offer1qqr83wcuu2rykcmqvpswnja3la3atujaahyq9h72pm66cehhaqnkjplazk088xx98tnwnmu4knawqerh8x56qfts0llgftwu8gwe93ahssjdg9ugptheagd5uny97fgxzpypf4yykafc07cuxlvwqr2dn6g5l73lnnkf4gxlrkuzext04lklcqanzjjrynh4w056390c4pypmk87mnm8afdpgw8a6w59n4p0ltupkkpqmlr0l3lsrg2qlh06ekta48sl7llmlu9h99s6eu5j7nz6ytlz7l5t7pf6lmfns3makfjt8u2z7jafntuyj7gp4zjkpu4ls4suvdys6vw0utugxtalzc82ee33nrpv4vw6y0u905xmca2w2r478nwjuczf0d4mty8mlqqrfwu8pelwmjfxmhat9g40u3a7tz27xx8atps586hdruvuyrshew0lvdudgcat2g7au8lsy06h6he67r4y3wvj0mwclfzy26aee8nt4x390lje0d9ww55fmhpx7s97cglrwr97jlgpn50v7ee0trck6mnxk9r6h4yepd0auj924qv9a6mw8wefy3vv04qna2mn0d085uypcn0clqg4pdhh5nxjwrampm2lldwnvr5760sfsctqgpzv46xy6l5vg97v3ngcntap88cs2jwmp049wxg9a7lhhuwphhfecmymacjtnme7wgl2z07zy3tde6nk729j6d0nluheql7fv9lyq45amhuytpu20xdcalcnc9drmphf6awnxteysm7e3ns6k8s0mp6jyh8cppqrd80l9rwkr3d9uem92aw8t2nmmkfghjluj6wr669mzf4p2uhpxyad6d36m5mr4h2xmf6pkwxp9avwqwelhnxr7eyfnkpur0klhcx5c70d4jf2h939nwk0kc0qrl9ne7gs930efl3lkq568f9y5rvy5helhy5tzfx4fqhm0v3qxvhmzfz39uuj00e5g5lmxg9dtqljjvddxg5n2ve3k55tkfpl45jrmv7j9jjuehpux7u6pj4y9jhn3weq4v4d609hysenkge898gmggk84j52qv9hks3txvxhcs0x9xnmvfyk57tzv4y8uan2n6kh74vjn9c5pxrm3p952etz4fl42k5554n5q52g03ccvc2wfeykq5573a4c4xa3gautu7dgg9ymrqtns3hhju2pdf5xsuz65ez4ppj07tls8vfsg7n58nx45w4fhlclpzqfjrejfghn88mzyvdlal70trgthcvyveggykzcdrf9l8kv7u9t086c8gkemw7fe75ctulfx6ya6swwllln0egjru3aj3dfnxye2kgez4ykt6v9ry5s2ek9c5nzvx24d857d3teqhj7j4f9fxv3nzfx4y2njpwxcmzanwg409ynn7fe25jcjqcey0jt5x203jgxkeqr9z6rx9jg0zlf8xk99m740vaclkjw7n7ndanxjg3jx24d0l477d9t6fd6kdevdllljqyeefhzhsn2udeqh2jyjgqrjm8luatelw5j7735e0tla79eh9q4td60nhvm2m0dugyndead2uhvl0r5h5d5hffk8ggcu5nk348gfr6wssfhpnlggnuzpxcgs728636hh749e0u2gyayfl07sgf7082wu4dhcmv34mutn72s2zcamfnmats8yrk384rpk9qcn4gpa82srm6p8jh5am7py85uq54kkcn7q9epauj2jrgez58uyws7pczz58lp8r44lu9scv75r2manlp7a5k884td6wgmfeth3ul6726eafnpkwf4tjajhlz2qlvxtgy38lu0p7helhmaa3hc9jax0jla24s7w600a5j4df4n9u74hkr3w88087mlzshn7pc82r3n0yyxllxhytgdlut4ckave3uygapng0u72pe820wm3gjvufad0kk9ther79uhr2mvsm23xvjv8qzxwya3lnzttt5kz6slau6fwht4alzf2cs0wkk25d4um9t8r428y4xg55cyjct3jzqqggmv949pyjkdz4g45w4j53jh2kx2a2sct42nrw42q25legxl4g9ysz7f0n070prh4kxudklxgerymjpazt9ms0kq0nhd4s9cnkq4mwmtvj6upewp0lrq2t7ymeyec5ek8u3dfc4eyau0amj8dll9achv7x44nmvkley0nux7gwmdp2nzwjjsvzlpvctmf2degpha9980ddarj5n2ww4nvw8wtwumt647c8kgp8jl85rs8hj67j902zluyan8zqdge9p4s8wgc6m96mkmu0zh6q3lxpnn6tmcn95f57kfaja7szsh6a76km4h9d9qd9flzmknah6edrq6vh496rg9rv0t9sdjwqe0wlnu545lxte3d0h68wsskjuv7j0huyfd6hkfpmtpl8a9fekcjalgtpt8x0mtmldajtq5n7mjxyq9tv5v5gyxxr37
HOA,offer1qqr83wcuu2rykcmqvpspzegfw8aek00r2lhhmrj8nw8cgx7009wtnux53jlx7w0prfn7mmkt07ml4crywuu6ngp9wpllap9dmsapmyk8k7zzf4qh3q9wl84pknjvshe9qcgys9x5sjm48plmrsma3cqdfk0fznl687wwex4qmuwmstyed7h7mlqrkv22gvjw74e7n2y4lz5ys8wclmw0vl4959pclhf6skw59la0sx6cyr0udl787qdpgr7altxe0k57rlmll0lsk8rc9hhm8z8ct6vlywh7hdyh6j2hh8wtwaalq0hww48ev48kdhxjq4efpj0lz6rpn56q9jrl7zlkt4d8vc8h72drhnmkfnw2h7mxl9lcrf0w6u82slflmcar0k7kwde0yumsvqy3wez5xul40vtavwvx3wh0rrd703dvreh05eulwrkqczvmtmk2fe3lrt5afrn5sllskd5a72e4zhnrthe4ltlh0h4evm5ll4dlt470nlglse50769gufm9j72uz0kjlds8w0ldnex8ulhzk766r9l6wl74407ehfm6mhyjhmymyd59nd4vywchje09k6hw0r29j7wwvwle53kf5tx9w470njcra7e4chsltpq0mjhuqvwrczqg39x33xharzf0nqv6xy6lgde7yzujkctaftejpt08lalzsda6wwwexmw5jukl0hj8csnls3y6ewx4ahjpwkm2uml47c96ur5w0du0u62ujue2ej5k5wdgrpmhe6d8hp0rtj0lfuzygag6z3tzc78l592vjvequ9qd4dmu5v6c09kht8v324uaaf0t0e8zx2lj2ec0m2hggk59t3ugcn4h348t0r2wk7gndhgxfmcqk9hcec8jluc0t93wwc9sa7mk7q6ntca6he92vhyjd6m7rruvwvj08czvk9a9lu8kej3g9y5j3dkj6a8juj3vfy6a9jad9nyvcjevf82yhnkf9axarnevfq4avn62fj45cjkdfnx2ej3jxh9ycnpvfaxj6np34gevut2dxum5lt7gf8xnwdf09n8jktpwevez527del86ud9wefyngn72fwktfpucu6093yj6nevpny5lnkdx066lj4jxv8qsuc0wy5j3nxvw5hu4zej7jx2szsf9l8rpnzf4xy5cjnn78xhzvmkpr8n0re49q5nvuqwwzk67tjgp5xs6njtxjyv5uxflel6q9nxdr6gsw06636hxlursyc8xswxd9j7v5lvv3phllue3vpx2m9h8jdnem08ltjkzkwaq7wju2j50ekff0puujkf9f7ws26m74hwlelml2vh0zvvjtk2f4xv32kfx26562d5454n2tf2er8z4t359542ctxdfexuundhfucvkj7g43xt9jef4yh5jtf4xccjkvkd9mx2c8zgrzs4wn0cugz9egcmgqs3mv0qukkw42u0k7h27tj5pdupwkx9mx2t3t77unq6rx5aklffvl0u7v6cye0lllyqfnjnw90px8empqhwjyjgqrjm8l7atelw5zu7e4ett0l7deh9q4td60nhvm2m8dugyn0eav2uhva0t4h5d54fph8gggu5mk338cfrj0ssfhpnhggnujpxcgs72h636kh644e0u2gqa5fl8lsvf7d820u3dh6mys4lum37z32xcdmfn6ats8xr7s84rp59gcn3g3a8zsrl6p9jh5am7py8uaq54x5cm7qpepaujtj8gfq50ay2swpc2z58lp8ra4lc9rv05f7a2g37k72lultlvddxapvzfxr3ntal2stkqy8cdn5dw6f5dv99sedqzxllsu86l87l0hkxlzkt5e7t0h27zemfaak6t43xxwhm6k6cw8c5uulml72z70c8qagxxdusqmlumu4dp4l30hzm93x033r5xdphjev85af46w9zen384466chwly0uhzudtvj8d6yejgscqcmcjwez6dmkm9xlra4xd0dytdhlpvm9dhywawc5h0xklmsdwjge76stvpnv9uepqqqy9jzxnquftp3kh25xza25cm42nzw32ut6923tg4292gu5rl64j4gpdy3ehm8cnmc6mdxn0rvdejdfpway2ccm6srenn6urvdmgvand96gatq5hqll3n9euzrajwu2wt97g35ytv70wp7dmn77hn7ufx0r6le44t0az8e2rlw84js4tptgetx4vqsdam5pxu6pwv8c9xup7haqj84ugln0aczk65dnla26y0shl37j70993ssw8c79jdslmzzctcpx3usn2czmzul5huheh6hnx4w27cyjl6nl2k4mfmp0z3dp2dzd3l8my5ycrtcm80e8sjzwkseg02nsh4yla72u04m3fvlnjaace89m93yvec9f655zjjpew3vt30damdullp6fy6u84m7z25nly0fmktn0mf6w04jwe887kxkkfqqcqqc79zs55ysgl0
HOA,offer1qqr83wcuu2rykcmqvpsdjv60cngfa6aeelh9dj765tjhxgc2jartpm8673g7hkntpaf50xu92etpl88v9cn3tdqyam8elvy4twn58uhcj6ggf7sz28sa6vu5jcw0n27yqqpgnq567pmw5uyluvrph09peyelyj0ls7f46yl5hvpewf0nak6e6lmqj6p9f34f0chpmdgjru26jq7mnldaate5wn5tzka8kpf73le4kpttpq0l3hlj7gq54rlekddm9u6lelm0lalurqg8qanajanj2kcjmxf3x7p6l66kuwpsp2ewuu20r8u0vdp8vljhqluaferlp0pcc6fq5uulchaslnse6m5w85l6vef5kjl435mju98lamke7vl4azksmhruel5l788vversvzuhlavttnmz7gaulhtl4t3mq5dcm8pxr37t472fuy09rehe9ehznmm5gu3emk53amc8lsv5kgh4xlgyumc4skf7mdejls3tsg5l4gj4r24uw8unxjlm8j0plw2uq0j6jc6kjslxjuy692atecuyl8mnuq6t8el60rtg2acumewvejl80wkne50jalw84hvahwjeu2yhahvt6ax8xcnw8z04w5seuwfn3hvu78tl5nmpw8pnpsxgsjqenhup480cs2vnzwh3x56z003qd9a5rlf250s06ae086u80x5ndhfe6f8hm4ruufl5g7vvfzjmm488avd9vml07p2mzvm4mhaywulk5kkezghhjnfdg004cakdn2fw085vfuj6f3vtfmdj778l592vjvequ9qd4dmu5v6c09kht8v324uaaf0t0e8zx2lj2ec0m2hggk59t3ugcn4h348t0r2wk7gndhgxfmcqk9hcec8jluc0t93wwc9sa7mk7q6ntca6he92vhyjd6m7rruvwvj08czvk9a9lu8kej3g9y5j3dkj6a8juj3vfy6a9jad9nyvcjevf82yhnkf9axarnevfq4avn62fj45cjkdf3x64j3t9s4zln72efyv4n7teuku62ff4u4v42fjfax5ln2gf5hujdjdes6vajftfvhjkjz24c5y5t3kfe8mtpucu6093yj6nevpny5lnkdx066lj4jxv8qsuc0wy5j3nxvw5hu4zej7jx2szsf9l8rpnzf4xy5cjnn78xhzvmkpr8n0re49q5nvuqwwzk67tjgp5xs6njtxjyv5uxflel6q9nxdr6gsw06636hxlursyc8xswxd9j7v5lvv3phllue3dnrvtde505n03ddujnetmlmfnwdn7sz5twfukfe4h8kuh5mvlejrwhd0ll6dh8zvwjrk294xv3n72fz5z7jxffy4unn2v9zk26v6dxz4zmnw0208nx23n6g5jk29wf98u7tk24zhdw4ff9nxnz23t2g4j4hwgrrq3wtwccfj8eq6myqq4mvvqhhh3me97lj5v2kkqnkd6dlrkrua0ja95lhr396wnk779m3rf4dnzwl0llljzyecfhzhjnfujdq8gjvngqrze8laa0e0v56l735fdtla79eh8qa2d60n4vmtm0dv2ymveed67hy7085h5dukffkhggsu5hkp48ggr7wssflqnmgcnuzpxcgsu20m36h8u4de0c2cxayglt7s2f7w8wwu4dlcmg39mutn7ws6qc4mfhmafs09rj38hrpk9qcr4gfu82sne6p8jn5am7f98suqk4kkcn7q9epuuj2jpger58uywskpcxz59lf8r34l79m5wtvndhnzdlwmc5f4h0m2ndw57ck70c3t0j6l4a5xyhwf2zh5xfnsdwcvxneqw86787lllhkmrz05tamvhxlj4mpuak7mm3x2wnm22ect8vhvu7t7l7879e08uqqx4lqx6tct7kdw5hsllqnt3w23nrugdenz30luupj25x6hj3y4em66hwuyhlh8uffvx94e944gveqc6q5wa7tatjjllt4eunzeeh350htcjlaz3u277tf36qt9e7eclrckx3g4vak4shnyyqqq3kgg2wre9vzx2a2cet42rpw42vd64f38g4w9az4q4f8jsdl2k23q95j0xlvlz00t2ds6d7d3kxf4y8m5st8rlgq08wttq03hvpnkakhfr4gzjurl7xghhsg8kfm3fmvlezzs30neac8ehv0mm7tm3xeu0tmxk4dl5gl9cdaslk2z4w9dr9g69jzfkhws5mnq9z7a4dl0cuq486h9dwlx4hf2c3e0v2et8flmnfkdsta9wm28h7adxln0lz2etsqx4uss2crmyu24s7ca3t24hdlr0e0dnmaftwwhhmuatt42wj64e4mlmvttm2nj3rn4sdfmwxr85khhzhnw09lhmmkedttzn46nl7ykeqkdm3076ex4aja8s72qvnuak4n386aj9l5hxrnlhwfjfnn5sezjryjnvjkhmjvha2un075hqyqz3956rvdpd2f8
HOA,offer1qqr83wcuu2rykcmqvpsxrtwfwl3lrv4k06gfk2f8rh6mwfhh0j7vj4kfe40akf6lzdwtf45d604g8y7aukjg99kqlhu38dnjad6ys8klz2f9qheq9278hpkjjg3hl9gcgqs9z5qnme8pmmnnm3sgxde509rra60lwzexhqn7wlstye97hkm0xr7v22gv5wx4e7j6x4hz5v382c8mw0dlh9vxpc7hd6c5wc90m0cx6c9rdu9l78lstpqz74lmxehh5kr0llldluhu3ye7ww5tz4thza8eda5955du6ls9a6f8c7pnw98vcdln7zmjr6e7svavxfhltvvxvnqr88x7rluz3dh8kxyddevve04munnknw2cgwyn0rmhn0l7rxcmee0wa7x7lr3el6lqcp3r408g3xek4cvwyqmjhsc9hexllv7jzjpkw8k08dct2uuea2m36hv8gc3emk53amc8lst2h698vd0d4q3axlydfehex23e0tz66v0jw26dacn00vmducy49tlqhaj3k3yxmk7fp5l9xkfyk29r8kclpwdz6ee6mllm4289j4ntm72lf02egvye7v97fej47ndalx0l2rcwrqn7euhet9tnkcwldyduvl4tzmdtu4chpnpsxqszyet5uf4hfcstvmrw33xh6zw03q4ya5zlt2uvstmal00cur0xjn4kf4me9hrhruuel5qlvyfzkmn480uut956l8l3w2ze70nhacvwl2j0uk7ew3nwhkj4enaeapluwdkwyyhuwaq0mgd8kmyg9aclf22ncqcjp6j8mjehtfeks7vaj4whr4dfae65kt3w7ddh9a4qa492s4wgshr7saxmap6dh6r5rd5axm0qqjlkpq00lncr9lusy4mquphm0manvv89kke54tj6jekt9m58s9ljeulygwc8c506llq2dryjj2pxy2malhj293yj2s3mmhx2stxte3yjgj77f88u6g20mnyzk330mfxykn92f4xvknjv4hry60pgea85c232e5hy2j3ufy423nz9957uk2j0yuhn7t30fjsu7wff93rj5w3tetxz92fj4ylzkf98hzrfa6yjt2093x2jr7we49umdlj4f9nvvqtpacsju9v43x5lu4tf2xtfuq29y8cu2xvx8yujtq2f0yl2u2twcc0wr70x5yrzt3gxecgmaew9qk56rgwpdxv3vsge8myl7r7ycgwf6r3327865mh70usqqe37eq5tmnru32xke78l8a3uzvfek9djhmj7llvn9n76mv6da78ujewgh622q97lkl0k0n3rf7ahltrlll6dh8zvwjrk294xv7n2ge5kn9tfg4e9dftefx09z6jefen8apjes954uljw29lx48j326myng2f2eeyz723n6v4zanwd6q6j70zgrrq3wtwccfj8eq6myqq4mvvq4rkcd08mhcnelhv4mgx4el7ua0a03wyhz7ag7nzx8g7uch7jejcvl6pwypfasrf9t8xhcjsq8gj2ngzrxc8ea40e0d57lw35dvmaak8elxsm2460h4vetnddvt5lvped77hy70x5h4a6kp2khgcjuy5kf4hggnuws3feqrmgcnuyp7egsu2fmpmhta9te0625xdyg027utecw80ws4dlcnt3d6vtn7ds7pg4mfkm4fs09mn3rhrrk4qcr5gfuhgsne2p86s5em709lsuqk9skgn7v9epuus27pger5yug0sjpg8zu90t8ms4n74lv80ghm8nrs0zmdylnka4khgnh0j927dpk89umnldrzrtsrakumvfuwq8wcvxneqw86787lllhkmrz05tamvhxlj4mpuak7mm3x2wnm22ect8vhvu7t7l7879e08uqqx4lqx6tct7kdw5hsllqnt3w23nrugdenz30luupj25x6hj3y4em66hwuyhlh8uffvx94e944gveqc6q5wuyv37382kkeuln4xh9ftlekxuua07njfnnj3w30ka0mxll7lhmmlynq0ygsrq9qvs35c822ggdd64f38g4w9az4g4524zk36k2jx2a2jp9gl73d42qtfyxv7l7uu7zhtt5tcm0wv32qfh9rkyxwhq7vv7hgmrzmn8vrtw7x6c94c8nuvlw8qshvrhztnetny0pz68nmsfn7llh5vmh6tns7huddtmhfp72glmeaus9j62kx2a4rqy8wweq3kx5thcr4am2u9dllvx5tkha2gp58fthd3pysm7w709jaluemjf4hvlpsn5mlcjk2uqp40yyzkq7e8rsl8h59hka8vf3x3ghz6hukdpanr7vu8zudtcm0hx0m96mhta7hna6kchr54wlxr586a9pgf3vmx7dsajx4xj0wf68rz476yuknupxuzw22nk469zaxws66kjt9tnemy74q5zd97rlhwhlkj8zm0f4uwar6jse43hegqnrefkuqrf4hgr