NECKCOIN,offer1qqr83wcuu2rykcmqvpstjul94avdpuchy5esakua89e6lmrd0su90tulmkmd243nfvjjwaea3z604crywuu6ngp9wpllap9dmsapmyk8k7zzf4qh3q9wl84pknjvshe9qcgys9x5sjm48plmrsma3cqdfk0fznl687wwex4qmuwmstyed7h7mlqrkv22gvjw74e7n2y4lz5ys8wclmw0vl4959pclhf6skw59la0sx6cyr0udl787qdpgr7altxe0k57rlmll0lsh95celdm0dmxn4ejcc70pcl2mxgx22ghz4kdxdl5gmyh2z7dewhg6mycdlllfhltwvxvnqr89xkrluzjlhk98nd8kc5777rrmddxtdw6fhscvmkhpkhjgn7wtgwxw7rt6uujftqgr325dtu7h607d4x077whe407t3suwha3dkad0vmvj0mjjt05md8lwzu8zdxj4yw7jrhlzujzlyj3lrqlgc0nen72gp8fg47jcheavl7mlca4t06thc7m6lemjjsucql8yexc9egef5l7vxyuvstwxwr60k7a3vllzwwgn85kch8uvemuew52tzyj67gw2g95edf0rzc5suuf0txwahhaaaee05mpdknudzlleu2p2msqcuxqxqez2frz00jxy7lxqe5vfe7qmnvf9ayd5hjshl9zs78lmk9slm5auejdkap8e97l0y0np873zf43uftt0y6ldj5enlmlc80h09ae3e0k2lnk0h67v37n56uvmhdx6x6lrkhp7z3xmlljg034fm3594u0lg25eyejpc2qm2mhege4s7tdwkwez4tem6j7kljwyv4ly4nslk4ws3dg2hrc338t0r2wk7x5adu3xmwsvnhspvt03ns09les7ktzuastpmahdup4xh3m40j25ewfym4hux8ccuey70syevt6tlc0dn9zs2ff9zmd94609e9zcjf46t966txge39jcjw5f08vjt6d688jcjpt6e855n9tf39v6nz0fueyutwtfexv6je29r8ymj3295kvlj6gfykn9n329dxvkt6dfxknyvk0fveum2f2xumr0j32fs6j7djfkjre3e57tzf948jcrxffl8v6vl44l9tyvcwppes7uff9rxvcaf0e29n9ayv4q9qjt7wxrxyn2vff3988uwdwyehvzx0x78n22pfxecquu9d4uhysrgdp48ykdygefcvnlnl5qtxv6853qul44r4wdlc8qfswdquv6t9uef7cezr0llenzewf00fv8prmk67zp2f5l9d4hvtrpd2v0eg0e2ntvhqvlzwvrnwedug0lllklj398ert9z6jxvfskjkd92xycujjpte99z4n7we25y3njdev5jj23494y2323fe5cyhnxg4skny27dxm9rw230fvc5mnw0eqkpejgmy82vu7rqsa0jqx2p5xwt8qt7l8a82w0mrfxewtz5wvyge0zl9mu4lacr4jvl7jht474ghc38wjtlllgvn8px527wd0s05qazfzdqgvtql0h4l9aknma6x3930lhcl8ucr9thf7w4nd0d443vna389ht6uneu7j74hze9w6apzrsjkex5apz036z98vq0drz0scxmpzr3f0v82alk489lf2qm53pa0mpd8fcae6j4hlrd29ht3w0ejrg8zhdxlw4xpukw2y7uvx65rqw3p8jazz08gy72xnh0e5k7rsz6k2ez0eqhy8njptg9rywsh337zg9qctshay7wxklchssrz3dxxt4sl06klutellvtesn9fnxe2lh4zx8and97907ce7ulmp98vxtgy38lu0p7helhmaa3hc9jax0jla24s7w600a5j4df4n9u74hkr3w88087mlzshn7pc82r3n0yyxlaxsczl79uydlxm68pdy4s0hmx0pcdu0j3ngkh7waxdtek3ha522uhuuk4p6xaq9yjlcqpn3z7hdnlw2sagesnarva9gkn2w37exqmw3ak083e0mevtaeh4t2kw0uq5kz5vssqzzxmpdfgdy40g529dr3v4yv9643sh25xza2scm42qz4872phazpfyq8jtumlncgaad3hrdhejxgexus0gjewurasruamdvpwyas9wmk6mykhqwtstlccz494u297yu709efzzazeaeln7qwdtmnte30kd04jm8u4r6yktmh7lx94592vd62zpc2u9tp0ddyhrsvhas2ygwgd8g2h4le8a00scmkudp6ejfn84kyf3p5g0hcgfump0lg0c3dv95qtg7ct9yq9nwac740a0dvlaj74ww7pu34sth9st0st8n0fajc22ujj0lzcxpst2slm3h8phc6z40lq76n78wvjmlehklhjdvcjldfg7nyk870fcv3n975q24kxtaxec0zlfwsv9cyrtmt665wtq28tf0h6xtfj66qmwhau6xh8yfqgqwwvaqwcpp6ukv
NECKCOIN,offer1qqr83wcuu2rykcmqvps8ry04472pxztvl4urmad7thhl9pujdy9l0um68thtd74latpadx6mnev86u9jhww9f5qjhqlhlsjkd6wsaj0rtdpp96stgjzh0n6stfewftcjqvyzgzn2ctd6nsma3cdkeuyxym8usflara88vnwsau89e9kvklthdl5pty99yxd8l2uhf4z20322grnv0ah8h07j6zsuwm5acf82rl7hcpdvzph7xlltlqzs5rlxl4hvhm20plallhls2r9zct000zc6w6cujnfwlh9jxhhrz8rpj27l7jec3e0w5lmua2hx6ud0alehl80uyvrrrtyxjrhlza7rmwtqfhf38kuw63znjycuxak0n0aea6s2zlw6s2wfp7pmhwjs52exsqpcheu7du98he7dydk7m8lle4dlvdr49tref2sfvefanhqrnm7wh9g0euvg6ar2g7av8lc900887deul2gttt3d0hz6yldmyjn4kdevvjyasvfl00m0a8whk7wxgkqp7cg68a59qtj4sl7xpc026kc3w4wx0mclmw43r8hhhrahzpltx44n83lquh5c5vcyjlxwnkt6sw9cmg0efrvxanh4fss7lykzwuhmehqcctrr2pguxvxqezzgrxwlsx5alzpfjvf67y6ngfa7yp5hks0a9237plth9ultsau6jdka88fy7lw50n3873re33y2t0w5ul4354n0alc900lvg6dxvekme2t0ul6astlueh0qlm76x6ygvdlu3fnuszkccj2emdhqlkr4yfw0szzqx6wl72xav8z6tenk246uwk48hhvj309le95u845tkyn2z4ewzvf6m5mr4hfk8tw5dkn5rvuvzt6cuqanl0xv8ajgn8vrcxldl0sdf3u7mtyj4wtztxavlds7q87t8nu3qtzljnlrlvpf5wj2fgxcff0nlwfgkyjd2jp0k7ezqve0kyj9zteey7lng3flkvs26kpl9yc66v3fx5e6t3pc97eusf9mhj3zsvefyu3njdad5qsrkv70xjuj4gecmlwdf0xghssdwf9hksj20245ys4nzfflx7l635s7v2d8kcjfdfukye2g0emx484d0a2e9xt3gzv8hzztg4jk92nl24dffft8gpg5slr3ses5unjfvpffarmt32dmz3mcheu6ss2fkxqh8pr009c5z6ngdpc94fj92zryluhlqwcnq3a8g0xdtga2n0l37zyqny8nyj30xw0kygcmlmlu7kpswhr39phek6xvwfen8j8ap55jkw0vx909dc2u2hk628lz2gp0y79lllll5ewwyceyhv5r2veryuhumjxuhrxtsd9t6suzwt73yj5usdphx5jnhseg8hga3fpu6v5r6fw8mnxre3fg8venx0ety7a6egpywvsx8pzuxl3cjytj34kqpptkc6pd0xd907he07y6d44kamy0wpw0rj7qlj6t9x75llml6hjwxff40tvl7hln7eqz575n3tuflvagstnfztygpedn0awaulh23v0vmu448alxumjs6hk4xemkd4dmk7yze4u7h9wtxvh4mm7x225c6n5y5w29mgcnux338cgymsen5yf7eqnvygt9mlgatte267hk9yqw2xlmlcxy0xn487gktad6g2m7dclpg4rvkl5euw4cn3phfr73qcz5vfu5gunegplasset6walssrk0sw2n2v9lqyus77pyer5ys207jpg8zu9p28ls337mlcz9lm00uuk40yhrjfe0smwg085dmgaulztyxtv4m8sfamhg556jm7njqmkr95wgre7h3l8alaakucnazlwm9e874wc08d8k7ufjh57cj70zem9e88nlnlpl3wtelqsr48cpkjwzlcncwp07z7z77npar5k2tc8md38clxj8fweu2th8w3x4lmy6wu9avtk0mws9zzsenvzqac48ec2mq6vw803ten6t72karw7vhwvpey37nckrfxft8jcajm2xncsz34kpme3zqqggmyy49p5j4ar3v4yv9643sh25xza2scm42rzw3gs25hegxl529vsq6f0n0k0p8h45xudklxcmry6jpajf9n30kq0nh94s9cnkqamwmtus65pewpllrqt5jhp2hcjnauh9yg2508h970epa40vd8897e97ktdlk50gj3wwlmu6k7s4f38fggxp0s4v9a55kujqmyh4z4vrquqlzvcmka5gfz4ljl2rtw6cdu4d8mt08q6jsuvmn3pusl3z6ctgqk3ask2gqttdmn62d5teu2lefqn8s089uhln7rxejvh06trmrnhxjtt3vzjwhet4u9nlde33w6ntzumculh9mhy9ymnkww4x47mcyjd6s23vnld8k07r339nc5w9l83kdrdlsh0ax9jxaalvulht06q6nlfln58l0fr8l6yx62r2qgqds6c5dgvng8up
NECKCOIN,offer1qqr83wcuu2rykcmqvps9rmlca7j6wx8j70xnra68wy5ext4vzkc0qk82xxpunw96dzy4n6xh84tpl88v9cn3tdqyam8elvy4twn58uhcj6ggf7sz28sa6vu5jcw0n27yqqpgnq567pmw5uyluvrph09peyelyj0ls7f46yl5hvpewf0nak6e6lmqj6p9f34f0chpmdgjru26jq7mnldaate5wn5tzka8kpf73le4kpttpq0l3hlj7gq54rlekddm9u6lelm0laluzt083jqrt9mhtwnrrw3azy5hv45jdkhv4lwerx2jm939nja8ay3tw0plllexlad3sejvqvuumc0ls2hcla0kh3ck45a7ehathft0gflu38tvm8069rf0n6hnlxmh7njjdxu9urqt49s40yulwuycegnhnwldzmhkwlj60te7x2khgz43l27lxf7uh2cj35dg6ar2g7av8lc9c8ms732der2ejyn8df6kchla7nkmnru9ta045uvah8t8qxv8gzvx6txcga74jydaww0pm0t2dkc8c7g200v6mjvajyza0fe2med0368ap2rtfj7pfnah7z0sxgvlmzrsz5fe4xrekh5cwm486j28xmu0lllevkj4z5klzrcuxvxqezzgrxwlsx5alzpfjvf67y6ngfa7yp5hks0a9237plth9ultsau6jdka88fy7lw50n3873re33y2t0w5ul4354n0alc9xtr4waf3h8jsw9pk80lh6med8dkn7lauah9cdtj6xxhe62smmm082klslep6nyn8grpgrdr0l9rxkr3d47emy2aw8t2m6mkfc4jhuj7wr6696zd4p2ulqxyadcde6msmn4hzxmd6pkwwq9ev7zw37hhxr7evfnkpvr0klhcx5678v4kf2h9eynwkl5c0prm9ne7q3930ftl3lky529f9y5rv5khe7hy5tzfx4fyhtdvepxvhtzf239uujd0e4g5ltxg9dtyljjv9dxv5n2verxzu29v9nyv42kt9r955tatfuk662f24c4nwn2wkvhnynft4ue2uv9jxf8ymtfvez525j62ffy5kdjwfj6c0x8xnmvfyk57tzv3y8uantn7khu4vnnpcyrxrm3995gerr4dl9gku453n5q5zf03ccvcz0feyxq5ul3e4chxasgeumu7dfg9ymrqrns4hhjuzqdf5xsuzm5ez9rpj070ls9vf3g7ny8nw55w4ehls7pxqesr3nfvhn98mrygdlllkwt9cl3swxgsda54f8yehwlwtsl7u39matjjhwf00m7h9w0x6wf3lz8jd37ll0afjauf3jfwefx5ed3tx5ey6jffedxmxt2vfw4y7ndtkchjcjevf5k5ejxten9n0nedfnyuetavef8jnte24992knxf94xzl2sueqv2z46dlr3qgh9rrdqzz8d35rh9jtkn9wk7lfpy3kmh650zjtny7ch6huv4h7drxr0vm7w7pkfl37h7l7ruecp5j4nntug8sr5f9f5ppnvru76huhk600hg6xkd77mrulngd42a8m6kv4ekkk960kqukl0tj08n2t67atq4tt5vfwz2ty6m5yf78gg5uspa5vf7zqlv5gw9yasam47j4uha92rxjy840w9uu8rhhg2kluf4ckax9elxc0q52a5md65c8jaec3m33m2svp6yy7t5gfu4qnag2val8jlcwqtzctyflxzus7wg90q5v36zwy8cfq5r3wzh4nac2el2lwp460n54nhcecu7kea73d870ldjdmeqn28mnvhsgkmah4evwm6hh6dhhcyhq8r0ucxra0nl0hlmnd3n86y74hm40pga577m097cn98taa8vu9r5tww0dllar0runjwyqr2lczd8uda393urlg8uda4xr69fq40k07mjts7dyx3dlcujw6ljdt0nf5ac0mc4vr5d222eqlyznfzzmwaxt8wxdvkteda5xpwe9ax772a5gthm58ww4v099w5twljeas77vls4jygpszsxgg6vr49r5xka2scn528z73g5269z3tgut9frpw4fqj50lgk65q95jpx00lww0pt4469udhhxg4qymj3mzr8ts0xx0t5d33denkp4h0rdvz6ure7x0hpqw5kh3yhcejfch4yc05tyhnll6qej0w0lz97u46htg7j40u3e80hauqkkj53shd2cpqmn4g9de5zcva797uh4alw0tdnh80heaulryn2dtpantt5kuhw2eeg9val6udcuudlp8vfksr2x9gdvpnjxzyhjmmn36aeserxdh5ul0r7ny4gk9n9psg4q8f64raweek6uh0flfrxmcmjje37am7838tj0wmetyjg5ns4nl6uyjf7ems7kmcl8jcvmtkt8c620dha3meaul9p29d48kn6hkuxhsdtpu4av4vgf4lvjfw2lwzcl2qgqv94u6jgc8r6ng
NECKCOIN,offer1qqr83wcuu2rykcmqvpsdzw87up9qs5754gf3hh77l37g87lxme2pzl7ae8m4a8nwjt285mnzm340tswfaee9ys2turl0cz2mh96n5fy0duy5n2p0zq2au02rd8yer062pssfq29gp9h6wrhh89htpsgmng7z88l50uudjd2phuahqkfjma0dh7g8vc55sevuatnay5ft79gezw4slku7ml22gwr3awm4pgactljlqd4s2xlcmlu07qjzs8at7kdnldfv8lll7ml30l8lxvlk2llgm752f5cmhq6xw98l4v68c4q64awd90jkxnt4h5j2qn20xv0emlprqcc6ep5salch9jan5mvkfmgxlfflvf44uk3vevttpjrmkkgu6ur77w5kh8ehtmljt6q0p6kv9yshk2h7g8724rkml905d76le3tfj8dufn3j5lltna3c22g4xl0jahg53fmk5salch7q0fatds4pqeqcxsjehcf790g7j0f8wkmma7ymxm8tzewx884ulxknekz8k2m79r3n4vlfwa0vazwnact2dwephkm93a2zu6w08ksmaw23926l50mhfc4tnwmmj60uadplqlupfefxfedlsw5px8svp7jmqgtsuf0a9xlqnrseqcryffyvfe7g6nnuc8xp380cr2dpxhuskj76ql5428c0awchrlwrhnwfkm55ayhmac37wyl6ydxx93dddcnmlkzjx0lllqshd7nfnxv7x9kr40mcm4eza364nvl9sn0e7at7hf0pcd6scl70ngu2uh0slep6nyn8grpgrdr0l9rxkr3d47emy2aw8t2m6mkfc4jhuj7wr6696zd4p2ulqxyadcde6msmn4hzxmd6pkwwq9ev7zw37hhxr7evfnkpvr0klhcx5678v4kf2h9eynwkl5c0prm9ne7q3930ftl3lky529f9y5rv5khe7hy5tzfx4fyhtdvepxvhtzf239uujd0e4g5ltxg9dtyljjv9dxv5n2ve556ktfv9ax5k2jtxjk54n9vfdyj5j3jx4yj5npget8uhjwdkex53jxgevh24n929r9v6jeg43x5anw0e76q0x8xnmvfyk57tzv3y8uantn7khu4vnnpcyrxrm3995gerr4dl9gku453n5q5zf03ccvcz0feyxq5ul3e4chxasgeumu7dfg9ymrqrns4hhjuzqdf5xsuzm5ez9rpj070ls9vf3g7ny8nw55w4ehls7pxqesr3nfvhn98mrygdlllkwt9g6tuuylmdkad0nhv00vzjlllahm9usdwr3kh4x7nw4n2gvlxrs4ryelllxlj3y8erm9z6nx2fjknxdedel8jljf24uez3242xghn2df2xycu626v43y2u24dxd8ylje5fa8y5v2v90yvunkt94x55n7vf55p3jglyhgv5lrysddjqx295xvt930zlwv709uhecu66lmxlng0tmvyr7h5mc2t7rau8f7tc9knqvz0gk8l07ruecp5j4nntugtsr5f9f5ppnvru76huhk600hg6xkd77mrulngd42a8m6kv4ekkk960kqukl0tj08n2t67atq4tt5vfwz2ty6m5yf78gg5uspa5vf7zqlv5gw9yasam47j4uha92rxjy840w9uu8rhhg2kluf4ckax9elxc0q52a5md65c8jaec3m33m2svp6yy7t5gfu4qnag2val8jlcwqtzctyflxzus7wg90q5v36zwy8cfq5r3wzh4nac2el2l7p4kaap7xhuchtvu0utndtdde7atle07j6uzewlmge2auv3hzjtrxtc9hvxrfus8ra0rl0llmmd338697aktn0e2as7wm0dacn98fa49vu9nktkw09l0lrlzuhn7qqr2lsrd9u9l39surlc9u9a4xr68fv5ls0kmj037dywjdncukw2ajdtlhf5act6chvmkdz22aq8yzlgzqm5nwladhscksfpw20j4l2m890ntq3memleg93szms43jdyk04dhuazmptxggqqppvs35c8z2hvd964psh25xxa2scn528z73g5269z32j89ql73v42qrfywd7e7y77xkmf5mcmrwvn2gthfzkxx75q7vu7hqmrw6r8vmfwj82c99c8luvewjza9vlzf0nnvj3f23slvhe08875dn5uuhly8ued47k3ay2aemnwnwm6p4w9drpg69jz9khwsjmngys7hdc62nvu7exell75y90x85470w5vatmwe0n806w6vr3dg4d5grn75l3x6qfgghpasx2ggt0tfh8n2vfdfxkav2m029dx2u2anm8hd8rkdwzhe3swr7h5y4sv494yemy7k7qhndapaal7y3njcvtx55vvhx0xejfd62ksjemu6jttzwpx4z3ezw60lhttw5kdedtq4hnungyged8kmwumalzrcw8e9c6h4qe3n7qyvqxv8k8llaek
NECKCOIN,offer1qqr83wcuu2rykcmqvps2jc5t0l5j47nruwfja8khuumkwhmd72fyjrtdwvl49lrpcl46wvvj03tpl88v9cn3tdqyam8elvy4twn58uhcj6ggf7sz28sa6vu5jcw0n27yqqpgnq567pmw5uyluvrph09peyelyj0ls7f46yl5hvpewf0nak6e6lmqj6p9f34f0chpmdgjru26jq7mnldaate5wn5tzka8kpf73le4kpttpq0l3hlj7gq54rlekddm9u6lelm0lalczm9326z89xketttz0gvmssn2f00a93fut74026lw93mjmakr04sw77r0ll6dl6mnpnycqeef4sllq5ru7njsn2m90ql8twg0a3qgllkkhtnaer4h4wye58k5h9zjclwrnhg4urqv4er339wh4cr67qlsr6f0yt9mgxpd7urzt0t6we7rlcul7dd4kt9t9785vw44y0w7rluzp54e57l79tdm04hhaq9xectm4tkl0sjcclt5gth2evfm8cpjrhnqwcqlm56fj7ep9aze720k40tf508kdhpxl9euw800ndrp6f78tjarrwehyn0jy60dp5np0htw8556dpdvch6jdwermcn4uz09wwlz677l0w3d704ruwrxrqvppyfj8tcn2wh3q5ekxa8zdd5yulzp6tmg97j4gmqlhm6703cw7dp8mwnrkj0whw8ecnlg3ucgj9dhh2wlccjteh707z7jn0lm5wgfafyhq38j774w6kmqhdkv4wwqplazl39ux762c7fn7k0vdqhhra9f20qrzg82glwtxad8x6renk246uw448h82jew9me4kuhk5rk542z4ezzu06r5m058fklgwsdkn5mduqzt7cypal70qvhljqjhvrsxldl0kd3suk6mxj4wt2txevhws7qh7t8nu3pmqlz3ltlupf5vj2fgyc3t0h77fgkyjf2z80wue2pve0xyjfztmeyulnfpflwvs26x9ldycj6v4fx5ejjrfcuze240fzhvc27g489zutw2fg4jgseaxh9n5f308shyl3f98u7jetfweyhj4gkd8qhy724vf4xz3n3y57ugd8hgjfdfukye2g0emx5hndh724ykd3spv8hzzts4jky6nlj4d9ged8spg5slr3gescunjfvpf9unat3fdmrpac0eu6ssvfw9qm8pr0h9c5z6ngdpc95ej9jprylvnlc0cnppe8gwx9tcl2nwleljqqrx8myz30wv0j9g6m8clulk8sf04hqv2n2vkfmxe3ejy2ayknux4en0k53d8haka5rfeh5xustpcd5lllehu5fp7g7egk5ej2ve39nxnz0fyhj62f39n9rxvehed8vnj6t9ger8n35fg6zutj2fcerxj90xj4rdn3fed92kjxg9mxvej4d9qvvj8e96r98ceyrtvspj3dpnzejtqae3ldwhjun30hjargxnkxvmhkgk92e90607al2l94hn9f0uju0klaluspzw2dc4ayuqq7yzu6gjezqwtvmlth08a65trmxl9dfl0ehxu5x4a4fkwandtwah3qkd084etjen9aw7l3jj4xx5ap9rj3w6xylp5vf7zpxuxvapz0kgympzzewl682672kh4a3fqrj3h7l7p3re5aflj9jltwjzklnw8c29gm9hax0r4wyugd6gl5gxq4rz09z8y72q0lvyx27nh0uyqanurj56np0cp8y8hsfxgapyznl5s2pchpg23luyv0kllq52lh6urmsjlsz7jjjtp489vns4frd0z2p7072c7ex0ampmxhu7u47sqasedrjq704u0el0l0dhxylghmkewfl4tkremfahhzv4a8kyhnckwewfeululc0utj70cyqaf7qd5nsh7y7rstlshshh5c0ga9jj7p7mvf78e536tk0zjaem5f407exnhp0tzan7m5pgt5qujtaqg8wph8mu9m2lsk89hdx0ml3t7j0hs3zng2yup5vq2dlpzvck6e8sa89ez6tp2xggqpprdsk55xj2h529zk3ck2jxza2cct42rpw4gvd64qp2nl9qm73q5jqre97dleuyw7kcm3kmueryvnwg85fvhwp7cp7wakkqhzwczhdmddjtts89c9luvp2j679zlzw08ju53pw3v7ulelq8x4ae4uchmxh6edn723azt9aml0nz66z4xxa9pqu9wz4shkkjtngtlcvzh3q6nlgpwctfkcjx709tn77k47dvr0dclpz62ju3slkmvua8lcfmrdsq6n3zrtqvvns6y3tvawmra8lk60a5jm7wwtaelr3z000k09nv4ulf3t3z88g6n6fuuw30w5h4a486y475ekwuma3ktwaywmyxnfqrk67qeg8karejjh0g47894pxfsegh95la2uawar332dercg7p2hv7umxfc0zdsr64gkkacj00kq990z95sl28ywh
NECKCOIN,offer1qqr83wcuu2rykcmqvps9nswuyxw7l0yj0wqn9h6rtk660p6hdcmycnfnm2w398047830v6u327kruwxet48z56qfmj0n7cftka8g0e8395ssnag95tptkeeg95uly4ufqyzpypf4u8kafcf7cuxnv7zrjdn7fyl7punmkfhgwurjujlxmd4nhl7q9sz6nrznl4wr56398c49ypak87mm6hmfargx8d6wvxnaplmtvzkkqqllr0l47spg2rlnw6mkta403l7llmlsy938uuellf0wml2ea2w38p3uygvfhaht4fwenvhghhhy8q305arey3ru8lllyml4kxrxfspnnn0plupgkpyfl987lkrlxpn26r6dhchdq88e2a4u9lwsfava4d2eylkj7806pq82ew5zutcfvwu7uxa4amy7k6mx44v8cq8et9m9hj9h7m7avwne67n95h2k3fzn80fpml30hzewdpkf46kfffkdvaflfr2ll3c09l08hlkutk6j649jkr3a9qhhtksp7cgjhxuz304ytr0c6rv30h7dfz0a0jnt0mael67rskna9un7tufxrzdvw8nav0xtlt05ryj8lre290ffz7h7u7dcs3yh4g7ryh9uatammdew6euqvwrgzqg39x33xharzd0nqv6xy7lgdekyzujx6tagtaj3f08lamzs0a6wwwexmw5nujl0hj8esnlq3y6cwx4ahjf0km2velalgpn0y39h8597uhzmn90l3deltt5whumz48sffvy789ymtv4dandf0nghhnl4p2hyrxg8qg8dtwldrxjre046emy24d88tt6mwfcenhujkvrk646z44pzu0zx5ld5df7mg6nakjymdcpj07q9pd7w0puhlxrjevtnxrv00kahsy56l824wt2myeynw5lselrrnyn3lqh930f07pekvk2fg9q5t057kfchykt2gxhfu4tpve8xyktzf639uljf0fhgvut2g90tyuj6v4fx54nzdevez6dj0em8jcdktfskv4n7d9p8jcne54l9rwnes49yu7nftemxzc2p0xucjunfd9m9rdtev4z525dz09w6gdx8xnevfyk5ltqve885andn7kh55v3npcy8xrm34x5ycn844a9ghvh5ps5q4zf0eccvejffp9xv4um3f4cn8asgeums7dfg9ym8prhs95hjujqdp5x5aja5pr90qj070uspdehgwjytj7j5whel7qcpxre5z3hfvhn9xmryc0ll7xgt5c9tkm8avwem99f4d95krgrm408xttwnfkd3ufnlzyllm2hduweukphllum72ysly0v5t2ve4953nk0e88v3n9wft9rzn929exy6n22en8z7n22fv4z6tz2xr85ktjwx0xus2ewf49yu26v9h8j622fx5kysxxfrujapjnuvjp4kgqegkse3ddz6ehvj4nly6l0drsdzzj5zccx6ewu8344zmvgm7ws6yunfcr4gt8c070myq2n6jw9038539zpwdyfv3q89kdl4mhn7a293an0jk5lhumnw2r2765m8wek4hwmcstxhn6u4evej7h00cef2nr2wsj3eghdrz0s6xylpqnwrxws38myzds3pvh0ar4d09tt67c5spegml0lqc3u6w5leze04hfpt0ehru9z5djm7n836hzwyxay06yrq2338j3rj09q8lkzr90fmh7zqwe7pe2dfshuqnjrmcynywsjpfl6g9quts59gl7zx8m0ls2pnveh8q58y75aul75d7vjy78l2w0l8zlcxja78tq0trjz7uv03xmgfwcvk3eq08678ulhlhkmnz05tamvhyl64mpua57mm3x27nmzteut8vhyu7070u879e08uzqw5lqx6fctlz0pc9lctctm6v85wjef0qldkylru6ga9m83fwua6y6hlvnfmsh43weld6q596qwf97syrh8us4aha7wca52lsgd5l8ttld84md8a49ha6zcd628k4feanhtzzk3jmv9vepqqqy9jzxnquf2a35h25xza2scm42rzw3gut69z3tg5292gu5rl69j4gqdy3ehm8cnmc6mdxn0rvdejdfpway2ccm6srenn6urvdmgvand96gatq5hqll3n96gt54nuf97wdj2992xrajl9uul63kwnnjlusln9kh66853th8wd6dm0gx4c45v9rgkggk6a6ztwvq5tha080945gccn6e2hvnxkkre6005leqde574y705k82v9gy9zc9al70c3dv95qtg7ct9yq9nwwq6llar7ayej25lmmk0qlzkh8jdrj7w8ekfjw6exnpkxyvhm65hwm7a4826c4ndpmqmxe9wj2xmdkpl4ck0e4faer6vxu2n5a8642d7et8ca8alhra0fkumxv8f6fwvhgj8dgltu7948msnvnwqdkcg3dn95tcn8avqsp8glnmnqw65lms
NECKCOIN,offer1qqr83wcuu2rykcmqvpsdj2deupqumje9djdqeh4x8wlzfuxc8x7tl44k7m5eajd6n7hsgmpe6450tswfaee9ys2turl0cz2mh96n5fy0duy5n2p0zq2au02rd8yer062pssfq29gp9h6wrhh89htpsgmng7z88l50uudjd2phuahqkfjma0dh7g8vc55sevuatnay5ft79gezw4slku7ml22gwr3awm4pgactljlqd4s2xlcmlu07qjzs8at7kdnldfv8lll7ml3039cnslm8l53f620mwh4ed0lm7z5xtklrmwlamk4hgnmrlyjav9swszj2gvnlukscvaxsxwwdurlq8mkxrj97mjst5cl7ddjsuv4kq6jm9sj90u09lkday8cdnhljthmzhqxq7tg9udjrhxa8a6yfcalzvr6uda0ny9y350shxg5pe027dac020a2slw7e52g5em6gwlutmcr47wlkfws55wzpvj7aew7uhn0nvhlll46czhd5h0c32max6vn6epwdz66lg0qenmfhav2zm88wnf266uxadh3mwz6dhshfldpedwa4yjk2mam3kzlwj8m4k06dlwzf3m276th3pnrdy0nnt99zaw42ha833cm9xpc2nh2rkncycu8syq3z2drzd06xyjlxqe5vf47smnug9e9dsh6jhnyzk70lm79qmm5uuajdkaf9ed7l0y03p8lpzf4judtm0yzadk4ehltagv25h2474zwet5fkghz7w3gcujl2erladv9k59vnlkertg4eu37utsc8aslf22ncqsjp7jhmj3htfekj7vaj4whr49faa6y5te07fd89aaqa396s4wfsnrwjax6a96d46t4rd5aym8pqjlkrq8wlncn9lusy3mq7phm0marwv09kjey4tj6jekt8mu8spljeulyg2chc506lmq2dryjj2pkx2mulnj293yn253tehx2stxte3yngj7wf88u6v20enyzk430efxykn92f4xvujxwfy5u3n6d9a9vh5jn9u4yetfhey5vjv7dxz4zknwgec55c2909lt9v2fv2eyjnnwvkhxj4np2489z7dz8hzrfa7yjt2093x2jr7we4put0l65fpnuwqrpacsj79v43z5l74tg2zte7q29y8cugxv88yujtq2g0ql6u2rwcu07p70x5yrjf3q8ecgmlew9qk56rgwpdzv3wsqe8lylurkycvwf6re326825ml70csqqe37ey5tenra32xxm70l8a3vpel094hnlvrmh59tvn2lhauml5max4qh89c84en07huud2anjh08v8llll6vh8zvvjtk2p4xwcnf07senyz30e2x8guewpqmlzr3vdvyjcn9gazx2anejfuyw6nsddt8s6njwerywknf5dy9zcmf09jmjj8ggrrs3wr0cufz9eg6mqqs4mvvq53ztdmt4s2andmu9e84suaslylddp4my28uarfd3tnk6czku293v7lmlclx2qax4yu6lzx7z4zfwdqgvnql8k9l9ahnla2y3an0nkcl8umrd28t775n9wah43wnes88hn6uhevcj7hhwc4g64rz0sjsewhapz036zy8qql0rzwss8m9ztsfrvhwa844090t2cc53pafme08pcaa625hmzaw9hf320ekrc9zhdkmw48pchwwyxavw6yrqw3p8jazz09gyl6zn80ech7rs2ekzezdeshyrnjrtcyrywsn3flzg9quts5agl7zk8mhaqxfkanjse2trmkk5xsw4476fw84e8e92es8z435f4l2ftztr9tjq6ccyhq8r0ucxra0nl0hlmnd3n86y74hm40pga577m097cn98taa8vu9r5tww0dllar0runjwyqr2lczd8uda393urlg8uda4xr69fq40k07mjts7dyx3dlcujw6ljdt0nf5ac0mc4vr5d222eqlyznfz9ms4z4zgr2t8vdld9qfthmg8g28xr5g0adzxdl4lj5m77zcpeany44av9vepqqqy9jzxnquf2a35h25xza2scm42rzw3gut69z3tg5292gu5rl69j4gqdy3ehm8cnmc6mdxn0rvdejdfpway2ccm6srenn6urvdmgvand96gatq5hqll3n96gt54nuf97wdj2992xrajl9uul63kwnnjlusln9kh66853th8wd6dm0gx4c45v9rgkggk6a6ztwdq5tnv6t7kldmtz7n0ua9lrwa49ehrtutm8803ne4md38t2lkedelm72dl6y4skspdtcpq4sxkwchwek2xsrcwfswmlmrthdj7387g9r4nh23ca73utp30xzflhrw50xv4ve0w0xnte53f0efcwfty7dzsu064u8ddrkj2v40654gfvh6su8r2rdnuexn5lm96l75kzm88aveyfn97fyylt03v0plvqhlmds26neeye7qqhh4rk9x0xsk0
NECKCOIN,offer1qqr83wcuu2rykcmqvpsdndkxa7n8dc05sag48d260manflh75hhd8glj2r8w5mjawfglxjaduatpl88v9cn3tdqyam8elvy4twn58uhcj6ggf7sz28sa6vu5jcw0n27yqqpgnq567pmw5uyluvrph09peyelyj0ls7f46yl5hvpewf0nak6e6lmqj6p9f34f0chpmdgjru26jq7mnldaate5wn5tzka8kpf73le4kpttpq0l3hlj7gq54rlekddm9u6lelm0lalura4jxn4axufl2kut38eulck8cgh8hm7xy5dw2suaufct0cene003u9hu8lllyml4kxrxfspnnn0pl7pztfalrdwazllt0p3pls76cdwfkx99wk00c036uaxu9y2a3kfcaf8twjpqxj78uwygva4axz45v4wh3mh6t2ax3z4tteh4fzjrvkav7mjfahgac5lp46w53e6g0lct5t6w6jhezdea6d84y3d8wnpuyrmaq56gcqc6zlwe058xt3dvan8njcqla5k7e5ea58m98uq7cdadw4q7emwnn4hxndpvl9jaefu2fj3a6w7nmprpetz3wmgvx95ukmqwzm0fegfcuw60tknn0my3a3wdw00rmr0xvp6qp3cvqvpjy5jxy7lyvfa7vpngcnnuphxcjt6gmf09p0729pu0lhvtplhfmenymd6z0jta77glxz0azyntrcjkk7f47m9fn8lh7stf2kr4dpmarzmjt87w4008dyfyw4njvyah98ramhlvmx2lj2zqgpuur7c0549fuqgfqlftaegm45umf0xwe2ht36j577az29uhlyknj77swcjag2hycf3hfwndwjax6a963k6wjdnssf0mpsrh0eufjl7gzgas0qmaha73hx8jmfvj24edfvm9na7rcqlev70jy9vtu28a0as9x3jff9qmr9d70ee9zcjf42g4umn9g9n9ucjf5f08ynn7dx98uejpt2chu5nztfj4y6nxg6nfj5t7h2chje2jtflxvhjwtezkrgnff9g54pj30e49yj2wf649n9tfwf8926n90ef9v4jwv40xjnn9w63rm3p57lzf948jcn9fpl8v6s79hla2yse78qps7ugf0zk2c320l2459p9ulq9zjruwyrxrnjwf9s9y8s0aw9phvw8lql8n2zpeycsruuydluhzst2dp58qk3xghgqvnlj07pmzvx8yapuc4dr42dll8ugqqvclvj29ue37c4rrdl8ln7c5pmvuc7tv45qykxwam74npjxze4scfelhskhshn2rvmvhx4tn60k8lmall0efjlup3jfwftx5enewx8y6mjkgf38vkt6gfc4jhtpvelxustx2edyvcj6d9yhusdf4x24z4newfumnyjdwxgej5vwtfv4umncueqvzr47d0p3gghprrdq2r8d3ur28ejwfpdwghr6yr5tyh0pgx6r40cwdkle23v6njweehnn0k5maj5h5lulkgq484yu2lztlz2yzu6gjezqwtvmlth08a65trmxl9dfl0ehxu5x4a4fkwandtwah3qkd084etjen9aw7l3jj4xx5ap9rj3w6xylp5vf7zpxuxvapz0kgympzzewl682672kh4a3fqrj3h7l7p3re5aflj9jltwjzklnw8c29gm9hax0r4wyugd6gl5gxq4rz09z8y72q0lvyx27nh0uyqanurj56np0cp8y8hsfxgapyznl5s2pchpg23luyv0kl7q5d6f3fv2sxa7rxl657u7hnsezuem6jma0ttfcxdphakx33deu6fg2vqtsr3h7vrp7helhmlaekcenaz02ma6hs5w600dhjlvfjn477nkwz369h88kll73h37fe8zqp40upxn7x7cjc7pl5r7x76npaz5s2hm8lde9c0xjrgkluwf8d0ex4he56wu8au2kp6x499vs0jpf53qd6s5ch9zwmhr64gfk90cx5r47hh2ce9m8mh3z4r4mn9cr272pzmunmv9verqgqypjzxnqaf2ap5h25xxa2scn528z73g5269z3tgut92gv5rl69k4gqdysenmh6nnc6ldx30rddejdfpxuywcce6crenn6urvvmvva3ddmgetqkhq7l3n4cgr44huf97xvjw94gxrajm9u7l6skwnnjlu3lh9x466854th9wdmdl0gy4s45v9n2kqgk7a2qtwdqkrd6l604e2a08y48tclrfn8ggelvlh9mr4t3m4hcxp67k0895l2g2wll48ufksz2z9c0vpjjzzuhh5mkh0ckld69kmnzn25d8f6r46zevh7fl2sp8uhgnrtelnhnhftla7k3lnp9lse3uj8k6dx04j5hljnzlph8pxuhwlefwp764y2rc4ls0fu04lrdj7j5u2s5h4kztwax09hkwykkhdkhll0g4k8kwvul0tav6vljqsqwf6g3csgu8ke0
NECKCOIN,offer1qqr83wcuu2rykcmqvpsdnv5z204a2gskfy8avuakkyus764aekhhtn2u9h3egahcahagg7u9y4tpl88v9cn3tdqyam8elvy4twn58uhcj6ggf7sz28sa6vu5jcw0n27yqqpgnq567pmw5uyluvrph09peyelyj0ls7f46yl5hvpewf0nak6e6lmqj6p9f34f0chpmdgjru26jq7mnldaate5wn5tzka8kpf73le4kpttpq0l3hlj7gq54rlekddm9u6lelm0lal5zu5h0hxc4cp2awxr0nget95nhljgaledzancd23v2fxue25h90wa4nsl7lunlukscvaxsxwwdurls9t0uue309lvx7fv07t4t0esa2w8plcqj0ph8rvf5tk7kfwah0xr0jyrqw4ute88s8l4zu3zqteq7380nj6een3x9mzahgz6yg3nj7waejeftatj5wg5am2gwlutlcxm28t6t0y6qhcnmw28v0hl48898lfnnawmr0zn26g2ad3d02z8a46q076ga8erh9n94lp9azmu0rulvcle44lhxhvkkc5v0fk5h2j4cdnd2t8xs09u7g8e0udlma32je7wgckn6t4e2p09aj50a4wf8q0umsjl4ykha60q93cvqvpjy5jxy7lyvfa7vpngcnnuphxcjt6gmf09p0729pu0lhvtplhfmenymd6z0jta77glxz0azyntrcjkk7f47m9fn8lhlq23n83eununmr3qy06ldx8xv70ncdhc8l7ysmxmwqa0lzl7489d0awk3s0mp7j548sppyra90h9rwknnd9uem92aw822nmm5fghjluj6wtm6pmzt4p2unpxxa96d46t5mt5h2xmf6fkwzp9lvxqwal83xtleqfrkpur0klh6xuc7td9jf2h949nvk0hc0qrl9ne7gs4303gl4lkq56xf9y5rvv4hel8y5tzfx4fzhnwv4qkvhnzfx39uujw0e5c5lnxg9dtzljjvfdx25n2v63yj62942y4z5npdfrxdznf54v4va4p29252nn7g6r8jnnk0eu5nft33fghj3df29hytvjeveghyajp2402y0wyxnmufyk57tzv4y8uan2rckll4gjr8cuqxrm3p9u2etz9fla2ks5yhnuq52g03csvcwwfeykq5s7pl4c5xa3cluru7dgg8ynzq0ns3hlju2pdf5xsuz6yezaqpj07flc8vfscun58nz45w4fhlul3qqpnrajfghnx8mz5vdhul70mzcxxumj0cclwqchj9m7eet2k7upetrm55a07swx5c7g4lmv64ht03nhlll7lj39herryz7jkvfshz6v4venxy62724r9ycnfv449za2f59uk2jnpg9e8y7n4fx5k5kvktfyhymn9vxn9rynkd9v5jk2wtf0xpejgey8tvc7rzs4wjyx6p5xwtqgdqh7sc2m059qr2l90ncc0dhugypx6lwhwev6ucxtwc72rmr4dckh9llljzyecfhzhjnfu7dq8gjvngqrze8laa0e0v56l735fdtla79eh8qa2d60n4vmtm0dv2ymveed67hy7085h5dukffkhggsu5hkp48ggr7wssflqnmgcnuzpxcgsu20m36h8u4de0c2cxayglt7s2f7w8wwu4dlcmg39mutn7ws6qc4mfhmafs09rj38hrpk9qcr4gfu82sne6p8jn5am7f98suqk4kkcn7q9epuuj2jpger58uywskpcxz59lf8r34l79aynlemafma044v9pf06ytate07lccme7l6thqtdz3lesfq097gyhltjrrkr95wgre7h3l8alaakucnazlwm9e874wc08d8k7ufjh57cj70zem9e88nlnlpl3wtelqsr48cpkjwzlcncwp07z7z77npar5k2tc8md38clxj8fweu2th8w3x4lmy6wu9avtk0mws9pwsrjf05pqaerqa9anj5hmg770p8ka7awa2wcremjzk9acnd8trceewppaq3zt6wmqtygsrq9qvs35c8228gdd64p38g5w9az3g4529zk3ck2jxza2jp9gl73d4gqtfyzv7l7uu7zhtt5tcm0wv32qfh9rkyxwhq7vv7hgmrzmn8vrtw7x6c94c8nuvlwzqafd0zf03nyn302fslgkf08ll5pny7ul7ytaet4wk3a92lerjwl0mcpdd9frpw64szph82s2mng9sex6dtxwdy3g4vuc4e7sklrkshaay7dck207dvmmml2n3zc6wphxf7w0c3dg95qtq7ct9yq9302z8h6geu70ec3q7l3t3uledftwjw6agkv9ce74efwr4hnml5f7nu7aktf3w9syuht8eh3u44qksx8a4u8skwaf584wu95ym8me0k6etjauye8xcejme0076nn9md98nxr0mhun04jk74ml22yhdkvlrd6ap437qcqrws6gn5gf6a7z
NECKCOIN,offer1qqr83wcuu2rykcmqvpstj9ms4zu7za4w4ehjhj754txhzx5avu690t4e496e97l9kskecyl2mjkruwxet48z56qfmj0n7cftka8g0e8395ssnag95tptkeeg95uly4ufqyzpypf4u8kafcf7cuxnv7zrjdn7fyl7punmkfhgwurjujlxmd4nhl7q9sz6nrznl4wr56398c49ypak87mm6hmfargx8d6wvxnaplmtvzkkqqllr0l47spg2rlnw6mkta403l7llmlcy8774ndq5raan4j4grlut6wavar9mvptj7lffg0xwf3hwfjpjwcc5um0elm072lc2cwxxjgdx8879lu8y0lqdnwke3c9s7u0wpn64kkkj7wf5pt732g30ldy6glx29jgh52hwpsrm0rt7m5cduyva5hxjr28tlkk6vmfedfq4tr3xjgtat95uf6h0q8pmtg53fmk5salch6srms7lw3h7r9tr5nrn3eyva70kr5lze9vf7wl5e06m82u4nmhrkatx9lvywma8puahqpaghte2hf9uhf4jha9ku6vvxt6vfkhvh5um5s487nzgzfangswpka4yum0qhv64y3a87cnml0ht0u65w4ugw4durmklcwrulnx3qmrs6qszyff5vf4lgcntucrx338h6rwd3qhy3kjl2zlv52tellwc5rlwnnnkfkm4ylyhmau37vylcyfxkr340dujtak6nx0l0uqu7r6hm4mglc3vq3tl0xm23t9pwm7lcuge0tmj8ue42a4mspw044l0qhhra9f20qrzg82glwtxad8x6renk246uw448h82jew9me4kuhk5rk542z4ezzu06r5m058fklgwsdkn5mduqzt7cypal70qvhljqjhvrsxldl0kd3suk6mxj4wt2txevhws7qh7t8nu3pmqlz3ltlupf5vj2fgyc3t0h77fgkyjf2z80wue2pve0xyjfztmeyulnfpflwvs26x9ldycj6wegk5ej22e4xy7nwwy0xnfjfue2kjcj6g90xylj6wedrjuwpg9v32zv3l8ezzk0ffeh92s2ktc0xn4s9d8qh54j7yg7ugd8hgjfdfukye2g0emx5hndh724ykd3spv8hzzts4jky6nlj4d9ged8spg5slr3gescunjfvpf9unat3fdmrpac0eu6ssvfw9qm8pr0h9c5z6ngdpc95ej9jprylvnlc0cnppe8gwx9tcl2nwleljqqrx8myz30wv0j9g6m8clulkxsdxqt85nuc437xp63xlxfmjmw5atadhed3xuz4a3xdahtuuzatmfen0el7lj3944rpyvkneveyc2ej7d94yju29v4ryn22709885sj7dfchzjdxwfnx2sj4teymzkd7v9j55nn6fe985kdk292k2s88frysudnqyv2z36gsmgxseev2pftjlm8v9jfxp743whutn5txqud7l5p0xyln72ja0my7ghwqnt35mrml70myq2n6jw903ylsc3yhxsykfs8jmxljumel74zc7ehemg0n7deh4r40d2fnhwm26hfuc8nteaw2ukve0tnhvw5ag338cfgu4tk338cdrztsqthpn8ggrajp8cvskth736jhjh44wv2gs75d7hmsu27d82tu3whjm5s48um37z32kmdhgncatn8zrwk8dzps9gcne2338j5r0epfnh5atlpg8vmqv4xuct6qeep4uzfj8gfg5leyzsw9c2x50lptranls8cftek0f79ej0mc8hm8ku4z4pamddv4ch3vwf7lfpczahfutkqemucdmpj6pyfllrc0470a7l0vd7pvhfnuhl24v8nknmldy4t2dve084dasut3emelklc59ulswp6suvmepphlf5xqhl30pr0ek73ctf9vra7encwr0ru5v694lnhfn27d5dldzjh9l894gw3hgpfyh7qqvugryaxducl39azhmamn3u037ldt2snksdyl8ucgxlm2ntfguzhhs4a40sdjygpszsxgg6vr49r5xka2scn528z73g5269z3tgut9frpw4fqj50lgk65q95jpx00lww0pt4469udhhxg4qymj3mzr8ts0xx0t5d33denkp4h0rdvz6ure7x0hpqw5kh3yhcejfch4yc05tyhnll6qej0w0lz97u46htg7j40u3e80hauqkkj53shd2cpqmn4g9de5za7nkg544mdhmmwncvyq3lcj7l64xrhat5ehuk6fax5jlw656u7mycr3lp8vfksr2x9gdvpnjxz24hmltnsvf2fgvvl6nlh96a220gakam9admqs3ht3gkljxt34nm6zl7v9l77wr6ktkl3ta8w22jgmsuzqc0xwsvkx04v7wexm4f4q59uk9ptke92ge9q74e4g7ka8r0tw22myjenahm8dl46kfvdq473e9nt0l2r9vq9hrujzvyw97ka
NECKCOIN,offer1qqr83wcuu2rykcmqvpsrj4pr7ek0t5w7n44ftvmrl6zq0jmaaxl7qywktacxnuk4kpn7jcg80evh6u9jhww9f5qjhqlhlsjkd6wsaj0rtdpp96stgjzh0n6stfewftcjqvyzgzn2ctd6nsma3cdkeuyxym8usflara88vnwsau89e9kvklthdl5pty99yxd8l2uhf4z20322grnv0ah8h07j6zsuwm5acf82rl7hcpdvzph7xlltlqzs5rlxl4hvhm20plallhls28plxeuh7htntwn0nsk07375k65wdmfzhtws27dppl5gyy68tlvz9ud34lhlxluals3svvdvs6gwlutef4kv9slwzhxrm9h0xf447tnl50ax6crsk72kehgmr0d90z48u4l62fcxpa2gm69hclz6yd3cw3de6l2cjech8h7hvu5748aw7auvkkk4hgmehcmgc336k53amc0lsffsns42awmeukmu7978hc6a3084l8ewm8j949aqvlxzsamtgx8jdzcpmpr6h65wnp7cnxprlh9wtpkqnscpnyvmgyl7h4frhc7de5adl3hzzm6hme6m0ekxf4r8mh9lkvxa8ld99wz7gwdn2gaed66ux7vr5llac6wuh77px8pupqygjngcnt733yhesxdrzd05xulzpwftv9754ueq4hnl7l3gx7a888vndh2fwt0hmerugflcgjdvhr27meqhtd4wdl6l7zmxyna75khcust6c23lj2maud6j0f52y37rm3dh5qszpla8sv7f8jyz7u0549fuqvfqafraevm45umg0xwe2ht36k57ua2t9ch0xkmj76sw6j4g2hygt3lgwnd7saxmap6pk6wndhsqf0mqs8hleupjl7gz2aswqmaha7ekxrjmtv624edfvm9ja6rczlev70jy8vru28a0ls9x3jff9qnz9d7lme9zcjf9ggaamn9g9n9ucjfyf00ynn7dy98aejptgcha5nztfj4y6nxge9yjetxv9r8v5n9dfjhjhjpv9092jje29z4yjn6fgdzn603d9lx2hnfv4d8vst6zeuu2u37t849y6t30y3rm3p57azf948jcn9fpl8v6j7dkle25jekxq9s7ugfwzk2cn2072454r957q9zjruw9rxrrjwf9s9yhj04w99hvv8hpl8n2zp39c5rvuyd7uhzst2dp58qknxgkgyvnaj0lplzvy8yapcc40ra2dml87gqqvclvs29ae37g4rtvlrln7cupnldfr6xhg42um06cjak0gdg0thpnwmdm7l766ect9fha50ve7r6td48llaxmn3x8fpm9z6nxjfyk57jk24ex9ptfh9vhr9t3v6nxnwne0fukzkn9vetx53n3v90xavteg9yhj3jx262hzk26d90y562f4my5p3sgh9hvvyerusddjqq2akxq2d52jvnn9lwahe6wusje7we3ncsunm7p4f5n0cl5l8nt08tahtt0wta0lluspxw2dc4uymlrxg9653yjqqukell8270m4yhh5dxt6ll03wdeg92mwnuamx6kmm0zpymw0t2h9m8mca9ard962d36zx89ya5df6zg7n5yzdcvl6zylqsfkzy8j375w4al4fwtlzjp8fz0ml5zz0ne6nh9td7xmydwlzulj5zsk8w6v7l2upeqa5fagcd3gxya2q0f65q77sfu4a8wlsfpa8q99d4kylspwg00yj5s6xg4plpr58swqs4plcfcad0lp0m0l23jt877tpxle5dch0x73vh0n3zle9wpca3kjdah99ryp4h7eeqlvztcz3h7urp7helhmaa3hcanaz0zma6hskw600dhjavfnn4773kxr3798887ll63hn7pc8zq3h05qxh7xucje79lyp7xl6hpdq5sthm80dedc0zjngkhuwd8d0ex4ha52wu8uuwkp6xay9vslspp43ydn2ahrh05e49r8ymy0gmplw5hdmwlg7jn7yh6ud9eal6n4e4hv7hdcqxt3gxqgqpprds755xj6h529zk3g5268ze2gct4trpw4gv964yp23ldqm63qkjgze97aaeu9w7kgm3k6uer5vnwg85fv4wp7cp7wakkphxwczhd6ddjtts09cpluvp2j679jlzx08ju5npw3v6u0mlg8x3aehuchmzh2edn724ajt9a6l0nz6625xza4rq59wx4q4kkjtns03wlw7xael5677jl44srmdkrtxjevdw9a0keerc2zvxga2khaauppl5l3z6stgqkpask2gqtzltaek9zvrhhqay3sr4tte7psyhj0adk42w0yjyacru9pnkzvc3uheg23eudm9h7yk23h8eu2tuft40ejrv7fhu3f0xzhm20nw7rhajrf7ehuhlq6nu9w9aa0fvvclt9qwp02mqkdpm5gtlrlzlhm04y84elxed0dyqd045umvmm4rah
NECKCOIN,offer1qqr83wcuu2rykcmqvpsrzn8hjewz4c4e5lpgugf5jruawaj7pazam8emvj0pkz64pd8v7nqhkhawqerh8x56qfts0llgftwu8gwe93ahssjdg9ugptheagd5uny97fgxzpypf4yykafc07cuxlvwqr2dn6g5l73lnnkf4gxlrkuzext04lklcqanzjjrynh4w056390c4pypmk87mnm8afdpgw8a6w59n4p0ltupkkpqmlr0l3lsrg2qlh06ekta48sl7llmlu9uu7zctykm3l8t7wk0h8ak7x28yv92rghdadfe6l5mtdzxjnzv70gnqvdlalehl80uyvrrrtyxjrhlzaywd2l76rwd0jujmq3ahnt4cnn9anzlevwxdjcf6dnjuuks6r9mtjqpqltve8f2q88l7997e7lht5288v68rqfxhwntd5wn6lh378j7xwmk84jza8g53fmk5salchlqk3hwrjwquvdne25l9r2ul00wl4v7nsp9kxjjmu7ldsgnyutqntgs24kmzz536995g93yh9dxmk96khgpfwjv5656awnwdfj53xzcdt676mkacw0l86la2my8a8rltvh6qvz8mtj2ae4shn7t6j0tks40uh658zerg2twpxrpvpqyfjhgcnt733qhejxdrzd05yulzp2fmv9754ceqhhm77l3cx7a88rvn0hzfw008eeragflcgj9dh82wmegktf470ljl7rhje3ea64yzwmk5mcapth8p2nz74fkkwfwv8p0xk8p76xlhtawdq09eu87gw5eye6qc2qmgmlege4sutd0kwezht366k7kajw9v4lyhns7k3wsndg2h8cp38twrwwkuxuadc3kmwsdnnspwt8sn504aeslktzvastqmaha7p4xh3m9dj24ewfym4haxrcg7ev70syfvt62lu0a39z32ff9qm994704e9zcjf42f96mtxgfn96cj25f08ynt7d2986ejpt2e8u5nzt9m9y6n9nfc4jkj4wxqhzcjeteq4uk2d394xjnj3vxz45kjk2f6h6u2jv9lxymtf49ge25jpffr865tf59ayv4n7dxjre3e57mzf948jcnyfpl8v6ul44l9tyucwpqes7uffdzxgcat0e29h9dyvaq9qjtuwxrxqn6wfps988uwdw9ehvzx0xl8n22pfxccquu9dauhqsr2dp58qkaxg3gcvnlnluptzv285epum49r4wdlu8sfsxvquv6t9uef7cezr0llanjek9dtwj0un35ldmw37fdxx80tgv2c99jttrc23x70k55zaj09h7420a0l0efj76psjwfetxzmjfj9755sjk0eh9n2v72ec6janz248xr0tfv9a9uhj3fxvezan3s9fyjhtevxq5npt6ged95njga7qvzr37dq33gg8prrdq2r8d3yrf4jm07hxruv5h8xd77uzxetrha363474a0f390g6mlj8ll9ldf9885lulkgq484yu2lztr8kyzu6gjezqwtvmlth08a65trmxl9dfl0ehxu5x4a4fkwandtwah3qkd084etjen9aw7l3jj4xx5ap9rj3w6xylp5vf7zpxuxvapz0kgympzzewl682672kh4a3fqrj3h7l7p3re5aflj9jltwjzklnw8c29gm9hax0r4wyugd6gl5gxq4rz09z8y72q0lvyx27nh0uyqanurj56np0cp8y8hsfxgapyznl5s2pchpg23luyv0kl7qkely5ekl69kyramc6w34wrljw5c6uhg74e9a97trvw5hhr70juj6kqrwcvxneqw86787lllhkmrz05tamvhxlj4mpuak7mm3x2wnm22ect8vhvu7t7l7879e08uqqx4lqx6tctlztpc8lstctm2v85wjeflqldhylru6gaym83evu4my6hlwnfmsh43wehv6y546qwg97syzhzlkeasyklca6a702z89d844vf77tzlx7vnau9ju2hl5ue0s5fk7lrx9v9vepqqqydjzzns7f2u3sh2kxza2sct42rrw4gvf69r30g5g92fu5r069j5gqdynehm8cnm66nvxn0nvd3jdfp7ayzecl6qremj6crudmqvahd46ga2q5hqll3j96gt54mufp770jzy92xnljl9ucl6nkxnnjlvjlm9kh6285e2h8wa6dm0gz4ch5yyrgkc2kju6ztwwqala8qftkj40wjf6n5k0vnx2hm79rn62dm5akhcajvvgyaswazh660l5nkymgp4rz5xkqeerpzjvly557tdlucumacg3lm4re4wr7mmxdevkx5dmsnmm674yg0w0l7eadat5ud06dykk5lee3e744u0dpep5y6lx90m7a06n2fsak7kj78z00znt807yu9exvnw5exeemm409plj4wfm97y6nmmxmxhlmttzaale72xvgqaftfy0gjdumxp
NECKCOIN,offer1qqr83wcuu2rykcmqvpspr778na75du5wecgl0urv2wqugzt0aa6d7w7rlp329ukwm394llu5dfd86u9jhww9f5qjhqlhlsjkd6wsaj0rtdpp96stgjzh0n6stfewftcjqvyzgzn2ctd6nsma3cdkeuyxym8usflara88vnwsau89e9kvklthdl5pty99yxd8l2uhf4z20322grnv0ah8h07j6zsuwm5acf82rl7hcpdvzph7xlltlqzs5rlxl4hvhm20plallhls2ejjkw7s87exekwkrmljfv759mnm0j98phhzzt4a80g6h0hr5hhu0we7rlmlj0lj6rpn56qeeehs07q7fyfhzu9jv202f5k8xw8edryu0z0l4cr0a2y6jqltl79yhm50ut09gmsvqjkeh8l63a4fp9tgyw0zjcnefxlm2av0zkcezcmvf9d2zjlnmx7hlflnf54frh5salchjsw25lvkh89d20xqgm5l4e4mjx8kynwup0v2vdwy85khma49le4a7v4s3uev9el4867u6lda6fgldlhnav4mddv4el0xml2h3emn9uevslamcxj25lhkvk57hjcdt7kxcgplr8a7qmw9hl0vm0mxnhhm3flrrnqd7c4rfqwypspsxgjjgcnmu338hesxdrzw0sxumzf0frd9u59leg583l7a3v87a80xvndhgf7f0hmerucfl5gjdv0z26mexhmv4xvl7l6pgtcchv3ja6upaxmlsmxke3f63v2pu45ff2hgejmtm853ta0uvn7txp00872z57gxyswy37ukd76wd58j8g4mhc4220w7h9jutnnt0e8vg8de259tjq9cl50fkmg7ndk3aymd9fkmcqyhasgzmlu7ze07y997c8qv7m7lvmtqef4k092uk5kdjexapupl7k8xexrkp7dz7nlczngey5jst32kltavj3vfyk55v74ej5zej7vfykyh4jfelxjjn75eq45ut7jf395e2jdfnyv3j3v43957j3nfe9v3j35f5kujnj2eceynnp0eqk2ut2fxchvst6f9l8y4jw09e9jutf4xshv42fs4s4jetass60wpxj6jevfjksljkdflxm8a4wfverqrctwyxhp29gf48ldt623zc0gr3fpw9zenp3ehyjszj0e8chznmjxrmshne4ps6j52pkwzxlxt3v94ys6rs0fnytvzxf7f9lcl3zznjwsav2hpu4walnl5qqxv0jg9z75ely2phk0slaludq3t4vvhmg6mhcjcfl9lvkmw8a8d6q8m4phmn2d6ymnakdwlkg9z26j0dlll5ewwyceyhv5r2v738jamcg3a682d3dpg6hyzf07z4r9dfd9u5j4zcdwtkjs29hpc6u5dn0pgm7u29g9jhnz2c24tenzdgd98wqsx8pzuxl3cjytj34kqpptkccp0n5r4p8jmt8dxcl3j8hl8mfwwjl8a8emm85ulmrwlh30xd7d027t0enlllyqfnjnw90pxne0pqhwjyjgqrjm8l7atelw5zu7e4ett0l7deh9q4td60nhvm2m8dugyn0eav2uhva0t4h5d54fph8gggu5mk338cfrj0ssfhpnhggnujpxcgs72h636kh644e0u2gqa5fl8lsvf7d820u3dh6mys4lum37z32xcdmfn6ats8xr7s84rp59gcn3g3a8zsrl6p9jh5am7py8uaq54x5cm7qpepaujtj8gfq50ay2swpc2z58lp8ra4lc9xe73dhpzde9wld67p9aljhatuz3gyatl7nfwv0emt9jr4desnaw6gprkr95wgre7h3l8alaakucnazlwm9e874wc08d8k7ufjh57cj70zem9e88nlnlpl3wtelqsr48cpkjwzlcncwp07z7z77npar5k2tc8md38clxj8fweu2th8w3x4lmy6wu9avtk0mws9pwsrjf05pqacw0ptxleghf7lnvlz5tv66m5watl0avh77h258lw3v8ukmyfkmjt5gpkzkv3syqzqeprfsw54ws6t42rrw4gvf69r30g529dz3g45w9j4yx2plazm25qxjgveamafeud0kngh3kkuex5snwz8vvvavpueeawpkxdkxwckka5v4stts00ce6uyp66m7yjlrxf8z65rp7edj700agt8fee07glmjn2adr624mjhxaklh5z2c26xze4tqyt0w4q9hxs2pskzu29700mrzmlssr79r04cqamt7jml9qcqf8re5936lmmvlqkntlflz94qkspvrmpv5sqh7mraehm3d3s2eexx47lsk0vtlxpaudp2f67j4d2v7pl8n7m060lt00w778le4wh3ck6r7qhk8z7vllhdm5jdskhewljkhe0yem3xezlkjak7520dl76e70zpfyuc8shlw0qgmvdg3e008l6v0hfmqwa7kwq4d7uquglqz6w8gryksg307
NECKCOIN,offer1qqr83wcuu2rykcmqvpsrn7nkfk6utgwdv2r906aa65t82x0780543shaa80lw5spahalxnzeakknuwxet48z56qfmj0n7cftka8g0e8395ssnag95tptkeeg95uly4ufqyzpypf4u8kafcf7cuxnv7zrjdn7fyl7punmkfhgwurjujlxmd4nhl7q9sz6nrznl4wr56398c49ypak87mm6hmfargx8d6wvxnaplmtvzkkqqllr0l47spg2rlnw6mkta403l7llmlc94f0ml7m0jsjma24phuclac44z6cjw2hmt46a0kj7wewr90mcmvur820plale8l3dpse6dqyuulchaqr9eucq9dl4rl68f0y72086mkw8a2twh20k9rktgw0nanre8mvjj6hsvpch2tqe9kshhsnvxkxw5am9dh56n0aulhpklttmydcu702zhhwl9jmtuwc6ar2g7av8lc93srmuhttupsx9n860aue9c3ha6xqm2l0ljeltjnx2xlusv380n3gfntqra27gh93mj5hrxm856yy5c8mq0hamwwh7wa30eafq4997v07nn4e277d8tmwdw58r29nkshytjh8ulhgh93ltx7jlnfec0chjczpjazyzkzncqx8pspsxgjjgcnmu338hesxdrzw0sxumzf0frd9u59leg583l7a3v87a80xvndhgf7f0hmerucfl5gjdv0z26mexhmv4xvl7lupezg7k0k87ej020x6ky5auhhf60mzt0a5lleh6dhe427v6nhj36w73tc9auleg2neqcjpcj8mjehmfeks7gazhwlz4ffam6ukt3wwddlya3qah92s4wgqhr73axmdr6dk685nd54xm0qqjlkpqt0lnct9lcs5hmqupnm0mandvr9xkeu4tj6jektym58s8l6cumycwc8e5t60lq2dryjj2pw92ma04j293yj6j3n6hx2stxte3yjcj7kf88u62206nyzkn306fxykn92f4xvjnk2fdx56j6dfgc2ut224t92jd3se56ndje49c6z7jev4ccukjj2xd8r2jj2x98y4j329c62jd22f5eujdx0kzrfacy6t2t93x26r72e48umvlk4e9nyvq0pdcs6u9g4px5la40f2ytpaqw9y9c5txvx8xuj2q2flylzu20wgc0wz70x5xr223gxecgmuew9sk5jrgwpaxv3dsge8eyhlr7yg2wf6r432u8j4mh707sqqe37fq5t6n8u3gx7e7rlhl35zswjmypunvnnfdpsmnnakgua798q5nua4ytm356fmkd4udxdhqw2salllm72yklyvvst62e4x57n2f9g5ykj3veh8v3jjw43y57jxfft9n92x24skzjdejeq4jkvpwfn95cv32el8nfn6vfuhu3j7f948ju8xfrysadnrcv2z46gsmgxseev8q3pjt4spy465ppm50vn87zvutlxnwlxr3lup3da6tenucatt8wwnfnlllp6vuq6ptee4w8ec96yjy6qsckp7l0t7tmd8hm5dztzll0370esx2hwnuatx67mttze8mzwtwh4e8nea9atw9j2a46zy8p9djdf6zylr5y2wcq76xylpsdkzy8zj7cw4mld2wt7j5phfzr6lkz6wn3mn49t07x65twhzulnyxsw9w6d7a2vrevu5faccd4gxqazz096yy7wsfu5d8wlnfdu8q94v4jyljpwg08yzks2xgap0rruys2pshp06fuuddl308p093vl20p7va5mtj7tt3mqtttc7cc4knn9fd0w4fd0lyk57fdt2hlsywcvk3eq08678ulhlhkmnz05tamvhyl64mpua57mm3x27nmzteut8vhyu7070u879e08uzqw5lqx6fctlz0pc9lctctm6v85wjef0qldkylru6ga9m83fwua6y6hlvnfmsh43weld6q596qwf97syrhx9jcfuc5m74pnnf9jv0v0t77k8mdzdm56k203avf42fmt0hym4hnhnutptxggqpprvsj55xj2h5w9j53sh2kxza2sct42rrw4gvf69zp2jl9qm73g4jqrf97d7euy77ksm3kmumrvvn2g8kfykw97cp7wukkqhzwcrhdmd0jr2s89c8luvpwj2u92lz20hju53p23u7uhely8k4a35uuhmyh6edh763az29eml0n2m6z4xya9pqc97z4shkjjmjgpdwedgtuurjvhnggs0j6nys8lm4qur6mmrf8k0hsmtzvu2kdm7xg7ld8ugk5z6q9s0v9jjqzump6t64kn38s7kc700z78k0xke9ss6j2g7val63lxa8tp5p0u9y9mytvtju76aj5v62vjj208zlew9dvnx2k7m0mq5wlc7802e4duav0e7wxs63jnpstqvl6gh6vlpw2k77g8fp08nu47llgcxre7c2sxeay5my27eqp6rm96fqa0000
NECKCOIN,offer1qqr83wcuu2rykcmqvpsrjl8ksmzw68g4j2dn4xwe9f87thfcktna3yc0n48as670xck0gvk7m34ltswfaee9ys2turl0cz2mh96n5fy0duy5n2p0zq2au02rd8yer062pssfq29gp9h6wrhh89htpsgmng7z88l50uudjd2phuahqkfjma0dh7g8vc55sevuatnay5ft79gezw4slku7ml22gwr3awm4pgactljlqd4s2xlcmlu07qjzs8at7kdnldfv8lll7ml30hqv47uefvd4m96v5nhnql3r60laqgwlxl4u9v728k76zzulacxwwzngdlllfhltwvxvnqr89xkrluz6nkl5yg8uh9fk40u3se2uerh3dhh4apsuepqd5ul55eh7vkm0jl2jpvw9szm0t9yncc8m4dum7hnnv8vvkvlzvxxh7jnkhjdrqmengww7j6vrdvn5vguam2g7aurls84zt3fgmwu4ljhxly7lalhs0lseyx2hk7d9lkt3468jmlth2tuvhzcvvq0emx2n0h6vmqnvqxymtaea6l4pth0u9tptnm0qga4cne6p2yd65usvmlz5g8hglnfklnqj6n5wt7dlehf887fmv00tvm2zhd3d7ulcee2wq7qt3cvsvpjy5jxyulydfe7vrnqcnhup4xsnt7gtf0dq0624ru87hvt3lhpmehymd62wjta7ugl8z0azxnrzckkkufalmpfr8lllq2hg6hwwkatwucu0fkvl9q94u08kmnwtmj6awnad8ndhlk7dugvlhyvap00872z47gxyswys7cka76xd58jh24nkc4260wkh9kum3nr0e8vc8d3t59tzz9c750fkmg7ndk3axmdyfkmczylusgzmau7re07y89kc8yvwe7ldm0qff47w92uk5kdjexap7ph7k8xfxr7p7fz7nlcrnvey5js232klfavn3vfyk55d73ezkzej7vfykyh4jfelyj6n7sesh5527kf395e2jdfr8ycj6wxqhj7jekfq5znnfs4z4ykdk29tyz4jjwft9jmjw2xu52j2enf095cjekxl9jljfsed8rq2e39q5j6ta5s6dwf8j6jfvf6ksmjx0flxm8a9wfveryrcfwv8hp29gf4xlft6232e0grpfpwyzan33ehyjszzde0ehzntsxtmsnnehpc6js2pkwz8lztpw9ays6rqdfm9tgzxt7pylul3qzmnwsavghpa42a0nlupqzv0jg9r7se0x2fkktsllluvqhrg6dk4ht0jee43xjhx8tea5wlltvmv4mu3frlq20ca8rcy92w4pc86l7ljn9lcrryjujkdfsk6c2zg9fyrgtfgxf85m2fgeh95kvf39axzudxwxyhr8nfvfl8v6t7vedxumtpsfy45anphf8xjjt4t43xpmjqcy8tu67rzs3wzxx6q5xwmzcxzaep37j3llej27vjaln7gz3nw7havq3xrp0v3ehglxcc77upakh37pllljqyeefhzhsnta6fqh2jyjgqrjm8luatelw5j7735e0tla79eh9q4td60nhvm2m0dugyndead2uhvl0r5h5d5hffk8ggcu5nk348gfr6wssfhpnlggnuzpxcgs728636hh749e0u2gyayfl07sgf7082wu4dhcmv34mutn72s2zcamfnmats8yrk384rpk9qcn4gpa82srm6p8jh5am7py85uq54kkcn7q9epauj2jrgez58uyws7pczz58lp8r44lu97cllc8cgrmdpc3r77kjcl4k7sc07kln7zw7a49fxhcewpz6xk4pafp0qjuqudlnqc0470a7llwdkxvlgn6klw4u9rknmmduhmzv5a0h5ans5w3deeahll5du0jwfcsqdtlqf5l3hkyk8s0aql3hk5c0g4yz47elmwfwre5s69hlrjfmt7f4d7dxnhpl0z4sw34fftyrus2dygtvcjj7lnjny77uelr463z40zn0cu20tv6wnh46vd5uh77z7gtjdx0cgzew9qcpqqyydkr6js6t273g5269z3tgut9frpw4vv964psh25s928a5r02yz6fqtyhmhh8s4m6erwxmtnyw3jdeq739j4c8mq8emk6cxuemq2ahf4kfdwpuhq8l3s92ttcktugeu7tjjv969nt3l0aqu68hxlnzlv2at9k0e2hkfvhhta7vttf2sctk5vzs4c65zk66fwlpuax5mpn7ymawl6jmx2eflnred9t7ljrk5ea5je8l359sn66ktyh2llzwcmvqx5ugs6crryuxer8rc0tlyaku90uapa3z4g65m3egkle670tu6ndhca9276clvrd0xv3eanlv0d0ma8rmct3hknxzj4eckx8ymrvf5km9w0v7ghhj4kvs92w8knqjhw70d07cnr5789fuxl9lrd0vk73p2h3rkg0lyqfd4n0kn438hqxqqd4jntqnamd90
NECKCOIN,offer1qqr83wcuu2rykcmqvpsvnhnmeltjwdmzl2e5xhxh7dkx0lleklxynmdj54zghlx9t9yjdjluaadh6u9jhww9f5qjhqlhlsjkd6wsaj0rtdpp96stgjzh0n6stfewftcjqvyzgzn2ctd6nsma3cdkeuyxym8usflara88vnwsau89e9kvklthdl5pty99yxd8l2uhf4z20322grnv0ah8h07j6zsuwm5acf82rl7hcpdvzph7xlltlqzs5rlxl4hvhm20plallhlst0fmr6l4twnl2jl6wc8wfu03tndh7yjhh0l38k7xxt0jtc503m8lr4vsmllln07x7cvcxyx7gdy8lu9690mj93uhan42lpaaz6awklangkq5tahf052mxx7hhrwdmgh2t8x5n0svqw55ha5qvya8lanvzkv9d8f36mme835pg5sk7qlmem04hlsgnmpn2u0part5dfrm4sllq48aadlkdlu4u48a98h75kawndney9amlj4sj4neh2qtmchv554fnhzckz8a3gacfl0thupkn7v77sl95euu9j2mn7kkyeug8k3e70pd9dvt9uwa5wfqhjc07n4dh4vuku2ch5tjmlfmwvy8udw83jcdnxymkdah034axcqpcuxqxqez2frz00jxy7lxqe5vfe7qmnvf9ayd5hjshl9zs78lmk9slm5auejdkap8e97l0y0np873zf43uftt0y6ldj5enlmlqydn8t6ymrms0llt3270lhjwejmnk8rev5pawcv4wlm2c4a08avh5kngc8aslf22ncqsjp7jhmj3htfekj7vaj4whr49faa6y5te07fd89aaqa396s4wfsnrwjax6a96d46t4rd5aym8pqjlkrq8wlncn9lusy3mq7phm0marwv09kjey4tj6jekt8mu8spljeulyg2chc506lmq2dryjj2pkx2mulnj293yn253tehx2stxte3yngj7wf88u6v20enyzk430efxykn92f4xv3n6heuhuh56t9zhum43w9eyucj924jhjkn2dxlxj5tejev555d3w9lxnfjf29nxucd9f938zct229yhvsdw8hzrfa7yjt2093x2jr7we4put0l65fpnuwqrpacsj79v43z5l74tg2zte7q29y8cugxv88yujtq2g0ql6u2rwcu07p70x5yrjf3q8ecgmlew9qk56rgwpdzv3wsqe8lylurkycvwf6re326825ml70csqqe37ey5tenra32xxm70l8a3upqct2wuugvn0guhls7vdx6sc02uv7mncg0u7l5l7cjhap5l7cazth8al7ljn9lcrryjujkdf3yu4nk04uevk27dx5kjcjjtxtyng2fvfh9j5nptxu4ys27tx082kvjfx5kn0nktxkh5ejed9uk5ejevf5vaqxpp6lxhsc5yts33ks9pnkcjqvtcae7t883hfgq37e26h9ng3hd2ejathh2x84maheslm2apag3z6tll7sexwzdg4uu6q3kyzazfjdqqvtyllh4l9ajntl6x3940lhchxuur4fhf7w4nd0da43gndn89ht6uneu7j73hje9x6apzrjj7cx5apq0e6zp8uz0drz0sgympzr3flw82ulj4h9lptqm53ra06pf8ecaemj4hlrdzyh03w0e6rgrzhdxl04xpu5w2y7uvxc5rqw4p8sa2z08gy72wnh0ey57rsz6k6mz0cqhy8njf2g9rywsls36zc8qc2shayuwxhlchw3je6k0avp3hefx07m3fl4ktmpmt56ad8hxxn2ta93z7hu9ndndnymasedqzxllsu86l87l0hkxlzkt5e7t0h27zemfaak6t43xxwhm6k6cw8c5uulml72z70c8qagxxdusqmlumrqt0chcshcml2u95jjpwlvea89hpu2wdz6lee5e40x6klk3ftjlns6u8gm5s5jr7qyx7y4nfye77uwp3e4m54lz5tht768zvvlz0ce3ltm29r839y2dl8uk8n5kmptxggqqppvs35c8z2hvd964psh25xxa2scn528z73g5269z32j89ql73v42qrfywd7e7y77xkmf5mcmrwvn2gthfzkxx75q7vu7hqmrw6r8vmfwj82c99c8luvewjza9vlzf0nnvj3f23slvhe08875dn5uuhly8ued47k3ay2aemnwnwm6p4w9drpg69jz9khwsjmng9t2tmavu7c8p8p2m36lemde7mg5mhee5nwjvmlaclmufmlz77zletcu0cfmzd5q6332rtqvu3s5a4udclfnazvchlsrgedjnek6x0dyk0h7zgkxflhalhq5zf638d8fxfscaenvdz0fdl8neuucvpnhv4eueve8w7h5j79tz5vdzezl87sht37yskh3x0lhkn7nfxtuaehv56q6674k6rvlyhnu54ql86gx76w6mwvc6qzvfd8tlvsw2nu
NECKCOIN,offer1qqr83wcuu2rykcmqvpsrz7336whw86nkq7vjh43jkl8zjm0evwfkfvwl97785mjgp8tkrlecd74s7nnkj7fs5ksz7ln5lkx24hfjz7tufdyyylvp4rcwux22fw80c4tzqzq5gs2d0qahtwx0wxpsmhksusvlnf8lc0y6uz06mkquhyhe7mdvu0esfdqj4c6587tcuk5f379dfq0deak774c68t6d3t2nmq5lflc6tq4a3s8lcml3wyq26nlumxkajud0alahl7ljqugpvuvc7ndghl426xvnza7n9nrthyv8g2mpth2fg9gk76tz2sdktcxllluml3hkrxp3phjrfpllp0p0dlnrtl90ug004weznzlvm7lh996zwdhav03caygapj9panl2nmgj8zcwdndfzeud7l6yf3fwrqxl0lz7wa3es7zhdutkhnl6rwz5edxn6us26d52g5em6gwlutec7z345l06elfkyssm0kd6l7tdal48tk7y2d4nqg7ef6x2wuj8v90nakz8kgamf3xypmdedjz02ym8cckryx5r63takxuhxhas8am7d8at8vlvcey7cng8mckk2eejrvgcy6f4sm5dy5z4l6n5k3df9jma0ax9ze9jlcycuxgxqez2frzw0jx5ulxpesvfm7q6ngf4ly95hks8a9237rltk9clmsaumjdka98f97lwy0n3873rf33vtttwy7las53nlllcysmh8n88a8yn62az2u8640yvt9e6yc0ms0dplm8dr8zslhermr32jw93008l2z4wgxvswqsw6ka76xdy8jlt4nkg426wwkh4kun3n80e9vc8d4t59t2z9c7ydf7mg6nak348mdyfkmsryluq2zmuu7re07v89jchxvxc7ldm0qff47w42uk4kfjfxaflpn7x8xf8r7pwtz7jlurnvev5js2pgklfavn3wfvk5sdwne2kzejwvfvkyn4ztelyj7nwseck5s27kfe95e2jdftx5ejekeg5u4nfhxn9zatwv4ue2mj9d9zhjhn3je24zktxgxf8nwj6d99yuc24v42knxvzfxs4j3j6teckj4td5s6vwd8jcjfdf7kqejw0fmxm8ad0fgerxrsgwv8hr2dgf3x0tt623we0grpgp2yjln3senyjjz2vetehznt3x0mq3nehpu6js2fkwz80qtf09eyq6rgdfm9mgzx27pyluleqzmnwsaygh9a9ga0nlupszv8ng9rwje0x2dkxfsllluvska8yml074vk70hsc4g06l96hj6chd96mtj48npym96y55m2y7vrhfllll0efjlup3jfwftx5cnkwf5mz6d3wf3xv5d4tfr8y6j339ymjkt7d9x4npn72fv4rpja0fq5uk2zffa8nyt4d9q55ltk29r8vnjsueqvzr47d0p3gghprrdq2r8d3cq5krdlwq8r0qat29s6ah4a6tma7lm05ml40rjn8e8kz2777arx08ah6lu0n9qwn2jwd039crfzfwdqfvnq09kdl9ehnla293an0nksl8umn0282765n8wak44wnes0xhn6u4evej7h8wcaf63rz0sj3e2hdrz0s6xyhqqhwrxwss8myz0sepvh0ar49090t2uc53pagma0hpc4u6w5heza09hfp20ehru9z4dkmw3836hxwyxavw6yrq2338j4rz09gxljzn80f6h7zswekqe2desh5pnjrtcynywsj3fljg9quts5dgl7zk8m8lqddtlsm4n78l9htuld5c27vhlx8sdj22m7xdukaefv0e3g8mw85eswynvxtgq3hlu8p7helhmaa3hc4jax0jma6hskw600dkjavf3n4774kkr3798887lljshn7pc82p3n0yqxllxcczm797y97xl6hpdy5sthmx0fedc0znngkh7wdxdtek4ha522uhuuxhp6xay9yslspph39az76h5mj6tlsl63gwemr4h8rye6cd9t4awpa57t0t0tt4ea5emt6fev9vepqqqydjzzns7f2u3sh2kxza2sct42rrw4gvf69r30g5g92fu5r069j5gqdynehm8cnm66nvxn0nvd3jdfp7ayzecl6qremj6crudmqvahd46ga2q5hqll3j96gt54mufp770jzy92xnljl9ucl6nkxnnjlvjlm9kh6285e2h8wa6dm0gz4ch5yyrgkc2kju6ztwvql76glyx82pmctt5d0s00le20nztt48ae7kl8lhgktj6vad6f308km7j0c3dg95qtq7ct9yq94w4llpg43z2lfe90lgjh5uy5adehf28hwk7kmuer27wauyec7hdnhadj3lxp8wklymvh54qefr07lky4c2km8a8zdfyp44wxwutmjdzdnpu75n6p0elqd0s24xxnlauxna0k3xpcvvh3kqmgm4vkd7y7nm4jft7la7psqj4wfdygwg9lk7
NECKCOIN,offer1qqr83wcuu2rykcmqvps0nnmr8zs7e52637q8x920x2p6amq58mu6wjk9cf72awlnx8r78rz8a2kruwxet48z56qfmj0n7cftka8g0e8395ssnag95tptkeeg95uly4ufqyzpypf4u8kafcf7cuxnv7zrjdn7fyl7punmkfhgwurjujlxmd4nhl7q9sz6nrznl4wr56398c49ypak87mm6hmfargx8d6wvxnaplmtvzkkqqllr0l47spg2rlnw6mkta403l7llmls9mja7l94k84x70wfqadu6yc47u5k38nauddt6c22hj0ek9mr4nkcpved8erlp0pcc6fq5uulchlsgnsk8c54pjwaad7dz29hkedhhk5ma20ldty4wulh5e6jt65fl60r8svpz5aj87t8qhfm8xtz7vna0uc5ey5wjndemqg3x5n2mm3wjghllygsh3mg53fnh5salch6s777ke3u6zt0cx2320d9t37ptd0vy7tyhtzuyawnrawe55zvz7dmxtqraxhc3hd7tggkc7jw0f0htsvfedwkmtxh42zs5gffnd8a5lgtewguv2w0x77ln7weg2mmsh8ud0dx2m6d2f7xlclm8e3n2jl9zdpeuv3dkx97zywrxrqv3pypn80cr2wl3q5exya0zdf5y7lzq6tmg87j4glql4mj704cw7dfxmwnn5j00h28ecnlg3uccj99hh2w06c62eh7luzk7y7h83amyfd30k6k4rn5ufnlmhx533qqat0atgdhwzwvlyka0mkrkhs0mp6jyh8cppqrd80l9rwkr3d9uem92aw8t2nmmkfghjluj6wr669mzf4p2uhpxyad6d36m5mr4h2xmf6pkwxp9avwqwelhnxr7eyfnkpur0klhcx5c70d4jf2h939nwk0kc0qrl9ne7gs930efl3lkq568f9y5rvy5helhy5tzfx4fqhm0v3qxvhmzfz39uuj00e5g5lmxg9dtqljjvddxg5n2ver9yn6l23v45jrt0fc8k3652x85jerp0wjhs72nt9y5ju2c2krmq6zwvdfxj5a939gcq5dl2p5yuuuj2pm6u0x9xnmvfyk57tzv4y8uan2n6kh74vjn9c5pxrm3p952etz4fl42k5554n5q52g03ccvc2wfeykq5573a4c4xa3gautu7dgg9ymrqtns3hhju2pdf5xsuz65ez4ppj07tls8vfsg7n58nx45w4fhlclpzqfjrejfghn88mzyvdlal70trgv33n4ggu5mc4gcg8xjmdeucq2je2p44l6d3zvtz67eq97jkgd7tk3llleku5f37g7egk5es2t8s423tk29dz5u03zfuaycj4z9y7udnf7erp26wjfeh8ze2409zkv5fjt8cnv6w7we5nyj0w2cc3rj07veqvvz9edmrp8gmyrtvspzndpjzl2mte9vnye8ks5ugxdye5a0ch8pw3427mwhh5d3266hf4vrr3r5a3c4lhlsaxwqdq4uu6lrts86yj56qsekp70dt7tmd8hm5drtxl0d370e5x64wnaatx2umttza8mqwt0h4e8ne49a0w4s2446xyhp99jdd6zylr5y2wgq76xylpq0k2y8zjwcwa6lf27t7j4pnfzr6hhz7wr3mm59t07y6utwnzulnv8s29w6dka2vrewuugacca4gxqazz096yy72sf759xwlne0u8q93v9jylnpwg08yzhs2xgap8zruys2pchpt6e7u9vl40lpm8wr0wl62304nthl5n8ln40f4t3aexx29afpxxxcjad744j7lnmhyz7cvkseq0hc78alnl8kmmr0stdmvl9l64tpua57lmpy27nmxteut0vhquw070a879f08urqw50zx6gc0ljdps9lutcfm6d85wzmf0qldkylr5mga9t83f0ua6y6hhdndmq44e0emd2z5d6q2f97syrhrhdx7t24tf3wfpjvhwddcpcmn4m8u26a6m9k32m2u4npvxw25hdcvqfjc23jzqqggmv949p5j4az3g45w9j53sh2kxza2sct42rrw4gq25legxl5g9ysq7f0n070prh4kxudklxgerymjpazt9ms0kq0nhd4s9cnkq4mwmtvj6upewp0lrq25kh3ghcnneuh9ygt5t8h870cpe40wd0x97e47ktvlj50gje0wlmuckks4f3hfgg8pts4v9a45jucpswc8kakdserqwm9kws8jtu46leaeewmmlj4culf87gg3wkdlhfa4heflzd5qjs3wrmqv5ss5k67zjkenth596h74kemd0x0vnaa3mwk7hs38yez02u55rjylqu6d06ld27l9ljhgskjm093nr5hdc67cc3mtfvhuvhjdnfpemm46w3nh036d2zq37jeglhfn4am6uu0hu60llddxewan6t0e0gcck64usetwkzuu7sqnnv3ktqtxr05a
NECKCOIN,offer1qqr83wcuu2rykcmqvpsfzcu3talwdnu0fwmek6jtgd0eacw2972cj0qer0mn8f0j66vh8yj07wknuwxet48z56qfmj0n7cftka8g0e8395ssnag95tptkeeg95uly4ufqyzpypf4u8kafcf7cuxnv7zrjdn7fyl7punmkfhgwurjujlxmd4nhl7q9sz6nrznl4wr56398c49ypak87mm6hmfargx8d6wvxnaplmtvzkkqqllr0l47spg2rlnw6mkta403l7llmlc976n9s6d7j88agzgfd0alsn0qwtzwx40f0w22ajh7kujvgvctrzl84503l7lu3lshsuvdys2ww0utucxtdspelzmwzt4m083sfdte3nhmu2tt4mwrcjel2tjeh3dfc70eacceq3s6rd7rth7me32hxhd4fv68ml4zww86k986pv0zluvsnxhv2uf657ucavr5xhf6j88fpllpw6f88s7emdlnnwtc8s0f644d8wlrhl7lg6r0vzd4s6jeedwfvltmagfmpray4g8j2taj88lw5udas6plqs4lyxg525tpfwm80hx23r78mnvas4h0mdwkk7j899tyuwa4anftau8ycun6h7zh235r24t4v3l4fj9t8jglalqnpskqszyet5vf4lgcstuerx33xh6zw03q4yakzl22uvstmal00cur0wnn3kfhm3yh8hnuu375yluyfzkmn48du5t956l8le0lqvnpwdqc8h06ladx6qayplak0tvc6ydechjh9wt9e009ctxwmuxdtc9auleg2neqcjpcj8mjehmfeks7gazhwlz4ffam6ukt3wwddlya3qah92s4wgqhr73axmdr6dk685nd54xm0qqjlkpqt0lnct9lcs5hmqupnm0mandvr9xkeu4tj6jektym58s8l6cumycwc8e5t60lq2dryjj2pw92ma04j293yj6j3n6hx2stxte3yjcj7kf88u62206nyzkn306fxykn92f4xvkj3wfuejj27txv5zj235fcmrvtf5fg5zutp2ey5jkde4fckn9nxg949vudw0x55v6tw09a8rgj30f9927d90kzrfacy6t2t93x26r72e48umvlk4e9nyvq0pdcs6u9g4px5la40f2ytpaqw9y9c5txvx8xuj2q2flylzu20wgc0wz70x5xr223gxecgmuew9sk5jrgwpaxv3dsge8eyhlr7yg2wf6r432u8j4mh707sqqe37fq5t6n8u3gx7e7rlhl35zhpu592lyn90h6lnr5uwv376xwkhdc0unf8vnz0j0ae05a7dhdha6ldlllum72ysly0v5t2veaxzljfg4j4uln2ff3x26t209vmzjn9dffxu5n20xy5nxje39ucu5tf39q45jtf3fty5kvevf9yu626df4yp35glyhgv5lrysddjqx295xvt9c2rem7m28x2dcwau47fq6wqun8cl6md2lvua0hd2u4le4wp7npf9dtll7sexwzdg4uu6lpqd85k9y4xsyxds0nm2lj7mfa7arg6ehmmv0n7dpk4t5l02ejhx66chf7crjmaawfu7df0tm4vz4dw339cffvntws38capznjq8k338cgraj3pc5nkrhwh62hjl54gv6gs74achnsuw7ap2ml3xhzm5ch8umpuz3tkndh2nq7th8z8wx8d2ps8gsnew3p8j5z04pfnhu7tlpcpvtpv38uctjreeq4uz3j8gfcslpyzsw9c27k0hpt8atlcwndaftetgrca4nsy48rnfz5ah39070nea7v8dzdpcmgysfmvsemeskr95qgml7rsltulma77cmu2ewn8ed7atct8d8hkmfwkyce6l02mtpclznnnl0legtelqur4qcehjqr0lnvvpdlzlzzlr0atskj2g9man85uku83fe5ttl8xnx4um2m7699wt7wrtsarwjzjg0cqsmch2xa8hg0mcv09uzycxrfus00uld6d00w44dhmxhl6tqxn7d0r79fm45rukz5vssqzzxmpdfgdy40g529dr3v4yv9643sh25xza2scm42qz4872phazpfyq8jtumlncgaad3hrdhejxgexus0gjewurasruamdvpwyas9wmk6mykhqwtstlccz494u297yu709efzzazeaeln7qwdtmnte30kd04jm8u4r6yktmh7lx94592vd62zpc2u9tp0ddyh9su3day3jah9qg0w0wzlh9em8klrx95a960npa6dg8chk0neugwsmc99qsdjlgyk3usj2cztzuwqskyn2f9p9kz5art6f6jehq33fkmylkpdrduwdxhaxmkclmednh5vstp2mmxfv2za8mhjm67rn54w798s4u90f06sta03fheyexe0lwcm62we5x30wg5hpxna37tsnhke7khxtedafaet7atcjazlqh5cvt4xn9qqqpv5v7dvrctzhu
NECKCOIN,offer1qqr83wcuu2rykcmqvpsfj4d56rz0ltz35yaexatjsp7aaejs7k0h206kmm2tdjw65j6tr33n6m4g8y7aukjg99kqlhu38dnjad6ys8klz2f9qheq9278hpkjjg3hl9gcgqs9z5qnme8pmmnnm3sgxde509rra60lwzexhqn7wlstye97hkm0xr7v22gv5wx4e7j6x4hz5v382c8mw0dlh9vxpc7hd6c5wc90m0cx6c9rdu9l78lstpqz74lmxehh5kr0llldluh73lfm34h7hzwlrwk7ufjujmemxw97y0a4lspfm7fp89sa458glnlwk44l3l7lu3lshsuvdys2ww0utactr7trvmxuvrxr9f0fkslfy8v30m5kgak8x0xr4tcfyt6dmtrg7gcur3v00lcxe3uh2ljp0xnf3mfay8nde8vurs557ma79slm3warmsa4jmj07352g5em6gwlut7s2te9ugtx7t3f3sue4p9l7kyrt30mejx7x4x5k00fg2nulfshfyun8sf7620dkfkjm4uvpgmrglvfeeyj20wk0lh9tfxc4kmjd55u7hr0wvr60ku0yju024g2w59flta7m84mz7u0j837fcr50cm7dre2elz5ln2llam36wrxrqvppyfj8tcn2wh3q5ekxa8zdd5yulzp6tmg97j4gmqlhm6703cw7dp8mwnrkj0whw8ecnlg3ucgj9dhh2wlccjteh707z7kn898xz4e2srmutrk7jf47lt9eef0x0v0alhxyzcs03tevm0990nmac8asafztnuqsspknhlj3htpckj7vaj4whr44faamy5te07fd8padza3y6s4wtsnzwkaxcad6d36m4rd5aqm8rqj7k8q8vlmenplvjyemq7phm0mur2v08k6ey4tjcjeht8mv8spljeulygzchu5lclmq2dr5jj2pkz2tulmj293yn25stahkgsrxta3y3gj7wf8hu6y20anyzk4s0efxxkny2f4xw7nfnev475df39ckqct7dx4hs7rhhdu9jhm9gkc9zmjpkdv8nzuc29txtpnf2dgkg5r6vd98qemxg9tys3aw8nznfakyjt2093x2jr7we4fattl2kffju2qnpacsj69v4325l64t2222e6q29y8cuvxv98yujtq220g76u2nwc5w7970x5yzjd3s9ecgmmew9qk56rgwpd2v32sse8l9lcrkycy0f6ren26825mlu0s3qyepuey5tenna3zxxl7ll843g9j4hn7ea0yrxrhcz6zh5lecy0wdu6l47ldhc428maxltfldume4sn0el7lj39herryz7jkvf48zk26fxueu7t9w9f9rdtefxq6rdt3v4venxdkgf5knynej4ve5cj2we25z3j9vefxng26fxqcyanetfshpejgey8tvc7rzs4wjyx6p5xwtrsd5ulklknfk8wm9wl4w8ef0mlezc0auym4ly35ma75je0c0n7xefufe8lllyqfnjnw90pxhe4pqhwjyjgqrjm8l7atelw5zu7e4ett0l7deh9q4td60nhvm2m8dugyn0eav2uhva0t4h5d54fph8gggu5mk338cfrj0ssfhpnhggnujpxcgs72h636kh644e0u2gqa5fl8lsvf7d820u3dh6mys4lum37z32xcdmfn6ats8xr7s84rp59gcn3g3a8zsrl6p9jh5am7py8uaq54x5cm7qpepaujtj8gfq50ay2swpc2z58lp8ra4lc9yfd6kmj76gfmkljhlr8dx569k97evrymvucltpel08a9lmnr7wv6mgnqj7q5dlhqc0470a7l0vd78vlgncklw4u9nknmmduhtzvua0h5d3su03feelhl75dulswpcsydmaqp4l3hxyk030eq03h74ctg9yza7emmwtwrc55694lrnfmt7f4dldznhpl8r4sw3hfpty8uqgdvg90t0nmky0a8722kmnj3heha9mvhshxsleecllk6raxfk4mad07d735cye29qcpgpyydxp6j36t2w3gut69z3tg529dr3v4yv9643sh25sp28l5t02qz6fqr9hlh88s466ar7xmtny23zdegl3pj4c8np8amxccxuemq6lhp5kfdwpulp8m3s82ttcjtuge57tjjv869jt3llaqum8hxl3zlv2at450e2hkfuhhtu7gttf2cctk5vqsae65zkc6p0n9aj9kzwthhyryutd2mdafte9hcxvmplh569qd4hzgrm2slhesfjm7zwcndqx5v2s6cr8yv96w04ml8nf8p83l7w24f2jmpqxmt8cau6rgau478tam9a2xlcm37w9kn6unxh7leh5ewnazfjxc3u7mh0vnxmjdd9ce4yxmvnktstwl44307ytlvtc269wm0pvz4xcd7e2cwn5mdnukmkl4smnlvwl7d4vrq7433z3gq86fcu0c2hvy5j
NECKCOIN,offer1qqr83wcuu2rykcmqvpsvnz8h2l82ez06lazwugunlvdr00tmnnl7v2pfmtr86vrd29dh944dmn4g8y7aukjg99kqlhu38dnjad6ys8klz2f9qheq9278hpkjjg3hl9gcgqs9z5qnme8pmmnnm3sgxde509rra60lwzexhqn7wlstye97hkm0xr7v22gv5wx4e7j6x4hz5v382c8mw0dlh9vxpc7hd6c5wc90m0cx6c9rdu9l78lstpqz74lmxehh5kr0llldluhu3kcsk0twmeyudul68w084cuv8ulslm7yhualtcuvgk2cv6ut576rd49u8lllyml4kxrxfspnnn0pl7pxlk06k7hdl9etwa8tn7x45c7zwehjpxgmsahl7sme8p9h49hvndp7pg82c80w3vmrz298knltzk0j83mcjuavllh70mspp5ldt86lea978vllyv6p46w53e6g0lctp6vtaaywln8krs26l9ue8cxuwah4mdwvak9twpu9lf4lduztnxuecq0marmddm4cpd8ea3l7l65treknm8fcackfhjlnfn5lagu69u6j4zkrpxmr6kua2vsl676vml9g63fdnnzmv5crzv45vxj6j40xn7rcker5nxlhnqrrs6qszyff5vf4lgcntucrx338h6rwd3qhy3kjl2zlv52tellwc5rlwnnnkfkm4ylyhmau37vylcyfxkr340dujtak6nx0l0aqjtd5y589p8ps2tdpxzunluc29hdw84khumdzwundh8392ll9zlnm7p00872z57gxyswy37ukd76wd58j8g4mhc4220w7h9jutnnt0e8vg8de259tjq9cl50fkmg7ndk3aymd9fkmcqyhasgzmlu7ze07y997c8qv7m7lvmtqef4k092uk5kdjexapupl7k8xexrkp7dz7nlczngey5jst32kltavj3vfyk55v74ej5zej7vfykyh4jfelxjjn75eq45ut7jf395e2jdfn9ykvpg4l8vjjf2xgm5ln92fvej6n2v9ayustfj4z4j5t9v95c5utwtxt8umj6w9a8uaj909txuuj3devc5enass60wpxj6jevfjksljkdflxm8a4wfverqrctwyxhp29gf48ldt623zc0gr3fpw9zenp3ehyjszj0e8chznmjxrmshne4ps6j52pkwzxlxt3v94ys6rs0fnytvzxf7f9lcl3zznjwsav2hpu4walnl5qqxv0jg9z75ely2phk0slaludqn8zuuya9tf807lfnul09m9rjwpx7qawt907hkxfhp78wvurkhff2wvalllfkuuf36gwegk5en20xf9jhnfheu4zk2pvfsmd2teffuc27d229s4av230xsmj52kde24zunz0er92ctjg45h9d4fw9e8ax2ea9qvvz9edmrpxglyrtvsqzhd3sza87r8h0tej43g4na48dhlus9t82pd7e9nvxc2er2pczzlxr6kae744lll7sexwzdg4uu6hphcp6yjy6qsckp7l0t7tmd8hm5dztzll0370esx2hwnuatx67mttze8mzwtwh4e8nea9atw9j2a46zy8p9djdf6zylr5y2wcq76xylpsdkzy8zj7cw4mld2wt7j5phfzr6lkz6wn3mn49t07x65twhzulnyxsw9w6d7a2vrevu5faccd4gxqazz096yy7wsfu5d8wlnfdu8q94v4jyljpwg08yzks2xgap0rruys2pshp06fuuddl30zrf8pn5kxnakv887sdmmnty57mx8y5ahqz0w25g0lhzfd07cwus5jz0vxtgvs8mu0r7lelnmda3hc9kak0jla24s7w600asj90fan9u79hktsw88l87nlz5hn7ps8283rdyv8lexsczl79uyaaxn68pd5hs0kmz036d5wj4nc5h7wazdtmkekas26uhuak4p2xaq9yjlgzpmsg5v3mfm8l3x00mejzau0tytx78wvm5764f2hapfvzecqsk2n8dndytzc2ejzqqggmyy49p5j4ar3v4yv9643sh25xza2scm42rzw3gs25hegxl529vsq6f0n0k0p8h45xudklxcmry6jpajf9n30kq0nh94s9cnkqamwmtus65pewpllrqt5jhp2hcjnauh9yg2508h970epa40vd8897e97ktdlk50gj3wwlmu6k7s4f38fggxp0s4v9a55ku7q57q6lcwlmm7mhwht9nl20979r7f9vl7maa6h9cedntnrymm0rem4du0uya3kcqdfc3p4sxxfc2y7x9yc3lec5k9xqayxmdm6atkt6e0eehx3xcez9ckver27nvlx4g4rm82evv3l7xt2l6ytmal0p6czc3lw77uwckm8duex9hcrhvhkerkw7c8mqkn7yw9z4040yschmmvljhmntx6lzk90tl376dy40kc7vsj2ywhqyyy8y7tkx00m0
NECKCOIN,offer1qqr83wcuu2rykcmqvpswrlhkfv4hxhhe3fja0fyvt6vyur5a28ywz29a698nklu0n9t8ej94catpl88v9cn3tdqyam8elvy4twn58uhcj6ggf7sz28sa6vu5jcw0n27yqqpgnq567pmw5uyluvrph09peyelyj0ls7f46yl5hvpewf0nak6e6lmqj6p9f34f0chpmdgjru26jq7mnldaate5wn5tzka8kpf73le4kpttpq0l3hlj7gq54rlekddm9u6lelm0laluzv54plxd8anxn5udl40wj8j8xm0fn73wp4r7furg0mpfl2lj4nldwehl3l7lu3lshsuvdys2ww0ut7sxufhfhn4lmnqzjkmkl8nll06tehxtuha00nldlu8txtfangc9xkzdryw9s6mmma0a30uel4p48f6ahrw99uuuj4hdz5sxxcmnw00c7ze88jwkwun5wguam2g7aurlg8lzt7ce0a7nsttnank6dlhza2wexehthx2vn28539nals6ge6znlr5p04j8ktys44lwu3z4v08t7kwhu04m0pafqe8wp7ntw8u7am8anncuk0nv6f4mjuhyvna28umxx4f2lxceu323dxmdhd65p2nf98aa9j7vhwhfdlcrcuxqxqez2frz00jxy7lxqe5vfe7qmnvf9ayd5hjshl9zs78lmk9slm5auejdkap8e97l0y0np873zf43uftt0y6ldj5enlmlc88zjxjtlllr2nvshkwzlfwyk9eln8d540r8hfw7natu5jlerdunazrec8aslf22ncqsjp7jhmj3htfekj7vaj4whr49faa6y5te07fd89aaqa396s4wfsnrwjax6a96d46t4rd5aym8pqjlkrq8wlncn9lusy3mq7phm0marwv09kjey4tj6jekt8mu8spljeulyg2chc506lmq2dryjj2pkx2mulnj293yn253tehx2stxte3yngj7wf88u6v20enyzk430efxykn92f4xv3nk3fuh9pnew6s6nv2ew9h8z6n3f94953n3v4zhzujw29j5ujj92ey6vu2kf9d85sdjd9m2tzteheu4vl4p8hzrfa7yjt2093x2jr7we4put0l65fpnuwqrpacsj79v43z5l74tg2zte7q29y8cugxv88yujtq2g0ql6u2rwcu07p70x5yrjf3q8ecgmlew9qk56rgwpdzv3wsqe8lylurkycvwf6re326825ml70csqqe37ey5tenra32xxm70l8a3yp4aa8xjkarlm8xj53pyxm4jd47t50nvm0f9jh7k2hhmrztemwcwcckslll5mwwycay8v5t2ve392jt73eg62j2kwxs4jkjfv4skv3j429zky6je09m9ul4wf9qk2j26v4a2u6tjv9e9rv2et9dyzan30e4w5sxxpzuka3sny0jp4kgqptkccpvjkwn672f5dthmvuty87fuw9rk9fa7du284yrkwhn5pzwtu2nujk079llljqyeefhzhsnwu5eqh2jyjgqrjm8luatelw5j7735e0tla79eh9q4td60nhvm2m0dugyndead2uhvl0r5h5d5hffk8ggcu5nk348gfr6wssfhpnlggnuzpxcgs728636hh749e0u2gyayfl07sgf7082wu4dhcmv34mutn72s2zcamfnmats8yrk384rpk9qcn4gpa82srm6p8jh5am7py85uq54kkcn7q9epauj2jrgez58uyws7pczz58lp8r44lu93aprta6dh2h4svx3twewx5k2w86u9rnfr0d6aemfg50fa9xkj07x486cvkspr0lcwra0nl0hmmr03t96vl9hm40pva577md96cnr8taatdv8ru2ww0all9p08ursw5rrx7gqdl7d3s9hutugtudl4wz6ffqh0kv7njms798x3d0uu6v6hndt0mg54e0ecdwr5d6g2fplqzr0z5m2452ju086macw4yx8lh8kwejnxk0ejecf0aknsgr4zqemj2wtcuxev9vepqqyydjz2js6f273ck2jxza2cct42rpw4gvd64p38g5g92tu5r069zkgqdyhehm8snm66rwxm0nvd3jdfq7eyjechmq8emj6czufmqwahd47gd2quhqll3s96fts4tuff77tjjy928nmjl8us76hkxnnjlvjlt9klm285fgh80a7dt0g25cn55yrqhc2kz762twdqkmntkca6ez8cstt7a3xrxxp58g0puye0tguwxvwhxmqn7efhn9t9ll60cndqy5yts7cr9yy9tvw2a67awnujh93twg47lthdus2mz9awqhh9kdjelts6fr8avx8clmp0vc9tp05kew6rscw2hua4uxedx4vnv8wlml86zv9ewlm6he6t2dux23gjevu9wjr7fmahm6k4c8ajm7ehthcwp79ujhuaq09mpq6clt7k7a6szdd05r9qaufcj2
NECKCOIN,offer1qqr83wcuu2rykcmqvpsdjt4eut76089667mg4kwks9tr0tzu2jl6lw92hjgamyzdh9n44jh0f24s7nnkj7fs5ksz7ln5lkx24hfjz7tufdyyylvp4rcwux22fw80c4tzqzq5gs2d0qahtwx0wxpsmhksusvlnf8lc0y6uz06mkquhyhe7mdvu0esfdqj4c6587tcuk5f379dfq0deak774c68t6d3t2nmq5lflc6tq4a3s8lcml3wyq26nlumxkajud0alahl7lkpxkecszmz4mhxy5xmwfuu0wd5xdhsgwh7h9elhtr4a6p43t0usfmmhpsmllln07x7cvcxyx7gdy8lu9ed6v7agh4mdf8tr2xkkmnhx9x04l4jr0c5kmz8tzxun56ae7u704spyw9s0q8p32k0hp7hm0hajhmehnavfn7447ea25jc4a89nf3hljkreuy2etgc336k53amc0lsgamwnfd09mqdkt0vr03x63gn7wjv2e4vwtmn5jncmunm63x3ufclnc9ld5dkhpxcyvytrfjvl9njmumh0lxk9eelmtvmwmcu75atkszmmr05sc2ylac6739r242hm92t4mqfd3t007lg9cgxnnma0t9fmc2upak3jj3ncycv9syq3x2arzd06xyzlxge5vf47snnug9f8dsh6jhryz7l0mm78qmm5uudjd7uf9eaul8y04p8lpzg4kuafm09zedxhel7t7g2kyw0jlaneh0zdphejfcj3tm085x7slflwazk00nydp6crfww5w4mu87gw5eye6qc2qmgmlege4sutd0kwezht366k7kajw9v4lyhns7k3wsndg2h8cp38twrwwkuxuadc3kmwsdnnspwt8sn504aeslktzvastqmaha7p4xh3m9dj24ewfym4haxrcg7ev70syfvt62lu0a39z32ff9qm994704e9zcjf42f96mtxgfn96cj25f08ynt7d2986ejpt2e8u5nptfn9y6nxw9z5vkd2t9g6ry2jgfv55u2dwfqe55t95euejuv60xyh53d2w9fx2e2zf90xt223wxt9yltxt9a9yktwgxkre3e57mzf948jcnyfpl8v6ul44l9tyucwpqes7uffdzxgcat0e29h9dyvaq9qjtuwxrxqn6wfps988uwdw9ehvzx0xl8n22pfxccquu9dauhqsr2dp58qkaxg3gcvnlnluptzv285epum49r4wdlu8sfsxvquv6t9uef7cezr0llanjcz8kmmcws64lsw4ug4f9y6dk2e3w9uzk6qm0eekd3xcatx3jqapqdtdlll6dh8zvwjrk294xv5n3wfs4nf2e2fc5vhj6v6dyjk29w9uhu4npg4qkjs24f92kzjne5954j5nzwfc42knxf6s4zkne0eukvch9grrq3wtwccfj8eq6myqq4mvvq4rz9khadnhfjqt3vx0nvnlxmmthle3nuvkaj9gwng5jkcjv52k5av8alu8ensrf9t8xhchgqmgj2ngzrxc8ea40e0d57lw35dvmaak8elxsm2460h4vetnddvt5lvped77hy70x5h4a6kp2khgcjuy5kf4hggnuws3feqrmgcnuyp7egsu2fmpmhta9te0625xdyg027utecw80ws4dlcnt3d6vtn7ds7pg4mfkm4fs09mn3rhrrk4qcr5gfuhgsne2p86s5em709lsuqk9skgn7v9epuus27pger5yug0sjpg8zu90t8ms4n747c87ahqguquplv9662hyry3mkn5ghkfd7vuta8dg9du8vs8cn8t2t3jqqasedrjq704u0el0l0dhxylghmkewfl4tkremfahhzv4a8kyhnckwewfeululc0utj70cyqaf7qd5nsh7y7rstlshshh5c0ga9jj7p7mvf78e536tk0zjaem5f407exnhp0tzan7m5pgt5qujtaqg8wwvpft7a8nlh88e2c8ltt6axxcwp6kuaxu3mdc5h8rzj0hctpkhlat4ds9nyvpqqsxgg6vr49t5xja2scm42rzw3gut69z3tg529dr3v4fpjs0lgk64qp5jrx0wl2w0rta569ud4hxf4yyms3mrr8tq0xw0tsd3nd3nk94hdr9vz6urm7xwhpqwkkl3yhcejfck4qc0ktvhnml2ze6wwtlj87u56htg7j4wu4ehdhaaqjkzk3skd2cpzmm4gpde5z7wjnu6ehhwvqsm8zt723ulmq2xk6nnft52pae5k5nmd3509jm5c2am9lj94skspdrepy4sykdc44e0rc7wv5mzhanah45nflj8cjqcpar084jzh7fmuekdavne77pa5l7va5u0tza82nc2m6j280kpl29ugaswpnwm4effkelg83jtlnnd8e7ahw7fa04fv8znn8gnfghqg3wy0ecreyycj60mr8lke8fc49ufvnkn8ssqrs4rreq0dj2j7
NECKCOIN,offer1qqr83wcuu2rykcmqvps0zjrnhv4n7jec7xte830ewmvnkpgla7r6hdg4zukschdktg3m47eg302swfamedys2tvpl0ejwm896m5eq097y5j2r0jq23u0wr99y4rlu233spq29gpxhjwn4h88hrqsvmmg72x8e5hlu9jdwp8aamqxtjtu0dk7w8uc55sf2ud2na950twygaz74s8ku7m0w2cdr4awe43fas205lcd4s2kecrlu0lskzq9atlkdn0wfvxlll7mla0lqu4d0ztym942ekrehjjxd606vkvytk5sclyn8g444a5ja2zy8nmvgype7fhltvvxvnqr88x7rluzled80sanhgmsan9emanxd4da6zg9kuh33tall72e6nvxvvj0lnwxczcw4sxumz7nsk280d6gd8c0e67ta0kkv9r30yc6ly9h0eemlaqxzagav2drj98w6jrhlzlkpu7l5a878e58xawl77h9u6s78ujt0l8cheg3j0v8yu0kwafj0yf9t0lgqlg5lkyll9yr8mnn9dhdshfcumhnuykc70nelj0uplye64nmd43fnv5m2wcclymdu0xexr6navlvex870fyjml6pffwvk8cewhheujw8smhedg8hpnpsxqszyet5uf4hfcstvmrw33xh6zw03q4ya5zlt2uvstmal00cur0xjn4kf4me9hrhruuel5qlvyfzkmn480uut956l8l3wfrudcla728zakhtjckp7nwcyjsem036w33yzswrvz4fx3ylnlwm5fnvr7c0549fuqgfqlftaegm45umf0xwe2ht36j577az29uhlyknj77swcjag2hycf3hfwndwjax6a963k6wjdnssf0mpsrh0eufjl7gzgas0qmaha73hx8jmfvj24edfvm9na7rcqlev70jy9vtu28a0as9x3jff9qmr9d70ee9zcjf42g4umn9g9n9ucjf5f08ynn7dx98uejpt2chu5nztfj4y6nxvfj5je27kxchjmnxfxr9z5nwweckjc2j4fu4y45fw99yu6det98xjljwd2r8jute0fc4dqtfgkm8jun2f24rm3p57lzf948jcn9fpl8v6s79hla2yse78qps7ugf0zk2c320l2459p9ulq9zjruwyrxrnjwf9s9y8s0aw9phvw8lql8n2zpeycsruuydluhzst2dp58qk3xghgqvnlj07pmzvx8yapuc4dr42dll8ugqqvclvj29ue37c4rrdl8ln7cjqu42wln0y4w2k5a0chemkuu6mwt6t09afuutfftg8huputx3rzfjm0l07m72y5lydv5t2gea8judffxcm5c2e09zh5mjedeexz3jetxf8nzdjdfeyzkd4vff8vnjeded8nxded9zhz5dp2e24v5d4w4y5p35gmy82vu7rqsa0jqx2p5xwt9cwm2h45apd5rj856cn7hnll90ywcl6y7r625cnadl9e7m5lred2lwtn8llus3xwzdc4u56qjvyza2gjfqqwtvlln408a6jtm6xn9a0lhchxu5z4dhf7wandtdah3qjdh844tjanauwj73kja9xcaprrjjw6x5apy0f6zpxux0apz0sgympzregl2827l65h9l3fqn538al6pp8euafmj4klrdjxh03w0e2pgtrhdx004wqusw6y75vxc5rzw4q85a2q00gy727nh0cys7nszjk6mz0cqhy8hjf2gdry2sls36rc8qg2sluyuwkhlshl34dkennyw52r7mxe2n5wm9mk5km34knun875pdyvk6ggn4mey7dsphvxtgus8na0r70mlmmde38697aktj0a2as7w60dacn90fa39u79nktjw08l87rlzuhn7pq820srdyu9l38suzlu9u9aaxr68fv5hs0kmz037dywjanc5hwwazdtlkf5act6chvlkaq2zaq8yjlgzpt3ykz3ektk8u0zmua28wkn7fnrydamr5g9sc6fy0spxd6qj7c7t5j4mqtxgczqpqvs35c822hgd964p3h25xyaz3ch529zk3g5268ze2jr9ql73d42qrfyxv7a75u7xhmf5tcmtwvn2gfhprkxxwkq7vu7hqmrxmr8vttw6x2c94c8huvawzqaddlzf03nyn3d2pslvke08h759n5uuhly0aef4wk3a92aetnwm0m6p9v9drpv64sz9hh2szmng9umhdtyca0ct36zk76dm6ugk5upglvuuacr47hzma3c5zu9fm2rmkf6mlyttpdqz68jzftqfvdsa3xya4c9wxfkuryk9p9t604jljpvhlhjke5pcr30d6g74xm09cf0j7u0at9dhmukzwvhw7fnnc5a7y779rj0j3ek9wrl3v9zgztgd67zevstyxuknfxhm30ku7qmkqu2tmaw5c97zamfhwc4atxhv08mnmezl4wsrqpxkj3exqrnqfzx
NECKCOIN,offer1qqr83wcuu2rykcmqvps8nslzkpc8lcaw6tuuh9ntm4vh2h3zklm8ltagc5sctnafy4r67mplkt274qunmhj6fq5kcr7ljyakwt4hgjq7muffy5zlyq4tc7ux62fzxlu4rpqzq52sz00yu80ww0wxpqehx3u5v0hflacty6uz0em7pvnyh67mduc0e3ffpj3c6h86tg6ku23jyatqldeah7u4sc8r6ahtz3mq4ldlqmtq5dhshlcl7pvyqt6hlvmx77jcdlllahlj7780l9q9mrhhcjt9k66aelxkg526h6sa7600wg4l6t0l4mxenw83vf68pslllun07kccvexqxwwdu8ls9hwj4svlzzume4u5a3a2lawxz0p82qs80st45e3lkllxradfgv0pa3shqc9der2mcatgexkplmv06klhc2rqfxym2kujmfcfzht9h6qwr9jfx62k733rnhdfrmhs0lqcezm9wwfv76t06sux9d896eljns2wux9llfnduzw4rdruu7n7pkxhy9splvtc8a6pr7hldhlpzvlrmn8cunqumfhs4nulth4d402nvksllu6rcu76eexmzkuzg8fkrshheuw82pkzdh7dudmfyrdlr58hadyuknx9maw6d9cvcvpsyq3x2a8zdd6wyzmxcm5vf47snnug9f8dqh66hryz7l0mm78qme55adjdw7fdcacl8x0aq8mpzg4kuafml8zedxhelutec4kt67kea942dtrkhwzy7x6yeud205dlw9tl7dcapxx2n7h0we04egz770u59fusvfqufraevma5umg0yw3th032557aawt9ch8xkljwcswmj4g2hyqt3lg7ndk3axmdr6fk62ndhsqf0mqs9hleu9jlug2taswqeaha7ekkpjntv724edfvm9jd6rcrlavwdjv8vru69a8ls9x3jff9qhz4d7h6e9zcjfdfgeatn9g9n9ucjfvf0tynn7d998afjptfchaynztfj4y6nx2fn9y6nzg9h9ngtfnf5evcnfjed8532x2xty2uj909yhzkv7wxvmvjvef9lx25232xjkv4j2t909nyvefx5hmpp57uzd949jcn9dpl9v6n7dk0m2ujejxq8skugdwz52sn2076h54z9s7s8zjzu29nxrrnwf9q9ylj03w98hyv8hp08n2rp49g5rvuyd7vhzct2fp58q7nxgkcyvnujtl3lzy98yap6c4wre2aml8lgqqvclys29afn7g5r0vlplmlc6pvg7xacv7vn6hh3gvkldx9dp59a0r3537c4sdmjeherltnzntw7kdlullllfjuuf3jfwegx5emnt9zc25rpvwzhs6t724fxs4mh24y4j4rcgee4xktsg9a8rynsd7leqktxg909sujtkacktgvgt94ysl6ju3qvwz9cdlr3ygh9rtvqzzhd35z6z747x0zh72rnwavxe0fw57gk65h9z0vcedelerww4jd65eu972v0all8ajq9faf8zhcnmec3qhxjykgsrjmxl6amelw4zc7ehet20m7deh9p40d2dnhvm2mhdug9nteaw2ukve0thhuv54f348gfgu5tk338cdrz0ssfhpn8ggnajpxcgskth736khj44a0v2gqu5dlhlsvg7d820u3vh6m5s4hum37z32xedlfncat38zrwj8azps9gcneg3e8jsrlmppjh5amlpq8vlqu4x5ct7qfepauzfj8gfq5layzsw9c2z50lprrahlcy2k4dh5uarahqudd66nury6nr6trclpv9u4nzlzkcfhdexxtv7rm95w7cvkseq0hc78alnl8kmmr0stdmvl9l64tpua57lmpy27nmxteut0vhquw070a879f08urqw50zx6gc0ljdps9lutcfm6d85wzmf0qldkylr5mga9t83f0ua6y6hhdndmq44e0emd2z5d6q2f97syrhr26wrkypgh9597she42dxmef8pgd7cfd0e8vpg54jxyu6mq0am8lnsxtptxggqqprvss5u8j2hyv9643sh25xza2scm42rzw3gut69zp2j09qm73v4zqrfy7d7e7y77k5mp5mumrvvn2g0hfqkw87sq7wukkqlrwcr8dmdwj82s99c8luv3wjza9wlzg0hnus3p235luhe0x875a35uuhmyh7ed47j3ax24emhwnwm6q4w9appq69kz45hxsjmncysl630lxvfykzs0ah7laefta0ukkx0t8q8day0auxgl8awtq2gatjjvl7y4skcqdtc3q4sxk2cw7nnvjj72rlxfgg248l0kkquuj8y4pjk3rf22rtdechl04l7lgjx6uk2fraukwdwtehye897v799wf4jl3w0wajgcnh70dh64v7ucrsc27s5fv8a86n3dm0fhddad8a794yre65k06zm8kt2pnlkntvmpm8hsuz4rgqqlekd8ym679j0
NECKCOIN,offer1qqr83wcuu2rykcmqvps8zklcf3z4yw8rgvwm7erf73q6lurl92dpr6ejd3ljj6v9h5kh57ws6r4g8y7aukjg99kqlhu38dnjad6ys8klz2f9qheq9278hpkjjg3hl9gcgqs9z5qnme8pmmnnm3sgxde509rra60lwzexhqn7wlstye97hkm0xr7v22gv5wx4e7j6x4hz5v382c8mw0dlh9vxpc7hd6c5wc90m0cx6c9rdu9l78lstpqz74lmxehh5kr0llldluhlqr9htl2p72rkjqknd7d6wjmgpwaha66gxtd8k48yarfcrgvezxtakhsl7lunlukscvaxsxwwdurls8x8lpsj87tx6qdkk7u8wffvm7kmv0w493w796jy595mknhtrp2e6hg2pckv28glym96ekmymrm28a0ckftmclf6n5nlytlnv4z0u4da2jlwrwx6l0g53fmk5salchlq05mj7v88m50xt3mh687vh760muapz438jkm490ky07ede3gh6mxmvcql9yjztpf7dancaxlwwyc763lqn6dur26vvt2x93x783uv2f5l0dc0h5dmeearldq7mwzkjtds86haakd3vt890memu5r7kq7w7la6l7mmvrtk6uxvxqczqgn9wn3xka8zpdnvd6xy6lgfe7yz5nkstadt3jp00haalrsdu62wkexh0ykuwu0nn87sras3y2mww5aln3vkntul79eu2dd8ecup5rjgze6d8ffzklv7dpczsh6cv76yqmlahu3s6h3ek4xpw9aulag24eqejpczpm2mhmge5s7tawkwez4tfe667kmjwxvaly4nqak4ws4dgghrc348mdr20k6x5ld53xmwqvnlspgt0nnc09lesuktzuesmrmahdup9xhe64tj6kexfym48ux0ccueyu0c9evt6tlswdn9jj2pg9zma84jw9e9j6jp46092ctxfe39jcjw5f08ujt6d6r8z6jpt6e8ykn92f49v6n2ff8yu7vejfck2c220fshnvtfg43xj72pjev6y5n7demxu6j3fxa9nzjk2flxz6vzd925vc2fhxgkzktwdkjrf3e57tzf9486crxfea8vmvl44a9ryvcwppes7udf4pxyead0f29m9aqv9q9gjt7wxrxvj2gffn90xu2dwyelvzx0xu8n22pfxecgaupd9uhysrgdp48vhdqgetcynlnlyqtwd6r53zuh54r470lsxqfs7dq5d6t9uefkcexrlll3jzec2vhalxk0d3l6tn8tmym2kqxfkmj9n2ak7z794gmavxea6rafh6v0nlllxlj3y8erm9z6nxgeukuun34fr8n9te39cc2jnkde8x5aj9ff5erq23v9u5v7dpg4c5v4t3v4axuenetfymumjetxhxv5df2fnyp3jglyhgv5lrysddjqx295xvt8cj7cum7d7lk78dfu89xsudm76rpklmnnautnrt8erzpachdvl9zrhrl0lp6vuq6ptee4798sr5f9f5ppnvru76huhk600hg6xkd77mrulngd42a8m6kv4ekkk960kqukl0tj08n2t67atq4tt5vfwz2ty6m5yf78gg5uspa5vf7zqlv5gw9yasam47j4uha92rxjy840w9uu8rhhg2kluf4ckax9elxc0q52a5md65c8jaec3m33m2svp6yy7t5gfu4qnag2val8jlcwqtzctyflxzus7wg90q5v36zwy8cfq5r3wzh4nac2el2l5puv9c0898q67rxmelrg3806ke56084y5n3dc2xn985jjj7zh5x2vzuqt5rp47vrp7helhmlaakcenaz0wmdchc4w600dhj7vfjn477jkwz369l88jll73l37fehqqp40cpkn7xlcjcwpluz7z76npar5528e8lde9clxjrfkmuwt89wex4hm56wu8av2kfmx399ws8jpd5ppdmtff6dxc0pthyha2kn56kwkdqw0fafxhdh83htn3ytm5rjfhynzumu8v3zqvq5pjzxnqafgap4h25xyaz3ch529zk3g5268ze2gct42gy4rl69k4qpdysfnmlmnnc2adw30rdaej9gpxu5wcse6ure3n6arvvtwvasddmcmtqkhq703nacgr494uf97xvjw9afxraze9ull7sxvnmnlc30h9w466854tlywfmal0q9454yv9m2kqgxua2ptwdqkm39g67eyz7u028dl6lvmk7st83hza4ya9c2hxvm3vls090vn4rj6wu0739v95qt27qg9vp4jwr94mg74nvxp2cjy566psdfu43a4f277zk7ys40pq8mcru42mqhzg8taceh68slwzwk0klh52kh5sr76dae976tucrc024uerl4a6fmsjmpnj3vw5s0t89hu2md3lhkhv4ahlkathr5yanvd58ayuawdtaehjflzaf7qpqn4y4hsed6ur
NECKCOIN,offer1qqr83wcuu2rykcmqvpsfneltnmd4h6pkfu3m56673msdnv744nflull8jpxm77n2mvxwdzvk69tpl88v9cn3tdqyam8elvy4twn58uhcj6ggf7sz28sa6vu5jcw0n27yqqpgnq567pmw5uyluvrph09peyelyj0ls7f46yl5hvpewf0nak6e6lmqj6p9f34f0chpmdgjru26jq7mnldaate5wn5tzka8kpf73le4kpttpq0l3hlj7gq54rlekddm9u6lelm0lalcr982mvjk7xh5rultm3uk4le70cg75are6hlvjelrufgk7cctlkkyuafu8lllyml4kxrxfspnnn0pl7pvvxm8l5ztgpyv5f8728du56e03shrvk23a2ej02vd7xuel29pgz8dqyrad4lelv89tznwlmhttkd443nu884c9vmvdua8y5uje7dsw3wlnamlt025vguam2g7aurlg82rrk28fgeeaeuuuy4tgj6evl6lm7d7hwrgklw0ncaxnt035f2v0ag7mpr3ev485he27xlun6wm0kl0us8dddgtsdfruvhsp0xj674mcecw9pet55ar7fy9dcnwmnl3pmjxn6hmke6295252ajkm7vfm03ddjz2xf5dgdurvwrgzqg39x33xharzd0nqv6xy7lgdekyzujx6tagtaj3f08lamzs0a6wwwexmw5nujl0hj8esnlq3y6cwx4ahjf0km2velaluqallxh6atz4takkaawxuurv8kwuuuhquzd39r6y6eeclnfwrat9surjc8aslf22ncqsjp7jhmj3htfekj7vaj4whr49faa6y5te07fd89aaqa396s4wfsnrwjax6a96d46t4rd5aym8pqjlkrq8wlncn9lusy3mq7phm0marwv09kjey4tj6jekt8mu8spljeulyg2chc506lmq2dryjj2pkx2mulnj293yn253tehx2stxte3yngj7wf88u6v20enyzk430efxykn92f4xdzj35xvkjut9g9uh5hjkg9zk4djeveaxv4nzwfzkz3nj5fy49vjekf5kz72pt9f8uc2pg9v5awt3fx48jcdw8hzrfa7yjt2093x2jr7we4put0l65fpnuwqrpacsj79v43z5l74tg2zte7q29y8cugxv88yujtq2g0ql6u2rwcu07p70x5yrjf3q8ecgmlew9qk56rgwpdzv3wsqe8lylurkycvwf6re326825ml70csqqe37ey5tenra32xxm70l8a3uzf9nr6wlzrw7a3tledu6n6kngm2w0wshy6zehrjcwg5ntr68nvck2l7lahu5ff7g6egk53n20xj5zstwgeq5ny23f9e82ujwd9ymj5tz09h9nv2fkfv4rxn349t9rw2ftfa8rzdpfxdyj3tf2xcmv62zg9swvjxep6n88scy8tuspjsdpnjex9hgah08l5f2dvj06kdm8fps4s4cdded6cmkktz0ahrrawhmhahcck0ll6ryecf4zhnntu2cst5fxf5qp3vnl77huhk2d0lg6yk4l7lzumnsw4xa8e6kd4ahkk9zdkvuka0tj08n6t6x7ty5mt5ygw2tmq6n5ypl8ggylsfa5vf7pqnvygw98acatn72kuhu9vrwjy04lg9yl8rh8w2klud5gja79el8gdqv2a5ma75c8j3egnm3smzsvp65y7r4gfuaqnef6walyjncwqt2mtvflqzus7wf9fq5v36r7z8gtqurp2zl5n3c6llzu20qxc7lrc9n765cn04wk0h8t0x7kx9ymsn9dl5cmdz7gfuyew804k0q6ascd8jqu04u0alll0dkxylghmkewdl9tkremdahhzv5a8k54nskweweeuhalu0utj70cqqdt7qd5hsh7ykrs0lqhshk5c0ga9jn7p7mwf78e536fk0rjeetkf407axnhp0tzanwe5fft5qustaqg8wrxzme5mwxglm8lxttutrvlhajjfmnd8dalfzhkucmvdn482w547cwm86dqqylt0qqkzxep9fgdy40gut9frpw4vv964psh25xxa2scn52yz4972phaz3tyqxjtumancfaadphrdhekxcex5s0vjfvutasruaedvpwyas8wmk6lyx4qwts0lcczay4c247y5l09efzz4reae0n7g0dtmrfee0kf04jm0a4r6y5tnh7lx4h592vf62zpstu9tp0d99h8sw8mam7eneajedx8fae0d5xue7l8hzh9vskrk62khtsg8tkjnvg2lml9lj94skspdrepy4syk9e5kfwc572e5scu4stte7navj7l54nat4grqwvk6x6r8ckas566kvsmsvgp73adm3ftdf00lkdnu7hu63rnz8ev0ct43jdnv8amnxwtpe2zem43056d0l6yj9v6ju8plca7x9j47p23v7m49mwlls8umlzlae868lkmsql4pelagzn2srs
NECKCOIN,offer1qqr83wcuu2rykcmqvpstjaxn07lucdve8l5l7dr4aalwd0240rfmrseg2lqkflk20m3smy5ewwknuwxet48z56qfmj0n7cftka8g0e8395ssnag95tptkeeg95uly4ufqyzpypf4u8kafcf7cuxnv7zrjdn7fyl7punmkfhgwurjujlxmd4nhl7q9sz6nrznl4wr56398c49ypak87mm6hmfargx8d6wvxnaplmtvzkkqqllr0l47spg2rlnw6mkta403l7llmlcynheex2hc42tfj6glhz0lyf4rddp0lpl75ulnlzjuzzej3624cjul64cdlllfhltwvxvnqr89xkrluzshgu0djkflj4as9sst7utcctuu7mhe0h94c07fx2k6a02ys55vgtrpacxpx0d6jvpuvr37kzz7h7kdtzd6lxa8drn867xhe6m9zc9d3a5awtxaxhp3rt5dfrm4sllqh96dxumhlvuk28l7meelv9e8mdax83l2hjazutkackk20nelnsstmcfvq07mm8ml90l54k3l5ez7r7rty9m73gu8l07marg22hz63l6sx2g2maulxt3ah75lzr4mlfszwle6k446x3472t72le0gajvva0zdxvh9sd4phcv3cvsvpjy5jxyulydfe7vrnqcnhup4xsnt7gtf0dq0624ru87hvt3lhpmehymd62wjta7ugl8z0azxnrzckkkufalmpfr8lllstml28tmwl02e6hm47mgmnlgtmtvfxv06gksut7shlljqvw77esa43jlp00872z47gxyswys7cka76xd58jh24nkc4260wkh9kum3nr0e8vc8d3t59tzz9c750fkmg7ndk3axmdyfkmczylusgzmau7re07y89kc8yvwe7ldm0qff47w92uk5kdjexap7ph7k8xfxr7p7fz7nlcrnvey5js232klfavn3vfyk55d73ezkzej7vfykyh4jfelyj6n7sesh5527kf395e2jdfr85anfte49jkt4tfz5jatf2fshj7tx2xmyz7n90xr9ukt22x2k5jvj0x8yz3jefeyknw292998jej22fshymna5s6dwf8j6jfvf6ksmjx0flxm8a9wfveryrcfwv8hp29gf4xlft6232e0grpfpwyzan33ehyjszzde0ehzntsxtmsnnehpc6js2pkwz8lztpw9ays6rqdfm9tgzxt7pylul3qzmnwsavghpa42a0nlupqzv0jg9r7se0x2fkktsllluvqkvsl3q236mctje247tl6a073n2azm0n8etm9txjllgwwdlfk64ve09ellln0egjru3aj3dfn8y7tjgedyzlj4tflxnf23kf4yv6tes4mxnvnfj4hxj7n7wxskj6nfd9h956n22xcezajwwxsk57dxf9lx2cjqcey0jt5x203jgxkeqr9z6rx95ypx00484ja6wcnykul3wmhay7fccaan39xsjarsehfu47aq0l527q8lllgvn8px527wd0saupazfzdqgvtql0h4l9aknma6x3930lhcl8ucr9thf7w4nd0d443vna389ht6uneu7j74hze9w6apzrsjkex5apz036z98vq0drz0scxmpzr3f0v82alk489lf2qm53pa0mpd8fcae6j4hlrd29ht3w0ejrg8zhdxlw4xpukw2y7uvx65rqw3p8jazz08gy72xnh0e5k7rsz6k2ez0eqhy8njptg9rywsh337zg9qctshay7wxklchl3yjnwessue6xkts7zcuvpl3d55nhhk22l0df0a2n9skhus0jhlunwasf0q2xlmsv86l87l0hkxlrk05fut0h27zemfaak7t43xwwhm6xccw8c5uulmll2x70c8qugzxa7sq6lcmnzt8chus8cml2u95zjpwlvaah9hpu22dz6l3e5a4ly6klk3fmsln36c8gm5s4jr7qyxkylhl7g6tldd2mfnkt407sak42zdt9mwvhkmz4aldwg7nv5ppag88ly0ds4nyyqqqskgg6vr39tkxja2sct42rrw4gvf69r30g529dz3g4frjs0lgk24qp5j8xlvlz00rtd56dud3hxf4y9m53trr02q0xw0tsd3hdpnkd5hfr4vzjurl7xvhfpwjk03yheekfg54gc0ktuhnnl2xe6wwtljr7vk6ltg7j9wuaehfhdaq6hzk3s5dzepzmthgfdeszjayu00weh5ks2fd7nanfhg3xwu5708ux7w6c6z34ylmflaam0ft00kmlyttpdqz68jzftqfvd349jmpc7lqfy6g7va2a5le0hg2hql8r5mfvt9ske7tnlkns09emgs8lmd3k7vlea2lrcm4c6zj24lwdc90lcu9ufy5k8mndsv2aln3dmmszpvtnhhs7lv5mmnal59jderlft080n6yuf8j2hcm90jluz2l2hfwtwvdqp3m84qxq8v2uq8
NECKCOIN,offer1qqr83wcuu2rykcmqvpsxz702uum8rpj0ehhe9c826grnhs3klh5l05wekqmwjs8shlth5lumqjkruwxet48z56qfmj0n7cftka8g0e8395ssnag95tptkeeg95uly4ufqyzpypf4u8kafcf7cuxnv7zrjdn7fyl7punmkfhgwurjujlxmd4nhl7q9sz6nrznl4wr56398c49ypak87mm6hmfargx8d6wvxnaplmtvzkkqqllr0l47spg2rlnw6mkta403l7llmlcyx098at0uammvfu4udwld4rd4zux4ul4djz4nw9kjma44s8hc5f6pd204xludasesvgdus6g0lctxnmh77d7xpqgjdfecvu8mqlfu9g0ddwftu9kvn0azwvev2q5hk5lgzeckr3ytp0c4axuk4efuctndrle0huhualjx5e6w0vv4a4a42sk8nu7f236rt5afrn5sllshmq58v4rsgjhfkvmc67dkvusn5n056a8f7pak3w2nf306h7dx68kcsgtprlv9km9eh77u5s9perh66jw4p2jlx4msx2knsng9d79fnztww46430m7u02ywgate7dmy20s94780th34hvred7zyn7flq50n64wcv9g7d6p2qk8p5pqygjngcnt733xhesxdrz005xumzpwfrd97597eg5hnl7a3g87a888vndh2f7f0hmerucflsgjdv8r27meyhmd4xvl7ljqu4de2watqs888t3sl2n2glasfq67h2xp57wccn6t9neemfhwvcyhavlpljr4xfxwsxzsx6xl72xdv8zmtankg46uwk4h4hvn3t90e9uu845t5ym2z4e7qvf6msmn4hph8twydkm5rvuuqtjeuyara0wv8ajcn8vzcxldl0sdf4uwetvj4wtjfxadlfs7z8kt8nupztz7jhlrlvfg52j2fgxefd0nawfgkyjd2jfwk6ejzvewkyj4zteey6ln23f7kvs26kfl9yc26vefx5ejjffw5twjehec467tztftyt2d6wxdx5av9d9pyj5j3deghj5djwfgk2unptf25ngt6ger95h29t9t8532f5s7vwd8kcjfdfukyezg0emxh8ad0e2e8xrsgxv8hz2tg3jx82m723detfr8gpgyjlr3sesy7njgvpfelrnt3wdmq3neheu6js2fkxq88pt009cyq6ngdpc9hfjy2xrylullq2cnz3axg0xafgatn0lpuzvpnq8rxje0x20kxgsmlllvukvs0prjuvls6hlx025295t6kh0y3hh48lzm6pwn079ql7470aj0zk78ma0l0efjlup3jfwftx5cv7wxh85cnpjfgeuj2kde99jut9dfrxnxvjd95huejpkx7k5cdk09hy6sn9w4g4rp2a293yntnwd9smvmncueqvzr47d0p3gghprrdq2r8d3vpml5pvxzaahe3fw8fx4wt4aznz3al4mk9mty80tnn7n0ruuhjnpgkl5lulkgq484yu2lzf0q9zfwdqfvnq09kdl9ehnla293an0nksl8umn0282765n8wak44wnes0xhn6u4evej7h8wcaf63rz0sj3e2hdrz0s6xyhqqhwrxwss8myz0sepvh0ar49090t2uc53pagma0hpc4u6w5heza09hfp20ehru9z4dkmw3836hxwyxavw6yrq2338j4rz09gxljzn80f6h7zswekqe2desh5pnjrtcynywsj3fljg9quts5dgl7zk8m8lq0rk93lmzdknvpkl7fdhluwc88t6xpywk69lck8ev896ltftdtuh2mm9sfwqwxlesv86l87l0lhxmrx05fat0h27z3mfaak7ta3x2whm6wec28gkuu7mll6x78e8yugqx4lsy60cmmztrc87s0cmm2v852jp2lvlahyhpu6gdzml3eya4ly6klxnfmslh32c8g6554jp7g9xjytk0ruewa6npj87axr3a9ngwv50tt2nyf0h85hku8x7z5akgjtv5xaegdfv9gepqqyydkz6js6f273g5268ze2gct4trpw4gv964p3h25q920u5r06yzjgq0yhehl8s3m6mrwxm0nyv3jdeq739jac8mq8emk6czufmq2ahd4kfdwquhqhl3s92ttc5tufeu7tjjy969nmnl8uqu6hhxhnzlv6lt9k0e285fvhh0a7vttg25cm55yrs4c2kz766fw0p2rj3knms5a5ghz7nlke3jkg6k7yaerj7wtyjf7rajkxs9jcagval4lj94skspdrepy4sykfe7h5g09mkhhld0drvl6wvc0nan3zl3jhvlhl54l6r0z8pdv7kmdntgmp7emmxwclwh702k63j4g3nuh3eerrhacyrhm8jh7mnl4s3azacacwl078q6puyze0330tlkhng0w04glranf5nk5nulg96aepdpl2q4lc4rgp77nesdquk4l4q
NECKCOIN,offer1qqr83wcuu2rykcmqvps8n7agwp630xae7tmj34a6cw0n49l6lg0qcutd772pxku5k63x9aa94atpl88v9cn3tdqyam8elvy4twn58uhcj6ggf7sz28sa6vu5jcw0n27yqqpgnq567pmw5uyluvrph09peyelyj0ls7f46yl5hvpewf0nak6e6lmqj6p9f34f0chpmdgjru26jq7mnldaate5wn5tzka8kpf73le4kpttpq0l3hlj7gq54rlekddm9u6lelm0lalurp3y7kqw7ullavcncl3v4xlyhl8z387n7ntrtmuxt4wysjemlncjwdkl3l7lu3lshsuvdys2ww0utucd260t3uvmvhlw94vkpk32kfl6nazvd6fe77wxej9lmwehh2n3jdtfsqp5hs0rvw88z785zsh02ran0u63addnpa43gm42jq2asdn4mej2ws6hj6xyvw44y0w7rluzj0ne5ea0dn93yjyf2w2xt9ds7h7ta7jdlnvacc5w3juv2tzm3jvt3sf72fwmnayp4mj3na7w75drw9u7hem80m0hswnc99ccek57uk0uu2s4fgxv6u64k97lv37vwwzhl8kddu5t54mzuhvzpdmkdpmkk9cfntweh43ywqfcvcvpsyy3xga0zdf67yznxcm5uf4ksnnug8f0dqh624rvr7l0te78pme5yld6vw6fa6acl8z0az8npzg4k7afmlrzf0xlelctlndf8js0elmk0wnzm0m8e6ckr9ksdllysav3emk3f04a63vwqeu6jtncl7s4fjfnyrs5pk4h0j3ntpuk6avaj92hnh49adlyuget7ft8pld2apz6s4w83rzwk7x5adudf6mezdkaqe80qzcklr8q7tlnpavk9emqkrhmwmcr2d0rh2ly4fjujfht0cv033ejfulqfjch5hls7mx29q5jj29k6tt57tj293ynt5kt45kv3nzt93yagj7weyh5m5w093yzh4j0ffx2knz2e4xrvvjdevhycn3dx0yj7n9dxn8junp5f8xjuv2dfchuk2kf9l954np04z5v5d32edxy7n62ey4ucjpkfum5mdy8nrnfukyjt209sxvjn7we5eltt72kgesuzrnpacjj2xve36jlj5txt6ge2q2pyhuuvxvfx5cjnz2w0cu6ufnwcyv7du0x55zjdnspec2mtewfqxs6r2wfv6g3jnse8l8lgqkve50fzpelt282umlswqnqu6pce5ktejna3jyxlllnx9j5llcm8j9lhf96a9ena06fcmatkh277v67tjs0agpsmzm5n5jl3a5ualllfkuuf36gwegk5ejjw9lxjed239u6jutfk6v4zlnwgea9agnesec4uk4fjxuhryn3dfaxu3tfdezhjs2jw2exj426w9a953k7srrq3wtwccfj8eq6myqq4mvvq4r22pn7wke30m2admczesawwm9ed67lvsneekftt9k6xfz7zs5mz08rlaluspzw2dc4uy7n8gg9m53yjqqukellh270m4qh8kdw26mllnwdeg92mwnuamx6kem0zpym70tzh9m8t6adard92gde6zz89xa5vf7zgunuyzdcva6zylysfkzy8j475w4474dwtlzjq8dz0elurz0nf6nlytd7key90lxu0s523krw6v7h2upesl5pagcdp2xyu2y0fc5ql7sfv4a8wlsfpl8g99f4xxlsqwg00yju36zg9rlfz5rswzs4plcfcld07pvm0eucspu78ut6qt4uvrdh22wnylwckeeh4a76vk84azzw2va8f89lhspwqwxlesv86l87l0lhxmrx05fat0h27z3mfaak7ta3x2whm6wec28gkuu7mll6x78e8yugqx4lsy60cmmztrc87s0cmm2v852jp2lvlahyhpu6gdzml3eya4ly6klxnfmslh32c8g6554jp7g9xjy8k7ql57y9rv8h5h03x9l2exu2ertnfm5c74rw8q5hwukjuv0uhhxwxtqtygsrq9qvs35c8228gdd64p38g5w9az3g4529zk3ck2jxza2jp9gl73d4gqtfyzv7l7uu7zhtt5tcm0wv32qfh9rkyxwhq7vv7hgmrzmn8vrtw7x6c94c8nuvlwzqafd0zf03nyn302fslgkf08ll5pny7ul7ytaet4wk3a92lerjwl0mcpdd9frpw64szph82s2mng9e5086h3kj9c6rmjhdhxp9kmkrh47270l20fv0ml37pp89hhrhu8r6lx0c3dg95qtq7ct9yq930hs2dct7wk6ahccu00ya2u6lph8uzacnaj4m03nsgv5t4p7ag4mh0fdl0uvh3h5uje6nzmchfndkfq7v4npawd9mfn75esp470ev7rma8e26k969ar88pfanw4wlkzmf9cjzw0rdjpjh0fp9v0ujtjc2gneavf0z7q82qxrps9n2gu2