group,offerfile,id,tokenId4,ipfsLink,nftId,name,source
XCH,offer1qqr83wcuu2rykcmqvps8dlx0haw8r6a5lt6sjffwljjel4rmjnlj6hq64lh4c0zmeav089dp3t2swfamedys2tvpl0ejwm896m5eq097y5j2r0jq23u0wr99y4rlu233xqcrq49v4t0qwma8pmmnjm4scyde50prnl687wxex4qm7wmstyed7hkmlyrkv22gvkww4e7j2y4lz5v382c0mw0dl49y8pc7hd6s5wu9le0sx6c9r0udl78lqfpgr74l54p0p22ac0lllahlzawddm4ccpcwt3sm7cwsyl7c0383e8gjwqe0lhhdfr02te7u4c7ay2qy74lyml4hxrxfspnjn0pl7ptpjhwn6l084t08vh8ae470cm55hfphvx68cs8sdm39wv70suajunhcqsut2dedzxck9kan0vwxgcmquxc6r2m2l84j8aud8ak2plscl5j08uuau6333u550nt4p8dmrptpnvkaaz67djfr58wtlkf863h5264eynamsjlczc5asxqszy0p50ejhgln9vcrx3h827rwdlq2y3kjl2zlv52tellwc5rlwnnnkfkm4ylyhmau37vylcyfxkr340dujtak6nx0l07q7l5gl6fw5u2mt4d8kq02hytmcp2hjdvxl0pse625ekpy5ue4um4c79aulag24eqejpczpm2mhmge5s7tawkwez4tfe667kmjwxvaly4nqak4ws4dgghrc3n8w4rxwa2xva653x74qynlspgt0nnc09lesuktzuesmrmahdup9xhe64tj6kexfym48ux0ccueyu0c9evt6tlswdn9jj2pg9zma84jw9e9j6jp46092ctxfe39jcjw5f08ujt6d6r8z6jpt6e8ykn92f49v6nw09r957nptff8j6dej9e9rg2j0xu6j6t60eqmrxn6veyhnvnkw9gkuj2jt9f9vcjphelx2hnz0ftyzk27tkjrf3e57tzf9486crxfea8vmvl44a9ryvcwppes7udf4pxyead0f29m9aqv9q9gjt7wxrxvj2gffn90xu2dwyelvzx0xu8n22pfxecgaupd9uhysrgdp48vhdqgetcynlnlyqtwd6r53zuh54r470lsxqfs7dq5d6t9uefkcexrlll3jz7vudjq9k327ewq4jrqp07hcklpcxpu45phku0jnh2vp96dldtngadumlllfkuuf36gwegk5enzj4c4j329tfgk2h5xt99yucde29ex5aj2n6g4rtn33xg4zjtxv6q4z3tejeckrvvf29ce27tzg6m2jjd6e9qvvz9edmrpxglyrtvsqzhd3szeyaln3w808k4haky8v5n2hwdnj7772cfu2hmmylhlp8344k88nag770ll7g0nq3xu272dqgtzpw4yfysq89k0le6hn7af9aarfj7hlmutnw2p2km5l8wek4k7mcsfxmn664ewe778f0gmfwjnvwkl3ff8drwwk78vadcjwr87sl8tyzdklpv504r400a2tjlc5sf6gn7laqsnu7w5ae2m03kerthch8u4q593mkn8h6hqwg8dz02xrv2p38dhrjwmw8857wt0fmhuzg0qxpptdd38uqtjrmeg9q7329t0egavursy9g07zw8ttlctcsh2uh8n7z2ur9a94t2c6kcw5nhthu90atd7da5e4n447pxwtvtt6wg3asedpjql0s200l870dhkxlqkmke7tl42kremfalkzg4a8kvhnck7ewpculul60u2j70cxqag7yd53sllx6rp2elrssvqs6uzusvaqsrwn80gdmkfx4hj9nfnn3ela6fdmsa70y7z88ulf4an8ukxhw5ja2lkxyfv8vepqqyydjz2nqe940gjjy670syh8q2ntxhkm39dljvdwydx20nzhfghd4vjtjd9j8t8hnlu5hul69l906vllzgcm7rj2p7zffqsax269v6wrk57m3ejwn708c6r0chl55nghw890v77elf4fc0tea7nupl6tnd8qr3e6p7ck60kph0qd2d7lefr98x8lgxvlhhwz9xkepd7juee7nppu0veyzelf5ctghwm0tah86hm7un56hh23h0kdlt94tvuwet8v4hcpcqd7nujqvryv985,OFFER-006f07b4,4152,https://bafybeigjkkonjzwwpopo4wn4gwrrvb7z3nwr2edj2554vx3avc5ietfjwq.ipfs.w3s.link/4152.png,4dc5f89744cb212b279405c67c1ee00a79d55c0bf0981b65297079372603d7e3,Bepe Waifu #4152,name
XCH,offer1qqr83wcuu2rykcmqvpstua8ggmxlu6w0vdetu2wwl8548vetn384mpef0t8gwde2wg0lxymeyav86u9jhww9f5qjhqlhlsjkd6wsaj0rtdpp96stgjzh0n6stfewftcjqvpsxs794t48murkafcflccxrw72rjfn7fyllpunt5flfwcrjujl8md4n4lkp95z2nr2jl3wrk63y8c44ypah87mm6hnga8gk9d60vznarlntvzkkzqllr0l9uspf28ltv4qf876xh707mll0lqun8uxpenu8zumqvxy5frdtqn87upgdnukr9882ttu4a3zat2uvzaqdt2wglctcwxxjg9h8879lcqcrxj2acvj48mudtmk7mwrwhsvd0vtjtj2h34rnhc7dmmg4t7t0qcn3d9k8c7d66hlh0ehrhp4xvs7awhnn3h542s2g4hnh60epxehvkltx0h66yqhkwv0fttge9sjhudh64p80w6w9hwdr23vhhzjgnwgv3hhsmvnzv5dvxgcrqgpz036huer40czxd3hgln9dr827sxj76p0542xc8a77hnuwrhngf7m5ca5nm4m37wyl6y0xzy3tda6nh7xyj7dlnlskqsnmw8j7edcxm06c4r864aft5lh43htqdrj4em8jv03e7ef4dc2u7tju78l592vjvequ9qd4dmu5v6c09kht8v324uaaf0t0e8zx2lj2ec0m2hggk59t3ugenh23n8w4rxwa2grd2crfmcqk9hcec8jluc0t93wwc9sa7mk7q6ntca6he92vhyjd6m7rruvwvj08czvk9a9lu8kej3g9y5j3dkj6a8juj3vfy6a9jad9nyvcjevf82yhnkf9axarnevfq4avn62fj45cjkdfj4r9j7wel82ktz0455vcjpk9ym64jz099xn2datxghzhn7t9pxrtjfdfq424npg49xvkd3tfpxz62phelytfpucu6093yj6nevpny5lnkdx066lj4jxv8qsuc0wy5j3nxvw5hu4zej7jx2szsf9l8rpnzf4xy5cjnn78xhzvmkpr8n0re49q5nvuqwwzk67tjgp5xs6njtxjyv5uxflel6q9nxdr6gsw06636hxlursyc8xswxd9j7v5lvv3phllue3d98afqefzwd5fehkjahmv9hslasaxwlfwm62jt6dp7fyx4gufcw7e74lllehu5fp7g7egk5ej2wxzhnwjxfeh85nnfvenyvstwdxl9n9t34xh9u7nffec4z5txwxv4jjv34xayzcj339dx5cte0fmxnf29grrg37fwsef7xfq6myqv5tgvck2nhn75a6u86z9q0jeh4ma92lxwu39v6cy3h7hv6aa8xurx52e8drkahalu8ejfmg9t8xhch3qngj2ngzrxc8ea40e0d57lw35dvmaak8elxsm2460h4vetnddvt5lvped77hy70x5h4a6kp2khglj455kf4hf0n4wjlftqrmgmn4kp7e0s46fmpmhta9te0625xdyg027utecw80ws4dlcnt3d6vtn7ds7pg4mfkm4fs09mn3rhrrk4qcr5tee0ghnj6p8ah53m709lsrqs9skgn7v9epuuszuwger4jug0k2pg8zu90t8ms4n74lcxduw39h7rs0h3gacm0gjzn7tuerptmn4erd8h0x42k9fcskl3ja82czhgxrtuc8rlznm0hlmmd3n86y7akm3032a577m09ucn98taa9vu9r5t7w09llarlrunnwqqr2lsrd8udl34sufkfcyqrv9xeq0qrrtyxmkh3v43gpfwg7v64huunh6wqu4e38ut7lwnplk0j0cnwmjtsk9dnpfsanyvpqqsxgg6vr5k9nr2wn8cwyjucpwn0yh07tnm7xhzc3l4mt2gn0sntc6yame3aelavmt7mw3n7cl32hhudlufnr0s0fv8gf9vzrnfpn3r543n6allms4w4h4qls4lfqnn4ejktrusn2slh7tugha5ar37e2ktn84elfyh4qwh4lackk7hw5fn5e73xt7m259kvzql9nxt3tlwujm3ka7zdkzchhwvew8eehfa8tqhvds97nfz4p60um7sht79x9c726gysyqr59xfcs2dpc2h,OFFER-44e0d7ad,3145,https://bafybeigjkkonjzwwpopo4wn4gwrrvb7z3nwr2edj2554vx3avc5ietfjwq.ipfs.w3s.link/3145.png,516187c7a500d69f36752caaaf24cbde3ad8048109ab44e891fca67ced20cfa5,Baddie #3145,name
XCH,offer1qqr83wcuu2rykcmqvps8vk3rcseam3n4akfqmuewmq6xelplklp5da0mu8rmm4a2nxe8ehhye7c04crywuu6ngp9wpllap9dmsapmyk8k7zzf4qh3q9wl84pknjvshe9qcrqdp522h2lhc8d6nsna3cdxeuy8ym8ujflure8hvnwsac89e97dkmt80luqtq94xx98l2u8f4z20322grmv0ahh40kn6xsvwm5ucd86rlkkc9dvqpl7xlltaqzs58lka2qs044d0u0lhl7l7ppuuuhnumv4swanmek7n0nvr78r6rruy576jfjnndhk00w9jgpguflmtc0l07flutgvxwngph8879lvrrqjhunr0h3y9utdvams4wvfeydv0xql0rhr70par230xpveuwm3vcnr3d0jrf9eghh6tmltq6aj4ksl4gv2s4af66e8x7du7temly4lgaa5v0ghcv28x7rr7qhaqcca52nxhvhd3w9ntad263rxjaqut6zntcx58yu274qtpnkqczqgnuw3lx2ar7q4nyv68uetgfehupynkctaft3jp00haalrsda6wwxexlwyju770nj86snls3y2mww5ahj3vkntull9lu05hn03g6dwp3mhuzvut3l2wm99pa56v5e9yvwwxxhluhk934nkanwc8aslf22ncqsjp7jhmj3htfekj7vaj4whr49faa6y5te07fd89aaqa396s4wfsnrw3txwazkva69dpa5tywhpqjlkrq8wlncn9lusy3mq7phm0marwv09kjey4tj6jekt8mu8spljeulyg2chc506lmq2dryjj2pkx2mulnj293yn253tehx2stxte3yngj7wf88u6v20enyzk430efxyknk294xv3jxdee8n9jfd9a8adnfd2vmz7ve0xh8zkjf0eetay2ewf8xv4jf24qk4wjf0ez4z5tx2kc4zut9tfe8jcdx8hzrfa7yjt2093x2jr7we4put0l65fpnuwqrpacsj79v43z5l74tg2zte7q29y8cugxv88yujtq2g0ql6u2rwcu07p70x5yrjf3q8ecgmlew9qk56rgwpdzv3wsqe8lylurkycvwf6re326825ml70csqqe37ey5tenra32xxm70l8a3upuu9xneq8nuy0trllk57wmdeeu7hsa5jmel4z3mtc0axw9n24rjft8flll6vhxjvgjtrvx58n06fv956suztwev8u7nhwdv5tyt3w9gxqejmtau4q42tgx5ysh6k0pt57cv9wpcevkt8v3j48xrcaaqvwzpcdcn3qgh9rrvqzzhd3szs8jhwncyekt94a2cyd6ylwwxg8tde3gn7lxunj5e0t500fy6nczd8hlllap7vzv63tee5w89g96yny6qqckfll0t7tm9xhl5dzt2ll03wdec82nwnuatx67mmtz3xmxwtwh4e8nea9ar09j2d46tu9d9asdf6mcan4hjtcy768uavsfkmu9zn7uw4el9twt7zkphfz86l5zj0n3mnh9t07x6yfwlzuln5xsx9w6d7l2vregu5faccd3gxqax7wf6duu73eeda8wljffuqcy9d4kylspwg08yq5r68gavlpr4nswps4p06fcud0l30hyaat50yglv6klltamjndndamvv84gp5d8d6u5skyu4f986y4mhah6s8wcvxneqw8798klllhkmrz05tamvhxlj4mpuak7mm3x2wnm22ect8vhvu7t7l7879e08uqqx4lqx6tctlrtpchvnsggxc2dzq7gxxjgxhfpsglt4lay0n8dunsy6q5gc6r5m9a7xsl3dzjvavekcwusa0tk0qktp6xggqpprdsk5cxfdt6y5pyhmap9ecrvl377k6jzgkj7ly548ynna4ulvnevanrnce8z9k8vhenjw08vmhhh7ya38c8ukrsyzkpfevnymza2eh9lxwkh45u55crvkmq54r75yu0wve8hrmllw4ltgaf3076m7urcveadf7tlka60d8nqfnsrjasrc837yg0mem0473uamtg358caatdtuutdunc0zp2egm8an0czjnk9jhj5f5709m2jz785a4443wnlmkw33wqzwzjt3w42wxc0,OFFER-71122502,2335,https://bafybeigjkkonjzwwpopo4wn4gwrrvb7z3nwr2edj2554vx3avc5ietfjwq.ipfs.w3s.link/2335.png,f5ef2e941b0ab03e4e60098a4e3506754066cb641959415e81fc6ebca686c6ce,Soyjak #2335,name
XCH,offer1qqr83wcuu2rykcmqvpsvuha6vlrv8zc8svl4gn2tvp8k6457lqj52a9fa0p77v3lj6eushpl6ps0tswfaee9ys2turl0cz2mh96n5fy0duy5n2p0zq2au02rd8yer062psxqcrq44w400swm48phmrsmdncgvfk0eqnl686wwexapmcwtjtved7hwmlgzkg22gv6074ewn2y5lz55s8xclmw0wla959pcahfmsjw58la0sz6cyr0udl7h7q9pg87d753qlr26lc0l0laluznj0mwdqkd67ekvmjl8ge64lpe0p7lhd69wm0rkl9m7gn2h306tfvgswagsfhltvvxvnqrh8x7rluzgvlfc8kt9fh9h0ddh4jltu8zuecr0wcllamt76k0t3lyxf2xwh8v6x0q6re95el97lg4g0hxc3ngz37hl3tgt9puma72saat4rsr07w9n70rcc02tmlls90h5ga6d5wm6ammevxnxrv6vth620c0vn0mz0dmujd9f6wkgeq23f6svpsxgjzgln403n82lsxvrzw47xv67v4epd9a5plf250sl6a3w87u80xundhff6f0hm3ruufl5g6vvtz66m38hlv9yvlll7p9x7kdygnl0dva22wrxdeewmd07jdmwfnk65a4a9ftlyr6d8p7ev47ry9auleg2heqcjpcjrmzmhmgeks72a2kwmz4tfa66ukmnwxvdlyanqak9ws4vgghr63mxw4rkva28ve65nx74qqnljpqt0hnc09lcsukmqu33m8mahdup9xhec4tj6jektym58cxl6cueyc0c8eyt60lqwdnyjj2p292ma84jw93yj6j3h68y2ctxte3yjcj7kf88ujt206rxz7j3t6exykn92f4yvenktez5zkjx0eukyjtzw9cmnq2xv9d9ujvene8xnpt4d9vhyuj7fx55vaj929t9j5vpdxr9unnxwf88j7v90kjrf4ey7t2f93826rwgea8umvl54e9nyvs0p9es7u9g4px5ma90f29t9aqv9y9cstkwx8xuj2qgfh9lxu2dwqe0wzw0xu8r22pgxecglufv9ch5jrgvp48v4dqge0cynln7yqtwd6r43zu8k4t470lsyqf37fq506r9uefx6ewrlll3sz6k4g0fadwnudxvx054j235k3laje9p5lna2tlxehldt8khrzn5364hm7llhu5fd7gceqh54n2vel85hj2f9y5z3jx0e99z52e0fax2lnwtx5ez7dftx64z427ffmyrxdk090yyu23fxy6u6tfjen92nnfffswvjxfp6mx8sc59t53pksdpnjcwq4w8xh9m9tadh5jz9kcwg7lr7l0vtdenntl5476sw7h7hmtt7vul00slalus0zp2dc4ay6qxzyzu6gjezqwtvmlth08a65trmxl9dfl0ehxu5x4a4fkwandtwah3qkd084etjen9aw7l3jj4xxuadazj3w68uad50e66pxuxvad7wkguedjzewl682672kh4a3fqrj3h7l7p3re5aflj9jltwjzklnw8c29gm9hax0r4wyugd6gl5gxq4rwwt28uuks0lduyk7nh0uycuqvrj56np0cp8y8hnsxqay5zhljs2echpg23luyv0kllq3rk8cnrza0896va0ujcrjhlh34wl74hlkh3cla954hsnxeuy0dhkxp0mpj6ryp7lq57l70u7m0vd7pdhdnuhl24v8nknmlvy3t60ve083dajur3elel5lc49ulsvp63ugmfrpl7d5xz4n78pqcpp4c9eqe6pqwuuu7a44nexsl7thkm9ymtp5wl78rj6h2ke59n06aljlxrmp0dxnpjasdnyvpqqsxgg6vr5k9nr2wn8cwyjucpvvr0a4attg9l5d3m7zd7kkrapjdrg3hshpwkdlnrjud6vktfeftee060u3vdampexqmq55sgdnp37qmc5jel0xxk8lmr92ksa8tpxvnhux4h9d52863erf5ta47jpwhflht6k2supm2mk6xv7w44wln2a80mnm4m03av8edtf3dqupk90m7rw0y5k3yls4hm5mxrwh70h0fjse733lnmtn8ecu3uvk3myczw6n8eexsp2435d5sqjxelm,OFFER-65ea2dfd,4179,https://bafybeigjkkonjzwwpopo4wn4gwrrvb7z3nwr2edj2554vx3avc5ietfjwq.ipfs.w3s.link/4179.png,ca2e8314c9be86ca219c9d635d96ff92ba6d9ab6253c8a27d065d2b09b768e98,Bepe Baddie #4179,name
XCH,offer1qqr83wcuu2rykcmqvps8vhf67d9fu476fdluttfpfl27ll64hyc5lxmnlhlymemw5c50839ne6ml4crywuu6ngp9wpllap9dmsapmyk8k7zzf4qh3q9wl84pknjvshe9qcrqdp522h2lhc8d6nsna3cdxeuy8ym8ujflure8hvnwsac89e97dkmt80luqtq94xx98l2u8f4z20322grmv0ahh40kn6xsvwm5ucd86rlkkc9dvqpl7xlltaqzs58lka2qs044d0u0lhl7lupxur60v86msl50hs2wdy3tldfcaeh5xsjlr6t7z6vms50pcyttrjm8rtl07dlemlprqcc6epksalchz3h9zw0atzy6wml6n05xfmlal2ehdj2lapwkenyse7lukj2v89lr7xeck3hd7kayn87zth8a6kx6ne4fj55klr263lk7jrf6yjcvn7xfcfhx0rct2chhvav9ldlk4xm3dhhsaquhzgnlsntm90xrtag4pex43cn722k0gypg6cv3sxqszylr40ej82lsyvmrw3lx26xw4aqd9a5zlf25ds0maa08cu80xsnahf3mf8hthruufl5g7vyfzkmm480uvf9uml8lpwxf700g0lx8mdtps2825mdfdnh7yxhksttg2yj2wthhdk3k0392e09nur7cw539e7qggqmfmlegm4sutf0xwe2ht366577aj29uhlykns7k3wcjdg2h9cf3824nxw4txva2ks764s8r3sf0trsrk0aueslkfzvas0qmaha7p4x8nmdvj24evfvm4nakrcqlev70jypvt720u0as9x36ff9qmp9970ae9zcjf42g97mmygpn97cjg5f08ynm7dz987ejpt2c8u5nrtfj9y6nxdfahkuzyweny5en6vdd5ger7tdf4j7rpday5s5r70wnhrfrgtdt5r92ftxc8s4nt5fuhhfd3dp28lpaffx5re3f57mzf948jcn9fpl8v65744l4ty5ew9qfs7ugfdzk2c420a244999vaq9zjruwxrxznjwf9s99850dw9fhv280zl8n2zpfxcczuuydauhzst2dp58qk4xg4ggvnljlupmzvz85apue4dr42dl78cgszvs7vj29uee7c3rr0l0ln6czrk4a9rmc06edl0he9ppe3cv60f3j9a8wqzuttf6v4ce9ytdkhnfndlllum72ysly0v5t2ved8js23s4z4rdjen9q4u729df5cjajew9245etehxck53tegevmnvt34ej4y5vk29c5jnnf3ehynf24tf2k2sxxfrujapjnuvjp4kgqegkse3vm9ttd06kld482m6strteknf37j04fh746az6wvfw8qt3c8nh9av0th07l7g83q4xu27jwqrazpwdyfv3q89kdl4mhn7a293an0jk5lhumnw2r2765m8wek4hwmcstxhn6u4evej7h00cef2nrwwk73fghdr7wk68uadqnwrxwkl8tywvkepvh0ar4d09tt67c5spegml0lqc3u6w5leze04hfpt0ehru9z5djm7n836hzwyxay06yrq23h894r7wtg8lk7zt0fmh7zvwqxpe2dfshuqnjrmecrqwj2ptleg9vuts59gl7zx8m0lsfzwklvnzvhecl07vplm4catatnfwg4k547yrp4m0cwm7yqck3fkt4elkr95qgml7pgaeulma77cmu2ewn8ed7atct8d8hkmfwkyce6l02mtpclznnnl0legtelqur4qcehjqr0lmvv9d8ydzd3zptqfjfn5qqaen2yclzewe7wtuu7lummy28can7hz4xpdkf74mdrfvrrekzhhlytd9dmqmxgczqpqvs35c8fvtxx5ax0suf9eszujkhhxh9dhycurdp2avm3xjmtshy0v7ukqwfem5nwr7e3nhnldx4405n7ylqlzcwgs2c989jpxcmzy8ve5w0z9lnlmxecanmaq8apq44a6924qcflt25u9ww0kukhm4uh5nmdxh76thhll2e40vae2nkw2lraw262kl7m6t6hkzvjtujzhuc7ngkayldf2mlkcewnxw3g7fcw0xkmt3cklu894awpdhufh87myc95nqgqqnhu5wy4dfxsf,OFFER-bc3358fd,4143,https://bafybeigjkkonjzwwpopo4wn4gwrrvb7z3nwr2edj2554vx3avc5ietfjwq.ipfs.w3s.link/4143.png,33e6e08fe30bd580902c253d751d8da37c077085a118221eeeb93d80f26179dc,Bepe Waifu #4143,name
XCH,offer1qqr83wcuu2rykcmqvpsfu0haddzvk95dn93vr8gmhqd07npttx6m4c5ymtaz09u7f35kmzddpkcl4crywuu6ngp9wpllap9dmsapmyk8k7zzf4qh3q9wl84pknjvshe9qcrqdp522h2lhc8d6nsna3cdxeuy8ym8ujflure8hvnwsac89e97dkmt80luqtq94xx98l2u8f4z20322grmv0ahh40kn6xsvwm5ucd86rlkkc9dvqpl7xlltaqzs58lka2qs044d0u0lhl7l7pwg0etstn5ut7nf8m44se7uluqmdkn4l874j6774jdtracl84d5ag3akr0ll6dl6mnpnycqeefhsllqhdkke6dnmht4ew0uh05y27rtm2k6mz7r5hw6kyntgchm3nyq0snxjuwsppukjdrnnncl79n45ehcdm3d5lhpltwkt8gl280jupkk4mazm8w5us4nh9t2sh3kr6waz9lqaa2t7x56ekgmmu4hpkul8hr4quwrc260903096h5pvxwcrqgpz0368uet50czkv3ngln9dp8xlsyjwmp049wxg9a7lhhuwphhfecmymacjtnme7wgl2z07zy3tde6nk729j6d0nluhnsv802dvdhva20f3ewp0ee2ymnhvpp7thvhs4fz40a70yklpjttjhdvtmel6s4tjpnyrsyrk4h0k3nfpuh6avaj92knn44adhyuvem7ftxpmd2ap26s3w83rxwa2xva65vem4fzda2qf8lqzskl88s7tlnpevk9enpk8hmwmcz2d0n42h94djvjfh20cvl33ejfclstjch5hlqumxt9y5zs29h60tyutjt94yrt5724skvnnzt93yagj70eyh5m5xw94yzh4jwfdx25n22e4xuct4g9jhj4n7g9s5vjvpfx49vjjzge49ysn4t9pyn2jfnxtxyhne4evezkdpkeg4rdteg465zetkff08vmdyxnrnfukyjt204sxvnn6wekeltt62xgesuzrnpac6n2zvfn667j5tkt6qc2q23yhuuvxvey5sjnx27dc56ufn7cyv7dc0x55zjdns3mcz6tewfqxs6r2wew6q3jhsf8l87gqkum58fz9e0f28tullqvqnpu6pgm5ktejnd3jv8lllry9mfp89tjt6wtxaxex7vem0c0ermnmu8t4atmch6jhfxk2a0d9z8k8d6mll7ndecnr5saj3dfn9542fwezh5hnw2fv6vjt3d989zevpf9mydpnfn9yhu7jwhxchj7j9wfv4zcnwtedgv627ve0gj6v7t9y446jqccytjmkxzv37gxkeqq9wmrq98dn66j7mvr42a6n6nnl4zh7a75l28dlmvu744cmsdn9d7trfh0kewd0ll7rucye5zhnntuflq0gj2ngzrxc8ea40e0d57lw35dvmaak8elxsm2460h4vetnddvt5lvped77hy70x5h4a6kp2khglj455kf4hf0n4wjlftqrmgmn4kp7e0s46fmpmhta9te0625xdyg027utecw80ws4dlcnt3d6vtn7ds7pg4mfkm4fs09mn3rhrrk4qcr5tee0ghnj6p8ah53m709lsrqs9skgn7v9epuuszuwger4jug0k2pg8zu90t8ms4n747vrt9up47hwzjhg97dfd4dmd5hy5222ua4l7zkkd46fp6zu70dmlcccmpj6qydllq5wu70a7l0vd79vhfnuklw4u9nknmmd5htzvva0h4d4su03feelhlu59ulswp6svvmeqphlakxzknjx3xc3q4syeye6qqwuh6f7evacy5fe8mwkzaa7307vkm08cewve3924t5atlf080tem3hd5sdj5wpszszgg6vr4kpjr2wn9c29j7cfwwz0904mv8z2mnynl2h83lm5882fxenetrxv92fka8xf0muhc52akya0l3yvdlpe9qlpy5sgwt95u3x8m6fk7auda7y5nnywjx4kph84xy5tcg0pm8e7adk444lxkx27uxhl0vlm6j6d09pz4kzkx6rmmp7rh8c8l0uhf50ln2m6dmh0j5q47csqpl79d0llh078nhchycgwh8fpc7evad9879a248eahrfxkh7vn6gqqpazxnc0qvn6lte,OFFER-245ee379,4070,https://bafybeigjkkonjzwwpopo4wn4gwrrvb7z3nwr2edj2554vx3avc5ietfjwq.ipfs.w3s.link/4070.png,c09ef25686e67a7f3344a06f23616d8b51e1a589d510627bf9e4fb40d20aeaad,Bepe Soyjak #4070,name
XCH,offer1qqr83wcuu2rykcmqvpsya992m9klzvahuh3wy7d0qtzhjhhgta5f0l3ewlp7y408lp6k4lum97m04crywuu6ngp9wpllap9dmsapmyk8k7zzf4qh3q9wl84pknjvshe9qcrqdp522h2lhc8d6nsna3cdxeuy8ym8ujflure8hvnwsac89e97dkmt80luqtq94xx98l2u8f4z20322grmv0ahh40kn6xsvwm5ucd86rlkkc9dvqpl7xlltaqzs58lka2qs044d0u0lhl7l7p2d878jml30wlkcks424nctmrafx84l7kalh7lthm2msuz00emj5up8cxllluml3hkrxp3phjrdpllpvxxazw79wyaya46l4e9dqrwh8rggplwcuddsg5lmfknhhhyhhe769zs5h2apypcta6knugl0wncaef07f0h6dmaxekury4wmmjjk99knuu9nljphmzel703g0ldp47l8pk270zvxj7vkwzthj4ar0kjk0urlla4rjw7k554uks9semqvpqyf78gln9w3lq2ejxdr7v45yum7qjfmv9754ceqhhm77l3cx7a88rvn0hzfw008eeragflcgj9dh82wmegktf470lj7jr98x690mlshyna2pace7las8040gm6knh2smj7cycklqchpmymmdjtdc8asafztnuqsspknhlj3htpckj7vaj4whr44faamy5te07fd8padza3y6s4wtsnzw4txva2kve64dpa4tqw8rqj7k8q8vlmenplvjyemq7phm0mur2v08k6ey4tjcjeht8mv8spljeulygzchu5lclmq2dr5jj2pkz2tulmj293yn25stahkgsrxta3y3gj7wf8hu6y20anyzk4s0efxxkny2f4xvcnrkau9tg6e2x28s5j6garxrvmf23cku32kg49yjjm3hpv4uevtfpy4v6ztsaumz7zgvwreq7zhhfy5hwvg8nznfakyjt2093x2jr7we4fattl2kffju2qnpacsj69v4325l64t2222e6q29y8cuvxv98yujtq220g76u2nwc5w7970x5yzjd3s9ecgmmew9qk56rgwpd2v32sse8l9lcrkycy0f6ren26825mlu0s3qyepuey5tenna3zxxl7ll843ur65av2274s6ppt2lw7fdmdgth6e03jzxtae7c4dzm8lln7ldfhyeylel7lj39herryz7jkvfh8n92pdfvhuj27fxvmz42ktxy6rzj4gfv4zjd3gxveuj27t9ycustkv4a9y4jkg9lyjjjk0xshzk29v9j4pejgey8tvc7rzs4wjyx6p5xwtrs0knpfwdd7al79jwlulynnkckty75ukhe78pfs9lsett6hfm7tzm6xmllllyres2nw90pxrcw3qhwjyjgqrjm8l7atelw5zu7e4ett0l7deh9q4td60nhvm2m8dugyn0eav2uhva0t4h5d54fph8t0g55mk3h8tdr7wkcfhpnhf0n4jrxmwsk2h636kh644e0u2gqa5fl8lsvf7d820u3dh6mys4lum37z32xcdmfn6ats8xr7s84rp59genjm3m89krh6099h5am7px8srq54x5cm7qpepauurs0g9q4lu52kwpc2z58lp8ra4lc9uah7l9udxwxx97zal4hahp2xucah0rajamwxd8r6trs9usw9a7udmqnqj7q5dlhq5wuw0a7l0vd78vlgncklw4u9nknmmduhtzvua0h5d3su03feelhl75dulswpcsydmaqp4l4hxxkrsxe8c3q9syeye7qqvuh486nft9stlwk6cvmnnekkvurla89h0teypsd480h7jpcrzkas7k7jytpmxggqpprvsj5cxfdt6y53xhnup9eczurc28ut9zsnxkt7l8nzjyaddknk6r7d40zasfy7ezuwh0htls8x0mkr7y0rlwcwgszc98yzr67mf2za7xewhwe83a73vhnjym58cal9n4edr6veej8hdt4xjw77d9rkyay9zau9l7tjvpu7d8nahjejhfasnw7hsx87dtp60ltljvk8jdaumx3ps8fw70u2hwhdh9jscp4tll80am6ekesv0s5989wgctal83dm0dzjpqqd9e5lju4arh8m,OFFER-2da4d0bf,3116,https://bafybeigjkkonjzwwpopo4wn4gwrrvb7z3nwr2edj2554vx3avc5ietfjwq.ipfs.w3s.link/3116.png,6504c2bd2ec3cee47bc00bcfe8bb5aebbb052c65b0a70790a04e0008be9d8236,Baddie #3116,name
XCH,offer1qqr83wcuu2rykcmqvpsfua6lxtecu5hh5ww2fuhnza60wuzdnmxfdu23lw8kn6xrmt86rfs8fwknuwxet48z56qfmj0n7cftka8g0e8395ssnag95tptkeeg95uly4ufsxqcrgtz2h6nu7pmwkuv7uvrph0dpeqelxj0ls7f4cyl4hvpewf0nak6eclnqj6p9t34g0uh3edgnru26jq7mnmdaat35wh5mzk48kpf7nl35kptmrq0l3hlzugq448l952cynldrtl0ldllhaswtvu0emucms2nya5ljle5pcymhafd6a690kuus25xx2h4wel4apsld8u0lhly0u9u8rrfyzmnnlzlwrr6xjr4w6jfxzwm3udexr65w36v7aej0re0s6m4ht9thsnmx7lluusrsatdftajw0t00rtytm7hcfvckhdl92j2dgj4lwlzkd9s0qnl4a0fk9eg0vl6pvn8l0xw3lwz7dzgtn4vp0mnx9cwt9leyc7a6c6h8n5anwdfexqf3f6svpsxgjzgln403n82lsxvrzw47xv67v4epd9a5plf250sl6a3w87u80xundhff6f0hm3ruufl5g6vvtz66m38hlv9yvlll7pqtw6wj3xma9q7ream0n042d3g4v8t0fmx8rtfz6m4du04k0txfkd49au0lg25eyejpc2qm2mhege4s7tdwkwez4tem6j7kljwyv4ly4nslk4ws3dg2hrc3n8w4rxwa2xva65sx64sxnhspvt03ns09les7ktzuastpmahdup4xh3m40j25ewfym4hux8ccuey70syevt6tlc0dn9zs2ff9zmd94609e9zcjf46t966txge39jcjw5f08vjt6d688jcjpt6e855nxt9e9v6npde08ntnjfxu45k23g456rw2efen8nfjegx48u5vfk4v6zmtps454v5nk2et9rgt30fg4r0n7f9qhvljetkjre3e57tzf948jcrxffl8v6vl44l9tyvcwppes7uff9rxvcaf0e29n9ayv4q9qjt7wxrxyn2vff3988uwdwyehvzx0x78n22pfxecquu9d4uhysrgdp48ykdygefcvnlnl5qtxv6853qul44r4wdlc8qfswdquv6t9uef7cezr0llenzexz6dkmtj6mp4hshu0e77al0a4l2dmtamhcvq2p20ezauhwmd7w5mxwlll5mwdyc4yy5jjjd939uh4jj9v6jkt9g40xvujwv2yhz7jffee8j6nzv648zl4939veyuv22xn8zkj2vf4tju2wfxq5nejqcuyrjm3xzq37gxxeqq9wmrq9ex7qe4a6uwtx7tzmurxlyttnfkvg9q80d6vs7edke253989ea0epll0lp7vjw6p2ee47ykq25f9e5ppjvru7chuhk70l4gj8kd7wmrulnvd4ga0m6jv4mk7k960xqu770tjl9nzt67amz4r250e662r96l58e6lg0s4srauve6msavhe2eydjam57k4u4adtrzjy84809uu8rhhf2jlvt4ckax9flxc0q52akmd65u8zaecsm43mgsvp69uuh5teedqn7m6fal8zlcf3gzctyfhxzuswwgf08qvp6ew98l9q5r3wzn4rlc2clwl7p75e0567zpunuu78hw7ln37u9j3ep8hy5q03chap0g7l7q0ysyajkyrtkrp57gr3l3fahllaakccnazlwm9ehu4wc08dhk7ufjn576jkwzem9m88jlhl3l3wtelqqp40cpkj7zlc6cw9myuzzpkzngs8jp35jzampc8l7khlh99w9p70raj0fh94alky7c490uu8mxhfakchvjn0kezgczezxqcpgryydxp6tzep48fju8zewvqhsnw4mvdyurm0r5mfg8r4n630rhsapmmtnu7xhhf8m55hhgnk046f3ghkn7y0zl2cwgs2c98yjq6hmm48579sn2gu7ww7sd00ct3d3kuwmhrj6c48ase9hazxhww6nn5hf8a8308yn2vwed3rdm8e7nlmxdrnq6umvgqu00w549zetp5uf780g63wmysnpt6tk8aa4txzpy3x7ysjkvhvnt5nn5607v7t0nmt7w4d26eqqepr37csjcld05,OFFER-d4c2d3fa,2213,https://bafybeigjkkonjzwwpopo4wn4gwrrvb7z3nwr2edj2554vx3avc5ietfjwq.ipfs.w3s.link/2213.png,a0bac87693d267575ddd8645f261641345af0733289638daaa0e8f057c6a3e87,Soyjak #2213,name
XCH,offer1qqr83wcuu2rykcmqvps0a3t77zlhm9hllyt74l28tcnjmr46custkmwt3yl3l6j967wwdkmulzca2pe8h095jpfds8alxfmvuhtwnypuhcjjfgd7gp283acv55j50l32xycrqvz54j4dupm05u80wwtwkrq3hx3uyw0lglecmy65r0emwpvn9h67m0uswe3ffpjee6h86fgjhu23jyatpldeah755su8r6ah2z3mshl97qmtq5dl3hlclupy9q06h7j59u9fthpllllkluthexl80d3502r4kj3ans5c4jp0j4e9m7lezwtr2dsldltw70mk7l704gm0elm072lc2cwxxjgdk88797y9p28yptnmv9aghlc0lj2mklut388nraxva8ggt0xufjkx4hqn7ncpr3dp8r6l3qkk9kae65hacdnhclwuwld8uw9n79d3ca5vfll524lh5dathzaks3ucvtzxlj0r4lxps7en6793mev6dzshnrxd0w8eus5ajmgngz6s4senqvpqyf78gln9w3lq2ekxar7v45yut7q6fmg97k4ceqhhm77l3cx7d98tvnthjtw8w8eenlgp7cgj9dh82wlecktf470lzazrul00knu2xmhyj0w0ujutu2nujat6tj60qed5nstl979zlmz084vlz7707592usvequpqa4dma5v6g097ht8v3245uad0tde8rxwlj2eswm2hg2k5yt3ugenh23n8w4rxwa2gn02szflcq59heeu8jlucwt93wvcd3a7mk7qjntua24edtvnyjd6n7r8uvwvjw8uzuk9a9lc8xejef9q5z3d7n6e8zujedfq6a8j4v9nyucjevf82yhn7f9axapn3dfq4avnjtfn9z7jkvf4xj7d4wfr9y4jkv4c5n222te38zk2ekeuhjs2fff6hrz2j0f4x552609q5vk2ej424zkjj0fexjknej9rxmfp5cu6093yj6navpnyu7nkdk0667j3jxv8qsuc0wx56snzv7kh54zaj7sxzsz5f9l8rpnxf9yy5ejhnw9xhzvlkpr8nwre49q5nvuyw7qkj7tjgp5xs6nktksyv4uzfleljq9hxap6g3wt6236l8lcrqyc0xs2xa9j7v5mvvnplllcep0vtd0cnd8ja5ccev3sm3ld2uklx877kxzykeynexn4mwet830pc602dllln0evjzc3jn33xt8yk2et9m8yktpd9a9z32x0fg4j6jf0fm8nxtkwezk2kd3v45eyhn7v4yc5jvktefxzjjpg4h8r9tfgrr537fwyegzxfqcmyqv5tgvck2slh9rd6a26yvglre6e4unmrakh5r6lmh4jmjclmlqanxykval8ra7ll8ajfag9f8zhcjuex3qhxjykgsrjmxl6amelw4zc7ehet20m7deh9p40d2dnhvm2mhdug9nteaw2ukve0thhuv54f3h8t0g55tk3l8tdr7wksfhpn8t0n4j8xtvskth736khj44a0v2gqu5dlhlsvg7d820u3vh6m5s4hum37z32xedlfncat38zrwj8azps9gmnj63l895rlm0p9h5amlpx8qrqu4x5ct7qfepauups8f9q4lu5zkw9c2z50lprrahlcyetamtt3hknx3t0s6h74cnh8390ntn36l0fv7w7gck4jye0z377lkywwcvkseq0hc98hlnl8kmmr0stdmvl9l64tpua57lmpy27nmxteut0vhquw070a879f08urqw50zx6gc0lndps4vl3cgxqgdwpwgxwsgrh8ype78827cganh7vjey0d0qa70h8vyw798kvlj5hr097mr0d9ew0jq5krkvssqzzxep9fsvj6h5ffzd08cztng8s4rlhmu28dw86m7d0mkdwhtek0h5mttu78vmv24l2jshm6l5uuwllllazgem7rjgpkrffqsaxtfzls7m000llg3la3h98wk44ulklyzc6rnut3ez796d0ty5m9m0wm0cswhcd4crv4warrd6lp8yskvtjxqk63yau2yulryxq70rtheck9zcuuw40a467rjgfv7su83ly8mx33vhvev5cjr88mlzt84ueqj7y3atehqxsqu542rkskd6n3g,OFFER-5c1cd657,2457,https://bafybeigjkkonjzwwpopo4wn4gwrrvb7z3nwr2edj2554vx3avc5ietfjwq.ipfs.w3s.link/2457.png,59e5ef42a3f12d59e46d8fd2a25f961e8948d1384d01399e54e3d12f91cf7bf3,Soyjak #2457,name
XCH,offer1qqr83wcuu2rykcmqvps9vwmst8eyuc7mndw6y36wjnu66n0aklt8kct9396lm0cdytrzrq4lnav86u9jhww9f5qjhqlhlsjkd6wsaj0rtdpp96stgjzh0n6stfewftcjqvpsxs794t48murkafcflccxrw72rjfn7fyllpunt5flfwcrjujl8md4n4lkp95z2nr2jl3wrk63y8c44ypah87mm6hnga8gk9d60vznarlntvzkkzqllr0l9uspf28ltv4qf876xh707mll07qkvktzlxl4hugtnahnjttnefnm9p3880h7tj3e2524w7e2t6awaua0d8u0lhly0u9u8rrfyzmnnlzl6z2kp7lfwwsfu60sec7920e4kkgtpqelfmve6625helwaeuxys7hu0nsdqc5wtnd0pu0ej5vm4y6efj8raa3sle4nqwedj3uj90lp7vwkvzs9zl6lxan65lkkzzdcn8tml84sank24hdxmwrl8xw2pc4wkltx83aj420jrq5avxqcrygpq0e6hcen40crxf382lnyd882usxj76pl5428c8awuhnawrhn2fkm5uaynma637wyl6y0xxy3fda6nn7kxjkdlhlqhm4vtj6l4ju9aluf9pdkyejnczpan2mhnehq3p3kaa4rjhvuqa6wmvw94u0lg25eyejpc2qm2mhege4s7tdwkwez4tem6j7kljwyv4ly4nslk4ws3dg2hrc3n8w4rxwa2xva65sx64sxnhspvt03ns09les7ktzuastpmahdup4xh3m40j25ewfym4hux8ccuey70syevt6tlc0dn9zs2ff9zmd94609e9zcjf46t966txge39jcjw5f08vjt6d688jcjpt6e855n9tf39v6nxw9l9z5d33e5cvh26gf5cnzjew9ykvstx0xs4jjne3f556cjpk948j7nk095cvkt3jexk2s240eqk57j4wkjre3e57tzf948jcrxffl8v6vl44l9tyvcwppes7uff9rxvcaf0e29n9ayv4q9qjt7wxrxyn2vff3988uwdwyehvzx0x78n22pfxecquu9d4uhysrgdp48ykdygefcvnlnl5qtxv6853qul44r4wdlc8qfswdquv6t9uef7cezr0llenzckfr5ryz4cra0n62awhapz87s0a26m7077kavhlph974043d7q7v0urllleku5f37g7egk5enjzygun7sx2xu3r7wffe0pvjw3xful5wjelfs3vjvxt8242st6v4ry26j6d94z5kwf24s5jyjeacc4rktxd9qvvz9edmrp8gmyrtvspzndpjzcz4leag3k8e7artne9mecylpn6lwm69ncfmu2n88929fdsu0lnpe6lmlclxf8aq4yu6lzpxqdzfwdqgvnql8k9l9ahnla2y3an0nkcl8umrd28t775n9wah43wnes88hn6uhevcj7hhwc4g64r7wkjsewhap7wh6ru9vql0rxwku8t972kfrvhwa844090t2cc53pafme08pcaa625hmzaw9hf320ekrc9zhdkmw48pchwwyxavw6yrqw3089az7wtgylk7j00ech7zv2qkzezdeshyrnjztecrqwkt3fleg9quts5agl7zk8mhlsdx8wnkgln2usjexfcaz4a0hr8pgz2w5w4kj70cfe4lesujkwtwmrf8nvxtgy38luz3mhelhmaa3hc9jax0jla24s7w600a5j4df4n9u74hkr3w88087mlzshn7pc82r3n0yyxlaksc27wccynzyxkqnyn8gyptjm4dsd84tdk0297mu02mwwu0h0lc8wzherg07zth70xgk5snd4z2msdew8qcpqqyydkr6nqe948fj5yza0uyh8q8ju44fxj6hl80q4acq6fl0f98v0aex3msl6e0jl8kt5rlleapdlxllz0cnurutpezptq5ukgm2mevkew89k3y7m8le4v9smles8lsfn8m3lfklrkk5t60hr3lv86zm75x6w498d3d80ytag0wu78u0h9mnqkl2d3gjc0ex2p40eu746x780qclwwuufq90mt944s62t36ak7ut9mt7lwtn8hmajmk6mk8ll0q7dmucdsqxc6narq0cexqq,OFFER-9993d68c,3160,https://bafybeigjkkonjzwwpopo4wn4gwrrvb7z3nwr2edj2554vx3avc5ietfjwq.ipfs.w3s.link/3160.png,dea9a2abf490f76f9212b76068e451c56ea3b9c358730b4772649b53dccb3cc6,Baddie #3160,name
XCH,offer1qqr83wcuu2rykcmqvpsdd80u6z5lxkwwxwxn3fd8j0am0907zj48uw39lkdantemzmt6ufx0he4ltswfaee9ys2turl0cz2mh96n5fy0duy5n2p0zq2au02rd8yer062psxqcrq44w400swm48phmrsmdncgvfk0eqnl686wwexapmcwtjtved7hwmlgzkg22gv6074ewn2y5lz55s8xclmw0wla959pcahfmsjw58la0sz6cyr0udl7h7q9pg87d753qlr26lc0l0laluz7n9arzwll7y9jvzdpnmlclr0mgla8nlx0m7mr68ye8svjkukslwjvt8t0plale8l3dpse6dqxuulch7swps879hdx0luys4k8ul8em58erfgk8umdeh4et0k2x8ql67mwwxwhynq2z9vm2nhwcu8l03h5la7wuq8cdemx78xv5kynd94f2dyd2u77a5rv2kq58uuk77h70h7dvlhr4vtk48h64xn0wlx7v3v5t4d2vlfjln4jgnma2eg2cvesxqszylr50ejhgls9vmrw3lx26zw9lqdya5zlt2uvstmal00cur0xjn4kf4me9hrhruuel5qlvyfzkmn480uut956l8l3wl8ezzjm3vpee4200ma0jtxsln2m08hy3na2l2v6wy4hwpflr8dtq9kshhnl9p2lyrzg8zg0vtwldrx6ret42emv24d8httjmwdce3hunkvrkc46z43pzu028ve65wen4gan82jvm65qz07gypd770puhlzrjmvrjx8vl0kahsy56l8z4wt2txevnwslqmltrnynplqly30flupekvj2fg9g4t057kfckyjt22xlgu3tpve0xyjtzt6eyuljfdflgvct6290tycj6v4fx53n6we49zuj7f9ym26vztejhjen3w9s4n2tptxe9jstf494y25tekfax27tjf9ce5u2pt949n2vpd998nx2xv4w6gdxhynedfykyatgder85lndn7jhykv3jpuyhxrms4z5y6n054a9g4vh5ps5shzpweccumjfgppxuhum3f4cr9acfeumsudfg9qm8prl39shz7jgdpsx5aj45pr9lqj070cspdehgwkyts764whel7qspx8eyz3lgvhn9ymt9c0ll7xq2sg04ehfrt86lpkm88kedhdh4n402apl0znjnn5ehatgu9nywgd4d5h0llehu5fp7g7egk5en2ffym56d3s999ujvf5enxn8je0er9v7vejxq4ryvxt9exyknf0x3xv4tjw988ujdfkxuk54nptfdyn9234fqvvj8e96r98ceyrtvspj3dpnzc6rlh9ah4mu7g7pddtcl7llthld5l29gd2qm3ufyhdckam0z3nf50hnutlllyres2nw90pxuepjpw4yfysq89k0le6hn7af9aarfj7hlmutnw2p2km5l8wek4k7mcsfxmn664ewe778f0gmfwjnvwkl3ff8drwwk78vadcjwr87sl8tyzdklpv504r400a2tjlc5sf6gn7laqsnu7w5ae2m03kerthch8u4q593mkn8h6hqwg8dz02xrv2p38dhrjwmw8857wt0fmhuzg0qxpptdd38uqtjrmeg9q7329t0egavursy9g07zw8ttlct9glmk3sfs379h006uwx5jyvt24hmadnec6l7h8tlhjta8t2exvv0v0qzhvxrfus8rlznm0llmmd338697aktn0e2as7wm0dacn98fa49vu9nktkw09l0lrlzuhn7qqr2lsrd9u9l34sutkfcyyrv9x3q0yrrfyxty4sl44wa9d59aw4264e306udlv7rm0kcmpd9e7l36uatpynd77eghv8vepqqqy9jzxnqa94vg6n5c783yhxq24sjka05lzetx2t7jhl30zth554f96m6hk0nuvdu4tsalnuymuhe8dweqyjz0ydev8qg9vznnf84e6kwjeee0l5raykldk70lwhy66xrjh6rjdx0emfd96alwhcvaj4fnux3atmclhhf5ue90m9ulrj4l537vmxa0wwdej9y5z62rkt8eawck9vmm266at2z9pk60un48m38wqjtm8pphnjv8sj06k6ceg4h8nznu7laquqwvh4ycg5yzmtl,OFFER-93042fd1,0962,https://bafybeigjkkonjzwwpopo4wn4gwrrvb7z3nwr2edj2554vx3avc5ietfjwq.ipfs.w3s.link/0962.png,f4f05a21a18366352dfdfa74b3e137850cdc1b9a7af96e245ea1b273dcd55086,Wojak #0962,name
XCH,offer1qqr83wcuu2rykcmqvps9avfklknteeyr04dnn0574u4vh7kwwa60m7uevgmjwnm6hnc4wjpr07ea2pe8h095jpfds8alxfmvuhtwnypuhcjjfgd7gp283acv55j50l32xycrqvz54j4dupm05u80wwtwkrq3hx3uyw0lglecmy65r0emwpvn9h67m0uswe3ffpjee6h86fgjhu23jyatpldeah755su8r6ah2z3mshl97qmtq5dl3hlclupy9q06h7j59u9fthpllllklut6crx0lclw8fxy6w0465de8x8c2aum4ufqjjy382ed77xlc5n8rqvamudlalehl80uyvrrrtyx6rhlzuwxnyjnjvfdwht4sg75p6l8hh7fh40e3m6sm3hzzmhklj0dd6h7r8ggpcklmz7a8f57mn0kdh66clczta0qmu9lrse4ma4zn0w5frkjhq73vhtkhdpxmk9xa5yrxvye78qx05gjmwy0wp0zpl68cv4dykkad83mjz0mvrq5avxqcrygpq0e6hcen40crxf382lnyd882usxj76pl5428c8awuhnawrhn2fkm5uaynma637wyl6y0xxy3fda6nn7kxjkdlhlq54957gllrm0vfzthvnpkxtkseyxeand0l70pazxrkm37emkfnutc4rrc8aslf22ncqsjp7jhmj3htfekj7vaj4whr49faa6y5te07fd89aaqa396s4wfsnrw3txwazkva69dpa5tywhpqjlkrq8wlncn9lusy3mq7phm0marwv09kjey4tj6jekt8mu8spljeulyg2chc506lmq2dryjj2pkx2mulnj293yn253tehx2stxte3yngj7wf88u6v20enyzk430efxykn92f4xvkj6vehgdz2fveex2ctzg489u7nfgx08jkt624ckj55fwxh9z729f9uky5n7h9cmrvve49549vtegke9jcdw8hzrfa7yjt2093x2jr7we4put0l65fpnuwqrpacsj79v43z5l74tg2zte7q29y8cugxv88yujtq2g0ql6u2rwcu07p70x5yrjf3q8ecgmlew9qk56rgwpdzv3wsqe8lylurkycvwf6re326825ml70csqqe37ey5tenra32xxm70l8a35rny3cz9m65hl9wkwr8awh4u786n80g4qaltghzul2zr8xpmh9g0hr87lll5mwwycay8v5t2v6ryjcnxtxhxje5xt9r8a2232fg4z32fvf25uu4pd9c6ju2jgea9y3d3fxtgj7dzd9e9ven63ey4yknx09nwzsxxpzuka3sny0jp4kgqptkccptlnz6vut0cv77h9sf37vv5vxuaxuknk4xv7m54rev8zf8u06g8569tnl8lp7vjw6p2ee479zgy6yj56qsekp70dt7tmd8hm5drtxl0d370e5x64wnaatx2umttza8mqwt0h4e8ne49a0w4s24468u4d99jdd6tuat5h62cq76xuads0ktu9wjwcwa6lf27t7j4pnfzr6hhz7wr3mm59t07y6utwnzulnv8s29w6dka2vrewuugacca4gxqaz7wt69uuksfldaywlne0uqcypv9jylnpwg08yqhrjxgavhzrajs2pchpt6e7u9vl40apkmyk85vd47vq5a8x3pxxqlnrj96cfdjyuhhcz303teu4ms76jakrupmkrp57gr3l3fahllaakccnazlwm9ehu4wc08dhk7ufjn576jkwzem9m88jlhl3l3wtelqqp40cpkj7zlc6cw9myuzzpkzngs8jp35jpd3669tn3ntvuhpywvhw6d8h9ntsl0aa778gyuhtn8394j4mvh0z3uzgm9vqhnyyqqq3kgg2vr5k44r2vnte7qju6p83tlctm2negwtmlvwv2ka2mwapam667z20rewmrzd74x6hva5j7v7uelj93hhv8ycrvzjjppevu9fw4jh75ls07ej2wlh9fdu2h6ms4tkk876l80l4v4tvlsuk8g7yaxxhxswley0kulxu2lmlv3hlz8tmeteu26la6ft6v6wtxg87l9a0fxwvshaqcmyx2a4pjmmurl0trv4m4un80ex0k79226nt4a6at4ddthe7gsqvv6fdnsctxlhw,OFFER-decdd45d,3161,https://bafybeigjkkonjzwwpopo4wn4gwrrvb7z3nwr2edj2554vx3avc5ietfjwq.ipfs.w3s.link/3161.png,242a6ef00ebd8c631b45633231895418b34d87e3e1cbb12c46f8ccb890f3a528,Baddie #3161,name
XCH,offer1qqr83wcuu2rykcmqvpsdd923lvdmvdhlt0560x2vahdr7f6t4l7ljte9lze7cfm9nyz6nremdjkruwxet48z56qfmj0n7cftka8g0e8395ssnag95tptkeeg95uly4ufsxqcrgtz2h6nu7pmwkuv7uvrph0dpeqelxj0ls7f4cyl4hvpewf0nak6eclnqj6p9t34g0uh3edgnru26jq7mnmdaat35wh5mzk48kpf7nl35kptmrq0l3hlzugq448l952cynldrtl0ldllh7s9m64hhmprelmtpwn63l7lhfehnm0fs7z4v66l3ddrat5muz7hth0zkzr0ll6dl6mnpnycqeefhsllq5d8hrdxm77vg0t3e0ssmg58850e269h9hlwj09n98nd42mfs8m672k0qxrad039pamj2apn4av0cdxz285lyngdma6tamw7gcn52sk25wltmu7a87zl0dxwl6g2tna0ejekrecfmdwad06hxnf8mu56khepkl37f9vzenvaq7982psxqezgfr7w47xvat7qesvf6hcentejhy95hks8a9237rltk9clmsaumjdka98f97lwy0n3873rf33vtttwy7las53nllls9dc246ta0a5udeaelf7jwdvj8rr3eg2f0dnlvcpguk3mfw6nlttp2900pljr4xfxwsxzsx6xl72xdv8zmtankg46uwk4h4hvn3t90e9uu845t5ym2z4e7qvfm4genh23n8w4y9k4vpuuuqtjeuyara0wv8ajcn8vzcxldl0sdf4uwetvj4wtjfxadlfs7z8kt8nupztz7jhlrlvfg52j2fgxefd0nawfgkyjd2jfwk6ejzvewkyj4zteey6ln23f7kvs26kfl9yc26vefx5evetf2625jxdfuh55jdhe5m25t6t9ey2n2jvkymyutk0flxyk2kgeny53da3fcmvujew9ycz6d3kf496mjp5s7vwd8kcjfdfukyezg0emxh8ad0e2e8xrsgxv8hz2tg3jx82m723detfr8gpgyjlr3sesy7njgvpfelrnt3wdmq3neheu6js2fkxq88pt009cyq6ngdpc9hfjy2xrylullq2cnz3axg0xafgatn0lpuzvpnq8rxje0x20kxgsmlllvukxsa0nnjuhdxvz2ae57em93rr6nft44d8e0usane247a0amceg0702atll7dl9zg0j8k294xvcnxte3ynxde29f8junfv9qknwnxvfexzej6tx0xzhn22fy4zcnkv9umjkd6wx54ykvf4ej4us222es5nftzgrry37fwsef7xfq6myqv5tgvckwpj930nkxyf4t7phjdq5ggx733tjzh2qfdl8hmew7cakj5sljly3e78lrueyl5z5nntufdc0gjtngztycredn0ewdull23v0vmua58elxum636hk4yemhd4dt57vre4u7h9wtxvh4emk82w5gmn4k5w24mgln4k3l9tq9msen4h36e8n4kgt9mlgaftet66hx9yg02xltacw90xn497ghted6g2n7dclpg4tdkm5fuw4en3phtrk3qcz50eedglnj6phah5jm6w4lsnrspsx2nwv9aqvus67wqcr4j52072p28zu9r28ls437elcrnhrcunzlkgzvf06h45966l9ux907km0kp8msx2yx34t830tykk89wp96ps6lxpclc57mal77mvve738hdkutu2hd8hkme0xyef6l0ft8pgazlnne0llglclyumsqq6huqmflr0udv8zdjwpqqmpfkgrcqc6ep6764h674qlpm926kw9el62wd3k0fq4rzv0k0lgdc8xzkpttxsnuwctjcw3jzqqggmv94xpjt2739qf97lgfw0q8faal5d9ey6h88m9h3x0n7ukhacv7fun7awl07x2rplpumtvld02nlvl3rch6krjyzkpfeys45w89qhxlczsdg566wlsk8nh3sll02xxed3q4l7hm0wzld58qawmua0nqh9763slt7g7fnl7lu24vjkuuqedehgahga83hn269pa8t8kkwdx770scmadcdsddw0x6rqtuk303t89xu4n7hpj28h02cf8k7xy7x6hlqqqq6ds305sazhhzw,OFFER-13d23b59,3774,https://bafybeigjkkonjzwwpopo4wn4gwrrvb7z3nwr2edj2554vx3avc5ietfjwq.ipfs.w3s.link/3774.png,46780ae9d6bccb86ef6e248cd328560194944486fe3610412ab9752bf2ac0423,Alien Soyjak #3774,name
XCH,offer1qqr83wcuu2rykcmqvpswv6xwhj2vpmxd5t4t5uxne47zt07k3qdwt4e0ggmf3hemk0axtgwyyx4s7nnkj7fs5ksz7ln5lkx24hfjz7tufdyyylvp4rcwux22fw80c4tzvpsxp2zc2k7slhjwrhh88hrqsvmng72x8m5l7u9jdwp8ualqkfjta0dk7v8uc55segudtna95dtw9gezw4s0ku7mlw2cvr3awm43gas2lklsd4s2xmctlu0lqkzq9atlfwz7q5amsmlllm0l9av8n6am4tpruaarhekhlvu7kqhhxexeamxel68u6wa555hzclem04ulxn707mljh7zkr335jrd3el30ur7n0m2a5n69zfhn5w4ct0jkrae6cd8480npjh73wtf7qgdlj83hj2tsdq6lwl77elxxzv746dvlmmzune7lh9m08kml96dmp970txc073580l8qwpn83095vettj6ajryrl04wzslye5vtpmwnellll09enhjl4a9l4luuzv2wcrqgpz8s68uet50ejkvpngmn40phxls9zgmf04p0k299ullhv2plhfeemymd6j0jta77glxz0uzyntpc6hk7f97mdfn8lhaqfalw5w7xldhjtyx88hrlhag77yyjt8wtzwavr9vuxamh5ukn0a7uw9au0lg25eyejpc2qm2mhege4s7tdwkwez4tem6j7kljwyv4ly4nslk4ws3dg2hrc3n8w4rxwa2xva65sx64sxnhspvt03ns09les7ktzuastpmahdup4xh3m40j25ewfym4hux8ccuey70syevt6tlc0dn9zs2ff9zmd94609e9zcjf46t966txge39jcjw5f08vjt6d688jcjpt6e855nxt9e9v6npjfd856tj09j5ucjk0f08r2tff9r85727d9ckr9nffxf8zej2v9nyu3nwv90yj6jfvxm8y6jdt9rxnqdftkkre3e57tzf948jcrxffl8v6vl44l9tyvcwppes7uff9rxvcaf0e29n9ayv4q9qjt7wxrxyn2vff3988uwdwyehvzx0x78n22pfxecquu9d4uhysrgdp48ykdygefcvnlnl5qtxv6853qul44r4wdlc8qfswdquv6t9uef7cezr0llenzmvpnv3xlpe34wuu80a66vrrsha7405ryexwjjwjvcly9d7e5ghlel06lal4xtnfxxfxy55kt70ftx2an2weh865tpv4qhz62zwf4xz7d9n9d9vet9t95knfnfj9u6yjv2tfy5j4txf9f8jcn2wfswwsx9pgaxcfcsyrj33kspprkc6peh4r25a5h2ffk70vgf4r4xyna7w39rq2jmjh778sglerjdtfyeg8w93jflg9f8xhcngstgjtngzryc8ea30e0dull23y0vmuak8elxcm236lh4yethdavt57vpeau7h97txyh4amk92x4gln455xt4lg0n47slptq8mcen4hp6e0j4jgm9mhfadtet66kx9yg02w7tecw80wj497cht3d6v2n7ds7pg4mdkm4fcw9mn3phtrk3qcr5tee0ghnj6p8ah5nm7w9lsnzs9skgnwv9equusj7wqcr4ju2072pg8zu9828ls437alvppxxl2c77e7k3vlxv2l6jk5ma6874uj077lqyu0c07vpa4uqwt3wkvqt5rp47vr3l3fahmlaakcenaz0wmdchc4w600dhj7vfjn477jkwz369l88jll73l37fehqqp40cpkn7xlc6cwymyuzqpkznvs8sp34jya026v9ura8zm4dj526kk90fpt0suscv6z42ehx9jlhc7d6mwzrjenhv8vepqqqy9jzxnqa94vg6n5c783yhxq20rer99mkmgn56wl2dykt0fkgm497tgzdtanlljwtz7vj039h4vtzl7zwcnur7tpczptq5u6fqafym5caywlethrxe6lkzlqadal894ekkjlc5rxdak97x7m7eqhcekjcnxc4ytu9w06yxfany7t9n7k7p9zauzk60rkwlhd86nh9mt58kk7wyc8j6h03qxujhrnl7ee0sv5fu30hue9nkw02v3ru5hlkjca6adexrgqjmgguagst0tnz,OFFER-266292b4,2186,https://bafybeigjkkonjzwwpopo4wn4gwrrvb7z3nwr2edj2554vx3avc5ietfjwq.ipfs.w3s.link/2186.png,1f07caf728878dd25441bdc78d2ee20a1666c66e1ad80a535e9d97a7354fbec7,Soyjak #2186,name
XCH,offer1qqr83wcuu2rykcmqvps2a2aa8m77gsnf27ndt4h00gjzut5c697upejnv8rmmgexhy8kvv6djx6l4crywuu6ngp9wpllap9dmsapmyk8k7zzf4qh3q9wl84pknjvshe9qcrqdp522h2lhc8d6nsna3cdxeuy8ym8ujflure8hvnwsac89e97dkmt80luqtq94xx98l2u8f4z20322grmv0ahh40kn6xsvwm5ucd86rlkkc9dvqpl7xlltaqzs58lka2qs044d0u0lhl7l7p904m2fcl6evu6jfmmksh6g37lzswfx2rt63lh86u7lk4p4hm23lc24qpklu4ls4suvdysmvw0utusncvp9mwg74utn65dkh8he0ua8gmrlk0jja0lpxkh30h6u0kndh5wkzcw9kwkxvavtxmdu6m9nwclmyw4ntp3l4u78kkhanky89lw2ymn0l5skw5edn9hhrsateczjwrz7urrh67npau8aza5ucd66dtthngdk7ar7hjdy2js4senqvpqyf78gln9w3lq2ekxar7v45yut7q6fmg97k4ceqhhm77l3cx7d98tvnthjtw8w8eenlgp7cgj9dh82wlecktf470lza7qmxpvht5u853nna0fu7nzw8je4aktw44ux7vwdahkecuu70mdf0xelvtmel6s4tjpnyrsyrk4h0k3nfpuh6avaj92knn44adhyuvem7ftxpmd2ap26s3w83rxwa2xva65vem4fzda2qf8lqzskl88s7tlnpevk9enpk8hmwmcz2d0n42h94djvjfh20cvl33ejfclstjch5hlqumxt9y5zs29h60tyutjt94yrt5724skvnnzt93yagj70eyh5m5xw94yzh4jwfdx25n22e3x2kjevxg457d2wf88n2vp0955v3nfv424nft2df3yn8jk2etxysnek4d926vfwx5euujww4seva2ej9ryzndyxnrnfukyjt204sxvnn6wekeltt62xgesuzrnpac6n2zvfn667j5tkt6qc2q23yhuuvxvey5sjnx27dc56ufn7cyv7dc0x55zjdns3mcz6tewfqxs6r2wew6q3jhsf8l87gqkum58fz9e0f28tullqvqnpu6pgm5ktejnd3jv8lllry93aelsq5v4dz84el676e2llpeylvvrjmna67fl56wthcpm65ea87dhmtll7ndecnr5saj3dfn849t3j9umykdxh9vhvk4p39ghze4zn9yk4x23de89y742t9u45etf24h8vkt6geg5u64kd9ffjkt9294ydcjqccytjmkxzv37gxkeqq9wmrq9xlhaf6ftlu95c08te8cf6v7kxrgaqdhf68x2g4wfgafu980rjd2zelhlslxpxdq4uu6hz0gr6yj56qsekp70dt7tmd8hm5drtxl0d370e5x64wnaatx2umttza8mqwt0h4e8ne49a0w4s24468u4d99jdd6tuat5h62cq76xuads0ktu9wjwcwa6lf27t7j4pnfzr6hhz7wr3mm59t07y6utwnzulnv8s29w6dka2vrewuugacca4gxqaz7wt69uuksfldaywlne0uqcypv9jylnpwg08yqhrjxgavhzrajs2pchpt6e7u9vl406ptx3hm5qsjl0k0m3kdm0l4sdnwraf0gf467ltlty3mxk2tafm70z955p5gpr0lc9rh8nl0hmmr03t96vl9hm40pva577md96cnr8taatdv8ru2ww0all9p08ursw5rrx7gqdlld3s45u35fkyg9vpxfxwsqrh9dlvatd8veukw0ueduhzfkh3m325rhn093wa6am8fh6j0u3hdtnpmc29sanyyqqs3kgf2vryk4az2gnte7qjucpel200vuh8jvzqcaaw6z3dmm9h4rs056a2v8vaklccnjyrj0wty6laehl3yvdlpe9qlpy5sgwnxh23wuq2hn8h52k0e0488hn6xek0e08ptlmd0s6756xzhkh56rgh5ajr0kcf5s7xztjdlhn3wyk34zvv28dsda8ka8ytn0evff64687euegcyk43ajklfp4cahru6t9np5th2fqal0ewquwnev40as7hqac7cw82gqr0m4ywq27ehaw,OFFER-01928c6a,2790,https://bafybeigjkkonjzwwpopo4wn4gwrrvb7z3nwr2edj2554vx3avc5ietfjwq.ipfs.w3s.link/2790.png,f5509315b2f0a5ccf2e9cae438d4d62be9aead570cc7b78186099cedca9e9bbf,Waifu #2790,name
XCH,offer1qqr83wcuu2rykcmqvpstvvde9mrp790nj95lnra9fyjhjl65e3lpah6eme7rn8xmar3a8qea87kruwxet48z56qfmj0n7cftka8g0e8395ssnag95tptkeeg95uly4ufsxqcrgtz2h6nu7pmwkuv7uvrph0dpeqelxj0ls7f4cyl4hvpewf0nak6eclnqj6p9t34g0uh3edgnru26jq7mnmdaat35wh5mzk48kpf7nl35kptmrq0l3hlzugq448l952cynldrtl0ldllhaq8d4spjmujux5nlea44p5g0aj0vcala8h7j0mmuy9jxzu9gkuk5n3q47d0cmmpnqcsmepksllshjs5lmvjknka64ht2cwz3gdtltxcd6lfq0a889nanzly23jh6whw4uyqatwlh7f7tylxlfzgdtp7jefx4w23l4w5skwm9n0jtl5l8mjudvs7fzvm8u3kvlxnveklajlh505xqajx99xe7wht3m56l3625utlt2hlvvutfeg2cvesxqszylr50ejhgls9vmrw3lx26zw9lqdya5zlt2uvstmal00cur0xjn4kf4me9hrhruuel5qlvyfzkmn480uut956l8l3wl8e58gwsdvhw936h5ranv542xu4n5x8mard765hulh4x8hhfdn4wtec9aclf22ncqcjp6j8mjehtfeks7vaj4whr4dfae65kt3w7ddh9a4qa492s4wgshr73txwazkva69vpe5mxwhqqjlkpq00lncr9lusy4mquphm0manvv89kke54tj6jekt9m58s9ljeulygwc8c506llq2dryjj2pxy2malhj293yj2s3mmhx2stxte3yjgj77f88u6g20mnyzk330mfxykn92f4xv5jkt9dxzej929nzz6wwweg3uk07d9vjzj0zdfykzpnflgu4rxnenev7z32p0fn8vst60e5427t2xe5uve3z8hzrfa6yjt2093x2jr7we49umdlj4f9nvvqtpacsju9v43x5lu4tf2xtfuq29y8cu2xvx8yujtq2f0yl2u2twcc0wr70x5yrzt3gxecgmaew9qk56rgwpdxv3vsge8myl7r7ycgwf6r3327865mh70usqqe37eq5tmnru32xke78l8a35rah94ax9dacznxj0unz5388h7cea28ud89p0lllmgmhp8c6wmrvkwrg0ll6dh8zvwjrk294xv3n939chzcj6dev5u524fxexj4n7h65cj629j454v5v3f9myjnj2vkdtz726f9r85ln6w9chj6nf29m84vkfgrrq3wtwccfj8eq6myqq4mvvq5l7v0tpm26t5t6ddl5mna7kx40sm769fha4nmulx608jmx2rgh4wdl3llljrucyfhzhjnguddq8gjvngqrze8laa0e0v56l735fdtla79eh8qa2d60n4vmtm0dv2ymveed67hy7085h5dukffkhf0s45hkp48t0rkwk7f0qnmgln4jpxm0s520m36h8u4de0c2cxayglt7s2f7w8wwu4dlcmg39mutn7ws6qc4mfhmafs09rj38hrpk9qcr5mee8fhnn6889h5am7f98srqs4kkcn7q9epuuszs0gar4nuywkwpcxz59lf8r34l79aujac0ehcsw40usv6pmshkerkjfm2saek7l7d84xlhssk0nsmz5yvs7asedrjq70520dl0l0dhxylghmkewfl4tkremfahhzv4a8kyhnckwewfeululc0utj70cyqaf7qd5nsh7x7r32ehzssvss65rusvdqst0ht38hde9ckvsmgg04ecrg89lu4lmmhj2lam3fnlxx03j5u7m5sdhasdnyvpqqsxgg6vr5k9nr2wn8cwyjucpw8wjendea0z3d8s4h9ha3dl9vlxt26u6d2ecw0t9re79yhthnwd0em7ld8uf7p79su3q4s2wfytwma4aj944rufw5y4rl9f4ll7km9udne0edkq30j2656h8mf880tvj0ljpppm8x380t6zp806dj62ce7ucnwlnwmlxmcg0wclyc4fknrgh8dlhaz4fzwv6za3a4ryezjleevfa0x205j06udxghuec7gn0saw294rxqyj3zgzyhfythn,OFFER-8945d901,2220,https://bafybeigjkkonjzwwpopo4wn4gwrrvb7z3nwr2edj2554vx3avc5ietfjwq.ipfs.w3s.link/2220.png,f4f820814a9d01b18512df3c947ab12342314c2f3cbe25f3eaf16ecb6b3b6383,Soyjak #2220,name
XCH,offer1qqr83wcuu2rykcmqvps8datahdf6g5w5v7lya0h0755n03d7lzn0jnvc805atprhxv6hx05ukjm04crywuu6ngp9wpllap9dmsapmyk8k7zzf4qh3q9wl84pknjvshe9qcrqdp522h2lhc8d6nsna3cdxeuy8ym8ujflure8hvnwsac89e97dkmt80luqtq94xx98l2u8f4z20322grmv0ahh40kn6xsvwm5ucd86rlkkc9dvqpl7xlltaqzs58lka2qs044d0u0lhl7l7p0uu7ahkle7vzmzm0tnt3y5ae88nellawx0ennkwtq0l2n8xvhl2eu48sl7lunlukscvaxs8wwdurlc968u3kels7uum9ph2lctast5ar9gn9e6a7axw7dn63ku6h4w8rrka7p586jrnxpkr448ncnsl24uklvmkt4hdecd64usmxaxs3a8g4kxhfk97u3jsjlxa9dtf8wl0ph4uj0kjkvj7hcz7wz30nple4du04wwlrakn0xv9fg6cv3sxqszylr40ej82lsyvmrw3lx26xw4aqd9a5zlf25ds0maa08cu80xsnahf3mf8hthruufl5g7vyfzkmm480uvf9uml8lpv30m96wtq7r8dmpac77j9683lrzecmlnk4f94t8k0gu7sttdaamfulzqhhnl9p20yrzg8zglwtxld8x6rer52amu2498h0tjew9ee4hunkyrku42z4eqzu069vem52enhg4j8wjve6uqzt7cypdl70pvhlzzjlvrsx0dl0kd4sv56m8j4wt2txevnws7qlltrnvnpmqlx30flupf5vj2fg9c4t047kfgkyjt22x02ue2pve0xyjtzt6eyulnfffl2vs26w9lfycj6v4fx5ejjdeymj6dkffv6ue23txv5jujf5efyu7nw0fg626jete4xvankt90yvhj3hf5ejuj349d8yunxvec4r2dkde7cgd8hqnfdfvkyetg0etx5lndn76hykv3spu9hzrts4z5y6nlk4a9g3v85pc5shz3vescumjfgpf8unut3faerpacteu6scdf29qm8pr0n9ckz6jgdpc85ej9kprylyjlu0c3pfe8gwk9ts72hwlel6qqrx8eyz302vlj9qmm8c07l7xsg4jhqkwm4uksuh86yn0a6jf4ffll277d3h9hvhpfgj903mw2ygltxd8lmlklj398ert9z6jxvfm8v52kdxq4z6tww9e8y3nwv9qhjmn92fq4nf2wffd9z7jew9ucj5nfseh9z5je4f48rfn349g657t7df4ypejgmy82vu7rqsa0jqx2p5xwt8q7jvhes4tv7pyh6epk8vv8l93eyntuxdlrf04u9avdxukt63maxwwfllljpuc9fhzhsntutssthfzfyqpednllw4ulh2pw0v6u44hllxumjs24ka8emkd4dnk7yzfhu7k9wtkwh46m6x625smn4h522dmgmn4k3l8tvymsem5he6epndhgt9tagatta26uh79yqw6ylnlcxylxn487gkmadjg2l7dclpg4rvxa5eaw4crnplgr63s6z5veedcanjmpma8jjm6walqnrcps22n2vdlqqus77wpc85zs2l729t8qu9p2rlsn376luz7e7tz7f85tl52n0wna6a6c55dle7k606v7wmhd6uuenk4a3c9g34jqhkr95xgra7pfaluleak7cmuzmwm8e0742c08d8h7cfzh57ej70zmm9c8rnlnlfl32telqcr4rc3kjxrlumgv9t8uwzpszrtstjpn5zqaepphccuh8dc2pslu77hp6x705sn0clwhmf9dt2havmxl8y37mef55sd9sanyyqqs3kgf2vryk4az2gnte7qju6pkn2cxzw3047lnz3kkaehlnyn0ccyrake8vg7mpclfctujtt0up00pcplz83lhv8ygpvznjppnw2ntmfr9aldehc4mq76zdky7tjudu5rg5tseppyjm7lk6na0mzemu4jakmqmka4hfz2kml028uhamm2xn970h89fv6qtg742f9ghpdzdclrwvsst0446mwcy22znaarsw26wjztw2hyzfm0lym72yk87lkn7shaqqlvrylnplfzve,OFFER-c5f76846,3722,https://bafybeigjkkonjzwwpopo4wn4gwrrvb7z3nwr2edj2554vx3avc5ietfjwq.ipfs.w3s.link/3722.png,594fa590a3996d809dde1be8c5c55ca60feb65246a8e3cb14e402abd875b43a3,Alien Wojak #3722,name
XCH,offer1qqr83wcuu2rykcmqvpsfv705tc6ru3nlne6k850teudaukrxh95ntmkcaf5kk5njcrewrd3hs7kruwxet48z56qfmj0n7cftka8g0e8395ssnag95tptkeeg95uly4ufsxqcrgtz2h6nu7pmwkuv7uvrph0dpeqelxj0ls7f4cyl4hvpewf0nak6eclnqj6p9t34g0uh3edgnru26jq7mnmdaat35wh5mzk48kpf7nl35kptmrq0l3hlzugq448l952cynldrtl0ldllhus0r86ynm5cmxgnt0ek5xsd97a56w5sjmalt54auzrayyn0h08gk0h66nc0l07flutgvxwngph8879lypy7npty4mk2yvl292a6u29ufpww2tcuhfsvh5693xdnhh543fkhchcdp6kc6vlhrwlhju2z6mkvm0328mll0vhmlr7u9llt47lp47e95few680w3cun7mxzxmwfvlyhaa6ly8kmdu5karm02vue2wpufclt4uhqlra3jlg35pvxwcrqgpz0368uet50czkv3ngln9dp8xlsyjwmp049wxg9a7lhhuwphhfecmymacjtnme7wgl2z07zy3tde6nk729j6d0nluh5szvuja4898ka48a4nm5fhxmg5tu20ar2535m7f0dlutksm76mjvl2ch83lap2nynxg8pgrdtwl9rxkred46emy240802t6m7fc3jhujkwr7646z94p2u0zxva65vem4genh2jqm2kq6w7q93d7xwpuhlxr6evtnkpv80kahsx5678w47f2n9eynwklsclrrnyne7qn930f0lpakv52pf9y5td5khfuhy5tzfxhfvhtfverxyktzf639uajf0fhgu7tzg90ty7jjv4dxy4nwveqhnfte29e8v5vxfeycr9jf498yzmjpvft8n8nfved9rwn6f4d925jjteyhzjdf0fr8je24vxsh57t2gfj6g0x8xnevfyk57tqve98uanfn7khu4v3npcy8xrm39y5venr49l9gkvh53j5q5zf0eccvcjdf39xy5ul3e4cnxasgeumc7dfg9ym8qrns4khjujqdp5x5uje53r98pj0707spveng7jyrn7k5w4ehlqupxpe5r3nfvhn98mrygdlllxvtdcyxwhmv72l7ddnuahw0kvampmng5kuuhsaep4a9a98aynxx9mmjn2tl07m72y5lydv5t2geex2ktf59vkukj3s9ymz3t2ff99z4j40eycn2denf5cnwnp0xeyz6vw0989zan6g4e853jzwx5mn9t72xv6jc8xfrvsafnncvzr47gqegxseevkrv2uxp68hsvjwkr86ka840hdtmtuh8c6pl02654eyy65rhxu707alhmlulkf84q4yu2lz2tzazfwdqfvnq09kdl9ehnla293an0nksl8umn0282765n8wak44wnes0xhn6u4evej7h8wcaf63rwwk63e2hdr7wk68u4vqhwrxwk78ty7wkepvh0ar49090t2uc53pagma0hpc4u6w5heza09hfp20ehru9z4dkmw3836hxwyxavw6yrq23l894r7wtgxlk7jt0f6h7zvwqxqe2desh5pnjrtecrqwk23fleg9guts5dgl7zk8m8lsdpukv56j67t7ux48dqcjvr0df6mar4wlun884jeln9z5cmvval8t0s8wcvxneqw8798klllhkmrz05tamvhxlj4mpuak7mm3x2wnm22ect8vhvu7t7l7879e08uqqx4lqx6tctlrtpchvnsggxc2dzq7gxxjg9hha30x2uuudxwv7gm3uvnynf3v35ejdanmlj58al7zaf7w77y0ak4jzk23cxq2qfprfswkcxgdf6vhpgktmp96crj5zl9jwph2kjajmzse5du8q5tej04ewlh0xmmq6w90t3lpu3mpu6lazgem7rjgpkrffqs7krsghh95ukjml3nxuaxhz7535z2tf6e0mgtumh625aees62m67dk2jdjc7hx97u6hxcdumd2kacwfrxjq78t8p643tm6d2m9aeeu67w77gm7t5hg4u7lye336z9hlxru9s6fjf8hvw6e5lalkehxk2tjv4mghsky2spng2jenqx2e0t4,OFFER-cf3cd95a,2605,https://bafybeigjkkonjzwwpopo4wn4gwrrvb7z3nwr2edj2554vx3avc5ietfjwq.ipfs.w3s.link/2605.png,64519e6534cf07428be66dc89d3d21e873f959255b350dd7b8ed983fda93f2a9,Soyjak #2605,name
XCH,offer1qqr83wcuu2rykcmqvpsfuxjltw0l2n8yhwy49tvcj27wnzvgxzqk09f2w0fjtw2hk2wx3xh5mh4g8y7aukjg99kqlhu38dnjad6ys8klz2f9qheq9278hpkjjg3hl9gcrqvps2jk2hhc8d6nsla3cd7cuqx5m853flarl88vn2sd78dc9jvkltldlspmx99yxf802ulf4z2l32zgrhv0ah8k06j6zsu0m5agt82zl7hcrdvzph7xllrlqxs5plwl2gsl349wu8lhl7llpvh9c9l3puuhkm4760wpcsur3raz7w0u578yvwu9mtlzlknhtt7u9s0hphlllxludasesvgdusmg0lct3m80x5w70fly75klt7rggzk4akd4x2357a26skjunvm7m9phtl90gx0q6qftt5t020au2wveg9huxzewmvdj6knnzka26ljthgyyj7au37ldhvtceurcta20twfrgqenzw0rp4gld54q5e2m7feyv6v97d548tf06uh3cq798gpsxqezcfr7w46xuatkqe5ve6hsen0ez4yd5hjshl9zs78lmk9slm5auejdkap8e97l0y0np873zf43uftt0y6ldj5enlmlg83j48jta0jwyj6e7ahr7x7e22uxmga8e2ten2w8wcurjlrs8yl0muukqhhnl9p20yrzg8zglwtxld8x6rer52amu2498h0tjew9ee4hunkyrku42z4eqzu069vem52enhg4j8wjve6uqzt7cypdl70pvhlzzjlvrsx0dl0kd4sv56m8j4wt2txevnws7qlltrnvnpmqlx30flupf5vj2fg9c4t047kfgkyjt22x02ue2pve0xyjtzt6eyulnfffl2vs26w9lfycj6v4fx5enjt9axu4j60xc5nrjwwes523nkte38uj2ft9c5u7jet99x26vwt949vk2j0fuhr2dfffn8n9j3kxex2626v97cgd8hqnfdfvkyetg0etx5lndn76hykv3spu9hzrts4z5y6nlk4a9g3v85pc5shz3vescumjfgpf8unut3faerpacteu6scdf29qm8pr0n9ckz6jgdpc85ej9kprylyjlu0c3pfe8gwk9ts72hwlel6qqrx8eyz302vlj9qmm8c07l7xsfv7lzu4kd0w4hsfa5ulmcwz00he7sflnznlxftjngldmhf589yut7w0lll5mwwycay8v5t2veex5e2xh25hj7t3ffjh9z2fwf09yj262fh8ny23jfycv527j9c4d8j3f2fyj7n6gkfxjejps9uhzajfteewjsxxpzuka3sny0jp4kgqptkccpfwql8aa0l903s0jsgnvwxu3rqhxemtxevha6f2sjywk96mal6n9dtlflmleq7yz5m3tcfmwr5g9e539jyqukeh7hw70m4gk8kd726n7lnwdegdtm2nvamx6kam0zpv670tjh9nxt6aalr992vde6m699za50e6mgln45zdcve6muav3ejmy9jal5w44u4d0tmzjq89r0alurz8nf6nlyt97kay9dlxu0s523kt06v782ufcsm53lgsvp2xuuk50eedql7mcfda8wlcf3cqc89f4xzlszwg008qvp6fg90l9q4n3wzs4rlcgcldl7pdjzuhhc90ywte8t7yjkhsjfalmdhzx0w2avn3mky02e4ehep28cky0jcvkspr0lc9rh8nl0hmmr03t96vl9hm40pva577md96cnr8taatdv8ru2ww0all9p08ursw5rrx7gqdlld33a4a8m8uzszczvjvlqqxw2e76cmyeth3hh8qup7d9u54f96kdjqps0kdmx0xw2dthkkz6ex2avvrv4rsvq5qjzxnqadsvs6n5ewz3vhkzt4s4hc8me47ljdy2ld8ljpzwjuyv0zrum83mzv0jmxj552jmu0mc2wmdle8vf7pl9supq4s2wty706qk3mj4vwask0wnajda8hjd9dd4gfd7hv65sw8rf3h89qyjv8wsec645khvk67w6qhm6afyhk57freh9mjuwzaxw5h9j4ztxfkw930k3hnjkc50dtwmcfn6why7zk2khwch9dhq7m7le8akre887xf7t9cj8779uzqpeggnqysqz9e90,OFFER-68d8383e,2860,https://bafybeigjkkonjzwwpopo4wn4gwrrvb7z3nwr2edj2554vx3avc5ietfjwq.ipfs.w3s.link/2860.png,81aa0cd2ae1e5f7505bdb7cd598471b6b14924f49965c6b84240f044c797f3b4,Waifu #2860,name
XCH,offer1qqr83wcuu2rykcmqvpswuy086nwunmtvehje09s6jj76ha90srrtvk4r2dsa8w0waeu0q0wqcn4g8y7aukjg99kqlhu38dnjad6ys8klz2f9qheq9278hpkjjg3hl9gcrqvps2jk2hhc8d6nsla3cd7cuqx5m853flarl88vn2sd78dc9jvkltldlspmx99yxf802ulf4z2l32zgrhv0ah8k06j6zsu0m5agt82zl7hcrdvzph7xllrlqxs5plwl2gsl349wu8lhl7llpdm0mxvjzz6rf6uajhnyuuf8c85rnedwd7e8ya3hxwlfgct3thdf59757rlmlj0lz6rpn56qdeel307q3snhl6vueq7antchkz7py4mgk5lh9cxwfmhanfeha5kyuetmhl5acamsdrz7uc07v4v4a5fflqa8fh7rmtx7efdzp00f03d4n338luffx4f9rjr7tm8r0575c4k6yhlwm7ljlcuah0qw2mhpu0l6wzmlvetzjlheve7gkxg5avxqcrygpq0e6hcen40crxf382lnyd882usxj76pl5428c8awuhnawrhn2fkm5uaynma637wyl6y0xxy3fda6nn7kxjkdlhlq59gykak8hdvzl847z3u7ejvlg63lru4c3h5hlhcukw03r2fcchc5xhrz7707592usvequpqa4dma5v6g097ht8v3245uad0tde8rxwlj2eswm2hg2k5yt3ugenh23n8w4rxwa2gn02szflcq59heeu8jlucwt93wvcd3a7mk7qjntua24edtvnyjd6n7r8uvwvjw8uzuk9a9lc8xejef9q5z3d7n6e8zujedfq6a8j4v9nyucjevf82yhn7f9axapn3dfq4avnjtfj4y6jkvf5hjcd42eh9nwnehfqkry24d939zhnkdf99zkt6tef9z6n40xf9ju2ktefyuhnf0egkny29fedyu3nj2e5kmfp5cu6093yj6navpnyu7nkdk0667j3jxv8qsuc0wx56snzv7kh54zaj7sxzsz5f9l8rpnxf9yy5ejhnw9xhzvlkpr8nwre49q5nvuyw7qkj7tjgp5xs6nktksyv4uzfleljq9hxap6g3wt6236l8lcrqyc0xs2xa9j7v5mvvnplllcep0xtd3p7t374hrxfk8lvehmqlyjknp0zf34f03qw8ratq4dy4xyy7k8hlal4xth3xxf9m9y6nxffjky3jfdeq424v4wf39yedzwfyk64vx09m95a2jfx98ryj2w9xc5udxff3y2ljf39ayznj6wfr85cn4sn9yp3g2hfhuwypzu5vd5qggakxsgxawc78jedaucrte8ynn7mw659k8wwrqm66hhqeef77426l9r8wrvlllc0nynks2kwd03rvqw3y4xsyxds0nm2lj7mfa7arg6ehmmv0n7dpk4t5l02ejhx66chf7crjmaawfu7df0tm4vz4dw3l9tffvntwjl82a97jkq8k3h8tvrajlpt5nkrhwh62hjl54gv6gs74achnsuw7ap2ml3xhzm5ch8umpuz3tkndh2nq7th8z8wx8d2ps8ghnj730895z0m0frhu7tlqxpqtpv38uctjreeq9cu3j8t9cslv5zsw9c27k0hpt8atagvgadnd0edrw0j0d2qmpz6lla7cujgh76jltkdw8wmgev7jap35tnuqxascd8jqu0u20dlll0dkxylghmkewdl9tkremdahhzv5a8k54nskweweeuhalu0utj70cqqdt7qd5hsh7xkrhlt7vwqepp4g8eqc6pq7lz907w7a39m8m479hgwddwd23xlxjn9nhyx35vexd6mkj89ultllhrqmxgczqpqvs35c8fvtxx5ax0suf9eszm6xel769zudxa7378lcs5u445tl7uaclnhwpddnmmn692khw97xrrgfle8vf7pl9supq4s2wty72ns2rhm975awn2ul8fxxkapjrdjnwex0cht6q7l7alt4g53xlmlreygwk496mznnjup44jkaj03uc2eyvk857f4taennnuuqz8ecf7uhlvp4e0d0u0k8enwhz0hznhlztne9eq9adj72hs6lgt89tdff4drlx2aq5qrlxuctvvp0rpl,OFFER-c4c2c915,2868,https://bafybeigjkkonjzwwpopo4wn4gwrrvb7z3nwr2edj2554vx3avc5ietfjwq.ipfs.w3s.link/2868.png,2011b4b6e2b803d5c3e2f336022f7cf1c6745fb663f1f4ce17d89233e872815f,Waifu #2868,name
XCH,offer1qqr83wcuu2rykcmqvpsxaznmhnw6vn5x8drxum5kdt4rx8k0y78txqua5twv2rp87htu6vw5klawqerh8x56qfts0llgftwu8gwe93ahssjdg9ugptheagd5uny97fgxqcrgdzj46ha7pmw5uylvwrfk0ppexelyj0lq7famym58wpewf0ndk6emllqzcpdf33fl6hp6dgjnu2jjq7mrldaata5735rrka8xrf7sla4kpttqq0l3hl6lgq59plah2syradttlrlallhlqtesjw2ax24uf870ap9eeyte63w9rzwletmw65wfkaakgfe23zjkclwa7rlmlj0lz6rpn56qdeel30lq4ttkfvwsfcny05dt9lmr5t2k4hca8kxxhn665l4a4r2v7c7vda6f8sdpuhvt0340l25grkav5n3354e7tphtaxp2mt4dc4724murne0h233ct5l0lrlem2c28n9mlmmyxlhhrk0497zvlt8jvtllylhzum04dxjvnm27ks93emqvpqyg7rgln9w3ly2esxdr7v45xum7qkftv9754ueq4hnl7l3gx7a888vndh2fwt0hmerugflcgjdvhr27meqhtd4wdl6lcrre80rez8fjtd382ldn7vpwxvftmf2aate834lw244ms4q0elalz2ncc8aslf22ncqsjp7jhmj3htfekj7vaj4whr49faa6y5te07fd89aaqa396s4wfsnrw3txwazkva69dpa5tywhpqjlkrq8wlncn9lusy3mq7phm0marwv09kjey4tj6jekt8mu8spljeulyg2chc506lmq2dryjj2pkx2mulnj293yn253tehx2stxte3yngj7wf88u6v20enyzk430efxykn92f4xvkj6tfs4422ede8227tj0fjk2mnwfesk5mjjvfz4dy53f9nxv4nzd9atv72kh2gmjutpd29yjevxd9yk2sdx8hzrfa7yjt2093x2jr7we4put0l65fpnuwqrpacsj79v43z5l74tg2zte7q29y8cugxv88yujtq2g0ql6u2rwcu07p70x5yrjf3q8ecgmlew9qk56rgwpdzv3wsqe8lylurkycvwf6re326825ml70csqqe37ey5tenra32xxm70l8a3up40z45k7p3ztnd9gcmj7mf2tjt6z0xl0hcctktueamdmmw5ky8endl7lll6vh8zvvjtk2p4xw6n9fwv9se6m2xc9ndac29hhjs2s29t8s7jjtf080rjgvenmyurrkau4j52cfpnkvjtngpzyuauxfprmu782grrs3wr0cufz9eg6mqqs4mvdqsekg65m3lzc2leed3n7nk3rkh2l4yypde30exmdz2j2tkmt3glmm7lelclxf8aq4yu6lzr2x6yju6qjexq7tvm7tn08l65trmxl8dp70ehx75w4a4fxwamdt2a8nq7d084etjen9awwa36n4zxuad4rj4w68uad50e2cpwuxvaduwkfuadjzewl6822727k4e3fzr63h6lwr3te5af0j967twjz5lnw8c292mdkaz0r4wvugd6ca5gxq4r7wt28uuksdldayk7n40uycuqvpj5mnp0gr8yxhnsxqav4znljs23chpg63lu9v0k0aq4fcvz0zy74axeh0mw5x939uawzvpa9h0rnfnf47wynhze2ae6rrq2kr95qgml7pgaeulma77cmu2ewn8ed7atct8d8hkmfwkyce6l02mtpclznnnl0legtelqur4qcehjqr0lmvv0d0f7elq5qkqnyn8cqpnjn03d386vmsa80dd6wt967zfllzaxa7jhn0c367dcuegm9uj9f87lfdasanyyqqqskgg6vr5k43r2wnrc7yjucpwh4lxuje26k8kavnp4mmnsnjsteg8huaqkl4s0g67jjw6cdl76e2lfm7j0cnurutpezptq5ukgkjm3lk97f0xesglk98khwf8m0dw72jd0ms8edt66l0yd45t9d8hf8d4uw63sx8mvuct4c99c7tl6afj5z7el0ufg5eyk22wlxjd30lfmrswtpxtfl0vasmgh9wl05hdwe280msrzy34xaa79y0zvygffmq68h3569qq0c45sjsd600fq,OFFER-9f6948b5,2715,https://bafybeigjkkonjzwwpopo4wn4gwrrvb7z3nwr2edj2554vx3avc5ietfjwq.ipfs.w3s.link/2715.png,0e0c63b3a202d206e4d587f001a63215da2b7544e3babbaaac0a25c39ef8ea53,Soyjak #2715,name
XCH,offer1qqr83wcuu2rykcmqvpsdad99f8kgkvhr7k2plnqeakr8ytylvm0ayyfw00q3adlyw3e0daqh34tpl88v9cn3tdqyam8elvy4twn58uhcj6ggf7sz28sa6vu5jcw0n27ycrqvq5934fapl0ya8tww0wxpqehk3u5v0nf0lcty6uz0mmkqvhyhc7mduu0e3ffqj4c6486tg7kug369atq0deak7u4s68t6antznmq5lflsmtq4dns8lcllpvyqt6hljc9vrfmkphlllklltlcrtcuxmuxdd2lf5telgt3u30whdnl77t3lv47dpyfuajmlu86sn6uu6hc0l07flutgvxwngph8879l5q32u440mnnefl88c4mncqu7kxkthgpmx4x0q7hm9wnhdgw6jhge2xhq6zetlxe5dlqa4klxq8axwk26nvladzpg7r0xv99cmjj28xhkyn6v2wn8e0vtl93kkd24dv0aljcxksmmueqa7ulkgul0808c9m70kw70cyw0jdaqtpnkqczqgnuw3lx2ar7q4nyv68uetgfehupynkctaft3jp00haalrsda6wwxexlwyju770nj86snls3y2mww5ahj3vkntull9ay26khmj3emk79wcunft7v3n904hlq49cklkwmmd5rt7s2ctzj7tmrep00872z47gxyswys7cka76xd58jh24nkc4260wkh9kum3nr0e8vc8d3t59tzz9c75wen4gan823mxw4yeh4gqylusgzmau7re07y89kc8yvwe7ldm0qff47w92uk5kdjexap7ph7k8xfxr7p7fz7nlcrnvey5js232klfavn3vfyk55d73ezkzej7vfykyh4jfelyj6n7sesh5527kf395e2jdfr8y6vjwfg4ukjf5ec4nqnwwfz4yc2wd94y2ajxv489n9nes9vhyjvfj4ayyctw24ry5ct2293956nehfd9zjta5s6dwf8j6jfvf6ksmjx0flxm8a9wfveryrcfwv8hp29gf4xlft6232e0grpfpwyzan33ehyjszzde0ehzntsxtmsnnehpc6js2pkwz8lztpw9ays6rqdfm9tgzxt7pylul3qzmnwsavghpa42a0nlupqzv0jg9r7se0x2fkktsllluvq5fze2203e80m4knem0307nwl2ms8rzm96wfh4luj605xcylex0g2c3tlmlklj398ert9z6jx0fcc5ut2txve55jkge5eyjnw0fuhrxtf2fv45mn3s4hyj5v2v4jkvstk0xa9v5dz2fa8v3njw4vcue22t9z5pejgmy82vu7rqsa0jqx2p5xwtxc4h30uhjyew0v2nt277dv8j06u5ca7lrzqhpth43jhqrrrn6l7audmllljpuc9fhzhsnruy90hzjyjgqrjm8luatelw5j7735e0tla79eh9q4td60nhvm2m0dugyndead2uhvl0r5h5d5hffk8t0c55nk3h8t0rkwkuf8pnlg0n4jpxm0sk28636hh749e0u2gyayfl07sgf7082wu4dhcmv34mutn72s2zcamfnmats8yrk384rpk9qcnkm3e8dhrn6089h5am7py8srqs4kkcn7q9epau5zs0g4z4hu5wkwpczz58lp8r44lu9ac0u8dy5vcd24mntemktewat04hekzmnlca59w73dxjm6ckx03w30sdwsvxhesw8798kl0lhkmrx05famdhzlz4mfaak7te3x2whm62ec28ghuu7tll6878e8xuqqx4lqx60cmlrtpml40y8qds56ypusvdysld45ahd62dd6ctdllse666f7vedvy92c7jc9puw4r8lqhwchdxcd7lc0ew8qcpqqyydkr6nqe948fj5yza0uyh9q48242mqeu5an2amplz60s4wh8ule5uws562rn7a50j0x8njv4m8f8lufrr0cwfg8cf9yzrhftjl2n8nhdtmz4e7n8wal3ehvm9mjyczrd3z0dfzdl5m47wtj66232ne5xg8metafvt588u6ymjv46lkhg5wx0anechyxlz5l9zcl580md75llwtdw92kjzh3zygm9auuea9ncma36xvx40haasaq04nfzakqtkcyqr57hrhl70snhd,OFFER-dff24ceb,3758,https://bafybeigjkkonjzwwpopo4wn4gwrrvb7z3nwr2edj2554vx3avc5ietfjwq.ipfs.w3s.link/3758.png,657aade509b7176d48b2249f5969f5844f20d2a6fd9bad680f30565679399b9e,Alien Soyjak #3758,name
XCH,offer1qqr83wcuu2rykcmqvps0ul2a7g9flyv4heyt03vnlez6l3qw4793gh43f9s9da87a6wuh8a8y3vh6u9jhww9f5qjhqlhlsjkd6wsaj0rtdpp96stgjzh0n6stfewftcjqvpsxs794t48murkafcflccxrw72rjfn7fyllpunt5flfwcrjujl8md4n4lkp95z2nr2jl3wrk63y8c44ypah87mm6hnga8gk9d60vznarlntvzkkzqllr0l9uspf28ltv4qf876xh707mll0lqm2y6zmwnx7hpwx8muc7uf0ddamf69234um9hghl6wmyhr8a56zwaj5p9vnerlp0pcc6fqkuulchus8np744k353tra0eea00a6ua0faxtrw2m04j65y0h5hxgcc6a4nh38s9pwkdwn6ct60xyvjdnk64qahgee9tn4k5yn2hg42stxemvd9a6qnaaj9jxn3a2wy4pr0e2scm3tgc0wcghsaa2xhe8lf2j5885jcdag7c70urg5agxqcryfpy0e6hcen40crxp382lrxd0x2uskj76ql5428c0awchrlwrhnwfkm55ayhmac37wyl6ydxx93dddcnmlkzjx0lllqn6v6k6cluv2aftmf87atahdmy68t6as0wazrgk6a7krnf6nx4eghuanqhhra9f20qrzg82glwtxad8x6renk246uw448h82jew9me4kuhk5rk542z4ezzu069vem52enhg4s8xnve6uqzt7cypal70qvhljqjhvrsxldl0kd3suk6mxj4wt2txevhws7qh7t8nu3pmqlz3ltlupf5vj2fgyc3t0h77fgkyjf2z80wue2pve0xyjfztmeyulnfpflwvs26x9ldycj6v4fx5e3zt8q4vcn9pecu2as3f80yjjt68gganetev4skzkjpve9rzjwx0fmzyjvpwxq3njwwyfvaj4j7vf485nnf9g7ugd8hgjfdfukye2g0emx5hndh724ykd3spv8hzzts4jky6nlj4d9ged8spg5slr3gescunjfvpf9unat3fdmrpac0eu6ssvfw9qm8pr0h9c5z6ngdpc95ej9jprylvnlc0cnppe8gwx9tcl2nwleljqqrx8myz30wv0j9g6m8clulkxq2m8mtmuu59kvc6drgf4ecnt3h0l6hx7cj2evxkg7ak0tj38nnx70q0llumw2ycly0v5t2ve9yvkj7reul53nktelxyhj30e38vftfley5uyjeeejny60924ukvyn33e5lufse78j5u3t38fvuj6t7yey7ysxxpzuka3sn5djp4kgq3fksep0fttgele0apvjytxdrtch4ku9nc278pdsz7h7ycle7wu0da9uheu78slulkf84q4yu2lzthxxyzu6gjezqwtvmlth08a65trmxl9dfl0ehxu5x4a4fkwandtwah3qkd084etjen9aw7l3jj4xxuadazj3w68uad50e66pxuxvad7wkguedjzewl682672kh4a3fqrj3h7l7p3re5aflj9jltwjzklnw8c29gm9hax0r4wyugd6gl5gxq4rwwt28uuks0lduyk7nh0uycuqvrj56np0cp8y8hnsxqay5zhljs2echpg23luyv0kl7qnmvc867luhxuzjexu3xadhnakv2w8kywqlndhjm6yhm2lx0w77mnmp9vxtgq3hluz3mnelhmaa3hc4jax0jma6hskw600dkjavf3n4774kkr3798887lljshn7pc82p3n0yqxllkcc767nan7pgpvpxfx0sqr8ygcae48fktd7mk7vheus7fxv80nwe5gg87zre2dsyf25e58r0mxgjjrx23cxq2qfprfswkcxgdf6vhpgktmp9mu8q323cfpktks6jc9mdsjpja9e7lrwuclanm272zg2tu0r072frgwy0u3vdampexqmq55sgwdyap98640lnhm9d6chl4m97wawxm2mdu2qf3f7av5n60n82lffad4nxu4g8wctryt8ck9fay7lla3lgclcvczxsw4fa27njcuemvujnjh8867v4t8z0lzlkery6z60xrw60a2t9e4kaj9ljq2l8ptz5exh728s99hp2q9ne68lzdq9xr5,OFFER-d804547a,3491,https://bafybeigjkkonjzwwpopo4wn4gwrrvb7z3nwr2edj2554vx3avc5ietfjwq.ipfs.w3s.link/3491.png,7f032a6afe01d4654a1afd2f4d88ba9595c6de2d5415b6dcacc62c7a99b423e6,Monkey Zoo #3491,name
XCH,offer1qqr83wcuu2rykcmqvps9v5ec5uaf8cuh0r2pl56nk8tcku69xfvlt65avlnaghv6keuund0c74tpl88v9cn3tdqyam8elvy4twn58uhcj6ggf7sz28sa6vu5jcw0n27ycrqvq5934fapl0ya8tww0wxpqehk3u5v0nf0lcty6uz0mmkqvhyhc7mduu0e3ffqj4c6486tg7kug369atq0deak7u4s68t6antznmq5lflsmtq4dns8lcllpvyqt6hljc9vrfmkphlllklltlsxvewg75jc0klzxetu0v0dglhz2t26vua5zl4ksjmaauuvttwuxraxxn707mljh7zkr335jrd3el30apa086v678fr6k6emn4fuu9yc57xk946kfw0pla3rg4ca46pm84jl6vrg09n3chez72kdyd88vn9cdl9ndg6z8txhhkv3y28klxcutr9kc5npxy3nndf2eltjhantq3aata69ftz4vafwe79r8ha8ckl0l4anne8ngahvaypv2wcrqgpz8s68uet50ejkvpngmn40phxls9zgmf04p0k299ullhv2plhfeemymd6j0jta77glxz0uzyntpc6hk7f97mdfn8lh7s0gh8srk6a2wa8net4r8eauaju498ex0k3vtgsjj0dnd940x0a30h9r59auleg2heqcjpcjrmzmhmgeks72a2kwmz4tfa66ukmnwxvdlyanqak9ws4vgghr63mxw4rkva28ve65nx74qqnljpqt0hnc09lcsukmqu33m8mahdup9xhec4tj6jektym58cxl6cueyc0c8eyt60lqwdnyjj2p292ma84jw93yj6j3h68y2ctxte3yjcj7kf88ujt206rxz7j3t6exykn92f4yv7n324h95623t9r9j4nwgece5ejpv98x2j22def955nz0fc5znj3kxvcyhn6v45evhjpg964nzn3s95muhn2tkjrf4ey7t2f93826rwgea8umvl54e9nyvs0p9es7u9g4px5ma90f29t9aqv9y9cstkwx8xuj2qgfh9lxu2dwqe0wzw0xu8r22pgxecglufv9ch5jrgvp48v4dqge0cynln7yqtwd6r43zu8k4t470lsyqf37fq506r9uefx6ewrlll3szkllj8n4n8aemt9f6nx6wxhja9lfkd2hdua86n3safya8q7hpj7hc2ftll7m72y5lydv5t2ge38rwjj2fs5n8jet9ge5jt40ery5j2j0xu6ycn6v9l954n72fn85nn2wxuendt2fx9yj6dzte5ey32e3esvdjxep6n88scy8tuspjsdpnjeyxjdrax0dh4ut9xju62cnlnzj97xk99r8kewt7ll3q02v0ys8aclua08lmleq7yz5m3tcfn7dug9e539jyqukeh7hw70m4gk8kd726n7lnwdegdtm2nvamx6kam0zpv670tjh9nxt6aalr992vde6m699za50e6mgln45zdcve6muav3ejmy9jal5w44u4d0tmzjq89r0alurz8nf6nlyt97kay9dlxu0s523kt06v782ufcsm53lgsvp2xuuk50eedql7mcfda8wlcf3cqc89f4xzlszwg008qvp6fg90l9q4n3wzs4rlcgcldl7pd5xlvs5wqkhc2rl4hrkqcv8cv3hwsyf3t5jy0lyxmkxdh0dlmqvc9sfwsvxhesw8798kl0lhkmrx05famdhzlz4mfaak7te3x2whm62ec28ghuu7tll6878e8xuqqx4lqx60cmlrtpml40y8qds56ypusvdysmwwh39d0d4070hqeldl6ut2m7ka0aerr4em70zewl6wm3m9s7sy4l6e8krkvssqqzzeprfswj6kydf6v0rcjtnq99nhcyk30lmjz6k064mcrs3mgs6wfzacrvuzv8nu4mw8mum6jhnnrdcflz83lhv8ygpvznjpp9dtnek0vmrafqmgxklyee9yletge8hk8yke3mtlg0e7x8vnrhrnhlwds76zc7lual8alnpfhlvl7r7ejv6wpan23ej960hnzzw6s40rt9hg8as8fn9cxpalm09hw68qk2hdnap85w26jdjlvmectyahwpcyedc7vlyqdm35mccfduf30,OFFER-4deeeedd,3851,https://bafybeigjkkonjzwwpopo4wn4gwrrvb7z3nwr2edj2554vx3avc5ietfjwq.ipfs.w3s.link/3851.png,75ce53dc26abb995cf24279b9ce964949f993ea2a0111b9982b583be16bea788,Alien Waifu #3851,name
XCH,offer1qqr83wcuu2rykcmqvpsyakdky82x49mtumum5pakmeehk9l7afll8e8ykd4kelzmnwx8f8ew0pj0tswfaee9ys2turl0cz2mh96n5fy0duy5n2p0zq2au02rd8yer062psxqcrq44w400swm48phmrsmdncgvfk0eqnl686wwexapmcwtjtved7hwmlgzkg22gv6074ewn2y5lz55s8xclmw0wla959pcahfmsjw58la0sz6cyr0udl7h7q9pg87d753qlr26lc0l0laluz62c2khteqz8nnntwnxmjv0fnj74xkmpdm5dntctr9tdmwcutuc7s36lc0l07flutgvxwngph8879lcp3e45cy7ex7jenppvk3dtsnj3hdg7hm4z26teh720uahlvlj7mkd4yzg09l7ugnwa4gwrlrd6du206d0824gt3ka4a7j4xqtfd050l0cssll0xyqkxa6amcg5jp5ldwfecw02d2xeknn7086wwvlrev6kntr7k5dayycqk98gpsxqezcfr7w46xuatkqe5ve6hsen0ez4yd5hjshl9zs78lmk9slm5auejdkap8e97l0y0np873zf43uftt0y6ldj5enlmlq8p4hjemhu9rdee0lsfhlg5y0lan8d4l6apa93099fwm4nrw6a6760acur7cw539e7qggqmfmlegm4sutf0xwe2ht366577aj29uhlykns7k3wcjdg2h9cf3824nxw4txva2ks764s8r3sf0trsrk0aueslkfzvas0qmaha7p4x8nmdvj24evfvm4nakrcqlev70jypvt720u0as9x36ff9qmp9970ae9zcjf42g97mmygpn97cjg5f08ynm7dz987ejpt2c8u5nrtfj9y6nxwdfynyncve888gneha59ge6mvpukwe29vpzyklnp3e5hwc233pu4yetzd9ay2mmedxgej6r3nac4qerr57yre3f57mzf948jcn9fpl8v65744l4ty5ew9qfs7ugfdzk2c420a244999vaq9zjruwxrxznjwf9s99850dw9fhv280zl8n2zpfxcczuuydauhzst2dp58qk4xg4ggvnljlupmzvz85apue4dr42dl78cgszvs7vj29uee7c3rr0l0ln6c7pdxhqd6afy4dkg0awlymdr03c4m6m33tlgw97trnwj96rdm8eytc58al7ljn9lcrryjujkdfn95ktek9u6yntavxnxu72jwfn8v4t3j9lx66vphel8zuve2xhxuaj7fedyzhnz0908vsn624k5rpnfn9v53mjqcy8tu67rzs3wzxx6q5xwmzc9de9lru6vf67f32w94e6ln3l0l2452nh726kv60kw9ms9ne2ala6dlhlelvj02p2fc47y6xp6yju6qjexq7tvm7tn08l65trmxl8dp70ehx75w4a4fxwamdt2a8nq7d084etjen9awwa36n4zxuad4rj4w68uad50e2cpwuxvaduwkfuadjzewl6822727k4e3fzr63h6lwr3te5af0j967twjz5lnw8c292mdkaz0r4wvugd6ca5gxq4r7wt28uuksdldayk7n40uycuqvpj5mnp0gr8yxhnsxqav4znljs23chpg63lu9v0k0lqm2nl0rt7n74l2k3awealxjgk0lkhx74jllyvufu0ug8yatv8mc73dppmpj68ypulg57m7l77mwvf730hdjunl2hv8nknm0wyet60vf083vajunnelelslch9ulsgp6nuqmf8p0udu80khuuu3szrtstjpn5zqacn0de6efmmg7pquwlzmx0nq979yhz9gh8lr82ng7yucmm97lnsgqqasanyyqqqskgg6vr5k43r2wnrc7yjucp2lcs7tlhstfuxh2nffky7e00vqd7nerw48wn26u4m4ku4c5pyl04eljn7ylqlzcwgs2c989jxkpx9a5n7mrm0jdyxevnajragz4dz7ea3n7mey7mu49thad4rkaw2hzdegaexj7h7vx4huvrxd8dks5z69sf6hmqur880vvtvvpzansj6aev308zknegze8ajlal9nc24ahxdwnwr96zkc8jg920jl6zlrr620hwqrqquxmxxxv453nf,OFFER-a0101472,2188,https://bafybeigjkkonjzwwpopo4wn4gwrrvb7z3nwr2edj2554vx3avc5ietfjwq.ipfs.w3s.link/2188.png,00ed39dcfa70b36fa1fc5fc8740fb7e606fdd75467171e79448a36db7e8abfc1,Soyjak #2188,name
XCH,offer1qqr83wcuu2rykcmqvps0dnta47lurm8ve8tlz6e8yjvxn84mjl7tt6hewgqc2t88pdtlekc7d7e04crywuu6ngp9wpllap9dmsapmyk8k7zzf4qh3q9wl84pknjvshe9qcrqdp522h2lhc8d6nsna3cdxeuy8ym8ujflure8hvnwsac89e97dkmt80luqtq94xx98l2u8f4z20322grmv0ahh40kn6xsvwm5ucd86rlkkc9dvqpl7xlltaqzs58lka2qs044d0u0lhl7l7p88pak0ndm7vlhuqa787lmtr39vmaaemdzklerkehxzdanlt67um5945xllluml3hkrxp3phjrdpllpw8tkwjwdxlw49qkcd3hutj56sl0dr6yctpak0elmculja5hum8ltz5sye7hxe88ujfnwd6um3vhnsj5wdfmklhlm5jn8904lec5jhdea2ey3mhyk8fzkr7cul0xt4je0nvmd4h5pnth03v03040wn7tmdc40svemd2uqvgpzn4scrqv3qypl82lrxw4lqvexyat7v35uatjq6tmg87j4glql4mj704cw7dfxmwnn5j00h28ecnlg3uccj99hh2w06c62eh7luz7ntldaaxwtxntj67d4ew04fechum0jnhky70eazzatpd8wauz8xhcksttel6s4tjpnyrsyrk4h0k3nfpuh6avaj92knn44adhyuvem7ftxpmd2ap26s3w83rxwa2xva65vem4fzda2qf8lqzskl88s7tlnpevk9enpk8hmwmcz2d0n42h94djvjfh20cvl33ejfclstjch5hlqumxt9y5zs29h60tyutjt94yrt5724skvnnzt93yagj70eyh5m5xw94yzh4jwfdx25n22e3x2ujekfc4nxdjgfd9jc2ewxn95hjwged9u4tkveqh5mj3ffcmu5v2wfc4n9jxt9255ctjge4yn2netxf85mdyxnrnfukyjt204sxvnn6wekeltt62xgesuzrnpac6n2zvfn667j5tkt6qc2q23yhuuvxvey5sjnx27dc56ufn7cyv7dc0x55zjdns3mcz6tewfqxs6r2wew6q3jhsf8l87gqkum58fz9e0f28tullqvqnpu6pgm5ktejnd3jv8lllry9mdk3wjckej5u793l90gtclyflhy55cd4h7nj7vz5msc08qjvld9ulrnll7m72y5lydv5t2ge38yutfhfr8v522feumyjtegfumy4njgen8v72ft999vkjkdfjk2c2kfe4yu5dejxlyj529gen82k2e59y5p35gmy82vu7rqsa0jqx2p5xwtrqnt89xu4yulpl9pq2fusczk08zea5auvf052hzulae0xh6q34kl8ull8lrueyl5z5nntuf8gq5f9e5ppjvru7chuhk70l4gj8kd7wmrulnvd4ga0m6jv4mk7k960xqu770tjl9nzt67amz4r250e662r96l58e6lg0s4srauve6msavhe2eydjam57k4u4adtrzjy84809uu8rhhf2jlvt4ckax9flxc0q52akmd65u8zaecsm43mgsvp69uuh5teedqn7m6fal8zlcf3gzctyfhxzuswwgf08qvp6ew98l9q5r3wzn4rlc2clwl5p7ydelmw6jcaqtthmhaqn65lm22ucvjkvmw3hw0nleea0l6d7v9a7u4asedqjylls28wl87l0hkxlqkt5e7tl42kremfalkj244xkvhn6k7cw9cuaulm0u2z70c8qagwxdussmlk6r8mt607wcpq4syeye6qqwuchafhajx9s84q0nxrqv0us2v2me72q7masm6xtf0fjywqt9sj3s9sqktp6xggqpprdsk5cxfdt6y5pyhmap9eypjpm6letdeyamstlq482juntl0e3ldqnly73xxtftrv6jg8ejnjdnhuflz0s03v8yg9vznjfzmnjpa0s586hp64axs3lneaz7vaej8pnju8z5d4l78gd6ekqcrhfmlthuln0t0helyswttdm590evn25mw8cw09nwv4c8j6l4ufpd8kawcew5cjtj94tq4mrkht6ka466y0k6x959hgjvy3erth9ah6mvtvazz6xyrspshunlkq658hln,OFFER-4688497e,2912,https://bafybeigjkkonjzwwpopo4wn4gwrrvb7z3nwr2edj2554vx3avc5ietfjwq.ipfs.w3s.link/2912.png,67eb3fdc950a9d3663ab44fcaacea36fd877ba04e9e2e83ad0e5dc0d58820e2a,Waifu #2912,name
XCH,offer1qqr83wcuu2rykcmqvpsqalguu8g8uslf2l8ytuwulldcuxq5d7w0agm0afm8kg7dmsekwe43l66l4crywuu6ngp9wpllap9dmsapmyk8k7zzf4qh3q9wl84pknjvshe9qcrqdp522h2lhc8d6nsna3cdxeuy8ym8ujflure8hvnwsac89e97dkmt80luqtq94xx98l2u8f4z20322grmv0ahh40kn6xsvwm5ucd86rlkkc9dvqpl7xlltaqzs58lka2qs044d0u0lhl7lupgzkcn8k3344l69s4e0y4shf5xffn3lmc8kxwx8kf7hf3nwjlnycq3dhu0lhly0u9u8rrfyzmnnlzlwptt0dh6ujvluwglmt0nl092d4ct3m7p3nh9xl4h8nehc6e9mrt96lgrp6ks2c4mr3nt58xu8y76kht22evfn745hl73tutw2try9hrwkfjulhe0dlcdjcftyxe2hdptt0u2t4dzl4xf270h4mcvcwkar8fnppmdfdcduvjs4senqvpqyf78gln9w3lq2ekxar7v45yut7q6fmg97k4ceqhhm77l3cx7d98tvnthjtw8w8eenlgp7cgj9dh82wlecktf470lz76zuy5n205n5u5950ha3j34xfmn39kd7jy6ndtcl6lwv5p3j0qpnjlep00872z47gxyswys7cka76xd58jh24nkc4260wkh9kum3nr0e8vc8d3t59tzz9c75wen4gan823mxw4yeh4gqylusgzmau7re07y89kc8yvwe7ldm0qff47w92uk5kdjexap7ph7k8xfxr7p7fz7nlcrnvey5js232klfavn3vfyk55d73ezkzej7vfykyh4jfelyj6n7sesh5527kf395aj3dfrxycnj0fdy2kj9f9yczk2j240y5hjf3xe8yujj29exu6nw29t8ynj30eg4n92eje882uj72xyc25jpdxf9ngta5s6dwf8j6jfvf6ksmjx0flxm8a9wfveryrcfwv8hp29gf4xlft6232e0grpfpwyzan33ehyjszzde0ehzntsxtmsnnehpc6js2pkwz8lztpw9ays6rqdfm9tgzxt7pylul3qzmnwsavghpa42a0nlupqzv0jg9r7se0x2fkktsllluvq5xfehj97a4x48d87hh8m5fyarsj8atycgndmlkdf7x3tumkzmdr0l0el7ljn9a5rpy5lj33f55ngnft4ryz5dffetxj5t3vf486ujzvemxynje3ed9vcnjf9skus2ffxg5ue2z2fv4umjf0fx55s88grqsu0ngyv2zpcgcmgzsemv0qvz7rhh75a7lfvcn2qy94kzechx6lunxsfpv8eh0zz0a5jm7hthynhlhlslxpxdq4uu6hzhqq6yj56qsekp70dt7tmd8hm5drtxl0d370e5x64wnaatx2umttza8mqwt0h4e8ne49a0w4s24468u4d99jdd6tuat5h62cq76xuads0ktu9wjwcwa6lf27t7j4pnfzr6hhz7wr3mm59t07y6utwnzulnv8s29w6dka2vrewuugacca4gxqaz7wt69uuksfldaywlne0uqcypv9jylnpwg08yqhrjxgavhzrajs2pchpt6e7u9vl40hpm5cve6v3fevk43fthlmqfm6eh8wdd678htl75hkj8f2798n3hlatc9hvxtgus8naznm0mlmmde38697aktj0a2as7w60dacn90fa39u79nktjw08l87rlzuhn7pq820srdyu9l3hsa76lnnjxqgdwpwgxwsgph0t57jpljaxnlvjlkmf0k26sslpp7r4phfmmwthvrmtj7nmc9phj0ec2ezxqcpgryydxp6tzep48fju8zewvqh5jht3nkskn22tm9u6epttv58f5tsu004zjgqhhhha50783fnk0fmvu07ya38c8ukrsyzkpfevnjmk95eqzqs7yhmy7wky7dl028ddp98pa6yywe26j3myz6r3g86kmjuycujnls0f7cghsd8ftjaafdvf2794k3zrmhl6lh3046kvl9c3245svfp6tqjhnh6ukqj8g0tncwa977vk0dja2z69tyz7a8el3t0mtet8yqhur53tg47fc2k,OFFER-f968cb6b,2256,https://bafybeigjkkonjzwwpopo4wn4gwrrvb7z3nwr2edj2554vx3avc5ietfjwq.ipfs.w3s.link/2256.png,85a2161e248ac4d4088ec6a9ac1cdc08a6994c5c7d38e7ef7cc2730210cc399f,Soyjak #2256,name
XCH,offer1qqr83wcuu2rykcmqvpsdu59sxpnxhfjdmjx0smevc9dhwlff042mtspxdmqex6mnxuwr59yj70w74qunmhj6fq5kcr7ljyakwt4hgjq7muffy5zlyq4tc7ux62fzxlu4rqvpsxp22e27lqah2wrlk8phmrsq6nv7j98l50uuajd2phcahqkfjma0ah7q8vc55seyaatnax5ft79gfqwa3lku7el2tg2r3lwn4pvagtl6lqd4sgxlcmlu0uq6zs8amafzr7x54msl7llmlu9nudes4vmj06s98842jmkdmkurt580a655gl59slcjh4xh9p4tjj5q62gvnlckscvaxsrww0ut7cr4khn8a5uarkckek26hlf6w2el4stmtx7wcld0zw9ldnhukkez7aqf24jrc04x7f7yjkp4lp2w6jkdu9nk365k0auvlq7stp7cyc0jl7my6p0mlt8l2md6k9uez00hdzm8ttzvulh3wmyc4dtn9sa3f5snrgn3fteknxl7sf3g6cv3sxqszylr40ej82lsyvmrw3lx26xw4aqd9a5zlf25ds0maa08cu80xsnahf3mf8hthruufl5g7vyfzkmm480uvf9uml8lpwjz0w8la83uht739q68dx746h7g2cgzjlagc4rp6maulpqh8mh5nwdlur7cw539e7qggqmfmlegm4sutf0xwe2ht366577aj29uhlykns7k3wcjdg2h9cf3824nxw4txva2ks764s8r3sf0trsrk0aueslkfzvas0qmaha7p4x8nmdvj24evfvm4nakrcqlev70jypvt720u0as9x36ff9qmp9970ae9zcjf42g97mmygpn97cjg5f08ynm7dz987ejpt2c8u5nztdm9q6nx2f9e55v7tp38uknr3eu9kkn30as4nwdej9u5ge2xvpexx7aqwxtxnfmevpv6v5t20pnyu5uhn9ghjutsdxnre3f57mzf948jcn9fpl8v65744l4ty5ew9qfs7ugfdzk2c420a244999vaq9zjruwxrxznjwf9s99850dw9fhv280zl8n2zpfxcczuuydauhzst2dp58qk4xg4ggvnljlupmzvz85apue4dr42dl78cgszvs7vj29uee7c3rr0l0ln6c5zkr07upckp0s5u3263dh0l70mcyrqyhwluc5066h4pzwg5zmarq2t06l7ljn9a5rpyjj27temynrjjffu65j24wx39nvj6v998vjjf09c52sjzfe39zkjk2e65zsnk29vkrdn6d40yrgvw2e65v580grqsu0ngyv2zpcgcmgzsemvdqwn2mf0f6gu02fannr7gxnklvl9lv0q2fg76xe8ugrk9yln8ted6rll0l8ajfag9f8zhcngchgjtngztycredn0ewdull23v0vmua58elxum636hk4yemhd4dt57vre4u7h9wtxvh4emk82w5gmn4k5w24mgln4k3l9tq9msen4h36e8n4kgt9mlgaftet66hx9yg02xltacw90xn497ghted6g2n7dclpg4tdkm5fuw4en3phtrk3qcz50eedglnj6phah5jm6w4lsnrspsx2nwv9aqvus67wqcr4j52072p28zu9r28ls437el5r42zfe6cd2d0pj7w5rfwtfllmh5jaqevjd63x0cw4ydl3a7v2eeu8q9hvxtgus8naznm0mlmmde38697aktj0a2as7w60dacn90fa39u79nktjw08l87rlzuhn7pq820srdyu9l3hsa76lnnjxqgdwpwgxwsgrhdljdn04j0lthccmsuz0hl0zuk066xz0qus5afkat62tg20wt68n83q2tp6xggqpprdsk5cxfdt6y5pyhmap9ecr6nf7ca008qx27uvu9pvzts9zdf7rlklcv0sd3yl8tm0u6nnamhpe0uya38c8ukrsyzkpfevsdyxrtlkds54e7vquy7veeldmkn670qna8t0y804m7j2mzn2ulfwczdjvuht6uewjr87h70pwhl4mmve0v06hkkffvjuwmj7nrwynk424m390dcafu68qjapd3f7t56x0ucyl0d4e6drfmxyu06h20ecea0t7pllqqqq338j9usm0xh23,OFFER-11399eac,2189,https://bafybeigjkkonjzwwpopo4wn4gwrrvb7z3nwr2edj2554vx3avc5ietfjwq.ipfs.w3s.link/2189.png,1b9047fc8e0e6f7c287133469a8a83f400900a2798651305dfe613a1e78c64df,Soyjak #2189,name
XCH,offer1qqr83wcuu2rykcmqvps8actvwfvhrfhy8n8qe7gtm64l8cl7za0ayhmr7rm85srre6tn0s209av86u9jhww9f5qjhqlhlsjkd6wsaj0rtdpp96stgjzh0n6stfewftcjqvpsxs794t48murkafcflccxrw72rjfn7fyllpunt5flfwcrjujl8md4n4lkp95z2nr2jl3wrk63y8c44ypah87mm6hnga8gk9d60vznarlntvzkkzqllr0l9uspf28ltv4qf876xh707mll07ql9w2ta7wrexu58tf0staet5hr2npewntll50j64reg8pzqne5xdfwxh707mljh7zkr335jrd3el308pfumm9wkrwrrjrtf6d78qh0cuwmmfmefm3tx45mhc6uacteklmmca0q6qataqr320hua0fzdatn3p90ah0h6texl5v6ka0zae7enrg744rejlv95uhsmy8tzmyn7kh5hrjxtysww7jp9jcdjx9d6ljm3chfrj70l9vns8g5avxqcrygpq0e6hcen40crxf382lnyd882usxj76pl5428c8awuhnawrhn2fkm5uaynma637wyl6y0xxy3fda6nn7kxjkdlhlqk0kga2rh77m2k5lz9nlnlvarreetyum76d2l2m7xpmmhg864k6rn3jnz7707592usvequpqa4dma5v6g097ht8v3245uad0tde8rxwlj2eswm2hg2k5yt3ugenh23n8w4rxwa2gn02szflcq59heeu8jlucwt93wvcd3a7mk7qjntua24edtvnyjd6n7r8uvwvjw8uzuk9a9lc8xejef9q5z3d7n6e8zujedfq6a8j4v9nyucjevf82yhn7f9axapn3dfq4avnjtfj4y6jkvfsenxnfj9g5uan724a9zmjpkedxjcn6d9veysnxdel8vcjx0fdxzljk2emyy6d6v464z3n4dxy4y6djvf5hmfp5cu6093yj6navpnyu7nkdk0667j3jxv8qsuc0wx56snzv7kh54zaj7sxzsz5f9l8rpnxf9yy5ejhnw9xhzvlkpr8nwre49q5nvuyw7qkj7tjgp5xs6nktksyv4uzfleljq9hxap6g3wt6236l8lcrqyc0xs2xa9j7v5mvvnplllcepw98u4esfz5c5vmh892jakrpalvfmjscz6ljhcnd2hmham40eymm7khlll0egjmu33jp0ftxy623g489jkdf2909j5jjtfexvmnfs4s5v523w9shzaneh9g557twfx495jjed9h9vlnffefyu6j7we8xj7vsceyvjr4kv0p3g2hfzrdq6r89sczuzlk3lf4mctz5rvtkf7cgv46slpezthmej209uwae2uwm3txtkll07l7g83q4xu27z0rh2yza6gjfqqwtvllm408a6stnmxh9ddllehxu5z4dhf7wandtvah3qjdl843tjan4awk73kj4yxuadazjnw6xuad50e6mpxuxwa97wkgvmd6ze2l2826l2kh9l3fqrk38ul7p38e5aflj9kltvjzhlnw8c29gmphdx0t4wquc06q75vxs4rxwtw8vukcwlfu5k7nh0cyc7qvzj56nr0cq8y8hnswpaq5zhlj32ec8pg2sluyu0khlqhtklzu8xj45kjhazx02y0jp4rhdp2sch59unfn8dnufflkvha68hy3qmpj6pyfllq5wa70a7l0vd7pvhfnuhl24v8nknmldy4t2dve084dasut3emelklc59ulswp6suvmepphld5x0kh5luaszptqfjfn5qqaeya3tluc7nhuvy48ns0t0d8zeeta9tufjmdkc8kp5k6np64xve29msr7t3cxqgqpprds75cxfdf6v4pqhtlp9cg9klnwzmeuqy5mqr0z8rw8zgh4vljeu5uaxun0a3aevj8csht6703e0u0c3u0ampezqtq5usgvtlat5auas3dvjqa42m4a5hw666yx0nexaa2eh0vwe3vlde2c576skzhh2gm94lww3pmty63lnf7hmu5f998aywa0axjnt8wu525xj04f557wh5l7nlmguc9tfnejj4r28gdhmktz4x8wjya0qe82ywz0l7h7zuh0uq5qwrkv4hv74x8gx,OFFER-be8cc874,2263,https://bafybeigjkkonjzwwpopo4wn4gwrrvb7z3nwr2edj2554vx3avc5ietfjwq.ipfs.w3s.link/2263.png,f21d2d55f6ed3aaf685e39f7ee1603d4c9b2bd37ae7be09db71127da669c3395,Soyjak #2263,name
XCH,offer1qqr83wcuu2rykcmqvpsfaya3f3q6568r964mx9tnpjp92tx40y46ytykamse76n5ngcu4dt2s82swfamedys2tvpl0ejwm896m5eq097y5j2r0jq23u0wr99y4rlu233xqcrq49v4t0qwma8pmmnjm4scyde50prnl687wxex4qm7wmstyed7hkmlyrkv22gvkww4e7j2y4lz5v382c0mw0dl49y8pc7hd6s5wu9le0sx6c9r0udl7plc9q0mh6jy8udfthplallhlctcsn7dnwejq7lkn2l28stgl0x62ema9puphx0ug9kgkulmnl64pd3egp5vnetlptpcc6fpkculchm366enjl63h55k97d78axa0p2akucnnkaj7jrkex0hhrmjjuuk5gmxs5df59s37aatax7lxpu704llmjzvfrsenm62jr7u5cm2h7tvdny3ngk873m93f7wj0qdn72cg55h6s7wwh0qvnnhp0d42s6kngztsmewlk7jqmlmjncyc5asxqszy0p50ejhgln9vcrx3h827rwdlq2y3kjl2zlv52tellwc5rlwnnnkfkm4ylyhmau37vylcyfxkr340dujtak6nx0l0lqadwmdv55aml6h4en02lmglq3wcu0y2wnc4pmxh4v8lf090f20navv4gtmeljs40jp3yr3y8k9h0k3ndpu464vak92knm44edhxuvcm7fmxpmv2ap2cs3w84rkva28ve65wen4fxda2qp8lyzqkl08s7tl3pedkperrk0hmwmcz2d0n32h949nvkfhg0sdl43ejfsls0jgh5l7qumxf9y5z524h60tyutzf949r05wg4skvhnzf939avjw0eyk5l5xv9a9zh4jvfdx25n2ge4xystwgf08rvt2gelx23netec52ejkveye2ljfheskjen9dfl9yhne59chrp262ev65kvzveumjktw09ry2ldyxntjfuk5jtzw45xu3n60ekelftjtxgeq7ztnpac232zdfh627j52kt6qc2gt3qhvuvwdey5qsnwt7dc56upj7uyu7dcwx55zsdns3lcjct30fyxscr2we26q3jlsf8l8ugqkum58tz9c0d2htullqgqnrujpgl5xtejjd4ju8lllrq933a4xm4t4v00pzk7wfpywe0ahe754zvmuak85h0aezuxwunl4n940z0ll7dh9zv0j8k294xv3n6wfj5uzje4fc7yk2kxey75ujwg4m8v83ee8ryj7nz0efpu6der85mjj0wfe4yjw23eff953fkr8ulj8jfcrrq3wtwccf6xeq6myqg5mgvsh85f38vskfavpg7ugkg7xnae7hq6w0fmmkmhka9keu4myhs46kha9hll7l7g83q4xu27z0rn7yza6gjfqqwtvllm408a6stnmxh9ddllehxu5z4dhf7wandtvah3qjdl843tjan4awk73kj4yxuadazjnw6xuad50e6mpxuxwa97wkgvmd6ze2l2826l2kh9l3fqrk38ul7p38e5aflj9kltvjzhlnw8c29gmphdx0t4wquc06q75vxs4rxwtw8vukcwlfu5k7nh0cyc7qvzj56nr0cq8y8hnswpaq5zhlj32ec8pg2sluyu0khlqknrt93mvm7macjlx06llxdlewh753s60xk03j7qjk2e07wke0yx0m3nkr95qgml7pgaeulma77cmu2ewn8ed7atct8d8hkmfwkyce6l02mtpclznnnl0legtelqur4qcehjqr0lmvv0d0f7elq5qkqnyn8cqpnjkvmwdha4vg9rkkt0cgdm9f8aeswerd8nau8c3h3emn00dr6ne0skzxfv8vepqqyydjz2nqe940gjjy670syh8sdzrnry84htzexkd8py29s8ghpy7a6mh37r6vaaes4vtp0rk8yuhth7ulezcmmkrjvpkpffqsakdl9u47n3h4qwmleyav2ur3mlky05l784amjt9cclnxmh3x4az9uvav0t7w2ut8tjn332m9l7dr8x6w3c285938ag6qqc2fveufm5l4q48dh4eakack9d2lueuxl6wjv28w8av9a2zsyxnamwtp6yph8mtk65wh6vz5qqcqyaxy7m59ft,OFFER-1e609bb5,2302,https://bafybeigjkkonjzwwpopo4wn4gwrrvb7z3nwr2edj2554vx3avc5ietfjwq.ipfs.w3s.link/2302.png,f5dd0676648bffabaf014be939e856c359e502d1c29ae8afc484f77a5797b1aa,Soyjak #2302,name
XCH,offer1qqr83wcuu2rykcmqvpsgaljed4jrl6tyse7d20dxmsyuw0770s6mj2nxm2dmpza4d3nr9800aevh6u9jhww9f5qjhqlhlsjkd6wsaj0rtdpp96stgjzh0n6stfewftcjqvpsxs794t48murkafcflccxrw72rjfn7fyllpunt5flfwcrjujl8md4n4lkp95z2nr2jl3wrk63y8c44ypah87mm6hnga8gk9d60vznarlntvzkkzqllr0l9uspf28ltv4qf876xh707mll0lqundw6a4lh0djgf4n55dhx29umrdlhu09ddacmkmtwgvreaxjhyx4nxl707mljh7zkr335jrd3el30jrdmptesv7naytw05jcq09j6nmdk769la2f44amm463xjy40taz7z2nsdzjmmyrxmnuelelket4vdnhy4ufqvcsleatrvzxgdak96e35uxddfa4lnak5afmj9dkj4k7hcffhr70q3kjl7f56s7hjnvfk84gk054xugeuxps5avxqcrygpq0e6hcen40crxf382lnyd882usxj76pl5428c8awuhnawrhn2fkm5uaynma637wyl6y0xxy3fda6nn7kxjkdlhlqkykh4e9dh4ye2entwe2swkmv93xyuvxt5hyxj7c8kmmmv47um6axkchhnl4p2hyrxg8qg8dtwldrxjre046emy24d88tt6mwfcenhujkvrk646z44pzu0zxva65vem4genh2jym65qj07q9pd7w0puhlxrjevtnxrv00kahsy56l824wt2myeynw5lselrrnyn3lqh930f07pekvk2fg9q5t057kfchykt2gxhfu4tpve8xyktzf639uljf0fhgvut2g90tyuj6v4fx54n2dxzky5n9w4veyctpnfaynd23vfs454jjw465y4nf2fzk5njw2ev62ujehfy45ctz0eu52kj3v9jhjen2v976gdx8xnevfyk5ltqve885andn7kh55v3npcy8xrm34x5ycn844a9ghvh5ps5q4zf0eccvejffp9xv4um3f4cn8asgeums7dfg9ym8prhs95hjujqdp5x5aja5pr90qj070uspdehgwjytj7j5whel7qcpxre5z3hfvhn9xmryc0ll7xgtlf9z7n8623ukh7f5dermaxeuhft6xdg7fhd3q8g4ex60el757ur5ax8ull0egjmu33jp0ftxye23tee9zkd70fyknwj7t9a856neg4c4nytkd9vmn9nesx5hn2tekey6junxvfchrvn6v44xj6jfd9hyvu8k3rysadnrcv2z46gsmgxseevxqwwet9lumdy0k9y3yet8afvkahah9lmmlh03jas6zauzr2n4z5z7erlllyres2nw90px3clpqhwjyjgqrjm8l7atelw5zu7e4ett0l7deh9q4td60nhvm2m8dugyn0eav2uhva0t4h5d54fph8t0g55mk3h8tdr7wkcfhpnhf0n4jrxmwsk2h636kh644e0u2gqa5fl8lsvf7d820u3dh6mys4lum37z32xcdmfn6ats8xr7s84rp59genjm3m89krh6099h5am7px8srq54x5cm7qpepauurs0g9q4lu52kwpc2z58lp8ra4lc9luntyfttkx7jmrkl87ajp4mla092j7m89uc02klhh0l50jcz97mmxktqj7q5dlhq5wuw0a7l0vd78vlgncklw4u9nknmmduhtzvua0h5d3su03feelhl75dulswpcsydmaqp4l4hx8k8klv7swqmqfjgncqsmezxe0y86wllanzwkm095mptrxcr46uzkmvgznvlmn0vsph73m7hs7h8ps4jyvpszsxgg6vr5k9jr2wn9cw9jucp0ax9wjyrjxlc2awej9fzc5hpn5mwkz6xtjmuvkxh8fudfu7jahl64lhn7y0rlwcwgszc98yzz2mkx32nm0h7jdgnv5mclwetllm8mv7t7t87uyk7lx68zeh9ylsdnfr0zdvnh4erajh2uh06kevkl7dmtyu9tkl9yt0prn0mgtxhew9k74plm50jumazw9ptjl9d57efjn7sgwnet9gakdev726vfhswcam5009ljzsq2c5fprqcle9xl,OFFER-5e0f5bb8,2190,https://bafybeigjkkonjzwwpopo4wn4gwrrvb7z3nwr2edj2554vx3avc5ietfjwq.ipfs.w3s.link/2190.png,61adae62b289667e36a4a27b6b40916173683e6d008456de46bd1d4d377f9785,Soyjak #2190,name
XCH,offer1qqr83wcuu2rykcmqvps9u5va56tlpvjf9pl577vmgdc6g4ydjratkw7zpuflc55264vmxxs445lr3k2afc4xszwunulkz2ahf6r7fufdyyyl2pdzc2akw2pd88e90zvpsxq6zcj475l8swm4hr8hrqcdmmgwgx0e5nlu8jdwp8admqwtjtuldkkw8ucyksf2ud2rl9uwt2yclzk5s8ku7m002udr4axc44fas205lud9s27ccrludlchzq9dfledzkpylmg6lmlm0lalurfd8qlf7x4ng0y03p5pm9m2kcgmu5lj0t8qhwmhgk3x7dxh0ea4ed44u8lhlyll95xr8f5pmnn0qlcp3wgcmy9ms2llf74du9au9ww74phs6mns4hujdtynlev8pjk96fstqwc6xtph69h2hjdlqnzj789dhmdw8s7eks4tfk9tkte3q5n3h9rl2sk3zjp3mtq8xexesl5mlnnwa94rph3vhc5hwsayqz36ahh23xg4m83mj5v6qqq3ux3lx2ar7v4nqv6xuatcdehupgjx6tagtaj3f08lamzs0a6wwwexmw5nujl0hj8esnlq3y6cwx4ahjf0km2velalyquzulajthzwfjwlnldf72wkv2cmtdnx32wm96ksah67wdas4a4w2m2u7rly82vjvaqv9qd5dlu5v6cw9khm8v3t4cadt0twe8zk2ljtec0tghgfk59tnuqcnh23n8w4rxwa2gtd2creecqh9ncf6867uc0m93xwc9sd7m7lq6ntcajke92uhyjd6m7npuy0vk08czyk9a90787cj3g4y5jsdjj6l86uj3vfy64yjad4nyyejavf92yhnjf4lx4znaveq44vn72fs45ejjdfnx56jdvfzk55dj0f66nvtegx2mykj3j9ax25jewfqkzej4f9shzuv30fcezj2zffyh54nxw9jky4j3d4q5ngpucu60d3yj6nevfjyslnkdw066lj4jwv8qsvc0wy5k3ryvw4hu4zmjkjxwszsf978rpnqfa8yscznn78xhzumkpr8n0ne49q5nvvqwwzk77tsgp4xs6rstwnyg5vxflel7q43x9r6vs7d6j36hxl7rcycrxqwxd9j7v5lvv3phll7eevvpgfk5raelcvcctf356st36t45mvuz9a0tddt5hsuhmh80lw8alvgl09lll6vh8zvvjtk2p4x0vaf2py4yez8vfyx89j3facxgennfagxzlaywpf482dsfp4xu5mmkxv4ny23fps88yucdxlxjlnekfvhue82grrs3wr0cufz9eg6mqqs4mvdqkc9wrehxcjljnwk2rc7ly0dd5cmnnnsvptae96jpv8mh44mtaeeuwlelclxf8aq4yu6lzzxz4zfwdqgvnql8k9l9ahnla2y3an0nkcl8umrd28t775n9wah43wnes88hn6uhevcj7hhwc4g64r7wkjsewhap7wh6ru9vql0rxwku8t972kfrvhwa844090t2cc53pafme08pcaa625hmzaw9hf320ekrc9zhdkmw48pchwwyxavw6yrqw3089az7wtgylk7j00ech7zv2qkzezdeshyrnjztecrqwkt3fleg9quts5agl7zk8mhlsddu2mcle56kjk6n7t80nhw79ahzfau6epncvwhwwpuetk47aerkwxq9mpj68ypulg57m7l77mwvf730hdjunl2hv8nknm0wyet60vf083vajunnelelslch9ulsgp6nuqmf8p0udu80khuuu3szrtstjpn5zqdesh9y7aqeldh4uhgghlg73vhl8lf5nnfv7xl6ter78kf8swal6zjvmpmxgczqpqvs35c8fvtxx5ax0suf9eszuwfa8hz7u3h6hzjmrla8dvapkraa83g2xutnyn8j0dc5zxwdg0zef6ml6y3nhu8ysrvxjjpp6v8c3rqjf9d04kt84j6suau84nl9l2aw3lwky64lcf5cu5lt27f6dhpkm5f09gm9eje9kxtjd2my0glv5k7xwzukruwhueagrn9ce8d44j7mhw67380sms3hkuh7qj6fuxyl6xfcku3mdlh6nl45htnnegmts2ul6mzsqde55fayeu6tav,OFFER-9e58e490,3093,https://bafybeigjkkonjzwwpopo4wn4gwrrvb7z3nwr2edj2554vx3avc5ietfjwq.ipfs.w3s.link/3093.png,535e6f933e589393f7e53fcc732a043d3b3b025d94aac2dbafcfb007aa850d81,Baddie #3093,name
XCH,offer1qqr83wcuu2rykcmqvpsfua8jtnk69tk0gmelu377t0angnt2wesa4wefzva9akx6nl343e2lv33ltswfaee9ys2turl0cz2mh96n5fy0duy5n2p0zq2au02rd8yer062psxqcrq44w400swm48phmrsmdncgvfk0eqnl686wwexapmcwtjtved7hwmlgzkg22gv6074ewn2y5lz55s8xclmw0wla959pcahfmsjw58la0sz6cyr0udl7h7q9pg87d753qlr26lc0l0laluzj08g2a6zwal9eapckjm9h6l7mm74m5aytpzxll47usnlwwzjdc3qp2qkk3u4ls4suvdysmvw0uteszk7rjmutvz8u4wmkekczmxj63adaythljnlvta6ukreecsr0hd9qww955t8hlkde6nkj5v7mhux07egd0un63n0ajjtxlcta645l9at57xyv58f9t38vwdgtx6edl284kq5m2kt69ms95ew4dmlcjmuwu3heja8axfdns2xkryvpsyq38cat7v36huprxcm50ejk3n40grf0dqh624rvr7l0te78pme5yld6vw6fa6acl8z0az8npzg4k7afmlrzf0xlelctwje54xn4yt04k8r90hd7dv69h95h9aqpedhklq5llp8fjlwpda02dkyz7u0549fuqvfqafraevm45umg0xwe2ht36k57ua2t9ch0xkmj76sw6j4g2hygt3lg4n8w3txwazkqu6dn8tsqf0mqs8hleupjl7gz2aswqmaha7ekxrjmtv624edfvm9ja6rczlev70jy8vru28a0ls9x3jff9qnz9d7lme9zcjf9ggaamn9g9n9ucjfyf00ynn7dy98aejptgcha5nztfj4y6nxyg5erkw329hqv50ft9g5ujfjt8s5zqf3788x56gp8xgann37w8f853jfx95muj0z0fuhvhnegezhzunwwc4rm3p57azf948jcn9fpl8v6j7dkle25jekxq9s7ugfwzk2cn2072454r957q9zjruw9rxrrjwf9s9yhj04w99hvv8hpl8n2zp39c5rvuyd7uhzst2dp58qknxgkgyvnaj0lplzvy8yapcc40ra2dml87gqqvclvs29ae37g4rtvlrln7cupy4a5qhap6nxa873msjnh4w0ld7vtm9f9gpr4rnax7n7t2wnfey6m0llldl9z20jxk294yv6n32em8vjn6tef857dp0fc4rqtpwx6kj4n3heu6uctj2xlxjejfk9vhz3tkw9rxyete4eskvjj4w9q4yst9vrny3kgw5eeuxpp6lyqv5rgvukzszs2x8dwra58t0mfpaze68kmtltzwaxc5s48px4npje8nlenn74gahlhljpug9fhzhsnyuhcstnfztygpedn0awaulh23v0vmu448alxumjs6hk4xemkd4dmk7yze4u7h9wtxvh4mm7x225cmn4h5229mgln4k3l8tgymsen4he6ern9kgt9mlgatte267hk9yqw2xlmlcxy0xn487gktad6g2m7dclpg4rvkl5euw4cn3phfr73qcz5deedglnj6plahsjm6walsnrspsw2n2v9lqyus77wqcr5js2l72pt8zu9p28ls337mlczuw6w0x2p4mer8e92tgnz6hfaj93a9aknulerwa0fwwvmdtt8wrdj2zrkr95wgre73fahalaakucnazlwm9e874wc08d8k7ufjh57cj70zem9e88nlnlpl3wtelqsr48cpkjwzlcmcwld0eeerqyxhqhyr8gyptj8c7lpd52ea63dhfjehf0tjfxy7jhlcl623ryclngtmlwlpealhmp3a9saryyqqs3kct2vryk4az2qjta7sju6q3a9ltxd4gklpdnnuw2u7kkt22lk4rqdtax5mamhffej2lefdke7lrlelz8304v8yg9vznjfpft863z7djymwelf4tgnxena9ylx8vl2khvhwj0mj5lw28aarmymwnpau9amhunwlw9eh07d04rhenxqwfzcjmkk6u7m73pefc70e29a0eje03va37nzcwacneh9tt0wmtell4l3nu7aupe8nccx3yfuya7jdgx52rt6qzhfnxgt7jrdx8,OFFER-a332e9c0,2317,https://bafybeigjkkonjzwwpopo4wn4gwrrvb7z3nwr2edj2554vx3avc5ietfjwq.ipfs.w3s.link/2317.png,2d6a74832c59ef38c505ed864cb42382935bc039f6ec53e44d949bd04e9e6916,Soyjak #2317,name
