PP,offer1qqr83wcuu2rykcmqvpsxjemwt4stmxr9et7n86m7nrzf6nl9300j47pzyr7ym58nugndz5mxl7knuwxet48z56qfmj0n7cftka8g0e8395ssnag95tptkeeg95uly4ufqyzpypf4u8kafcf7cuxnv7zrjdn7fyl7punmkfhgwurjujlxmd4nhl7q9sz6nrznl4wr56398c49ypak87mm6hmfargx8d6wvxnaplmtvzkkqqllr0l47spg2rlnw6mkta403l7llmlsyfuer432hq5ud7yhnx6033dara3a8d7ctuuh4xrgnpdmg0zu9rlavp503l7lu3lshsuvdys2ww0utucy6sas4nm93xj5m85u3pt8ke48alcchhsdptjhve634c4ny4jhmhyjcxqj2ur6n050u8palkzrjyvhu64vc6xmtxnnc0dld4t7x45e9n9hawd2cw3eznhdfpml30aquxmvxu0t5qyl7t99dn764a3vdkulf7u9vl4utntn9j2d8xrk64kpqp8mdzf7fxntagae47sjxf9e2x9w4metn7kdtn8cl6lg0xmtg6emg02cc84jchuu60r5jdkcte4duww62wdu3wly5tzm7h7m04h5cl0mg0ld8p6mqxguxvxqezzgrxwlsx5alzpfjvf67y6ngfa7yp5hks0a9237plth9ultsau6jdka88fy7lw50n3873re33y2t0w5ul4354n0alc9eawrj8m7mm5tsw7g7ef7edr7kxmav2ej638zt9k545lmh7lqd84nwugtmeljs40jp3yr3y8k9h0k3ndpu464vak92knm44edhxuvcm7fmxpmv2ap2cs3w84r6dk685md50fkmfzdk7q38lyzqkl08s7tl3pedkperrk0hmwmcz2d0n32h949nvkfhg0sdl43ejfsls0jgh5l7qumxf9y5z524h60tyutzf949r05wg4skvhnzf939avjw0eyk5l5xv9a9zh4jvfdx25n2gea8rzd9w9veyajfkegczjnpdx0xuln62xeyny2z0fmxnp23se56ukd70e8y2atptfg4nzvj094y26t2v94yzldyxntjfuk5jtzw45xu3n60ekelftjtxgeq7ztnpac232zdfh627j52kt6qc2gt3qhvuvwdey5qsnwt7dc56upj7uyu7dcwx55zsdns3lcjct30fyxscr2we26q3jlsf8l8ugqkum58tz9c0d2htullqgqnrujpgl5xtejjd4ju8lllrq95a23g57mxalklmrmmhu7dh89nxt3vp8w7n5jhl7kt5mt662ke8y4dmhll7dh9zv0j8k294xvksez85mj2036e5hvg23ccf9rmnfweuk56s4xxvunj3pd8ykz3j3vfu55dnelf3xv7t6def8v722fg39nmnwgrrq3wtwccf6xeq6myqg5mgvshdj7e77mht9t448ad2rty0naeh7dah5uc37y5nmz22qafvyymmy3f0l078ejs8f4f8xhc34sagjtngzryc8ea30e0dull23y0vmuak8elxcm236lh4yethdavt57vpeau7h97txyh4amk92x4gcnuy5xt4lggnuws3pcq8mccn5yp7egjuzgm9mhfadtet66kx9yg02w7tecw80wj497cht3d6v2n7ds7pg4mdkm4fcw9mn3phtrk3qcr5gfuhgsne2p87s5em7w9lsuzkdskgnwv9equus67pqer5yu20cjpg8zu9828ls437alvr3gaxr0chhwu96z2t8lany0me3t77x4s7k55hmkf65v3jr9lvk2sqr3r95wgre7h3l8alaakucnazlwm9e874wc08d8k7ufjh57cj70zem9e88nlnlpl3wtelqsr48cpkjwzlenxwhu8lc9hlel7jpsdcc8derxprvfex4ghckxm6gvfw33l05h3768yw7alnetvr5jv9q28w944almz9yf4kuzswl0gjn982raaj0u73vhn5m2uk45n4m4n74mj3xuwcrejxqsqgryydxp6jkzrfw42vd64f38g4w9az4g4524zk36k25seg8l4td2sz6fpn8h04883476dz7x6mny6jzdcga33n4s8n884cxcekcemz6mk3jkpdwpalr8tng8ykdxuxvzgwlhj2vzwamzpmkthdxwm9cuztweesqr7rg4hwwd8m7p94fyfhfkhffgx960kv9a44zuyqcuwth8ukxeet7466cah7rl0u544ancmd7t8jjnhv0td9p44l5dc68an7vv2pdqyc8kzafqrwtcdkfe0cll0f0sda3mjjgcc025xpml25ad0z3llz0t4uywhph4m28ph6nccjawfqj8hxv4n74dcajq0s34wn8hr80thlslpu7rkh88ag4p66ws0rd4a99rknelgeak6wah678nrr0w79agped0kkmfhm7stts8reasrqyvn5vqfaemrc
PP,offer1qqr83wcuu2rykcmqvpstnaftx36c2h6tjkym0asya85y2j3fa0kt99r7dkkj47quznw0360dwk4s7nnkj7fs5ksz7ln5lkx24hfjz7tufdyyylvp4rcwux22fw80c4tzqzq5gs2d0qahtwx0wxpsmhksusvlnf8lc0y6uz06mkquhyhe7mdvu0esfdqj4c6587tcuk5f379dfq0deak774c68t6d3t2nmq5lflc6tq4a3s8lcml3wyq26nlumxkajud0alahl7ljqahpjwgrx8clthv9uhwyuwe6f6nxwdse8k79pk46975z2m9tx944e4503l7lu3lshsuvdys2ww0ut7cgd02507pafhlahcdx44l9nach4347pavkudh3erjkj9222aepd4ruqyrav4plrlsuupu857rrwntwzzk2a4dczglvzv837xjs6ael2slaa7nj0l7x3fzn80fpml308za7k2yrsxz9r8x5kdeh57wtp3d07u6lz88550rx62nfnfh3tcsqudqs6rgxqtn8y860kn4ftzs6akznkv53uejfnt06v3rdxkkdaeln5r5tzs7fqmak4xtt7t3vvqf2j0lhzljhxj0wta3gl7xmwf7tnv7rh9cvdlfas3rsescrqgpzv46wy6m5ug9kd3hgcntap88cs2jw6p044wxg9a7lhhuwphnff6my6aujm3m37wvl6q0kzy3tde6nh7w9j6d0nlchen7jsln9cyxt257n0t9073978xu0mqmrs3zv5apnex3f8rkhgj3tgkqhhnl4p2hyrxg8qg8dtwldrxjre046emy24d88tt6mwfcenhujkvrk646z44pzu0zx5ld5df7mg6nakjymdcpj07q9pd7w0puhlxrjevtnxrv00kahsy56l824wt2myeynw5lselrrnyn3lqh930f07pekvk2fg9q5t057kfchykt2gxhfu4tpve8xyktzf639uljf0fhgvut2g90tyuj6v4fx54nxv4y45hj2dxnynxnfjet855t90fskntj2wx09nzd3te98jjv3dxqez7d9v4skjjjfsedyyud3n9vk5j232ex6gdx8xnevfyk5ltqve885andn7kh55v3npcy8xrm34x5ycn844a9ghvh5ps5q4zf0eccvejffp9xv4um3f4cn8asgeums7dfg9ym8prhs95hjujqdp5x5aja5pr90qj070uspdehgwjytj7j5whel7qcpxre5z3hfvhn9xmryc0ll7xgtf6dtcv6jkqht3fuc9z7778d0207surhez0h6a74st90rx6j6wwy2me8ll7n9ecnryjajsdfnxy36mvpz55uv20phhu7t72kehs5z0te5yhgjfwfvxu7m7g9emskzmwa5yjemsg3090xmsfxh4rgretf5d4qx8pzuxl3cjytj34kqpptkccp8v8faf0lr0ftnyltxneaj79c66vv75awmz6kfghk6m2nhd6h23kdz7hln7eqz575n3t6fcqv5f9e5p9jvpukehuhx70l4gk8kd7w6rulnwdagatm2jvamk6k460xpu670tjh9nxt6uamr482yvf7z2892a5vf7rgcjuqzacve6zqlvsf7ry9jal5w54u4adtnzjy84r047u8zhnf6jlyt4ukay9flxu0s524kmd6y782uecsm43mgsvp2xy725vfu4qm7g2vaa82lc2pmxcr9fhxz7sxwgd0qjv36z2987fq5r3wz34rlc2clvl6plk9qh7j6zyxchqhxa77xg7hhegatnu8707x0hnmmdlg75y3a02wuw8hvxtgvs8mu0r7lelnmda3hc9kak0jla24s7w600asj90fan9u79hktsw88l87nlz5hn7ps8283rdyv8lmxve0g0lct0mnllytqm3swejxdzzcrjd2304va45sejerr7lp0ra572a46l8jk68fycwqyvud87lxx8lltxhf50jxnln73ed7rl2wf7yarrkjdlnzc9j3tymkedtye8v9uepqqqy9jzxnquftp3kh25xza25cm42nzw32ut6923tg4292gu5rl64j4gpdy3ehm8cnmc6mdxn0rvdejdfpway2ccm6srenn6urvdmgvand96gatq5hqll3n9e5tjtxnwpxf98tmf8xfxwe3qlm96kh8ajuwp9nvv6qflp52th8wnalqzc56ymsmtk5urza8myzk663wwpfwdknwvpalfs46p54m06ylh8233nk80zwl2jf7udffr59m6edm7a07yan8zqdge9p4s8wgcmys7er0dxu9u0cj0pnv7fqn9e0d8ran9u6u7w8dwg4wtm3ymxanl4kuwulfw63wta5zn7hvs6h49h043wel3rhuf9vjw8pmal6dj83decu52rt2f2mmmuhkmslex455lrz59yl93wc7lacekw8afzgedhd4fx6j0gepqqqfzz8vqn9rse7
PP,offer1qqr83wcuu2rykcmqvps8ju2p4hp8j6vxcrpffja2he7e92l8zu0jet4u8cm7e6rm5e04apfhfwknuwxet48z56qfmj0n7cftka8g0e8395ssnag95tptkeeg95uly4ufqyzpypf4u8kafcf7cuxnv7zrjdn7fyl7punmkfhgwurjujlxmd4nhl7q9sz6nrznl4wr56398c49ypak87mm6hmfargx8d6wvxnaplmtvzkkqqllr0l47spg2rlnw6mkta403l7llmlc9hw88rlmth05853vna07egzn7ymr3k64aw79d3zmnumkvucye9qh0tv0plale8l3dpse6dqyuulch7s0nw5ja83jlftw3apl3vsk7at3ak0plhlmh7d7h4r4lmqjmj3t3vetzyw9sae5mr68ehcatpmm9chmpnuk7cjzaxtl9nha4qc433drrt9r9ja29dknf54frh5salchfn4d4efg2t59f7m9ge2lr22a9hz7m6mmw2p9xfz7g7vuultu4yh3sdz66lg9p79u6ps66akmwtljsvaaswkmna3maaur0nd30xehnlhhw5g7mauky5wfwnm4k0s0k23n0xw5rhclxlc7trk00e48jl8evhtwzepvw9wnnwslrsescrygfqvem7q6nhug9xf38tcn2dp8hcsxj76pl5428c8awuhnawrhn2fkm5uaynma637wyl6y0xxy3fda6nn7kxjkdlhlq49jaztl2lwnr7ujczyc705nlakj7zr2nm7y62mdxtmsegazadald6k7ttc0usafjfn5ps5pk3hlj3ntpck6lvaj9whr44dadmyu2et7f08padzapx6s4w0srzwkuxuadcde6m3rdkaqm88qzuk0p8gltmnplvkyemqkphm0mur2d0rk2my4tjujfht06v8s3ajeulqgjch54lclmz29z5jj2pk2ttultj293yn25jt4kkvsnxt43y4gj7wfxhu65204nyzk4j0efxzknx2f4xvut2veykj3j9v4p95ejx29k5j72e4xvm57d20fgku6dk2xs4nfdfkfdy6ajfn4exy3t3dfy527jzf45ej6dg8nrnfakyjt2093xgjr7we4eltt72kfesuzpnpacjj6yv336klj5tw26ge6q2pyhcuvxvp85ujrq2w0cu6utnwcyv7d70x55zjd3spec2mmewpqx56rgwpd6v3z3se8l8lczkyc50fjreh2282umlc0qnqvcpce5ktejna3jyxlllm89nyfq69a5d4fq6drrh806hhh63wdvwd06u2vf959xm765jagf6tax7h5lal4xth3xxf9m9y6nxwf6htq2esevhvj24s4v527dpfx2h5jnfhffymwjf0kg5j7nzde9yvkn2d9662uj2wx3xjj2ehx9y5nvkfrnyp3g2hfhuwypzu5vd5qggak8q2h7r0h4twvlh4n8zhdvleza8wa67huh3hn23gmfauvcw9aw7v9nxsrsq20uq6ptee4792cp6yjy6qsckp7l0t7tmd8hm5dztzll0370esx2hwnuatx67mttze8mzwtwh4e8nea9atw9j2a46zy8p9djdf6zylr5y2wcq76xylpsdkzy8zj7cw4mld2wt7j5phfzr6lkz6wn3mn49t07x65twhzulnyxsw9w6d7a2vrevu5faccd4gxqazz096yy7wsfu5d8wlnfdu8q94v4jyljpwg08yzks2xgap0rruys2pshp06fuuddl308reylcv9cvz3umd4qat7wu20v2ah26v7sdpdgr5m56r3dwdhjtdjheuqt5rp47vrp7helhmlaakcenaz0wmdchc4w600dhj7vfjn477jkwz369l88jll73l37fehqqp40cpkn7xlenxwhurlc8hlc0cj3sdcc8deryprdfex4gh5kke6c0fw3pl0u536mhzwx7lmetvrvsvdq28w9kra5ddmjvzpyk7ctc0tuaxwf5uhl4w7h9vczeau7njfkda72ylqmk046yqfuk7ppvydjzzns7ftq3jh2kx2a2sct42nrw42vf69t30g4g92fu5r064j5gpdynehm8cnm66nvxn0nvd3jdfp7ayzecl6qremj6crudmqvahd46ga2q5hqll3j9a5tjtxjwpxe88t6f8xexwesqlm96khxajuwp9nvv7qfapu2th873ahpzc52xmcmtk5urza8myzxc630z9u44upcheea8p6dawlken5d8wand4tc23cu92cha3a8mmle87pnjhl7yanhqqdfepp4s8xfca2arwp4p2dk247avaklmxvcwv3w46l9fztdxnryes8u3m8a9kn9jw7lu08m0z8l602nmh3wn0laata4l6ctpa8z397df6d6emlxe96xlyk5u4nlfdww8xl4mhn44km0cl25eenc3lvm80raat64mv9hxc7knklqxjhqpanm8zmnwhyfd
PP,offer1qqr83wcuu2rykcmqvps8ntrhhce0nl4kcz4ydxa7zw5676s7xqyxelkctl5f6fweyshjpejjv06urj0wwffyzjlqlm7qjkaew5azfrm0p9y6stcszh0r6smfexgm7jsvyzgz32qfd7nsaaeed6cvzxu68s3elarl8rvn2sdl8dc9jvkltmdljpmx99yxt882ulf9z2l32xgn4v8ah8kl6jjrsu0tkag28wzluhcrdvz3h7xllrlsys5pl2l4nvlm2tpllllkluthch4kg3xxfd73mvplxwrlf77nluuf7cfyr5uenhesxdkwhr66uaamt36u8lllyml4kxrxfspnnn0pluprx4l8vu57wwp7djh2krn7h3cal7kaluhzmahu5wwnstm367huhqnzn0qgrdfd92jwpp8nama5mxvf67zrjrs76ct0nafu24ml79m36hrnrtx06ktcc336k53amc0lstm8fda7kjxqeqchllm3cyqd6quv0754ul2cwqml3779uf97t38u2rkj8ug8772hu3qwc08tjl8v7exrptevk3zyugl2mdjjtys6vepzkjx4747rjkk7lvx6uj3t4kg6j6g47nlylslketaunn0knyjca932jamfef408sf3c0qgpzy56xy6l5vf97vpngcntaph8cstj2mp0490xg9dullhu2phhfeemymd6jtjma77glzz07zynt9c6hk7g96mdtn07h6s29w00er9vtgfk5h9muma0l74k8ue334nfh720h9m7q83rhyucupdy9aulag24eqejpczpm2mhmge5s7tawkwez4tfe667kmjwxvaly4nqak4ws4dgghrc348mdr20k6x5ld53xmwqvnlspgt0nnc09lesuktzuesmrmahdup9xhe64tj6kexfym48ux0ccueyu0c9evt6tlswdn9jj2pg9zma84jw9e9j6jp46092ctxfe39jcjw5f08ujt6d6r8z6jpt6e8ykn92f49vcn90f5kvaj72eay5jj62ezkzmnj2fsm5an20evmnqnx0e0xjj2jveey27vkv9r9nf2e4xu6u32eteg6j7jztkjrf3e57tzf9486crxfea8vmvl44a9ryvcwppes7udf4pxyead0f29m9aqv9q9gjt7wxrxvj2gffn90xu2dwyelvzx0xu8n22pfxecgaupd9uhysrgdp48vhdqgetcynlnlyqtwd6r53zuh54r470lsxqfs7dq5d6t9uefkcexrlll3jzau7en8mwm754tzetmwn06ukj2lpckjnwh00dadwxur2jvav7gphwt3e7llhu5e07qceyhy4n2v9senwjfwe6k54nen9hxndj2d4m9rfj3dfveu7dpfx74zcj30ecc552wt9uej6nevec556je0f55j5je0xuvusxpp6lxhsc5yts33ks9pnkc5papl4ddv4kdh5trmsdfwd0zjl8nkf5548hme7h4dknx7pd73mredm0l070myq2n6jw9038p3w3yhxsykfs8jmxljumel74zc7ehemg0n7deh4r40d2fnhwm26hfuc8nteaw2ukve0tnhvw5ag338cfgu4tk338cdrztsqthpn8ggrajp8cvskth736jhjh44wv2gs75d7hmsu27d82tu3whjm5s48um37z32kmdhgncatn8zrwk8dzps9gcne2338j5r0epfnh5atlpg8vmqv4xuct6qeep4uzfj8gfg5leyzsw9c2x50lptranlcyys035vf0fa6mhn96wz7ku6rqm97fjnmym58x08a244wesngwhr7cs9hvxrfus8ra0rl0llmmd338697aktn0e2as7wm0dacn98fa49vu9nktkw09l0lrlzuhn7qqr2lsrd9u9lnxva0c0lst0ljleyrqm3swmjxvzxcnjd230eddn5s6jazr7ledr44wvadel8jkc8eyc2q5wu82qh7tuj7gv0frexhaheu52cc85hh69zl2ev0j5tpa93ekpj64qt2x5kzuvssqzzxmpdfgfy4ng429dr4v4yv4643jh25xza25cm42sz4872pha2pfyqhjtumlncgaad3hrdhejxgexus0gjewurasruamdvpwyas9wmk6mykhqwtstlcczjm9m9r28ynvnn97yhju38umqtujltnsw30hyje5x0p56sk89nnlg7ms3yt4rd5v4n2783xja6qnwdq4sskxlnd0le75zu07mj3ua2eladlj2drlvgkhec9v672alh5kyem2h7flxwyqjsjwrmqw5s35en9v50048uhxf9x9x709wcwdwm7keh0jhkfn6wwstyajuckesg26lfkcamc4klnkk6l9tlu76fdrtudnzvt8x97972jgttjkltqc5gup3xx6cn09n6m5k857wdu78yn37lfjux8ampt4a7un25vwm889hxm0d3agrsqwh7jkuqxv2p3s
PP,offer1qqr83wcuu2rykcmqvpstr065vs26fa8rglsgykgm274uuy7eker7ldhpk3da0awdaldugmf6xnp74qunmhj6fq5kcr7ljyakwt4hgjq7muffy5zlyq4tc7ux62fzxlu4rpqzq52sz00yu80ww0wxpqehx3u5v0hflacty6uz0em7pvnyh67mduc0e3ffpj3c6h86tg6ku23jyatqldeah7u4sc8r6ahtz3mq4ldlqmtq5dhshlcl7pvyqt6hlvmx77jcdlllahljl7rsv3klyp0xgdtr0qjw8f74rkda5tht3ehdsk8u984vzs74u9frlwpmlc0l07fl7tgvxwngr88x7pluzq788cn6jt5hx593l6dsjhvdl2906ygwpczcullr8460u03h6e3xv4cxqdd2hj683damvw0anpve8umuvhrulp0dm8t4exskjmg00e54797h83fnzxhf6j88fpllp0nttwy5rvj0ka7vv77xedecyh64kktfux5k0zed6e9hm0heurm2trsgkz8n34fe3mudaw6m2sgzsllxu982jrtk6tkmka4tfh698r66ayk3aa5w98qf8dttd2e0dpf4std6w888jt5wp62kwmwtwjhlerklhqjt3tedltqxcuxqxqez2frz00jxy7lxqe5vfe7qmnvf9ayd5hjshl9zs78lmk9slm5auejdkap8e97l0y0np873zf43uftt0y6ldj5enlmlc8th8ugkgea8mpcjpmhrxl3070a5wuk4utkgsycjnlk3ah2jn9gttmhxstm37j548sp3yr4y0h9nwknndpuem92aw826nmn4fvhzau6mwtm2pm224p2u3pw8ap6dh6r5m058gxmf6dk7qp9lvzq7ll8sxtleqftkpcr0klhmxccwtddnf2h949nvkthg0qtl9ne7gsas03gl4l7q56xf9y5zvg4hml0y5tzfy4prhhwv4qkvhnzfy39aujw0e5s5lhxg9drzlkjvfdx25n2vef8jy23j957uctwreclv833l8zjykwew9mz2jvkr8yuzmj2dfjjv7v328a8z7gx08y423tew9y55jn2w9nz50wyxnm5fyk57tzv4y8uan2tekml92jtxccqkrm3p9c2etzdfle2kj5vkncq52g03c5vcvwfeykq5j7f74c5ka3s7u8u7dggxyhzsdns3hmju2pdf5xsuz6vezeq3j0kflu8ufssun58rz4u04fh0uleqqpnrajpghhx8ez5ddnu070mrs9wrj6alflrt8luj4hxwlreatz7uu5nre7wtkqdmanpjf9nlel6hg00slal4xth3xxf9m9y6n9kf495ct6w92cvjnp0krxn8n6ger8ycvft9n85kj7ten8yhj70f4xz3j3dxsejjnen94yylj7f9chz6vf4r9yp3g2hfhuwypzu5vd5qggakxsdvq6hu4lvx6f0l0eeuvtudktd66esavegp7e8v2ac30w4kwxt6f4l0llelvsp202fc47yl7t5g9e539jyqukeh7hw70m4gk8kd726n7lnwdegdtm2nvamx6kam0zpv670tjh9nxt6aalr992vdf6z289za5vf7rgcnuyzdcve6zylvsfkzy9jal5w44u4d0tmzjq89r0alurz8nf6nlyt97kay9dlxu0s523kt06v782ufcsm53lgsvp2xy72ywfu5ql7cgv4a8wlcgpm8c89f4xzlszwg00qjv36zg98lfq5r3wzs4rlcgcldlup2txflmw0jc7vkt2mjrj6ww07umr2tqsdnk569yc0dv74q03jl2ynffwcvkspr0lcwra0nl0hmmr03t96vl9hm40pva577md96cnr8taatdv8ru2ww0all9p08ursw5rrx7gqdl7dej7galchl380lg7p8rqa3yvm58s8x63z02etffdn4sxha7z7hefy4m057d9ahwkgqcqc7c5kagjsn6pdlgflfm2zltnczat820pdys7rlunp5lxu73gmh76rausjctejzqqqgmyy98pujkpr9w4vv464psh24xxa25cn52hz732s25negxl4t9gsz6f8n0k038h44xcdxlxcmry6jra6g9n3l5q8nh94s8cmkqemwmt5365pfwpllrytmghykdyuzdjwwh5jwdjvanqplkt4dwdm9cuztxceuqn6rc5hw0armwz93g5dh3khdfcx960kgyd34zak9eeheu2a5cusr7wlr7e576wtt4x5anr70al400r8gkh60964lhyaeuglnrzctgpx3ash2gqmtdphnruu4zxrkat52z6cmeh272fev6pdxhsm0xl7334arhxwu0w5wm6u23et5jtk74gkkg7dz0gedhahxne8vtefa5ua4l8p09mcm52mknhv43a6nx437lfjwzfa9l50ym2m7pd9mmcru43l5608z4nl08defeah8mygqqppz9fxdyq9pdf
PP,offer1qqr83wcuu2rykcmqvps0n8xmup7tlsnf4hucujg9vx2s5nwlqhlwmthgjzm6cr3faafak656vh6urj0wwffyzjlqlm7qjkaew5azfrm0p9y6stcszh0r6smfexgm7jsvyzgz32qfd7nsaaeed6cvzxu68s3elarl8rvn2sdl8dc9jvkltmdljpmx99yxt882ulf9z2l32xgn4v8ah8kl6jjrsu0tkag28wzluhcrdvz3h7xllrlsys5pl2l4nvlm2tpllllklutmqjmm4ec9lhrc693dtr6v48jtxj0thyxmccnr3lkhkcaak0ju2m3ljzp5el4hxrxfspnz8879ly94g2y0xk5m6r6j23cw9m7z8w6dhms0wudh4a9kkekced8wu9la2acpw8zcpd8xjv4kmlw6t6lp5fsn2vlamteul9gz37hz5elakd79edp9gmuydumg53fnh5salch7plrphd7zxklfs8dje3adac9hfml8d4w3zljjc9n4r68lu78e44a6fcqlh2zvvl0emw8lh4t7l9mv9l0v56kjrt37d5vajfux3egdj6vk7a9dtv4t323v87u8hhyex3k64cw9ljhah8ye9e5rp857l8q8mfkf7xt5ca3je0qnrs7qszyff5vf4lgcjtucrx33xh6rw03qhy4kzl227vs2mell0c5r0wnnnkfkm4yh9hmau37yyluyfxkt340dust4k6hxla0kq9v6y0q2u9cs7kf2ksdzlrt7cllm5dpmv7977uyr62ahvq46w74tl6p0w862j57qxysw537ukd66wd58n8v4t4cat20ww49juthntde0dg8df259tjy9cl58fklgwnd7saqmd8fkmcqyhasgrmlu7qe0lyp9wc8qd7m7lvmrped4kd92uk5kdjewapup0uk08ezrkp79r7hlczngey5jsf3zkl0auj3vfyj5yw7aej5zej7vfyjyhhjfelxjzn7ueq45vt76f395e2jdfn9y2n3c9ayvqt3uf99uc24dcg4r4jefy23r6wp0ehryuwpfem92jnf092kz62689cezzwej4yaj42j99vlut3acs60w3yj6nevfj5slnkdf0xm0u42fvmrqzc0wyyhpt9vf48l92623j60qz3fp78z3np3e8yjczjte86hzjmkxrmslne4pqcju2pkwzxlwt3g94xs6rstfnytyzxf7e8lsl3xzrjwsuv2h374xalnlyqqxv0kg9z7ucly234k03lelv0qlrlg092v5aupxvhj9a8x0krewt85sw49vu8v7kets8q77lkyrm97270lh75ew7yceyhv5n2ver95unx0ejk2enzdesctx2fnfvkysn6tet8n926dfey6unxfe2kusjw0kcc5kdd099y24t6vee9vjtajfyw5sx9p2axl3csytj33kspprkc7p2vsen93yrmrtlfm77qds0f0ud29d3vr9u04c98w0at986dag7308e78l8ajq9faf8zhcnhcxgjtngztycredn0ewdull23v0vmua58elxum636hk4yemhd4dt57vre4u7h9wtxvh4emk82w5gcnuy5w24mgcnux339cq9msen5yp7eqnuxgt9mlgaftet66hx9yg02xltacw90xn497ghted6g2n7dclpg4tdkm5fuw4en3phtrk3qcz5vfu4gcne2phus5em6w4ls5rkdsx2nwv9aqvus67pyer5y520ujpg8zu9r28ls437elur50hmu8a32e55470caeltejuaah8hv7j7jh3c5wh6lpuvjja6x0fw7txp9upgmlwpsltulma77cmuwe7383d7atct8d8hkmewkyee6l0gmrpclznnnl0lagmelqur3qgmh6qrtlrwvln8t79lupml78sfccxvdrkap5qek5cn6kt62tvavp5ltshh72g9wma8nf0dl4jqxgxxj98he0p3n0l8nrwwz432h5ujyf4q2rhujeqkgametlzwfalv5ddd03k2xp723gxq2qfprfsw55qj6m52hz732526923tgat9fr9w4vv464yq23lazm65qkjggedlaeeu9wkhgl3k6uez5gnw28ugv4wpucflwekxphxwcxhacd9jtts08cf7u2pedjenpnrjtkdcjmznmwgjwdsalfr5e78qkmkgvcrls69fmrjf6ls0d6gz96ah6z2p40renfwdpfhxs0dm64a9w0kglnyn72dt4ugr40xwpw9mm0ef8rafd4n93kt7hzch4vpe49zy2utsqx5uss6crnyu03p66695dhnccnzz0gl7wh80j27rq4mhtn7hen0wmchd9zjtdvtnq9923m6950fn6vzlmfxf8a9lxxt3lc26yvm0e5uzuvhvvrlstmkptm95hsnlme4k6vthh5v0hg2jhafktrz03mmu7nplktnjw79kht4pw6z7vkqpc0lj0pshsluv3
PP,offer1qqr83wcuu2rykcmqvpsrjlje9wm08nr7eewzlpad57nattn209dtel8pphgs5wdrlhhfkxew0ke04crywuu6ngp9wpllap9dmsapmyk8k7zzf4qh3q9wl84pknjvshe9qcgys9x5sjm48plmrsma3cqdfk0fznl687wwex4qmuwmstyed7h7mlqrkv22gvjw74e7n2y4lz5ys8wclmw0vl4959pclhf6skw59la0sx6cyr0udl787qdpgr7altxe0k57rlmll0lshxxkght0ahxzwpefa5m2el83ztwla6lth6a9lsa7hw0hks5mwdsa9fyk378lmlj87z7r335jpfeel307q7t5ue2uxfp0mkey7rmln0543trurhj8hsrv5evep55n7jjqwvv85nqcrdfyl8f7evcpjvfzfwue3mrvej60npum96uh4p9a5gte878p26hn37k3mrt5dfrm4sllqktmcj70yl7v579s9dc5rfh6ctpud96tv7y6mnetjpwhk5zx7a3u69crkz8e4falfgltcum8srs09mz48a2h7l6wlnagys066w5l2f7wzska2etkedfvadjs6sh0m5mgdymhh7n5smj9kxc2vmrxawx3e88l4aw3hcxhtpc0sd3cdqgpzy56xy6l5vf47vpngcnmaphxcstjgmf04p0k299ullhv2plhfeemymd6j0jta77glxz0uzyntpc6hk7f97mdfn8lhusyl4h4lm3pktv7p3ejdugk0h4kjm076cdr7f6jalgf2578j70hawwqvhqlkra9f20qzzg862lw2xad8x6tenk246uw548hhgj309le95uhh5rkyh2z4exzvd6t5mt5hfkhfw5dkn5nvuyzt7cvqam70zvhljqj8vrcxldl05de3uk6tyj4wt2txevl0s7q87t8nu3ptzlz3ltlvpf5vj2fgxcet0n7wfgkyjd2j90xue2pve0xyjdzteeyulnf3flxvs26k9l9ycj6v4fx5ej6f9vejj2p2fsk5knf0fl9jeje24z4u72ps9gc26dk0955vud6dxagjkd629ukycne5255jetkwf48v6dp3y7ugd8hcjfdfukye2g0emx583dll23yx03cqv8hzztc4jky2nl64dpgf08cpg5slr3qesuunjfvpfpurlt3gdmr3lc8eu6sswfxyql8pr0l9c5z6ngdpc95fj96qrylunlswcnp3e8g0x9tga2n0lelzqqrx8myj30xv0k9gcm0elulkysv7c4m3vpzl3u9r59y0ekmm5l727ldl2g4pz6end70xru4nx2es6dwlnlm72vhlqvvjtj2e4xrzd3jfa8562kt4rxy7t9tf3ynzteh4y4rxdwdfymn82kve89ycnek989zud4ffsmrw2kwef8nvdj09u6vj8xgrqsa0ntcv2z9cgcmgzsemvdqltapnpet8u9tgxlmhu7uh04hum0rtvffzgc46j70wrle599rl0nu9glllus3xwzdc4u5m088g96yny6qqckfll0t7tm9xhl5dzt2ll03wdec82nwnuatx67mmtz3xmxwtwh4e8nea9ar09j2d46zy899asdf6zqln5yz0cy76xylqsfkzy8zn7uw4el9twt7zkphfz86l5zj0n3mnh9t07x6yfwlzuln5xsx9w6d7l2vregu5faccd3gxqa2z0p65y7wsfu5a8wljffu8q94d4kylspwg08yj5s2xgaplpr59swps4p06fcud0l3wlr3455dzr0ztd78vkhuhcwnhcatvuh56hs3ugclmhge7y2a9wtt8u6cxhgxrtucxra0nl0hlmmd3n86y7akm3032a577m09ucn98taa9vu9r5t7w09llarlrunnwqqr2lsrd8udlnxva0c8ls00lsl39rqm3swmjxgzx6njd230fddn4s7jazr7lefr4hwyudalhjkcxeqc6q5wuss767kgkaea3hh89ar5lkddwa8ylc802j4fvk76m2w6yc857e78slqlygsrq9qvs35c822ggdd64f38g4w9az4g4524zk36k2jx2a2jp9gl73d42qtfyxv7l7uu7zhtt5tcm0wv32qfh9rkyxwhq7vv7hgmrzmn8vrtw7x6c94c8nuvlw9qukeyese3f9mwuff3flhvg8xcwa5emvlrsfdm9xgp0cdz5a3e5l0cxkay3zax6a99qcheueshkj5mjg9xu5l0kg4mpu9jxnmudzt6m7n3mjwnjghed2l7pzcfxahwuzdnflvl98ucc5z6qfs0v96kp3cgyl0ahlhqd4xhdlrpsewk2tedvc70p78h98n4mmh9rvndhdeae6udtv8m53n88ly6d4rc5esmdf90m4uj0qsh0l48upn0lz5tc2hshsnxdw5vuz2lwm5ytd0sal94kn6mdh9ncle8vly66d22j2n4we4jfeuzadtcyvqdw7dfu5j95tv9
PP,offer1qqr83wcuu2rykcmqvpsxnxun8ga64myk4t6n844cq2933k07t9h6cepw4uymn0fsc5ku8pxpm84g8y7aukjg99kqlhu38dnjad6ys8klz2f9qheq9278hpkjjg3hl9gcgqs9z5qnme8pmmnnm3sgxde509rra60lwzexhqn7wlstye97hkm0xr7v22gv5wx4e7j6x4hz5v382c8mw0dlh9vxpc7hd6c5wc90m0cx6c9rdu9l78lstpqz74lmxehh5kr0llldluhnswer9kln0thhl737320lcj83k0ghzqmq38v6jhckye07lcdlrp2n5gd0alehl80uyvrrrtyxjrhlz7c08jx066y6aemjhzmll0ykqal5nh5lg5mkdk579eleh6aaet87f56fwps9mjanthyua9xpaahz4seph3kcn2urh0qda6almqt25m54w6l6ded9xudwn4ywwjrl7z7kernte7sa0rudax75vwelk4vwlg5qhm2ttxejvw6g0phv6xh47hzhzcqlm5u9hd3j93l0jhrkhxpl8tugasymgmvfjjhmn36jnudmf7vh2xgvl97tqh6mxwdlrad2vtzalwl6d8l8jtgdxpxwhxm3vv4s0zzcwuzfnhdq8rseqcryffyvfe7g6nnuc8xp380cr2dpxhuskj76ql5428c0awchrlwrhnwfkm55ayhmac37wyl6ydxx93dddcnmlkzjx0lllq4fahs7mnu403dk0hta24tfrttjunffnfzl3xrcalxth7ch3j7m02xsxz770u59tusvfqufpa3dma5vmg09w4t8d32457adwtdehrxxljweswmzhg2kyyt3ag7ndk3axmdr6dk6gndhsyfleqs9hmeu8jlugwtdswgcana7mk7qjntuu24edfvm9jd6rur0avwvjv8uruj9a8ls8xejff9q4z4d7n6e8zcjfdfgmarj9v9n9ucjfvf0tynn7f948apnp0fg4avnztfj4y6jxveucjhnz2439nfnxdfryu52ffed9v32jtee85nn7f908yaj42fvmuljfn9pxj6njd9g4uenxv9885ln2fxymmpp56uj094yjcn4dphyv7n7dk062ujejxg8sjuc0wz52sn2d7jh54z4j7sxzjzug9m8rrnwf9qyymjlnw9xhqvhhp88nwr349q5rvuy07ykzut6fp5xq6nk2ksyvhuzflelzq9hxap6c3wrm246l8lczqyclys28apj7v5ndvhplllccpd6ym8mwvgyh57m5gnmn08gkkyt3eh5cyg30wzme84mnt7hnlhjspkl9lllfkuuf36gwegk5ejj54gkyanjt9l95st224zhzc54d9ayj3tffxrynrn3d2g4z6vet9lyzjnekeyej5tzw9g4uetkh9v4rp2eu4qvvz9edmrpxglyrtvsqzhd3sz3v96yk3m2c47t2ay97dhh5hcuw65422helem957085gw5tkct4jhum0lllyqfnjnw90px0crpqhwjyjgqrjm8l7atelw5zu7e4ett0l7deh9q4td60nhvm2m8dugyn0eav2uhva0t4h5d54fph8gggu5mk338cfrj0ssfhpnhggnujpxcgs72h636kh644e0u2gqa5fl8lsvf7d820u3dh6mys4lum37z32xcdmfn6ats8xr7s84rp59gcn3g3a8zsrl6p9jh5am7py8uaq54x5cm7qpepaujtj8gfq50ay2swpc2z58lp8ra4lc9fwxs8rm5829rmen74qmk8p6a78pyld07k0handquku4elneey4q6xqlvxtgvs8mu0r7lelnmda3hc9kak0jla24s7w600asj90fan9u79hktsw88l87nlz5hn7ps8283rdyv8lmxve0g0lct0mnllytqm3swejxdzzcrjd2304va45sejerr7lp0ra572a46l8jk68fycwqyvugdklcq2hauker95w4ec9uh06l8z40hxuc7uectttrmmu4h62rza2jqmv9uepqqqy9jzxnquftp3kh25xza25cm42nzw32ut6923tg4292gu5rl64j4gpdy3ehm8cnmc6mdxn0rvdejdfpway2ccm6srenn6urvdmgvand96gatq5hqll3n9e5tjtxnwpxf98tmf8xfxwe3qlm96kh8ajuwp9nvv6qflp52th8wnalqzc56ymsmtk5urza8myzk663wmrdrqalju9p9r2djjm5xw9uldkfyuwrufzlwp783hk9p79qkn70mf2888ucckz6qf50v96jqxehg555sjdjdh6yh4mvlvn7egh3d9xlxtxfnluzh05cf60vt00eft9af3uvda2g8m6d4mnpud4l8d0l4um739kgtum7k2z74p80l9u5c4a4c93d0ralm27ndf500mv4608a2ycf9g75calr8j7fqkxw8ead3d9jwvvxswqx3c70gz4hd6rl
PP,offer1qqr83wcuu2rykcmqvpstjc06l7v8lmaaggr7nyjm2kg4l6e0l3f4hgm28ha6dncn8krgjav8uev86u9jhww9f5qjhqlhlsjkd6wsaj0rtdpp96stgjzh0n6stfewftcjqvyzgzn2ctd6nsma3cdkeuyxym8usflara88vnwsau89e9kvklthdl5pty99yxd8l2uhf4z20322grnv0ah8h07j6zsuwm5acf82rl7hcpdvzph7xlltlqzs5rlxl4hvhm20plallhlstg4zkam97wx97ez42u82u86z97ux2a44mc5hesgl42xkv05apxltchtlplale8l3dpse6dqyuulchaq834w2jvh5cgl7twyqfw9a9ekl3xhrxavlvthms56fmrg7lgnmjlehsgp7hr0nsjfek0jwwqxr47lagn30h26f8tenx2nveuav5tx53ac9kea5h9erf54frh5salch3z9uh05lk3fxq7spjw7aj0dlswed7k7aflxy37t3e350rm5ghlcs68tqrlxefhrcv8t68cu747z2tfnvnqk08hwtv8ncesu9sh0uenmwuvmrav4vamuwfzg8laepfmxmxkyk74kamhzahp0xx7nxd6umlf6nsteeuvtav7cqrsescrygfqvem7q6nhug9xf38tcn2dp8hcsxj76pl5428c8awuhnawrhn2fkm5uaynma637wyl6y0xxy3fda6nn7kxjkdlhlq5jcw9e7tmq0360knsla8rpu7ken6a8aaa9x4hr72jcm0jl906zll72tp00872z47gxyswys7cka76xd58jh24nkc4260wkh9kum3nr0e8vc8d3t59tzz9c750fkmg7ndk3axmdyfkmczylusgzmau7re07y89kc8yvwe7ldm0qff47w92uk5kdjexap7ph7k8xfxr7p7fz7nlcrnvey5js232klfavn3vfyk55d73ezkzej7vfykyh4jfelyj6n7sesh5527kf395e2jdfr8y6tpt98xujv90x99r8jf4e4x5stevfe8n2tfwe56j6jfveh8nf2jwf88rzjkv9ve5jt2wf8yusn60fdx2jvass6dwf8j6jfvf6ksmjx0flxm8a9wfveryrcfwv8hp29gf4xlft6232e0grpfpwyzan33ehyjszzde0ehzntsxtmsnnehpc6js2pkwz8lztpw9ays6rqdfm9tgzxt7pylul3qzmnwsavghpa42a0nlupqzv0jg9r7se0x2fkktsllluvq4wnxnp5x27pkd366lceeldeypyj3f7x464t8m7tf9dnvf0xp94m5vh7lahu5ff7g6egk53n2dxghnztfg9yen8j3k9c5u3tpveq5j6t3v4j4z6j7wxfyv5twwxgmrx2ewfpx5lj2tfly5c2xfenxz3negrng3kgw5eeuxpp6lyqv5rgvuk23mtldml0nhya5senv8uk4ttt3az7pp2868a46kzhzjmtcx7nvw0kahll7sexwzdg4uu6lrp5zazfjdqqvtyllh4l9ajntl6x3940lhchxuur4fhf7w4nd0da43gndn89ht6uneu7j73hje9x6apzrjj7cx5apq0e6zp8uz0drz0sgympzr3flw82ulj4h9lptqm53ra06pf8ecaemj4hlrdzyh03w0e6rgrzhdxl04xpu5w2y7uvxc5rqw4p8sa2z08gy72wnh0ey57rsz6k6mz0cqhy8njf2g9rywsls36zc8qc2shayuwxhlch2jh4nme0whsk3sl265hcmyl4d6ku65x6v0tlvdh8d4uxhmee8knzuh4sedqzxllsu86l87l0hkxlzkt5e7t0h27zemfaak6t43xxwhm6k6cw8c5uulml72z70c8qagxxdusqmlumn9u3ml30lzwl73uzwxpmzgehg0qwd4zy74jkjjm8tqd0mu9a0jjftklfu6tmwavspsp343td6fksnyncc3n9sx7a4jl4vewdpgrtz7gz84f08dr8h20uh69u9lhq4jutpszqqggmv849qykkaz4g4524zk36k2jx2a2cet42rpw4tq250mgx74g95jzkf0h0w0pth4jxudkhxgarymjpazt9ts0kq0nhd4sdenkq4mwntvj6urewq0lrs2tvkvsdcujdnwvhcs7tjymnvr062aww3c9kajtxqmuxn2xcukw8urmwjy3w4dk3j5dtc7y6thg2de5zln0vl77wnuuhxm3dsa6wjpf7j8njy5l27jhwglhjh06dheaegnr84ullcskzuqp40yy2kq7ehrawz84wvlwaw2alh62xa5egtwa6dhmqe2hd3hfmzsh00fju40ewx0mua3jahxvfdy8k7d289cav7utm7u69z8up39fjtxmarvdxfj6krzl4ajmhkxv902lhfnwvvht9r6evyumadet6nt7220aul29satfufmdt73mqqqpg9xw879mch52
PP,offer1qqr83wcuu2rykcmqvpsdn76kc8aeqhhuf0g7d4mthaa89hrckf9vj6wfhjqtqhvnuuhw4da7adsltswfaee9ys2turl0cz2mh96n5fy0duy5n2p0zq2au02rd8yer062pssfq29gp9h6wrhh89htpsgmng7z88l50uudjd2phuahqkfjma0dh7g8vc55sevuatnay5ft79gezw4slku7ml22gwr3awm4pgactljlqd4s2xlcmlu07qjzs8at7kdnldfv8lll7ml3wjq2exmu06w0458dea4uxhrtznaf7nmtcrctr7ktd4vnlaex45t07a3smllln07x7cvcxyx7gdy8lu94ut9v9tu875hxkn9gz4htjzfqx5a8whta4mmhlrxrvwmr664fdt2j6hsvp2hf3eulpf348ne8tqxmcjun5xtxls7gw9w2kkuv2f7e86u9574se3erf54frh5salchmp4ktpgmda9fekmtlm3v65wd5k5hknz0aayqsjvsl46gz30aau0ht5rgt4pu8774vc0ntftjml0k7zhj8r9f0y7yuck3wypz9dewlvkfmg0fa6tlus0ulh35h80ueahf3czlw4f9n5uxf6n8ntl87txhynl00u4xh7f06leccqcu8syq3z2drzd06xyjlxqe5vf47smnug9e9dsh6jhnyzk70lm79qmm5uuajdkaf9ed7l0y03p8lpzf4judtm0yzadk4ehltlgrwmt3uphs89l5s4xml3d95lvzlnj304umfcv0lfgsnxclkg0cl8w0ttc0usafjfn5ps5pk3hlj3ntpck6lvaj9whr44dadmyu2et7f08padzapx6s4w0srzwkuxuadcde6m3rdkaqm88qzuk0p8gltmnplvkyemqkphm0mur2d0rk2my4tjujfht06v8s3ajeulqgjch54lclmz29z5jj2pk2ttultj293yn25jt4kkvsnxt43y4gj7wfxhu65204nyzk4j0efxzknx2f4xv6n9df5k25jfkegc2uvpwfjktwn3dfy42s24v4d854txdfe96hn3veu4mpjejed8ue2x29whykjxde0xvmdg8nrnfakyjt2093xgjr7we4eltt72kfesuzpnpacjj6yv336klj5tw26ge6q2pyhcuvxvp85ujrq2w0cu6utnwcyv7d70x55zjd3spec2mmewpqx56rgwpd6v3z3se8l8lczkyc50fjreh2282umlc0qnqvcpce5ktejna3jyxlllm89jupqf2l5adpsc84206kn986f5a7dah72n47dnv8rdlc4ua36ht35k87ll0egjmu33jp0ftxycvj2eh8z7n6fevm5jd6g4542lnwfeex27dx0fe955jehfucu5jx0fscnxj7vfm9vsnft9a9z4tzg4v4ynnsueyvjr4kv0p3g2hfzrdq6r89scx9x3thr6saw08dnztepydmlz4g3g0hlkkf0j778s2uc6kaah8dcmp0ll6ryecf4zhnn2utaqlgjgngzrzc8maa0e0d57lw35fvtla78elxqe2a60n4vmtmddvtylvfed67hy7085h4dckftkhggsuy4kf48ggnuws3fmqrmgcnuxpkcgsu2tmp6h0a4fe062sxayg0t7ctf6w8ww54dlcm23d6utn7vs6pc4mfhm4fs09nj38hrpk4qcr5gfuhgsne6p8j35am7d9hsuqk4jkgn7g9epuus26pger59uv0sjpgxzu9lf8n34h79autpl6m97t7gt44hkgsv4acte7ls73eyhy02lxxgyt7lxc04w6dll9aqampj68ypultcln7l77mwvf730hdjunl2hv8nknm0wyet60vf083vajunnelelslch9ulsgp6nuqmf8p0uen8t7rluzmlullfqcxuvrku3nq3kyun25tutrdayxyhgclh6tcldrj80wleu4kp6fxzs9rhpek6vsm90fqhn3vlk5xxdl8uuprrn0rzlhx2fh3lmu4j0lfc7t7vtdq55lxple3zqqggmyy49p5jk9r4v4yv4643jh25xza25cm42nzw32s25hegxl429vsz6f0n0k0p8h45xudklxcmry6jpajf9n30kq0nh94s9cnkqamwmtus65pewpllrqttghvkdqujdjwwhsj70jyanyp0ktavwfm96uztxceuzn6zc5hw0armwz9325dk3jhdtcwy6tkgxde5zeuamj8lz26ek7d506530em488pk7qqhnznrnkcmr60urmjjwtm574wj0e33v95qng7ct4yqd3wppt76hr5s0fljmnrk8v37ym04dwchhl2drk4n7vk39dudqehm7d786wandga5fuaa7trzvl4m2l4743rkmmjdpas0w3lefchf8fnldfdju76v8a6ljy03wv6mdf4g9ecweylq4tj9nv76wehsa6hw9ltm27alms9qgq2p0yceyyywx0p
PP,offer1qqr83wcuu2rykcmqvpsfn68472spdq606tanpqc90t7yac0a77kxc7n7w9j2adtvxd3lpcpkk0awqerh8x56qfts0llgftwu8gwe93ahssjdg9ugptheagd5uny97fgxzpypf4yykafc07cuxlvwqr2dn6g5l73lnnkf4gxlrkuzext04lklcqanzjjrynh4w056390c4pypmk87mnm8afdpgw8a6w59n4p0ltupkkpqmlr0l3lsrg2qlh06ekta48sl7llmlu943h38m3dmn6k44yxecf70rquttm6knrudcux2dnzuuuyer8q3xexhwu6lelm072lc2cwxxjgdx8879lsf4g04x07gmp9x6n9v2m96yh05aefxvswlay8l9xskmv0nn7n7t8yscp4fn8u40xlx9nf72d7atjl7d7hmrh679y3dnt25dn7wyp2mu75u03hv5wg5am2gwlutlcx943rw8lhha00lvagmc7mwsdca0nuw3jwfw0rq7u77aghg7u827grc6lehxnwt22ufxn77axtl9k6y4l7hfkxch7t4ew7mv2wkneahexptk8jdqn4aazacj9whtc5vurg2xm63vv7d0c7nt36plxfhmylqf6tdgfg2esef8sf3c0qgpzy56xy6l5vf97vpngcntaph8cstj2mp0490xg9dullhu2phhfeemymd6jtjma77glzz07zynt9c6hk7g96mdtn07hlsl8xwtz5atlj427h0frry5n85ag7eq5dsyuswemvyzl4d9l7m37n0chlslep6nyn8grpgrdr0l9rxkr3d47emy2aw8t2m6mkfc4jhuj7wr6696zd4p2ulqxyadcde6msmn4hzxmd6pkwwq9ev7zw37hhxr7evfnkpvr0klhcx5678v4kf2h9eynwkl5c0prm9ne7q3930ftl3lky529f9y5rv5khe7hy5tzfx4fyhtdvepxvhtzf239uujd0e4g5ltxg9dtyljjv9dxv5n2ved9ynv30f9ytpt2g9yev6v62fw5juv22f99rdt6gk8x5av3hxdxj6vj0xu5n92e39dyje23sed8z4nesey6g0x8xnmvfyk57tzv3y8uantn7khu4vnnpcyrxrm3995gerr4dl9gku453n5q5zf03ccvcz0feyxq5ul3e4chxasgeumu7dfg9ymrqrns4hhjuzqdf5xsuzm5ez9rpj070ls9vf3g7ny8nw55w4ehls7pxqesr3nfvhn98mrygdlllkwtxgng7hnsc04kyhm2lxcmkapy2vtakx0v7q3826zj7j7jzhpdnquv9dpfr89mcnryjajjdfjh5jjfwejk5etpv4uhz32xtf4yuhtpv4z6ryt6v9e9j4njge4yvm23t9uervt6wfshvsnw2f7kv6jahkghp6jqc59t5m78zq3w2xx6qyywmrc9j6jrf7e3398hc8ayhr37nslkq4p8e7uux6vk720ue05f7ywjvaawhmlulkgq484yu2lzf8pezfwdqfvnq09kdl9ehnla293an0nksl8umn0282765n8wak44wnes0xhn6u4evej7h8wcaf63rz0sj3e2hdrz0s6xyhqqhwrxwss8myz0sepvh0ar49090t2uc53pagma0hpc4u6w5heza09hfp20ehru9z4dkmw3836hxwyxavw6yrq2338j4rz09gxljzn80f6h7zswekqe2desh5pnjrtcynywsj3fljg9quts5dgl7zk8m8lswjcmxdfr38mvm8ck9qwet78hdlpaujd5lh9vj26zaw9xme6dfpwlazevxtgq3hlu8p7helhmaa3hc4jax0jma6hskw600dkjavf3n4774kkr3798887lljshn7pc82p3n0yqxllxue0ywlutlcnhl50qn3swcjxd6rcrndg384v455ke6crt7lp0tu5j2ah60xj7mhtyqvqvdvt8d69p3rwm6475j7l38kmwxchh30f9am8un7qlluf3qfwtuahrl7hf63p9shryyqqs3kct22zf9v6923tgat9fr9w4vv464psh24xxa25q4fljsdl2s2fq9ujlxlu7z80tvdcmd7v3jxfhyr6ykthqlvql8wmtqt38vptkakke94crjuzl7xq5keweg63eymyue039uhyflxczlyh6uur5taeykdpncdx593evul68kuyfzagmdr9v6h3uf5hwsymng98ltulute0ulvzaga2lr0a84an0lwwnthf0fwqeueapnpmllgk34wfkhlcskzuqp40yy2kq7e8ppnvsf26z326lq76v32dz5k6wl3avfewphsacyj0rtnsw24xttkq5ljutzunpjlr5zzte9wty2kjha2vguz2h8nxd20lu4dekcn0xpwr2cfm7akargum7l0veazvntr9te9clwf9hcdeu0d27twlxaekd07997ntc9speq0nxas3nclpd
PP,offer1qqr83wcuu2rykcmqvps0jt9ca4f3ullxyjj60yukaxzg4v0ytadx97634pzwlgh239cgvawjh9tpl88v9cn3tdqyam8elvy4twn58uhcj6ggf7sz28sa6vu5jcw0n27yqqpgnq567pmw5uyluvrph09peyelyj0ls7f46yl5hvpewf0nak6e6lmqj6p9f34f0chpmdgjru26jq7mnldaate5wn5tzka8kpf73le4kpttpq0l3hlj7gq54rlekddm9u6lelm0lalur908r4ljfektzutv53f3seymr8rakvu7xv2hmnhty4fffywk4rsx4ud0alehl80uyvrrrtyxjrhlzlcy0zrunndlnv2d4plujhdhkj93rhuk0hnll9hh70e4ctdk34a7d05qk3pp2kay4a8drwnje65kf8t9u2kmuzwj7ckm7hsf4c90r593p270uezlaa52g5em6gwlutmgnydl9y0lv42aguuatdk8d67lwu0820ema7wu4fylrt85ah34aps0cr0k29cw30srluva4n0xnhkm2j337fnemy9acrf7rnhn7d70msgaq2n6f3vh5a6et7j97knemaeemgl57kp30rk4wqvrgax3jvekp2h43c27klgp58pnpsxgsjqenhup480cs2vnzwh3x56z003qd9a5rlf250s06ae086u80x5ndhfe6f8hm4ruufl5g7vvfzjmm488avd9vml07pgf3a6u9ptafnm2c7r3d70djfy47s87cr60eayramnf8qnnduhuu94s6z770u59tusvfqufpa3dma5vmg09w4t8d32457adwtdehrxxljweswmzhg2kyyt3ag7ndk3axmdr6dk6gndhsyfleqs9hmeu8jlugwtdswgcana7mk7qjntuu24edfvm9jd6rur0avwvjv8uruj9a8ls8xejff9q4z4d7n6e8zcjfdfgmarj9v9n9ucjfvf0tynn7f948apnp0fg4avnztfj4y6jxdfa8nxnxd9zh2jjzgfskzutjtejhn8je3e98rgnfdf5c56je29552hjz2fn8uktkf9ymjjjxdfpyz6tx2xn8mfp56uj094yjcn4dphyv7n7dk062ujejxg8sjuc0wz52sn2d7jh54z4j7sxzjzug9m8rrnwf9qyymjlnw9xhqvhhp88nwr349q5rvuy07ykzut6fp5xq6nk2ksyvhuzflelzq9hxap6c3wrm246l8lczqyclys28apj7v5ndvhplllccptjz4yakfm9scttqmx4dlxr543rch2jfwjqdny703apdtk2zy0ntjllal7lj39herryz7jkvf5mz5t7wf48szzr9rftjde55nxd33fzkvjdew9j5uljedxu62ctfkeqhr9j6de55v324g4vkvstewfhypejgmy82vu7rqsa0jqx2p5xwtygnveyxu0p6dy7drt6kh0n5j729c0t4xlhtlsdrl99jtzmd8amz6yhrlllp7vuq6f2ee47ykg85f9e5ppjvru7chuhk70l4gj8kd7wmrulnvd4ga0m6jv4mk7k960xqu770tjl9nzt67amz4r25vf7z2r96l5yf78ggsuqrauvf6zqlv5fwpydjam57k4u4adtrzjy84809uu8rhhf2jlvt4ckax9flxc0q52akmd65u8zaecsm43mgsvp6yy7t5gfu4qnlg2val8zlcwptxctyfhxzuswwgd0qsv36zw98ufq5r3wzn4rlc2clwl5qgmx70waurwlvn9c7l4axpecdd4em30vjhm03lhj7tlgnng28ah0cdwtpj6qydllpc0470a7l0vd79vhfnuklw4u9nknmmd5htzvva0h4d4su03feelhlu59ulswp6svvmeqphlehxterhlzl7yalarcyuvrky3nws7qum2yfat9d99kwkq6lhct6l9yjhd7ne5hka6eqrqrrtze627yjme9vslnjmcfrfet0y49eqs0x2mf4lq5lfg33t55vcgle693zukz7vssqzzxep9fgdy43gat9fr9w4vv464psh24xxa25cn525z4972pha23tyqkjtumancfaadphrdhekxcex5s0vjfvutasruaedvpwyas8wmk6lyx4qwts0lccz669m9ng8ynvnn4uyhnu38veqtajltrjwewhqjekx0q57sk99mnlg7ms3v24rd5v4m27r3xjajpnwdqkm9ktdzd56n5fe9wmer58vg39na6x6wyke0r5h92s8e8jex9k9lyarcelxx9qkszvrmpw5sphku9s3pd3ml6rw7nq0rsawy2fa5dywxlymlr765ft03474ak5ldevkga8h00cf736la6y2km0nk28flmgk8qf6nd33wqlv054fkkh2kmag9y7auw44z8aup74nkc9ml4mwkr77qcw4zzh2per7lvdxh6efxkx6yulhgxqrc4lxjvsc98n9
PP,offer1qqr83wcuu2rykcmqvpspz4rne0dmr764dhe7eyxhqy8alvk43vh4scr60kwmmf8f2lyugglj67kruwxet48z56qfmj0n7cftka8g0e8395ssnag95tptkeeg95uly4ufqyzpypf4u8kafcf7cuxnv7zrjdn7fyl7punmkfhgwurjujlxmd4nhl7q9sz6nrznl4wr56398c49ypak87mm6hmfargx8d6wvxnaplmtvzkkqqllr0l47spg2rlnw6mkta403l7llmlc9eqrgg39rpmwekxfue3dzq0fcl07w8mcms6v97hvemqt27fxhd7sfdh03l7lu3lshsuvdys2ww0utagphwaa60h5dsl9xduu93e784x776706xdz3dm7ckmm3946mly56hlksypkkja07n64tydtvawglx5u2c46a70me3ftd9kala8l66w7ry6x06fe4xl68y2wa4y8079lcrewleq8kfddcdwlvknmthmxwfwvuyn4w0zkakv59y869rz0deuhwaf3mprh0eatpp8kpcc3h4l4re6567alhu745e78h02c0xva84x94v92mccl9qh4d53k0eakrrfhlwuawh6lnucaq4967mzxheu23qdnlhchy3k0y7p3pywrxrqv3pypn80cr2wl3q5exya0zdf5y7lzq6tmg87j4glql4mj704cw7dfxmwnn5j00h28ecnlg3uccj99hh2w06c62eh7luzlulamrm6gjdx9p0y7almuufgcul0ul8nvhd2f6vnm7yhxlz2uawndl6p0w862j57qxysw537ukd66wd58n8v4t4cat20ww49juthntde0dg8df259tjy9cl58fklgwnd7saqmd8fkmcqyhasgrmlu7qe0lyp9wc8qd7m7lvmrped4kd92uk5kdjewapup0uk08ezrkp79r7hlczngey5jsf3zkl0auj3vfyj5yw7aej5zej7vfyjyhhjfelxjzn7ueq45vt76f395e2jdfnxy7fjf8y5je360xjhrlskt8c42k29ge54u5tev924v2teuyukn22e6yu5n3j4fe4856nk0g4pnx0e5f5a22facs60w3yj6nevfj5slnkdf0xm0u42fvmrqzc0wyyhpt9vf48l92623j60qz3fp78z3np3e8yjczjte86hzjmkxrmslne4pqcju2pkwzxlwt3g94xs6rstfnytyzxf7e8lsl3xzrjwsuv2h374xalnlyqqxv0kg9z7ucly234k03lelv0q7nzc87khqgxjcehnllmacgn28z604m9v57aqhsl84lv02ayatmkmm8ml0lhu5fd7gceqh54nxdfycnxtf0965242xgx89uhj6de48z5j2wx98uk23neuhvkjj2465v6vzte48zjdkg9y5vjn6tfnxnvn9vegwvjxfp6mx8sc59t53pksdpnjc7ru8kmhxk0hhdvawpy0266xlk3khw62svq70kpceewp00va6nj6p0886lu0n9qwn2jwd038fp73yhxsyxfs0nmzlj7mel74zg7ehemv0n7d3k4r4l02fjhwm6chfucrnmeawtukvf0tmhv25d2338cfgvht7s38capzrsq0h338ggraj39cy3kthwn66hjh44vv2gs75auhnsuw7a92ta3whzm5c48umpuz3tkmdh2nsuth8zrwk8dzps8gsnew3p8j5z0apfnhuutlpc9vmpv3xuctjpeep4uzpj8gfc5l3yzsw9c2w50lptram7sxcu2qvamrf3nkl7lqe9e4e0vmgxt220zk50ny3fxw8kt0rvfazpdjrve8ypultcln7l77mwvf730hdjunl2hv8nknm0wyet60vf083vajunnelelslch9ulsgp6nuqmf8p0uen8t7rluzmlullfqcxuvrku3nq3kyun25tutrdayxyhgclh6tcldrj80wleu4kp6fxzs9rhz9lta3clsa8j03jhcs79zgh6werf8j4l6e395khqhth3hnucgvh0qqajct3jzqqggmv949pyjkdz4g45w4j53jh2kx2a2sct42nrw42q25legxl4g9ysz7f0n070prh4kxudklxgerymjpazt9ms0kq0nhd4s9cnkq4mwmtvj6upewp0lrq2tvhv5dgujdjwvhcj7tjylnvp0jtawwp697ujtxseuxn2zcukw0armwzy3w5dk3jkdtc7y6thgzde5zuemqzpf7hx03c4j5f6am0m8fz29ek9caapde9u8r0dfehgd6dx7qv5m7zwen3qx5vjs6crhyvv42d9vlr9a9y5jh7wanuh2unnrt84tsmjlln9hz3kv7r8mhaz9zktva723xmc4f3d36272nmecr97s5rq9l9jpvrcuwtekek0x0jmw8zdhgv0e7jxgw0dk3xme9zhndmjwukr5g8s4j4vte26ndme42k8jt4nx8hdpcqrtr2y6qfl9qp6
PP,offer1qqr83wcuu2rykcmqvpstnxpj99dz00w6lj4u488ea5uj4pla7snx3tfurpmj0ttn3hlanyn0d3tpl88v9cn3tdqyam8elvy4twn58uhcj6ggf7sz28sa6vu5jcw0n27yqqpgnq567pmw5uyluvrph09peyelyj0ls7f46yl5hvpewf0nak6e6lmqj6p9f34f0chpmdgjru26jq7mnldaate5wn5tzka8kpf73le4kpttpq0l3hlj7gq54rlekddm9u6lelm0lalur8whch42j46wn3dfya8l63kqtg7m0e4tx0x0w600h4ce7uewf2nsmxdcdlllfhltwvxvnqr89xkrluznwq48hel7t4ju2qd0m2v6uasap8dfs2r5ktzkthx2jd8xtn52vdd3quw9srlj9vk84mpafl098a2dn7g4v78h3u4klnmh6k8s7lhap7x6796lxd3nf54frh5salchxpl047nxh05gh079qk2sz7nvfvmmpxpkj376e8vkdxcz0mdemhpyv7as3l688ejkh700576p65gcjts3x62al6tm6lhdmst752w0rkufaczs0dz5hqmjl0mn6nj5dy6xumd47nktr0kawf8hrpjjdz9a8w00lazqenvas0nsescrqgpzv46wy6m5ug9kd3hgcntap88cs2jw6p044wxg9a7lhhuwphnff6my6aujm3m37wvl6q0kzy3tde6nh7w9j6d0nlchvjkxzlejwkl7tmhe073xwkulh3ek8udak7hhedcmekl7jckjruktlxr0c8aslf22ncqsjp7jhmj3htfekj7vaj4whr49faa6y5te07fd89aaqa396s4wfsnrwjax6a96d46t4rd5aym8pqjlkrq8wlncn9lusy3mq7phm0marwv09kjey4tj6jekt8mu8spljeulyg2chc506lmq2dryjj2pkx2mulnj293yn253tehx2stxte3yngj7wf88u6v20enyzk430efxykn92f4xdyjf4eckj7262ezk532jwfd9uhjeveskv422v6y6j52ed299zs2xj454n223f9rxzkj909ef5kv2f99yzed28hzrfa7yjt2093x2jr7we4put0l65fpnuwqrpacsj79v43z5l74tg2zte7q29y8cugxv88yujtq2g0ql6u2rwcu07p70x5yrjf3q8ecgmlew9qk56rgwpdzv3wsqe8lylurkycvwf6re326825ml70csqqe37ey5tenra32xxm70l8a3yrvkz75c5mtatkeny50jm8dk5wu70rxr5dr7lh56h5eukmdvmm0fla8slll6vh8zvvjtk2p4xwc65g3t9x7uejxymj7tqdprcvkzkd744s6rmvd54s42ht9c5gcv7fpth8wtgwpfev7t82pg95hn6vd042j8ygrrs3wr0cufz9eg6mqqs4mvvqkft489ntl8llgj3l4f5wlzygtg5ahk4pte5l5xap099aatct3na6w00lelvsp202fc4ay5qrjyju6qjexq7tvm7tn08l65trmxl8dp70ehx75w4a4fxwamdt2a8nq7d084etjen9awwa36n4zxylp9rj4w6xylp5vfwqpwuxvapq0kgylpjzewl6822727k4e3fzr63h6lwr3te5af0j967twjz5lnw8c292mdkaz0r4wvugd6ca5gxq4rz092xy72sdly9xw7n40u9qanvpj5mnp0gr8yxhsfxgap9znlys2pchpg63lu9v0k07qlzpwne7j6a27n2w007255x4dr0qlmkhna9mf78h9e0nu7hrwaf6v8p8vxtgy38lu0p7helhmaa3hc9jax0jla24s7w600a5j4df4n9u74hkr3w88087mlzshn7pc82r3n0yyxllxue0qwlutlenhly0qm3swcjxdjzcrnd2304v4555ejert7lp0ra5k2a4608j7m8fygvqvdug09a3c7va6k785hx6m6ecx8d40mfsmk4e8d5yhh2dka0vkduawjkmr8crezyqcpgryydxp6jjzrtw42vf69t30g429dz4g45w4j53jh25sf28l5td2sz6fpn8hlh88s466az7xmmny2szdega3pn4c8nr846xcckuemq6mh3kkpdwpulr8m3g89kfxvxv2fwmhz2v20amzpekrhdxwm8cuztwefjqt7rg48vwd8m7p4hfyghfkhffgx970xv9a54xu5pa2qe2as87a8f0kt8836w4x6987ernacn6elmnd40w5jx4dlaeant7fluyanhqqdfepp4s8xgc78as0utl2wnhmf28x4ttd39436a0087ker74wtfg74564ya4x7grjd7umxl02qdphmse8e6w4kheedns026mnv3mlj776lt0andslehccnc3mu20rznn0ltd6avgaylqa72nvumh6v0jrp990hj3ln6ulsu5gz6qgqv752gkg3q78c0
PP,offer1qqr83wcuu2rykcmqvpsxres5lmx07dwtddht3svjr386mamlws9x5hwmdu7tq0wdvx4vhgkwdh6urj0wwffyzjlqlm7qjkaew5azfrm0p9y6stcszh0r6smfexgm7jsvyzgz32qfd7nsaaeed6cvzxu68s3elarl8rvn2sdl8dc9jvkltmdljpmx99yxt882ulf9z2l32xgn4v8ah8kl6jjrsu0tkag28wzluhcrdvz3h7xllrlsys5pl2l4nvlm2tpllllklutm32pkeskdulhcsgpc0n3xhkuzlel0wvltg2dml8n57sz7k7q6av80ajr0ll6dl6mnpnycqeef4sllq47skdlvlhu8ra2xewz75nuhm7wmg6nnftd20sa7emrmk4k62sr4m0eqqq8zc0ahpafstah5mn5hct0murme73ud0c77jsvhl34kve4lvkmavwxteccp46w53e6g0lct36wdy72crfchyu6vk04v8cr0094h878m4m8lcwn4ex5kj0w9u2hh0ngxld50n5tdpl9p444hfedntz29h47kdw77g3a5h4c0wdmve7jh9sawlcy47apyevllkajytt0e9tlktv23sf58tlcjjdumx0th4g5nj6548vzh9ncrcuxqxqez2frz00jxy7lxqe5vfe7qmnvf9ayd5hjshl9zs78lmk9slm5auejdkap8e97l0y0np873zf43uftt0y6ldj5enlmlsxt8lmm7dhnqe5mdfuastamuvh3e575987q4xf055d6nuculcc37ahgtmeljs40jp3yr3y8k9h0k3ndpu464vak92knm44edhxuvcm7fmxpmv2ap2cs3w84r6dk685md50fkmfzdk7q38lyzqkl08s7tl3pedkperrk0hmwmcz2d0n32h949nvkfhg0sdl43ejfsls0jgh5l7qumxf9y5z524h60tyutzf949r05wg4skvhnzf939avjw0eyk5l5xv9a9zh4jvfdx25n2geexue2pwfnyyjnft9n8v7dptx4y2mjwv4vcy7n20fg5v4j30xm92kjzd9c4u426tfj5yan20xq4vkv2w9v5vhdyxntjfuk5jtzw45xu3n60ekelftjtxgeq7ztnpac232zdfh627j52kt6qc2gt3qhvuvwdey5qsnwt7dc56upj7uyu7dcwx55zsdns3lcjct30fyxscr2we26q3jlsf8l8ugqkum58tz9c0d2htullqgqnrujpgl5xtejjd4ju8lllrq9084jvvwx7juxetxl0e7d8njlp67em8xmhmje6ndut7ufp3uwthgzha8ll7n9ecnryjajsdfnxx569dpj856jjta942kvpd9yxqmj7dd4mjkzpw728jemfd9jkz6zstd9hj4z50f8kykr627d8nyaed9y4f6zqcuytsm78zg3w2xkcqy9wmrq934aqey6ez70cm0nek9t4rahedda4dny0y92annvjw4zgm0plln08mal70myq2n6jw90384n9zpwdyfv3q89kdl4mhn7a293an0jk5lhumnw2r2765m8wek4hwmcstxhn6u4evej7h00cef2nr2wsj3eghdrz0s6xylpqnwrxws38myzds3pvh0ar4d09tt67c5spegml0lqc3u6w5leze04hfpt0ehru9z5djm7n836hzwyxay06yrq2338j3rj09q8lkzr90fmh7zqwe7pe2dfshuqnjrmcynywsjpfl6g9quts59gl7zx8m0lstrh57lrvchxjdaw2l0vyhtkw6yc8kryp7aedc8r7m0rjdjfqa6hvj5rt5rp47vrp7helhmlaakcenaz0wmdchc4w600dhj7vfjn477jkwz369l88jll73l37fehqqp40cpkn7xlenxwhurlc8hlc0cj3sdcc8deryprdfex4gh5kke6c0fw3pl0u536mhzwx7lmetvrvsvdq28wuxtgquc6pjfe3kpuh0f60fjma59xw6z2ktwlfj2ygyn8d3mjulm6kcrejxqsqgryydxp6jkzrfw42vd64f38g4w9az4g4524zk36k25seg8l4td2sz6fpn8h04883476dz7x6mny6jzdcga33n4s8n884cxcekcemz6mk3jkpdwpalr8tng8ykdxuxvzgwlhj2vzwamzpmkthdxwm9cuztweesqr7rg4hwwd8m7p94fyfhfkhffgx960kv9a44zuxrp7amn5avnk509tlc0lsyrj8y7lp05ns7a4xvmmmk4696qecul3tu8ayan8zqdge9p4s8wgccnwm7z0kkrk0txvhgmelse5yz9atgadg9qvhd4840yyjhpn4s6xwc03qh9a5220zg4vefchj4za2vzcffhf4v7e8tprz3dtchn0z3lre043c2j0wv4k5w8w3j8xq0lm7hj60hv3cy957p90ueg3pk9vndllpuzy0vqgrf5v8uxesrjx
PP,offer1qqr83wcuu2rykcmqvpswnn0ek8x0d406ak7xu97ng5jaujlwmj6v04r4fh620zl255p9j87yajknuwxet48z56qfmj0n7cftka8g0e8395ssnag95tptkeeg95uly4ufqyzpypf4u8kafcf7cuxnv7zrjdn7fyl7punmkfhgwurjujlxmd4nhl7q9sz6nrznl4wr56398c49ypak87mm6hmfargx8d6wvxnaplmtvzkkqqllr0l47spg2rlnw6mkta403l7llmlcy67txg05cw78tfsleuwhl22d357947kkw35hgkd4dlvel6hnnf80mw9gdlllfhltwvxvnqr89xkrluz42de8vhj2l5vwd3ctlcamu63tnn8z7e3e0h5fqsrla26g9malprwhpcw9sd7w9f0a64hvr4m83xhs929a73c0gnl3y92a4da70w2jj3p5pmdfstpdzj98w6jrhlzlzzenyua73uz07k0achg49tzams8smlquxahrrmkehmm7tpd98jewtznqra2eeny6uaghz2ucl83f4ek6ntxnanh35709c0p5ylgxldwx6gdu7490em22j9574cs4nlhydz60dh4nyxkg2r49wlfd4vmdw79jlzmd3300qxquxvxqezzgrxwlsx5alzpfjvf67y6ngfa7yp5hks0a9237plth9ultsau6jdka88fy7lw50n3873re33y2t0w5ul4354n0alc96kr7vkmd3slph50aas8385uxe2wnwlyhymum7m2u4hyk548tkssmyuwplv862j57qyys0547u5d66wd5hn8v4t4caf200w39z7tljtfe00g8vfw59tjvycm5hfkhfwndwjagmd8fxecgyhascpmhu7ye0lypywc8sd7m7lgmnred5kf92uk5kdje7lpuq0uk08ezzk979r7h7czngey5jsd3jkl8uuj3vfy64y27dej5zej7vfy6yhnjfelxnzn7veq44vt72f395e2jdfnx5k2xh2ghjj2fgkt9jhj4v6q5jjj9weaxy5272f3guj2kfen8d92fw6ltzjv42xg6jutznx5mju2w0ec5rg3acs6003yj6nevfj5slnkdg0zml74zgvlrsqc0wyyh3t9vg48l426zsj70sz3fp78zpnpee8yjczjrc87hzsmk8rls0ne4pqujvgp7wzxl7t3g94xs6rstgnyt5qxfle8lqa3xrrjws7v2k364xlln7yqqxv0kf9z7vclv233klnlelv0qmf9drrylfjdp4ak3u9ujny46zdefdnw7j9srt6de7txwj8laxec43l8lm72yklyvvst62e4x2sjxv925y6dkffpxzanxvx5munjkwfm8vut709ghjjj7wf0854t3vfvhj6n2dxr82322gev5zuj224pyju8xfrysadnrcv2z46gsmgxseev9pns5mav0q3zy5rm78w5q9y4umn40njjnvk6s2nplrnlhnhlwjt095tll7sexwzdg4uu6lqng96yjy6qsckp7l0t7tmd8hm5dztzll0370esx2hwnuatx67mttze8mzwtwh4e8nea9atw9j2a46zy8p9djdf6zylr5y2wcq76xylpsdkzy8zj7cw4mld2wt7j5phfzr6lkz6wn3mn49t07x65twhzulnyxsw9w6d7a2vrevu5faccd4gxqazz096yy7wsfu5d8wlnfdu8q94v4jyljpwg08yzks2xgap0rruys2pshp06fuuddl30hz6w8edzq77pndm6m746lhtmfpjqnulp393q2sg2uczh25vjdueygzkq9cpcmlxpsltulmal7umvve7384d7atc28d8hkme0kyef6l0fm8pgazmnnm0llgmclyun3qq6h7qnflr0vmn8t79lupmlu8cfccxudrkupsqek5cn6kt62tvav95lfslh72g4vm48nd0aa4jpxgxxs99hl0xx8hhhevmf7k0kxcj7m8xs4hxffe2mytl6mxxnkcjcdcvq32al7t6ctejzqqqgmyy98pujkpr9w4vv464psh24xxa25cn52hz732s25negxl4t9gsz6f8n0k038h44xcdxlxcmry6jra6g9n3l5q8nh94s8cmkqemwmt5365pfwpllrytmghykdyuzdjwwh5jwdjvanqplkt4dwdm9cuztxceuqn6rc5hw0armwz93g5dh3khdfcx960kgyd34zlk05v8hkhg4j7mwv87sxefd4gredxkd8ed0ck0duh3v4dg2x0693sawl5nkvugp4ry5xkqaerr0u4vj0al4gm0eht4xn3snelm9k27rdwp7en7uvdv2ewls7js6dgklz7xqm07mlgrpderlt70tzv9c083x4h3dlvhue5w4t8eflnafc356n7vd7k76lmwz3dxa8w7krnufyx96aff79lhzrn6jmln457nflwnt9xu7sxsq9z7fmvsncdt9m
PP,offer1qqr83wcuu2rykcmqvpsfjxa7da27h24duadya8d294vpvllehdv4vjnt0e5mh9wucu7s7dtrrwknuwxet48z56qfmj0n7cftka8g0e8395ssnag95tptkeeg95uly4ufqyzpypf4u8kafcf7cuxnv7zrjdn7fyl7punmkfhgwurjujlxmd4nhl7q9sz6nrznl4wr56398c49ypak87mm6hmfargx8d6wvxnaplmtvzkkqqllr0l47spg2rlnw6mkta403l7llmlc9k503d07ec0cz0kdpuu8d8yetc6nydmagf2ahce9l75udk9v3atdflup4lhlxluals3svvdvs6gwlut3eagkxnkmc9rkvkgkn49ze8ryazmeznwg9mcln9kjnez6rsa5j78jgecxqmfmu7uhvww0atkhe09wan7z5jekf36mmmxk6z6a8an8jtqenpjfylu5wguam2g7aurlsyxa0t8hnkw50e6tnc8f2emjdnc8u5pnl0zr9s2vewudamw6dtaultgxl0y8t34k9d05kll4l76scz57lzuyc7802h4c9afh67k0jfnw8p7ansjwkm6vldd04m4qdl6edrlvn8fry0gamy6rt0kxflhjsulsan5mepalt4m0wrxrqvpqyfjhfcntwn3qkekxarzd05yulzp2fmg97k4ceqhhm77l3cx7d98tvnthjtw8w8eenlgp7cgj9dh82wlecktf470lzl7q3e6e7gu7z54zr9e68lfmcdj7h7j046um92frjapeje77qstvmsatz7707592usvequpqa4dma5v6g097ht8v3245uad0tde8rxwlj2eswm2hg2k5yt3ug6nak348mdr20k6gndhqxflcq59heeu8jlucwt93wvcd3a7mk7qjntua24edtvnyjd6n7r8uvwvjw8uzuk9a9lc8xejef9q5z3d7n6e8zujedfq6a8j4v9nyucjevf82yhn7f9axapn3dfq4avnjtfj4y6jkdf3yjkv6095mz62pj965vknf49shnpt3df5cnrjk24ucumn32f09jnj30ese25je49h9u6dpw4gcnwjk0es4mfp5cu6093yj6navpnyu7nkdk0667j3jxv8qsuc0wx56snzv7kh54zaj7sxzsz5f9l8rpnxf9yy5ejhnw9xhzvlkpr8nwre49q5nvuyw7qkj7tjgp5xs6nktksyv4uzfleljq9hxap6g3wt6236l8lcrqyc0xs2xa9j7v5mvvnplllcep00zczm07d9y357uulc8mjazlxyc2fh0tjnucwps686wer9fesxhzwmklnlal9zt0jxxg9a9vcnfhx56z7d2we4xyknpde24ujjwdx0xy6t709yervn70everf26gfex2mjp0elxu623gxf9z6degeck5nnx2rny3jgwke3ux9p2aygd5rgvukqsl0lwzfu9q54drfgn7un2ek048u5mk7h4pjrd6juwny24u5pa4huzf6ll0lyqgnjnw90p8l68zpwayfysq89k0la6hn7ag9eantjkkllumnw2p2km5l8wek4kwmcsfxln6c4ewe67ht0gmf2jrwwss3efhdrz0sj8ylpqnwr8ws38eyzds3pu404r4d04ttjlc5spmgn70lqcnu6w5lezm04kfptlehru9z5dsmkn846hqwv8aq02xrg2338z3r6w9q8l5zt90fmhuzg0e6pf2df3huqrjrmeyhywsjpgl6g4qurs59g07zw8mtlstzlywlxwm7tpkpe3anexau4awa2tlayhcajaa0armp0rkwks4rag9vnasedqjyll3u86l87l0hkxlqkt5e7tl42kremfalkj244xkvhn6k7cw9cuaulm0u2z70c8qagwxdussmlumn9upml30lxwlu3urwxpmzgekgtqwd42974jkjjnxtyd0mu9u0kjetkhfu7tmvay3psp3h305hq50tnl7alr80xj2ac0a4u220zfwhnktlm99vpjd8npevkxaxtslukzctejzqqggmyy49p5jk9r4v4yv4643jh25xza25cm42nzw32s25hegxl429vsz6f0n0k0p8h45xudklxcmry6jpajf9n30kq0nh94s9cnkqamwmtus65pewpllrqttghvkdqujdjwwhsj70jyanyp0ktavwfm96uztxceuzn6zc5hw0armwz9325dk3jhdtcwy6tkgxde5z7klrvluys0434d6lw00d77095r7vtzlyldtj7yvcwhvep3tf3anl49ale8vecsr2xfgdvpmjxxnkevyth23x4jmlnlk0v00h7s803y9w0kmfxl4ta7l64lcx2s0l58fhttu8yfhmlktas53wd3cezh9klt65fy0w8tyu5dt67d0s4hwvmmg5vtwn8329hs8360xuv39y3uwcwqh68ezr8v40lctnpa62up9vh3cupujv8qpnwxnmtq873zrw
PP,offer1qqr83wcuu2rykcmqvpsvnjjvhwm09a6ycuztr8sfmw23a7vlmfdj78dt2rexs655tlqc4rtwd3tpl88v9cn3tdqyam8elvy4twn58uhcj6ggf7sz28sa6vu5jcw0n27yqqpgnq567pmw5uyluvrph09peyelyj0ls7f46yl5hvpewf0nak6e6lmqj6p9f34f0chpmdgjru26jq7mnldaate5wn5tzka8kpf73le4kpttpq0l3hlj7gq54rlekddm9u6lelm0laluzplx6sfuhsu04ndtwgdfseflfphqm8jnzml87m7gehyk8tskv0ul7rmgdlllfhltwvxvnqr89xkrluzahrj0l9nrmnd23j870ad3ejl5jejenykxzn59ua35mganst20gn9ucxqh2a42kaq9quyq5m2uddwhf7yau0wc7fy24etaahnxdgv877t7uapw4s0c6ar2g7av8lc92v73lmem28su52459uchfjfm5lm6yxe5f4ulkd978ae9pkwwh7czjphvydear3lh0qujyushrd0r39g4vlpluasknljgny60h2w3kakvvxaes0ehgtr6kax3420rttw9lhaxlnmwlz0py7dndxndnqssyvp3msuepvk9tsp3c0qgpzy56xy6l5vf97vpngcntaph8cstj2mp0490xg9dullhu2phhfeemymd6jtjma77glzz07zynt9c6hk7g96mdtn07hmq84r5t7awt5z578g8e03y8pgkecn49f99tekalxqsl0703phnq9tt2z770u59tusvfqufpa3dma5vmg09w4t8d32457adwtdehrxxljweswmzhg2kyyt3ag7ndk3axmdr6dk6gndhsyfleqs9hmeu8jlugwtdswgcana7mk7qjntuu24edfvm9jd6rur0avwvjv8uruj9a8ls8xejff9q4z4d7n6e8zcjfdfgmarj9v9n9ucjfvf0tynn7f948apnp0fg4avnztfj4y6jxdfa95jdkdeu4yjjeseucvs2339vkvjj3v4c4ucje49skn0jzgfax2hnztfccnwn229rx5j2ej4z4v7vjgfp8mfp56uj094yjcn4dphyv7n7dk062ujejxg8sjuc0wz52sn2d7jh54z4j7sxzjzug9m8rrnwf9qyymjlnw9xhqvhhp88nwr349q5rvuy07ykzut6fp5xq6nk2ksyvhuzflelzq9hxap6c3wrm246l8lczqyclys28apj7v5ndvhplllccpfajv9peavlz3wm4srql3f6k24v7t7xv4uxt54ej3ryy7llcfpzyrq0hlml2vh0zvvjtk2f4xv5jw09vhr226g9uh5cj2w9n957j4d4f9ymn7we2h5kjewfsmukjwde56j5njtkfxjujk0egmuut2fxd9j78xgrzs4wn0cugz9egcmgqs3mvwqmvcd2hlxmtp3rt5eh273zn649e42c7p0tw3tdexzjlyg9kxdhea5elhlslxwqdy4vu6mz8s92yju6qsexp70vt7tm08l65frmxl8d370ekx65whaafx2am0tza8nqw0084e0je39a0wa32342xylp9pja06zylr5ygwqp77xyapq0k2yhqjxewa60t2727k433fzr6nhj7wr3mm54f0k96utwnz5lnv8s29wmdka2wr3wuugd6ca5gxqazz096yy72sfl59xwln30u8q4nv9jymnpwg88yxhsgxgap8zn7ys2pchpf63lu9v0h06qghevtltuel5ekvautajpurrlmd3m4l77afnm0jmjlmrhflnrax0ezpmkr95wgre7h3l8alaakucnazlwm9e874wc08d8k7ufjh57cj70zem9e88nlnlpl3wtelqsr48cpkjwzlenxwhu8lc9hlel7jpsdcc8derxprvfex4ghckxm6gvfw33l05h3768yw7alnetvr5jv9q28wp0cndhwhyhtg4mvu90ugwwr0a4llw6l8n07x4d9ytwfx4t772wa5axsxq7aslsvq5qjzxnqafgp94hg4w9az4g4524zk36k2jx2a2cet42gq4rl69h4gpdys3jmlmnnc2adw3lrd4ej9g3xu50cse2uresn7anvvrwvasd0ms6tykhq70snac5rjm9nxrx8yhvm39k98ku3yumpm7j8fnuwpdhvses8lp52nk8yn4lq7m5syt4m05y5r278nxju6znw0qeewz0syr6uefnu354l94tmn9pughg97n7eljvvx2l56g3tee30ec8l7y4jhqqdtepq4s8kfca4e6h3hgml9nc0mvwjhr3wth7lcmhmy0xl4w20qud86y756p4fe92gz89dfwckv84utgf4tujmn6e80h3dmu3rk2jjpkz5a3ufsn6gfpl0nvvtpwvzmychh6j2dutamfuup9ra5mgk8n83fxhmw0w57t4wn73rjwjyqz7k78zu9c8uwm
PP,offer1qqr83wcuu2rykcmqvpsgn4l6krme9dvr6kcjlehm0pkqa8velmqhn9hnjxeckucnv2mf62pehtrw4qunmhj6fq5kcr7ljyakwt4hgjq7muffy5zlyq4tc7ux62fzxlu4rpqzq52sz00yu80ww0wxpqehx3u5v0hflacty6uz0em7pvnyh67mduc0e3ffpj3c6h86tg6ku23jyatqldeah7u4sc8r6ahtz3mq4ldlqmtq5dhshlcl7pvyqt6hlvmx77jcdlllahlj75pcjlmahj47emv2wcltuuhnewlu4jx4dmewhtldvmvntkdlh22rndlntl8ldletlptpcc6fp5culchesganc4sad7clwtqkhh2wms5ga2emy87l5uzvype5pmx38qxka5lwkhsvp6hn4dg9x797gk6klcelqlmedme8wc6ju0cmk85ad275657943dz9a25wguam2g7aurls94a3wfalau7hqewe7lx3jas8ujw78nl7rjdxhtet4t4ymtwhjwtrsgmas3hueefv7gc80avuazyhmlj9dlmw475a7s4mdkzxt0mcrrr365u4lzme3fwvprhqllr7u32hpczrf77luectxwu0h0w70expwrq497t0n7hkrcuxvxqezzgrxwlsx5alzpfjvf67y6ngfa7yp5hks0a9237plth9ultsau6jdka88fy7lw50n3873re33y2t0w5ul4354n0alc9ceuuvy7zualluu6fadu0dnjcdm2a7t9tlee8crzah2u0rqkah63qm5ckhnl4p2hyrxg8qg8dtwldrxjre046emy24d88tt6mwfcenhujkvrk646z44pzu0zx5ld5df7mg6nakjymdcpj07q9pd7w0puhlxrjevtnxrv00kahsy56l824wt2myeynw5lselrrnyn3lqh930f07pekvk2fg9q5t057kfchykt2gxhfu4tpve8xyktzf639uljf0fhgvut2g90tyuj6vegh54n2v9nx2jvxdf6hjhj3tez5umn4df3yu5vf0e3y25dfwe98yjnfwxl9j7j6g9gknwvztx24uejzt9s4yhjktek6gdx8xnevfyk5ltqve885andn7kh55v3npcy8xrm34x5ycn844a9ghvh5ps5q4zf0eccvejffp9xv4um3f4cn8asgeums7dfg9ym8prhs95hjujqdp5x5aja5pr90qj070uspdehgwjytj7j5whel7qcpxre5z3hfvhn9xmryc0ll7xgtymv0uk5uk6mw4sansnzts9cmrctsw8xge67z4xdg2ash06qj6ug4melll7dhyjvtjxxfct9nenpwe0x5jjwwe0xyjtf2eukynjpg9zj2jw9g9t8unsxwxmpnw03u9h8v5nfdf5jzu09f9m8yes7f8qvwz9edcnpqgmyrrvspzndpjz67ld8kgdtf36dv27w33n5aam786w4kyd4l3hal0cpgt0939u7wz500nlllgvn8px527wdr35jqw3yexsqx9j0lm6lj7ef4largj6hlmutnwwp65m5l82ekhk76c5fkenjm4awfu70f0gmevjndws3pef0vr2wss8uapqn7p8k338cyzds3pc5lhr4w0e2mjls4sd6g37haq5nuuwuae2ml3k3zthch8uap5p3tkn0h6nq7289z0wxrv2ps82sncw4p8n5z098fmhuj20pcpdtdd38uqtjreey4yz3j8g0cgapvrsv9gt7jw8rtlutne2q5wdxf4g0286qu6gksmnvw8k7vr7798hzweea4evldk9h8gla9z0vxtgy38lu0p7helhmaa3hc9jax0jla24s7w600a5j4df4n9u74hkr3w88087mlzshn7pc82r3n0yyxllxue0qwlutlenhly0qm3swcjxdjzcrnd2304v4555ejert7lp0ra5k2a4608j7m8fygvqvduf0xm8se8knmys8gwh8xrv70gcm4nsn0vhjyah67dfwld5e5e57l5mg89shnyyqqs3kgf22rf9v282e2get4tr9w4gv964f3h24xyaz4q4f0jsdl252eq95jlxlv7z00tgdcmd7d3kxf4yrmyjt8zlvql8wttqt38vpmkakhep4grjurl7xqkk3wev6peymyua0p9ulyfmxgzlvh6cunkt4cykd3nc98593fwul68kuytz4gmdr9w6hsuf5hvsvmng94dlmn02a9a6003gu5nze40q8365lcl69nhlhzx8804pcvn2j5rhl8rnlyln8zqfgf8pas82ggmjer3hw5ylg9y4n3cets0ry68yhuwamvlfsydd4klm4l6d0fs2p5wm7x54p4zhd48krgk53lvhuchz6s4qurg0e88v6rvx7zzlcke66slws55pmds78tcsdxtm2r92xguack9kldktjn0rexrk83snh3w73knvc5upsqey3fe6c5ueuaz
PP,offer1qqr83wcuu2rykcmqvpsxnteck4sxhlkwk6f9mtx43y8694fl2caqf6fynu8ar6eda7x8acadvh6urj0wwffyzjlqlm7qjkaew5azfrm0p9y6stcszh0r6smfexgm7jsvyzgz32qfd7nsaaeed6cvzxu68s3elarl8rvn2sdl8dc9jvkltmdljpmx99yxt882ulf9z2l32xgn4v8ah8kl6jjrsu0tkag28wzluhcrdvz3h7xllrlsys5pl2l4nvlm2tpllllklutncv9ehf36lh5224trxdnl4gal36mplz0e3d59awhm8k4wvkm83a5xx76wrlmlj0lj6rpn56qeeehs0lqe8dmepvl760m2hanlma89hylatm9lxrzd6yt0njadda0ak0k26fm8dsrq04jr4kdl2ma282lf5wpjp86n8mjckpla7sn77lt26ygfk7tsh3e24493lrt5dfrm4sllq4fasn7ml4nnlhvax6rjkw4svxhu5f9dl2tv3y9thcx34n3hpmtt7wqf7mgke86e8ka89ylde3tuejv3hh60gu6lctvkt5k0uhjwdth285htm9wl7752hzk2wmq3fdj2ewdmnq5h67rrlm3m4v7njsy8nahht704r6tr7l0qnpskqszyet5vf4lgcstuerx33xh6zw03q4yakzl22uvstmal00cur0wnn3kfhm3yh8hnuu375yluyfzkmn48du5t956l8le0xrkzmk896z2hzat0s80fd85vk6n9jvue2g0vneq2xn0lc76wed7t83uz7u0549fuqvfqafraevm45umg0xwe2ht36k57ua2t9ch0xkmj76sw6j4g2hygt3lgwnd7saxmap6pk6wndhsqf0mqs8hleupjl7gz2aswqmaha7ekxrjmtv624edfvm9ja6rczlev70jy8vru28a0ls9x3jff9qnz9d7lme9zcjf9ggaamn9g9n9ucjfyf00ynn7dy98aejptgcha5nztfj4y6nxgeexu0nelyt8ns2xgcs3n6ve08u4zst6v4l9u3jxygvun4tj2fs4j4s728l9jpjfcy99rc2kw9s4jmnzfy5nm3p57azf948jcn9fpl8v6j7dkle25jekxq9s7ugfwzk2cn2072454r957q9zjruw9rxrrjwf9s9yhj04w99hvv8hpl8n2zp39c5rvuyd7uhzst2dp58qknxgkgyvnaj0lplzvy8yapcc40ra2dml87gqqvclvs29ae37g4rtvlrln7cupns280j684v7ulmtzfduylfwk0mvz5l0yhr5dffk9xtxj55mufuln4u8l0afjauf3jfwefx5ej62fjhysjad9nxzcjzg4hyv6df39y55ej62e88rp26gft8y62ejfd8yun4f9txyujdwf25562w2fa8ua2vufqv2z46dlr3qgh9rrdqzz8d3uzs580xteyxp2dutqnnuecu6mtc6ljk9a8u2rgtknxwynf67dsv0n2nx0lluspxw2dc4uycqh7yza6gjfqqwtvllm408a6stnmxh9ddllehxu5z4dhf7wandtvah3qjdl843tjan4awk73kj4yxuapprjnw6xylpywf7zpxuxwapz0jgympzre2l2826l2kh9l3fqrk38ul7p38e5aflj9kltvjzhlnw8c29gmphdx0t4wquc06q75vxs4rzw9z85u2q0lgyk27nh0cysln5zj56nr0cq8y8hjfwgapyz3l532pc8pg2sluyu0khlqkfgwemv2p0m74n6v8wckfrrcm6n79ul4wl87uy9t9xv58knt5e30enwqxascd8jqu04u0alll0dkxylghmkewdl9tkremdahhzv5a8k54nskweweeuhalu0utj70cqqdt7qd5hsh7ven4lpl7pdl7tlysvrwxpmwgesgmzwf429l94kwjr2t5g0ml95wk4en4h8u72mqlynpgz3tsljhe2encm92u7h7ual2d4vl4jmuhkcu0swmeyq47xxw8gztnnmy85qu4zsvq5qjzxnqafgp94hg4w9az4g4524zk36k2jx2a2cet42gq4rl69h4gpdys3jmlmnnc2adw3lrd4ej9g3xu50cse2uresn7anvvrwvasd0ms6tykhq70snac5rjm9nxrx8yhvm39k98ku3yumpm7j8fnuwpdhvses8lp52nk8yn4lq7m5syt4m05y5r278nxju6znw0qcwq6tnyd4l9ta73eer2yaex7y03hy7yqsjw7recze63ftsg9wu8e3lf8uecsz2zfc0vp6jzxakykruw229tash6aeda075lma4qjnp0wp68z2xd4v7llumguhtcn7avdmxejvesa0rux0majujhlx7vrrac9udja4rt0zsamfgmkh3hhfkpuuaj2nm0c8ke95gtzewesxvu7kf2y6whdvpd0ns7a8jmhe8zhl9au2yxqqwmmfayqeapqmw
PP,offer1qqr83wcuu2rykcmqvpsvnm5mxpkcym8rm4yk6duu3lhc4h3uwanlwegtpkka40zgah02xnedpwknuwxet48z56qfmj0n7cftka8g0e8395ssnag95tptkeeg95uly4ufqyzpypf4u8kafcf7cuxnv7zrjdn7fyl7punmkfhgwurjujlxmd4nhl7q9sz6nrznl4wr56398c49ypak87mm6hmfargx8d6wvxnaplmtvzkkqqllr0l47spg2rlnw6mkta403l7llmlc94d8detptla6ljmre0tx422fyd8h56y8nj6nftugat8zx0az33tcvafv8lllyml4kxrxfspnnn0pl7pperltnyhn3275ptzaktvezvuhfgc0m87hgthguquhvm8hharrh44turqr9rl0690w2a8qa9g6899s4j87yndhl0m472edha33he8c24qay202le52g5em6gwlutacdmph6lyjv9tkdc8p5nmek6a9mt3td76tr4l9t7fklrtdnp9t37fzaqna7nnz9llmft3sk3lr27eute4k9l0leffdawpvfk7ew7ltewd56hawlat209z7nnzmesnuytucdmxvuhfjl0yangln57rfnawmgunqfftu9g5njzywryrqv39y3388er2w0nqucxyalqdf5y6ljz6tmgr7j4glpl4mzu0acw7dexmwjn5jl0hz8ecnlg35cck944hz007c2gelllcz5kujk547mp0tg0w60xxm2a0wanw6hyswvm98a9lnta50g2ap5aw2267plv862j57qyys0547u5d66wd5hn8v4t4caf200w39z7tljtfe00g8vfw59tjvycm5hfkhfwndwjagmd8fxecgyhascpmhu7ye0lypywc8sd7m7lgmnred5kf92uk5kdje7lpuq0uk08ezzk979r7h7czngey5jsd3jkl8uuj3vfy64y27dej5zej7vfy6yhnjfelxnzn7veq44vt72f395e2jdfny5jt32eq4zj26tfuhuedpfxmyjetxvfyk4dj3del9ttnewfu45u2jj95h56djk9v6jk270fvhyan6ke54tg3acs6003yj6nevfj5slnkdg0zml74zgvlrsqc0wyyh3t9vg48l426zsj70sz3fp78zpnpee8yjczjrc87hzsmk8rls0ne4pqujvgp7wzxl7t3g94xs6rstgnyt5qxfle8lqa3xrrjws7v2k364xlln7yqqxv0kf9z7vclv233klnlelvtq04lke2yxsl7q4avc05maszh08lghmheayam38lamnle67n9lwtuvtshll7dh9zv0j8k294xv7jwvfyju7wwdelxj32xtfu42enfdcv5ng2ec9d8vj23pegu5hn32yaxnj2pdcz4nfnfu9dquwdek8cajtjfcrrq3wtwccf6xeq6myqg5mgvskn4nmn7t4uw2emfnnzm66c4na8c6mn6utmy5m2dhhfmlegmgdlmlt7d0alelvsp202fc47yhwv5g9e539jyqukeh7hw70m4gk8kd726n7lnwdegdtm2nvamx6kam0zpv670tjh9nxt6aalr992vdf6z289za5vf7rgcnuyzdcve6zylvsfkzy9jal5w44u4d0tmzjq89r0alurz8nf6nlyt97kay9dlxu0s523kt06v782ufcsm53lgsvp2xy72ywfu5ql7cgv4a8wlcgpm8c89f4xzlszwg00qjv36zg98lfq5r3wzs4rlcgcldlup0vc99u4s7msgnu0np0hkcmmc8w40d9jlwt8uvqn9u9nmv2va0qvppq0kr95xgra783l0uleak7cmuzmwm8e0742c08d8h7cfzh57ej70zmm9c8rnlnlfl32telqcr4rc3kjxrlanxvh58lu9haellj9sdcc8verx3pvpex4gh6kw66gvev33l0sh37609w6a0netdr5jv8qzxwy2403tl35yrjhcmtla0dvjt72azlfanavvmamhsvhtxsr4uwxs5ttsrjct3jzqqggmv949pyjkdz4g45w4j53jh2kx2a2sct42nrw42q25legxl4g9ysz7f0n070prh4kxudklxgerymjpazt9ms0kq0nhd4s9cnkq4mwmtvj6upewp0lrq2tvhv5dgujdjwvhcj7tjylnvp0jtawwp697ujtxseuxn2zcukw0armwzy3w5dk3jkdtc7y6thgzde5zhx6mzswzrsxljtrnw65pcklpaxh9476qkdyyyuyavtyllxute0kgulp8uecsz2zfc0vp6jzx4xn3325mznnah2ruzf40dkm5kpeftm5w9wgmal9x406lz3sefwkgl8500z2ldn8hgcse67hmnajdw4nvurlwfwf57x2wxtvkkwrm7pm7ll7h3pwp4xjcyt90zuhnl9wgx0pwlsc74zr0ljfnyt4evtqkltj46apdxkrcqwpn6g0sgy6xvg
PP,offer1qqr83wcuu2rykcmqvpsdj4u3up2z6uvfd8s3d0njdmn05azm9mtsq2da0295j6erkak0me3mch4g8y7aukjg99kqlhu38dnjad6ys8klz2f9qheq9278hpkjjg3hl9gcgqs9z5qnme8pmmnnm3sgxde509rra60lwzexhqn7wlstye97hkm0xr7v22gv5wx4e7j6x4hz5v382c8mw0dlh9vxpc7hd6c5wc90m0cx6c9rdu9l78lstpqz74lmxehh5kr0llldluhaqnech95va5dh0t55k7rrfa9kcjrfv77n0ka5k7fmz50xa38rv5tnk7r0ll6dl6mnpnycqeef4sllqh82r65kp877rsv8qv0zmcn5pyh6sz2flu6w8chjxaxklfpvy6ut9qjzkks6runxteegx4a8yqeahaw5fx86lnpgl5svn443tn57gg7reewlzf4p6arz88w6j8h0ql6p3jrw4v0mfgrn6e4grr8q32u0nhrx6ena23nk76twtntq8swgewtdccqlkxu5n06l8dqll40zl5k4c3lmkmlhpnl0z44myns2hpnpa6m328nnueacy8rlvcm6anrcuaa9fhgnj4lu246wx80phlu3k3v0230ry06um4aqv8pnpsxgsjqenhup480cs2vnzwh3x56z003qd9a5rlf250s06ae086u80x5ndhfe6f8hm4ruufl5g7vvfzjmm488avd9vml07pd98kwnu254reej7zq2r9dvem4u0zd8kjw558kj5l08hmlktvfewde7hqhhra9f20qrzg82glwtxad8x6renk246uw448h82jew9me4kuhk5rk542z4ezzu06r5m058fklgwsdkn5mduqzt7cypal70qvhljqjhvrsxldl0kd3suk6mxj4wt2txevhws7qh7t8nu3pmqlz3ltlupf5vj2fgyc3t0h77fgkyjf2z80wue2pve0xyjfztmeyulnfpflwvs26x9ldycj6v4fx5en2g9n9vztf6fdy54fff8g4vef708lx2msp28gsj5wkderxu7292e25zenpfgarrkv208d8z6tzf998uw2e4g7ugd8hgjfdfukye2g0emx5hndh724ykd3spv8hzzts4jky6nlj4d9ged8spg5slr3gescunjfvpf9unat3fdmrpac0eu6ssvfw9qm8pr0h9c5z6ngdpc95ej9jprylvnlc0cnppe8gwx9tcl2nwleljqqrx8myz30wv0j9g6m8clulk8s0ekte778cyrzlxsutc7fxj7sz27tgsr0hc9s5m225w7dunkmzkp0tlel7lj39herryz7jkdfn8zhjeg4jkn2dj2eu4zatf3xlx56t7gfghjjj4vev6uctp5eaxv6t6d9c6j5dw09095cjekx98y4newesvdzxfp6mx8sc59t53pksdpnjcwzewke20l5salp04tldkdwlun2k0zkn33dsg32dfa7mr2x3mxa6cvk87lu8ensrf9t8xhcsp3hl309e5p9jvpukehuhx70l4gk8kd7w6rulnwdagatm2jvamk6k460xpu670tjh9nxt6uamr482yvf7z2892a5vf7rgcjuqzacve6zqlvsf7ry9jal5w54u4adtnzjy84r047u8zhnf6jlyt4ukay9flxu0s524kmd6y782uecsm43mgsvp2xy725vfu4qm7g2vaa82lc2pmxcr9fhxz7sxwgd0qjv36z2987fq5r3wz34rlc2clvl7pr28jlxaeza2mjunxanadaazhm0hc5ghlakx6wdxj0v04crpjang05rtkr95wgre7h3l8alaakucnazlwm9e874wc08d8k7ufjh57cj70zem9e88nlnlpl3wtelqsr48cpkjwzlenxwhu8lc9hlel7jpsdcc8derxprvfex4ghckxm6gvfw33l05h3768yw7alnetvr5jv9q28wpnhc5tstlpwmy75ejfnxl5w2wqkxpll48ds0rmcvkr0cnndpw0k7usfjutpszqqggmv849qykkaz4g4524zk36k2jx2a2cet42rpw4tq250mgx74g95jzkf0h0w0pth4jxudkhxgarymjpazt9ts0kq0nhd4sdenkq4mwntvj6urewq0lrs2tvkvsdcujdnwvhcs7tjymnvr062aww3c9kajtxqmuxn2xcukw8urmwjy3w4dk3j5dtc7y6thg2deszn87k726tp728ukt3yh22kmqhm7jvthuz3umvhhxdpefxh2eaajde9uulnrzstgpxpash2gqmylej0ff2lxmmyx0l3r4tzehe8fvey5tld2e9m4kd9mmlfn2n7a7q46vu7t777m7432tvqsa0p3pfgxratxh0expqn6uxlamafar0atuvhv2hx86uwguhzsunk7x7lnmywl4mpe98twe3amm76rudfk92s0r7panfw5qq5gyvvqcrd4dj
PP,offer1qqr83wcuu2rykcmqvps9zwu4tqaf0luplzp8m9ae3enwfmhkfaw0kvkudmw4acwlhlv2t06c39v86u9jhww9f5qjhqlhlsjkd6wsaj0rtdpp96stgjzh0n6stfewftcjqvyzgzn2ctd6nsma3cdkeuyxym8usflara88vnwsau89e9kvklthdl5pty99yxd8l2uhf4z20322grnv0ah8h07j6zsuwm5acf82rl7hcpdvzph7xlltlqzs5rlxl4hvhm20plallhlst2vw85r5uar4elkce46jac6rkux9lr7cj7am0hacxn6ywwau3lc3va4l3l7lu3lshsuvdys2ww0ut7g0n60d8junwmdnj67lm6xy7a2ltsg4d6mdcw7680mtxhk3nz72n00e95utp9x7nf8vuhsn8d67r49apnmftnkttd0ndvcan8kh0ry970sv4j34xgs68y2wa4y8079luzq0vxalmnaxqdhazuamu0vujmrt5629szaum64au9cahe8ll3l9q5gq76guatjwam6f0puhjk9dcthl7mdv6ucewlcsm70jgmee9md784a8xxp627wx3yz2z6a8gdhjm4wmkcekd27a53wh72nt5u36xm07xhn80pjt60fcvcvpsyy3xga0zdf67yznxcm5uf4ksnnug8f0dqh624rvr7l0te78pme5yld6vw6fa6acl8z0az8npzg4k7afmlrzf0xlelcta6nl605uu3cl0l4wghyala67aaggu0rduhnxxk7pae7v2a43shkaf4ctmeljs40jp3yr3y8k9h0k3ndpu464vak92knm44edhxuvcm7fmxpmv2ap2cs3w84r6dk685md50fkmfzdk7q38lyzqkl08s7tl3pedkperrk0hmwmcz2d0n32h949nvkfhg0sdl43ejfsls0jgh5l7qumxf9y5z524h60tyutzf949r05wg4skvhnzf939avjw0eyk5l5xv9a9zh4jvfdx25n2gen85kt9dxvezknwweh82k2edxzhvkvkge99u3twwxye5mnfg4ly2jjzdfch5lj2g4d8nyvp2xy6z62ekxckn0vyxntjfuk5jtzw45xu3n60ekelftjtxgeq7ztnpac232zdfh627j52kt6qc2gt3qhvuvwdey5qsnwt7dc56upj7uyu7dcwx55zsdns3lcjct30fyxscr2we26q3jlsf8l8ugqkum58tz9c0d2htullqgqnrujpgl5xtejjd4ju8lllrq9m2nasezlnwhckhr27c64jck90mlq2qvllf2e8djdm4u23knt6xzvxrlllahu5ff7g6egk53n6dfm9rxnpg408u5t3dxgkn2jef908j7jf3xa956j4teym5hnefeve5un6dxay5st20fj525220xcczkvwv9qwvjxep6n88scy8tuspjsdpnjcw8vwl4gl6d9lm2g84l62etp794f9nnmnd07n8sgugy86675llpngy3s8yqfnjnw90pxhepjpw4yfysq89k0le6hn7af9aarfj7hlmutnw2p2km5l8wek4k7mcsfxmn664ewe778f0gmfwjnvws33ef8dr2wsj85apqnwr87s38cyzds3pu504r400a2tjlc5sf6gn7laqsnu7w5ae2m03kerthch8u4q593mkn8h6hqwg8dz02xrv2p382sr6w4q8h5z090fmhuzg0fcpftdd38uqtjrmey4yx3j9g0cgapursy9g07zw8ttlctgnl6s8nfhs4eam39dnh9yy2uxk35ce2x6yr4dfctdlhh2ua796w87r8vxtgvs8mu0r7lelnmda3hc9kak0jla24s7w600asj90fan9u79hktsw88l87nlz5hn7ps8283rdyv8lmxve0g0lct0mnllytqm3swejxdzzcrjd2304va45sejerr7lp0ra572a46l8jk68fycwqyvu2rpats00lgdx8xwztq3jljn4ar0hj8aj9vy5ez2cgmd646uhp3s04jwtp0xggqpprvsj55xj2c5w4j53jh2kx2a2sct42nrw42vf692p2jl9qm74g4jqtf97d7euy77ksm3kmumrvvn2g8kfykw97cp7wukkqhzwcrhdmd0jr2s89c8luvpddzaje5rjfkfe67zte7gnkvs97e043e8vhtsfvmr8s20gtzjael50dcgk923k6x2a40pcnfweqehxstrfxfgau48848w8h7mns0ma25uj0lfxfld32f396tv4kr07njuqvu8e8lcskzuqp40yy2kq7emq0dgwfr675k82jq5h4u2h6vk60y2ek7f89ax9saul68msl6665njvln8ra7wtm7ph948tn0nkf8huwrfj0z05j7uy4aa7nhhq2pj6tsdmtxh7t97dlldx34qlk82r77244rmddc6r6nf9lemkpy7q2zxa3kt0kavuzsp92sng0s4cfwjv
PP,offer1qqr83wcuu2rykcmqvps2napergcr0rr4mkzdvhvhvvvmy447negzluneshtl2xl2l8d3lh5w8ak0tswfaee9ys2turl0cz2mh96n5fy0duy5n2p0zq2au02rd8yer062pssfq29gp9h6wrhh89htpsgmng7z88l50uudjd2phuahqkfjma0dh7g8vc55sevuatnay5ft79gezw4slku7ml22gwr3awm4pgactljlqd4s2xlcmlu07qjzs8at7kdnldfv8lll7ml30exlmyww7l83c0eaur3hl99wntnnw7hfnu3f0jwnmgl84g6wk3zp682smllln07x7cvcxyx7gdy8lu93dx9e8c7zxe8dlekty3w89n2cxvmdzj05j00elfud82uds5en0e2yespsw44ge2r886f2k78x5urjr6dnqtt6nv6m0vv33pc7d4e6xmlu44hw764dzj98w6jrhlzlxphu8n70ncteftw7dak9uuaylfv4we2kljg7y3zdd65anja8egyhakq87cg78pfdqtkude779fck3e8t922lv0k04wd0zk6yyaah0vx6tea70j68ew39x2scdsx9knqwrnudhv7nl092v8l3vlju5s6wdmy95cp2xw3aspcuxvxqezzgrxwlsx5alzpfjvf67y6ngfa7yp5hks0a9237plth9ultsau6jdka88fy7lw50n3873re33y2t0w5ul4354n0alc9pyerk474r46lmyrv0dnwrd0u7vef8du733e8vldfltuexuflj7haang9auleg2neqcjpcj8mjehmfeks7gazhwlz4ffam6ukt3wwddlya3qah92s4wgqhr73axmdr6dk685nd54xm0qqjlkpqt0lnct9lcs5hmqupnm0mandvr9xkeu4tj6jektym58s8l6cumycwc8e5t60lq2dryjj2pw92ma04j293yj6j3n6hx2stxte3yjcj7kf88u62206nyzkn306fxykn92f4xvjjfhfsh5j2e0xge252e4xn955dfdfcevkv6txshz7t209g4u3nk2x8yn0jw2x5e5etfv4hxjudfgeryz7t90kzrfacy6t2t93x26r72e48umvlk4e9nyvq0pdcs6u9g4px5la40f2ytpaqw9y9c5txvx8xuj2q2flylzu20wgc0wz70x5xr223gxecgmuew9sk5jrgwpaxv3dsge8eyhlr7yg2wf6r432u8j4mh707sqqe37fq5t6n8u3gx7e7rlhl35znsyr6llp4qyc95d9cu83m8mnnck63dzs7rc3r2079xqhd85nu6wfmlhl0afjauf3jfwefx5enfjfd9zedfnfa8y6t62xtxnfv229xev5jw0fuhuc2e2ejkjkdph9y5z4jpj4dyvu235ecmzj2jvks5j5nsaeqv2z46dlr3qgh9rrdqzz8d35rcu8grl359unuq4uthh85cj4hvv7uwx23mel0huhtp793kwn9nqnylll7ruecp5j4nntugmqf5f9f5ppnvru76huhk600hg6xkd77mrulngd42a8m6kv4ekkk960kqukl0tj08n2t67atq4tt5vfwz2ty6m5yf78gg5uspa5vf7zqlv5gw9yasam47j4uha92rxjy840w9uu8rhhg2kluf4ckax9elxc0q52a5md65c8jaec3m33m2svp6yy7t5gfu4qnag2val8jlcwqtzctyflxzus7wg90q5v36zwy8cfq5r3wzh4nac2el2l7pdt97dq78n82xc42el7vkkm5lehv4ldcj6xeclqxnpm9achte9y0avqt5rp47vrp7helhmlaakcenaz0wmdchc4w600dhj7vfjn477jkwz369l88jll73l37fehqqp40cpkn7xlenxwhurlc8hlc0cj3sdcc8deryprdfex4gh5kke6c0fw3pl0u536mhzwx7lmetvrvsvdq28wfn9ltxh3dhef9h6nekt7s70u9z2wphdghw8ntjt664atwdlpr78j3s0jygpszsxgg6vr49yyxka25cn52hz732526923tgat9fr9w4fqj50lgk64q95jrx00lww0pt4469udhhxg4qymj3mzr8ts0xx0t5d33denkp4h0rdvz6ure7x0hzswtvjvcvc5jahwy5c5lmkyrnv8w6vak03cykajnyqhux32wcu60hurtwjg3wndwjjsvtu7vctmf2degz4x3dkmkhd8es69vywwr6gmrc7xhmulnsnmdlycl2ludh0tm2lvdn87flxwyqjsjwrmqw5s3576kmelm262sluedzjwmzuq6sk60kajzajag4f2meylu05r4y7wmqted5nv0pufedhnutka07q8rtl24e46cjnzg4emsxmy4v4ltx0zag9ntk4h8cgxlw78w43q4cadtuau7x5ku6vqslvsxegmrhjaw99kfv2w7egsptrzjrgs3q3f79
PP,offer1qqr83wcuu2rykcmqvpszj474e3dpu0xm0x3wfm4c7jfvf5m83m6u70u50e65l4u9c60h5junqjkruwxet48z56qfmj0n7cftka8g0e8395ssnag95tptkeeg95uly4ufqyzpypf4u8kafcf7cuxnv7zrjdn7fyl7punmkfhgwurjujlxmd4nhl7q9sz6nrznl4wr56398c49ypak87mm6hmfargx8d6wvxnaplmtvzkkqqllr0l47spg2rlnw6mkta403l7llmls9jdyul9n3c494memxmhn0klwk49dl06ujqsvgl6k9gsammndlj6dlrt0plale8l3dpse6dqyuulchastlw0qnj86jjujlh2qf4tht40fnjt2lfawhc48hdm5eex798rv4msd2ttdpuxq0nwjdek9jveayu46a528ef3dhvf7zw294777z5wejkmajrj49x45vguam2g7aurlc83tvewvjerdknstdjwm2kywth8u653k03s7f9smnk4x74vl3f4vd0szlw5trj6fa0avflctz6ruf8vdvsljdd20xppw63qt0wnw2m9mmrwz23cmx5hua0pwumv8zd4rt8wtkg4r4eel9yagalval9t0dk089u5a03yac6msescrqgpzv46wy6m5ug9kd3hgcntap88cs2jw6p044wxg9a7lhhuwphnff6my6aujm3m37wvl6q0kzy3tde6nh7w9j6d0nlch7ny0cegvn7fkl5esuksv490atmhv7nh728j9j003qnr5x4m3t50fdjgtmeljs40jp3yr3y8k9h0k3ndpu464vak92knm44edhxuvcm7fmxpmv2ap2cs3w84r6dk685md50fkmfzdk7q38lyzqkl08s7tl3pedkperrk0hmwmcz2d0n32h949nvkfhg0sdl43ejfsls0jgh5l7qumxf9y5z524h60tyutzf949r05wg4skvhnzf939avjw0eyk5l5xv9a9zh4jvfdx25n2ge485at7txn95cjev93yumj7vegmjuvk0fv4js26vf4x5cjk0f64vhjk09vcnxvfselxjjjfte09nyvztfskuhdyxntjfuk5jtzw45xu3n60ekelftjtxgeq7ztnpac232zdfh627j52kt6qc2gt3qhvuvwdey5qsnwt7dc56upj7uyu7dcwx55zsdns3lcjct30fyxscr2we26q3jlsf8l8ugqkum58tz9c0d2htullqgqnrujpgl5xtejjd4ju8lllrq95hr3vmfa7gc0p7a8uhnz5huelmjt8mv3fkdfxersuenys75t6p67aehll7dh9zv0j8k294xvus9p8uc5kw2wyuhn0n37ya9r5g4w8axjutwxeg72529w9mxvln399v7ynnwv4f8v6nzfe54jst624lyvanfgrrq3wtwccf6xeq6myqg5mgvshs5lralh36n7mxf4camt2w268kvz0wntg77dvwadnv9zy9twkul278g0llepzvuym3tefh7q2g9653yjqqukell8270m4yhh5dxt6ll03wdeg92mwnuamx6kmm0zpymw0t2h9m8mca9ard962d36zx89ya5df6zg7n5yzdcvl6zylqsfkzy8j375w4al4fwtlzjp8fz0ml5zz0ne6nh9td7xmydwlzulj5zsk8w6v7l2upeqa5fagcd3gxya2q0f65q77sfu4a8wlsfpa8q99d4kylspwg00yj5s6xg4plpr58swqs4plcfcad0lpdnpa2x7tukuf4guldna58ddhw746vak7w0837pdfhqlu5s450qcnw3skr95qgml7rsltulma77cmu2ewn8ed7atct8d8hkmfwkyce6l02mtpclznnnl0legtelqur4qcehjqr0lnwvhj8079lufml68sfcc8vfrxapupek5gn6k262tvavp4l0sh472f9wma8nf0dm4jqxqxxk9j5xj4kaprxck063x0l5u3c95tdtahs7vtx0jcht5unpp7tkdjlppwdrq0xgczqpqvs35c822cgd964f3h24xyaz4ch524zk3252682e2jr9ql74d42qtfyxv7a75u7xhmf5tcmtwvn2gfhprkxxwkq7vu7hqmrxmr8vttw6x2c94c8huvawdquje5msesfpm77ffsfmhvg8wewa5emvhrsfdm8xqq0cdzkaee5l0cyk4y3xax6a99qchf7eshkk5tjgtrxf8t9mvnceas2wk2p5kyht7ejcl6cltyc5wjtx0au4zxyskqgwl0a3pv9uqng7gf4vpdnkd089acrcul47frkhrz7tnryttull050nz270mkxqua75m20xucejuv4fme0jn294cakwxmlr7g89kmmuuj4q3muu6xker7rg06pyf6jms7hjglax5h0wpwx82hy84vl58wnexq604606ta729f46y9qkp9ujf0963jqpx0zgtz9du60x
PP,offer1qqr83wcuu2rykcmqvpsrje4fhkdkm7ela05g3xeue4eu94l60t7vlaeudjhmlgm4seng2qjmh82swfamedys2tvpl0ejwm896m5eq097y5j2r0jq23u0wr99y4rlu233spq29gpxhjwn4h88hrqsvmmg72x8e5hlu9jdwp8aamqxtjtu0dk7w8uc55sf2ud2na950twygaz74s8ku7m0w2cdr4awe43fas205lcd4s2kecrlu0lskzq9atlkdn0wfvxlll7mla0lp6mjctjmw9hmjlht6a8wh6yumnum0em7azrnsale7v2fltk9nmda2lj34lhlxluals3svvdvs6gwlutnfl7lc9uefau8h9r79m6er8jlkny7maupq90kv7ee32tlsw8t4sa6khsvp7h3g00z520a72dp6y423xgmc8rtucl8vnmexd3mdqu3htwpghlpetndzj98w6jrhlzl2rj9etxjxrrl0ndev6eldv6v30wr0mn9vrddnwrvy7taqjj7svu3e2tqrakhzw07w2hnmg7klwvcw05eqkhhtxu44v6hhqldjxuvjru5u3wrljnd4hkeduu4m4mk2harjhqex9g24k4ykwnz6mr5w6mg9729n0ntc7hws9lqnpskqszyet5vf4lgcstuerx33xh6zw03q4yakzl22uvstmal00cur0wnn3kfhm3yh8hnuu375yluyfzkmn48du5t956l8le08qjmcwxtnf4lhp7qmkhjlu5mteer6whp78wsskt8yl8t3zc032eedm277rly82vjvaqv9qd5dlu5v6cw9khm8v3t4cadt0twe8zk2ljtec0tghgfk59tnuqcn4hph8twrwwkugmdhgxeecqh9ncf6867uc0m93xwc9sd7m7lq6ntcajke92uhyjd6m7npuy0vk08czyk9a90787cj3g4y5jsdjj6l86uj3vfy64yjad4nyyejavf92yhnjf4lx4znaveq44vn72fs45ejjdfn8zkj4heexue2aff24z3j304qk25j6den9u3t6g95e5jj6w40yymt22ex6u5jkw489jhtxvf2k6knjwfn8r2pucu60d3yj6nevfjyslnkdw066lj4jwv8qsvc0wy5k3ryvw4hu4zmjkjxwszsf978rpnqfa8yscznn78xhzumkpr8n0ne49q5nvvqwwzk77tsgp4xs6rstwnyg5vxflel7q43x9r6vs7d6j36hxl7rcycrxqwxd9j7v5lvv3phll7eevjrjlj89aana0u4d0e3azled0pyy7s55lx266mrylg4kcdal4zvwzh8lull0egjmu33jp0ftx5ejwvxl9r2tejx54rfnedfg4rtj72fgkzk26w9hyu7v3295czu262eukven2v90x5ujfnxy55lj3d9d9vljsueyvjr4kv0p3g2hfzrdq6r893yz3xeea0austddprxtttxffxmx006gl7u0ycs3gzzytcnnn5ctwew70llu8fnsrg908xhc36pk3y4xsyxds0nm2lj7mfa7arg6ehmmv0n7dpk4t5l02ejhx66chf7crjmaawfu7df0tm4vz4dw339cffvntws38capznjq8k338cgraj3pc5nkrhwh62hjl54gv6gs74achnsuw7ap2ml3xhzm5ch8umpuz3tkndh2nq7th8z8wx8d2ps8gsnew3p8j5z04pfnhu7tlpcpvtpv38uctjreeq4uz3j8gfcslpyzsw9c27k0hpt8atlct5tlvvlmtftz2n6dc7cjvx409kpaa82myt0nch6ux6va85ntcjfancyhq8r0ucxra0nl0hlmnd3n86y74hm40pga577m097cn98taa8vu9r5tww0dllar0runjwyqr2lczd8udanwva0chls80lslp8rqm35wmsxqrx6nz02e0ffdn4sknaxr7lefz4nw57d4lhkkgyeqc6q5xl463qnv78rf8ze9ds8tc7n6gtf6sj6t2qe8a343g03plxqu4exhnvchjct3jzqqggmv949pyjkdz4g45w4j53jh2kx2a2sct42nrw42q25legxl4g9ysz7f0n070prh4kxudklxgerymjpazt9ms0kq0nhd4s9cnkq4mwmtvj6upewp0lrq2tvhv5dgujdjwvhcj7tjylnvp0jtawwp697ujtxseuxn2zcukw0armwzy3w5dk3jkdtc7y6thgzde5z6af3m4uw0gzz6nt092tns8w56lq8mdvpule5e39sjklzmnewm3az3a5lnrzctgpx3ash2gqmyu4p7lhuap7dyje2uv24x6a0a6cr7hnxjue43u9y50day88d67x56msfw42a5lxu0t38zr7t7u07cdcsfesnthre6q4dlth5c0zcxuaj7uek864jg4az72ylvk4hcnl6lfv293593a9ecajclu7l53dvmujvkatjz7rqqml7eupg8dw2vq
PP,offer1qqr83wcuu2rykcmqvpsqn2dtl5u0juada2ptq6pnh8p6czuk8x9377lg07nyhzhnlmtqydnfyx4s7nnkj7fs5ksz7ln5lkx24hfjz7tufdyyylvp4rcwux22fw80c4tzqzq5gs2d0qahtwx0wxpsmhksusvlnf8lc0y6uz06mkquhyhe7mdvu0esfdqj4c6587tcuk5f379dfq0deak774c68t6d3t2nmq5lflc6tq4a3s8lcml3wyq26nlumxkajud0alahl7lkphkjexfz47sf8v850h3hlp6jgnpxh9cudg3dgm03wnp4jeen0m8mh2k7rlmlj0lj6rpn56qeeehs07qlnznx4meqxf6yuaev7ad3edvk372uvfj5fa8u2aeuhnp5pmxpr8a7qgw9s2whtdagu4lw9hu7dwzxlk8vfs2xs8pv2kn6nefs76t7fdmduarnmlwdzj98w6jrhlzlwrzuhe3u6u0e8xjm80lj306lkhh9039druatze2tluln6a8u644k83l0vq07jjn0em29uv6pafqmq6ywaxa2t8500phq2ww7820a3e47wm9jnh4lxa0f3dpd0vtf8jm6l4umnpd8mzyaenha4tlu2hycegt4l7n9rj2uuygr3cvsvpjy5jxyulydfe7vrnqcnhup4xsnt7gtf0dq0624ru87hvt3lhpmehymd62wjta7ugl8z0azxnrzckkkufalmpfr8lllsty5aemep3w7gl74x27anxvnvk6u7407myn6r2hmcu67yt97e07l7ltac8aslf22ncqsjp7jhmj3htfekj7vaj4whr49faa6y5te07fd89aaqa396s4wfsnrwjax6a96d46t4rd5aym8pqjlkrq8wlncn9lusy3mq7phm0marwv09kjey4tj6jekt8mu8spljeulyg2chc506lmq2dryjj2pkx2mulnj293yn253tehx2stxte3yngj7wf88u6v20enyzk430efxykn92f4xv5jjfedfjutzdezknd5ft9h9nqvfd9t9v659294xvjj7wes4azde09qky5n3txh8jujj09s6tv2f2ehy57498hzrfa7yjt2093x2jr7we4put0l65fpnuwqrpacsj79v43z5l74tg2zte7q29y8cugxv88yujtq2g0ql6u2rwcu07p70x5yrjf3q8ecgmlew9qk56rgwpdzv3wsqe8lylurkycvwf6re326825ml70csqqe37ey5tenra32xxm70l8a35qltyj0nv2224au3a6krjzsl2cdxh0lahxjrc6tmmsq4tt7rvfm3wulall0egjmu33jp0ftx562ktejkj5twve39nvv209y5jnne29cc27dp0xh8rwj6wxl857dwtfl9ng2edfn8js2jw4c4y3tpd9z5rztsueyvjr4kv0p3g2hfzrdq6r893vx4m8vvx58fm9cuhx7magl0a29avkuw6509686gtnnjn0zwy78vethlalc0n8qxj2kwd0382pk3y4xsyxds0nm2lj7mfa7arg6ehmmv0n7dpk4t5l02ejhx66chf7crjmaawfu7df0tm4vz4dw339cffvntws38capznjq8k338cgraj3pc5nkrhwh62hjl54gv6gs74achnsuw7ap2ml3xhzm5ch8umpuz3tkndh2nq7th8z8wx8d2ps8gsnew3p8j5z04pfnhu7tlpcpvtpv38uctjreeq4uz3j8gfcslpyzsw9c27k0hpt8at7gd5c8479zd442ycvj30kpm8qfl20y6u56synd5ywl366009a24uuq8asedpjql03u0ml870dhkxlqkmke7tl42kremfalkzg4a8kvhnck7ewpculul60u2j70cxqag7yd53sllven9apllpdlw0lu3vrwxpmxge5gtqwf42974nkkjrxtyv0mu9u0knetkhtu72mgaynpcq3n350nkkeyalneyqnlhlh9s9ym4jetvehg07ur0cduu0ce4jd9xd69wk92ctejzqqqgmyy98pujkpr9w4vv464psh24xxa25cn52hz732s25negxl4t9gsz6f8n0k038h44xcdxlxcmry6jra6g9n3l5q8nh94s8cmkqemwmt5365pfwpllrytmghykdyuzdjwwh5jwdjvanqplkt4dwdm9cuztxceuqn6rc5hw0armwz93g5dh3khdfcx960kgyd34zacrvutl2wafhfyu4ctukd4aatgfn32tteassmp720pd97ngwkx84zkl0a3pv9uqng7gf4vpdnk9a2l3vfp799rrlxkqar4dd797xsun00l0smak0aulz85ta8d9xek7mkxgla7y4r5cnmxac0cuylgnudtmvsn9f48cwamt8l46myea7jjxtn4uua9uha8vsdlfjk0dljf8m6x9pymtj77vf5nmfrpyna7t205u7ca3jqxhn2t3wgexfth
PP,offer1qqr83wcuu2rykcmqvps0nh7pht27k62h7r2acxc0ya0dpk3ema94zw3kuzdehx2x7jxvdhdjr9tpl88v9cn3tdqyam8elvy4twn58uhcj6ggf7sz28sa6vu5jcw0n27yqqpgnq567pmw5uyluvrph09peyelyj0ls7f46yl5hvpewf0nak6e6lmqj6p9f34f0chpmdgjru26jq7mnldaate5wn5tzka8kpf73le4kpttpq0l3hlj7gq54rlekddm9u6lelm0lal5rck54aax69un6n80zltjtq7mjnmff82ttl6tmr02l5r9l07w4zw649wsmllln07x7cvcxyx7gdy8lu9cuwawmq6xj5llvva7z87hehd9a0lfhk2py5p2hz07w5kan5elzamd76pq826gk9ltr77w6cms9mc5x6a5ktycmhxn2umwvlzure48f26hupa7cukpert5dfrm4sllqhlndurl8ahk0wt4fx9cn75erwm0lnf2nh7pl7ul8je64l2dga2vfjgskz8m40plwn8eyn4ch0rkp95as5y5wlnnlxhtl7tvnjppx06ud9l3z4mfwgh74akrq6kl5xv8jlwhadm9d5xz0ru5a44xh76y9mxhhudlm8tpn9upvwrgzqg39x33xharzd0nqv6xy7lgdekyzujx6tagtaj3f08lamzs0a6wwwexmw5nujl0hj8esnlq3y6cwx4ahjf0km2velalurruukghn7n8h3c9x2cwkkfwlv2tln2h2zaj6360ysszk7mxuc4lvsctmeljs40jp3yr3y8k9h0k3ndpu464vak92knm44edhxuvcm7fmxpmv2ap2cs3w84r6dk685md50fkmfzdk7q38lyzqkl08s7tl3pedkperrk0hmwmcz2d0n32h949nvkfhg0sdl43ejfsls0jgh5l7qumxf9y5z524h60tyutzf949r05wg4skvhnzf939avjw0eyk5l5xv9a9zh4jvfdx25n2ge38ja23txy52ljw0ecmrydkdxz554nfs9ty56t60ff8r922f9d8v3n7dfeynzj70fc65ct3te4ynvtewxg5n0vyxntjfuk5jtzw45xu3n60ekelftjtxgeq7ztnpac232zdfh627j52kt6qc2gt3qhvuvwdey5qsnwt7dc56upj7uyu7dcwx55zsdns3lcjct30fyxscr2we26q3jlsf8l8ugqkum58tz9c0d2htullqgqnrujpgl5xtejjd4ju8lllrq9njdmv0kn08drpa0yj8a4lhevum28e75dc8s27vltke2yrje0c7avl08ml7ljn9lcrryjujkdfshvnjxgepyr2vff9y6nyd6d409ryn3t9g5rqv4tfgmyjt7tx98j4j42fq45m2wvfse2mjjgxa9y4nxf9uddqxpp6lxhsc5yts33ks9pnkcjpk8jt3glrer9lvhnmdwk38a4ht05wr2ludkdn5vnvz4kyl8ju6xva0ll78ejs8f4f8xhcsvqmgjtngzryc8ea30e0dull23y0vmuak8elxcm236lh4yethdavt57vpeau7h97txyh4amk92x4gcnuy5xt4lggnuws3pcq8mccn5yp7egjuzgm9mhfadtet66kx9yg02w7tecw80wj497cht3d6v2n7ds7pg4mdkm4fcw9mn3phtrk3qcr5gfuhgsne2p87s5em7w9lsuzkdskgnwv9equus67pqer5yu20cjpg8zu9828ls437alsr07a8n5gesuqd2kevl7ls4lexk44ly8ndd7m7h74khwhznuz0l664gyhvxrfus8ra0rl0llmmd338697aktn0e2as7wm0dacn98fa49vu9nktkw09l0lrlzuhn7qqr2lsrd9u9lnxva0c0lst0ljleyrqm3swmjxvzxcnjd230eddn5s6jazr7ledr44wvadel8jkc8eyc2q5wuhzwhwnrx9a3hvlf42k4knx77llz55taxxlnrgh2t8emk7khjwu4kr5py9lv87rqyqqs3kc022qfdd6923tg429dr4v4yv4643jh25xza2kq4glksda2stfy9vjlw7u7zh0tydcmdwv36xfhyr6yk2hqlvql8wmtqmn8vptkaxke94c8juql78q5keveqm3eymxue03puhyfhxcxl546uarstdmykvphcdx5d3evu0c8kayfza2mdr9g6h3uf5hws5mngyvxlddx89wl4qkxk2995za00evaxehs3d4un6kht5qwt2ctr65cn3tl5ln8zqfgf8pas82gg6y6v440k3eja4059zuknasahl6lyk8976l987gvl0760juy776knnguzk6rrl4a5dkwn264mc962ahgm4stfveduj0wm2l7ag8xxmun4e8562aehd4277w0wwlkj9rdvhvrnahfw6m7a539kef6u29aaq60ru64tqqsqn6ceq3gp3nexp
PP,offer1qqr83wcuu2rykcmqvpsxjl9lflrjpgya4hkxxhdsaq8vx0malfhktzn894yxvwt6tvm5zhz5e84g8y7aukjg99kqlhu38dnjad6ys8klz2f9qheq9278hpkjjg3hl9gcgqs9z5qnme8pmmnnm3sgxde509rra60lwzexhqn7wlstye97hkm0xr7v22gv5wx4e7j6x4hz5v382c8mw0dlh9vxpc7hd6c5wc90m0cx6c9rdu9l78lstpqz74lmxehh5kr0llldluhc3u9caw2r5nt9kamuzthavhrut4efhjct9lkzwplvzke3huvkhh90sxdtwfhltvvxvnqr88x7rlczckzl7j6032lrhv8rahjqdntkjvdur4f023p80dkd8tjlf80tnmkc2lnsvzj33jg68m5ah3nkd9rllrnndaupvnpeht7lmr3t95lnm74k569ddedk3err4dfrmhsllqst2lle6vu7h42xhs0rua8j4tt6q2mlf6hxmslmtwwm60gzdrutm82prm9rjk3zws3082zfuh4a743g55mk2dnd6aut6ewrmpk83uz54f4fer4pakdz2yeyjlaxu2jr7wn7ll73mnsupx443l8c9n9uc0u20c4zvrly7wzvqvwrczqg39x33xharzf0nqv6xy6lgde7yzujkctaftejpt08lalzsda6wwwexmw5jukl0hj8csnls3y6ewx4ahjpwkm2uml4lgxc09e9rm3ydhvukptlydz8unzmdyw6h0kuhmjafggt8u8a7k4wlsexts0mp7j548sppyra90h9rwknnd9uem92aw822nmm5fghjluj6wtm6pmzt4p2unpxxa96d46t5mt5h2xmf6fkwzp9lvxqwal83xtleqfrkpur0klh6xuc7td9jf2h949nvk0hc0qrl9ne7gs4303gl4lkq56xf9y5rvv4hel8y5tzfx4fzhnwv4qkvhnzfx39uujw0e5c5lnxg9dtzljjvfdx25n2v6e8j52wtf5k2k2ej2vcjktkffc4v6v9f9zh54j7tej55ctkt2hgjkdkf9axjc260f09uej642yhz4tktx8gj0wyxnmufyk57tzv4y8uan2rckll4gjr8cuqxrm3p9u2etz9fla2ks5yhnuq52g03csvcwwfeykq5s7pl4c5xa3cluru7dgg8ynzq0ns3hlju2pdf5xsuz6yezaqpj07flc8vfscun58nz45w4fhlul3qqpnrajfghnx8mz5vdhul70mzcye3v7wxvtmm4w4tuh3kx0sx07kn9h0w00rw80ny3pruttaftaz6x30llehu5fp7g7egk5ej6del8rp230e48unn3wf55n8n2tx56j6tx24h8uejjd9ymu7vfkezkn92pwec5uc2e0xyh5k2709n8nzj2d9qvvj8e96r98ceyrtvspj3dpnz6kzj7e09eu84sk2vwf77ts4n3nvnwzu760adh7n2a2slmvlh84tdunrm8ll7ggn8pxu272dt3n5qazfjdqqvtyllh4l9ajntl6x3940lhchxuur4fhf7w4nd0da43gndn89ht6uneu7j73hje9x6apzrjj7cx5apq0e6zp8uz0drz0sgympzr3flw82ulj4h9lptqm53ra06pf8ecaemj4hlrdzyh03w0e6rgrzhdxl04xpu5w2y7uvxc5rqw4p8sa2z08gy72wnh0ey57rsz6k6mz0cqhy8njf2g9rywsls36zc8qc2shayuwxhlchrrw8h0l5jj9deaqkr63a8fkehf0ma0w7yaw805pe7rgc2p44wk48afnqj7q5dlhqc0470a7l0vd78vlgncklw4u9nknmmduhtzvua0h5d3su03feelhl75dulswpcsydmaqp4l3hx0en4lzl7qallrcyuvrxx3mws6qvm2vfat9a99kwkq604ctml9yzhd7ne5hkl6eqryrrfzntl0jvfsa6xuk8tnyfec3p9a3m09twu0lnalq72ztlnr740fpdzj07ur7t3vxqgqpprds755qj6m524zk3252682e2get4tr9w4gv964vp23ldqm64qkjg2e97aaeu9w7kgm3k6uer5vnwg85fv4wp7cp7wakkphxwczhd6ddjtts09cpluwpfdjejphrjfkdejlzrewgnwdsdlft4e68qkmkfvcr0s6dgmrjecls0d6gj964k6x2340rcnfwapfhxqf04tpge3mzh6ra7n3645v24azqulw6flal3n9t6p8hua8memqs7nxwf0a3pv9uqng7gf4vpdnkdfl0ay4dxpnw7xw0m7l067w6lgc70k4dmlavkav7ad6u7527dpnaxcqc7nsd6554e0n97c2lx8a5ze2rl0xr53ltv678e0el24mewncv3uk2tnr04cyhg83a4kw7mvps7zq7n3snnhrqctevq08ncvfktzluk7xlx8agqpq36xsgpn5dls
PP,offer1qqr83wcuu2rykcmqvps8j9avnmz2htkxm908le9ms3k4dqxe97735fkh4pdlx9ladg2866dk6n4g8y7aukjg99kqlhu38dnjad6ys8klz2f9qheq9278hpkjjg3hl9gcgqs9z5qnme8pmmnnm3sgxde509rra60lwzexhqn7wlstye97hkm0xr7v22gv5wx4e7j6x4hz5v382c8mw0dlh9vxpc7hd6c5wc90m0cx6c9rdu9l78lstpqz74lmxehh5kr0llldluhnsf7kvn8tuf6mljyte8auevwq8gmdrk0l9s3lajf04jr9levxn7j2kkr0ll6dl6mnpnycqeef4sllqhmtedktz23xeqcz2t00lkj72xn0gfhv32gxpu97jqmmlahjrvtqh3vpq045dej6ydm2x8jhwktg5370ljn2dnjnf9xgn8hzthwfkmklu55ml0mxxnf2j80fpml30tptnhl25e7lsn7u6kjme36e9vers5tznl2dxcllfdy4edh0dp3549zkq86a88r9g59hay7u89e868ftlp9z337md7y90h7f5megwskl8d6d3er2h27x4v0hla77pjk0m3pnl4a0y2vlkfpu7nsa2pwfd7l7k33arrpmt0jvqvwrczqg39x33xharzf0nqv6xy6lgde7yzujkctaftejpt08lalzsda6wwwexmw5jukl0hj8csnls3y6ewx4ahjpwkm2uml4lgrjwfy5asmr46jcw8h0tlckl7vvtqhahr7nf7lml4n250l7smhgndpwvp00872z57gxyswy37ukd76wd58j8g4mhc4220w7h9jutnnt0e8vg8de259tjq9cl50fkmg7ndk3aymd9fkmcqyhasgzmlu7ze07y997c8qv7m7lvmtqef4k092uk5kdjexapupl7k8xexrkp7dz7nlczngey5jst32kltavj3vfyk55v74ej5zej7vfykyh4jfelxjjn75eq45ut7jf395e2jdfn95kvwd94yj627fxr8nzn72xg6zej2dfgev5n7txaxye2w29jknwtxvef8v4njv9s42jt2w9z52jvxdxt8zetass60wpxj6jevfjksljkdflxm8a4wfverqrctwyxhp29gf48ldt623zc0gr3fpw9zenp3ehyjszj0e8chznmjxrmshne4ps6j52pkwzxlxt3v94ys6rs0fnytvzxf7f9lcl3zznjwsav2hpu4walnl5qqxv0jg9z75ely2phk0slaluvqslaa8anestylvwcdua4j2tqfktmlpn55ama0nwv9lm7see2t4t0ju0llml2vh0zvvjtk2f4xv7n9hfuh5jv4dxf8jnn6fev454jxdxmyjmnzve7hy6220fz52stz09fxr8je3xfxjjt9ge24vs24txf95n8wgrzs4wn0cugz9egcmgqs3mv0qsnuanym07cca8q57hjy3we93pzgkm2alwscrn34k5n3d75qha0m9zlllcwn8qxs27wd03nupdzf2dqgvmql8k4l9aknma6x34n0hkcl8u6rd2hf774n9wd443wnas89hm6uneu6j7hh2c926arztsjjexkapz036z98yq0drz0ss8m9zr3f8v8wa05409lf2se53patm308pcaa6z4hlzdw9hf3w0ekrc9zhdxmw4xpuhwwywuvw65rqw3p8jazz09gyl2zn80euh7rszckzez0eshy8njptc9rywsn3p7zg9quts4avlwzk06hlsegey4ttp06fmh67ukjdln0gmmm55uvymetv6j53k2k5xd60thxejaqzaqcd0nqc0470a7ll0dkxvlgnmkmw979tknmmduhnzv5a0h54ns5w30eeuhll50u0jwdcqqdt7qd5l3h7ven4lql7pal7r7y5vrwxpmwgeqgm2wf429a94kwkr6t5g0ml9ywkacn3hh772mqmyrrgz3m39qmgn25wf9dwmhvlhpflw827s8ht0mu983l62u2ml02al09u8eukgre29qcpgpyydxp6jszttw32ut6923tg429dr4v4yv4643jh25sp28l5t02sz6fpr9hlh88s466ar7xmtny23zdegl3pj4c8np8amxccxuemq6lhp5kfdwpulp8m3g89ktxvxvwfwehztv20dezfekrhaywn8cuzmwepnq07rg48vwf8t7pahfqghtklgfgx4u0xd9e59xu7pr3w6k6duutvacywnpckscz3ahaa4lvhzavvk05a8n9897ww9t3xm0celxx9skszdrmpw5spk9mw7suhm03et2lla985n85hkh3x3js3v3dfxhktxnhljygpt6438hnthmxfzj343es92t5a0g5yxh94cpx0fft6nv3lmpxre7lmjkj0va5gch0h0efx3t7m9y5cx2lvzenmn2mucy7v9wlnh7he39l4mnd053jz7pgqrh6y5pg0m37ef