SP,offer1qqr83wcuu2rykcmqvpsprrfmj40hjf3923mxuwhns5ks0f4edn74ntfs8hcyr0l9p8lrh4e7m6e04crywuu6ngp9wpllap9dmsapmyk8k7zzf4qh3q9wl84pknjvshe9qcgys9x5sjm48plmrsma3cqdfk0fznl687wwex4qmuwmstyed7h7mlqrkv22gvjw74e7n2y4lz5ys8wclmw0vl4959pclhf6skw59la0sx6cyr0udl787qdpgr7altxe0k57rlmll0lskthw026xmec3r7q4kn7545m9709wn4eutl4k40kd4228fwdfdjrvlyfdfu8lhlyl795xr8f5qnnnlzl7pkch00lcwtgj2wmst7yg8jl0kv0ekwm2xnzn27s7alyl07prh4l99upq09n8499mfvyv58t72nmhlz6adptlhcneclhp7thl3wn4j52jh0s8ecgpert5dfrm4sllq40jg07w8m646shcm7t98ad0d08jn8gvfsldwkx8028v7s30s2s5k7gxmprat37mndktw0pn9pv7wa4e2ghl9rvrcac687nwpmtsnmanev4888t076a8azsvkkk2jce6wgl6puw4my4u0jkwzn7muljvjus60s8qlv37zrlqnpskqszyet5vf4lgcstuerx33xh6zw03q4yakzl22uvstmal00cur0wnn3kfhm3yh8hnuu375yluyfzkmn48du5t956l8le0mz7mmf795q44z57d7fj4nwwmu5xmmpkdmdn8a8lfhmxlp9jm9kl4m7uz7u0549fuqvfqafraevm45umg0xwe2ht36k57ua2t9ch0xkmj76sw6j4g2hygt3lgwnd7saxmap6pk6wndhsqf0mqs8hleupjl7gz2aswqmaha7ekxrjmtv624edfvm9ja6rczlev70jy8vru28a0ls9x3jff9qnz9d7lme9zcjf9ggaamn9g9n9ucjfyf00ynn7dy98aejptgcha5nztfj4y6nxvferu7dkw8y4jj3xt8gs2y03h95lyrsfh8yaujsfd8chjcspp8uc55dj283rzud3dxfynfnf6e88y4nkqyymm3p57azf948jcn9fpl8v6j7dkle25jekxq9s7ugfwzk2cn2072454r957q9zjruw9rxrrjwf9s9yhj04w99hvv8hpl8n2zp39c5rvuyd7uhzst2dp58qknxgkgyvnaj0lplzvy8yapcc40ra2dml87gqqvclvs29ae37g4rtvlrln7c6p7xg68rsme6y3ukmktya7rl783yx9vztnf5fn483mm3206v03klya9u8ll7dh9zv0j8k294xvwjeu4epuk0kv48yv5g7f82hy5txv5ghn5tj2gv5n8n3e9e854j2f9jky6299fy72p3e68apy7w9fetrzu0zgrrq3wtwccf6xeq6myqg5mgvshmsanr7ngvdahde2926ylu3ct6aaw782faz4kr40jf0uhlv0c7ad6xxlllepzvuym3tefh7zwst5fxf5qp3vnl77huhk2d0lg6yk4l7lzumnsw4xa8e6kd4ahkk9zdkvuka0tj08n6t6x7ty5mt5ygw2tmq6n5ypl8ggylsfa5vf7pqnvygw98acatn72kuhu9vrwjy04lg9yl8rh8w2klud5gja79el8gdqv2a5ma75c8j3egnm3smzsvp65y7r4gfuaqnef6walyjncwqt2mtvflqzus7wf9fq5v36r7z8gtqurp2zl5n3c6llzawtmtdkxz9hnzvlvx4wuexkezf6hafm8lclp8zvldgv4le2utf8ev7nvztcz3h7urp7helhmaa3hcanaz0zma6hskw600dhjavfnn4773kxr3798887ll63hn7pc8zq3h05qxh7xldhyvhutacwhnhaax3979vwnrh9memdhht4qt9ukxg7mc8vsumkcdkw36t95ts2dg35r37h9u6jvtak88a02qw8ct6wjrr0qtxhyawkfekkmw9w43nt5nf5wwrcwz3v9uepqqyydjz2js6ftz36k2jx2a2cet42rpw42vd64f38g4g92tu5r064zkgpdyhehm8snm66rwxm0nvd3jdfq7eyjechmq8emj6czufmqwahd47gd2quhqll3s94u2ux9ckdl3kxdfat0tlgvhhkm8hjwk97g4c8zltnu0rcamexnze8g7s9t30gfgx3dskd9e59xuupf2zv3ak2rnk65p57flumukjzen5luzm7elkkdzdllxswrad5v7ghtluft9wqq6hjzptq0vn3e9dvhnyu3acmhd726nw85le6clldkznx6wp828slm6hj6knhcg77nah6ca7wjpewx3h4ahf5t0475ql0a8w976e4jatykl47k0n0hrldjxe5hag03rw2u5cnhgv6tvw3ue29m3v3vk645r8nqnehawqek6z8l0fslyxsphhwne2qxt67zw
SP,offer1qqr83wcuu2rykcmqvpszjttaw7m4vn0nc7pzpmmhk8ejlu4uh4dns5t7aw4m089kdum0e0t7kmtw4qunmhj6fq5kcr7ljyakwt4hgjq7muffy5zlyq4tc7ux62fzxlu4rpqzq52sz00yu80ww0wxpqehx3u5v0hflacty6uz0em7pvnyh67mduc0e3ffpj3c6h86tg6ku23jyatqldeah7u4sc8r6ahtz3mq4ldlqmtq5dhshlcl7pvyqt6hlvmx77jcdlllahljlkrn803c68vlmawsmt2myathenxhe86ndk0nlvxvlgtmqltmlhmr8a4k8slllun07kccvexqxwwdu8lc9rcprh2helz047v2a6eau8e9ej0lmptwxmgtzl80wz9axr4ht6n3l087psr6knhamggqyc36t549zcrew0r0uw4mxwk8lx6wrntzymn993sm8l7mlrjx826j8h0plupg0m4ws4azw230a3lpg4z758n0dtk7yew9wwwk98saq74p39zkju77sf7lgc7elce5eyh2mfd3xxkl7fk85vp8yph76h63xv9h2e50q4h8lmseaqckfl8300c0t8nd7unct7dvjl8xuypu98mdqsxd80elprx2j4dprjl0sf3cdqgpzy56xy6l5vf47vpngcnmaphxcstjgmf04p0k299ullhv2plhfeemymd6j0jta77glxz0uzyntpc6hk7f97mdfn8lhaqfcdluee38dsdxk28nupnmheln4mmcue3wajfdpe9adktamzna84erhls0mp6jyh8cppqrd80l9rwkr3d9uem92aw8t2nmmkfghjluj6wr669mzf4p2uhpxyad6d36m5mr4h2xmf6pkwxp9avwqwelhnxr7eyfnkpur0klhcx5c70d4jf2h939nwk0kc0qrl9ne7gs930efl3lkq568f9y5rvy5helhy5tzfx4fqhm0v3qxvhmzfz39uuj00e5g5lmxg9dtqljjvddxg5n2va35qst823gc7kz9fw5hs6zxvwh9jcjytfl85ajm27jhngze2dykng2sv3nxvaah09q5gsdzf9h526dgfpf650x9xnmvfyk57tzv4y8uan2n6kh74vjn9c5pxrm3p952etz4fl42k5554n5q52g03ccvc2wfeykq5573a4c4xa3gautu7dgg9ymrqtns3hhju2pdf5xsuz65ez4ppj07tls8vfsg7n58nx45w4fhlclpzqfjrejfghn88mzyvdlal70tzcrf0zccmj54ed5ksplz0ch4x0ervj64plwt086kww0n4dequdyg8wulllklj398ert9z6jxdfhxzs29v9t8z5n34egezkdet9u4rwd7ve39y7n9fx8yy7nedfm8jujefxvejstpfen85jdzg9n9z5n7dxqvdzxep6n88scy8tuspjsdpnje69w69nnjyg4kl68tk8dma7cccnlzfuf8dqk46m5607cdm80p7vyalplllepzvuym3tef5pyug9653yjqqukell8270m4yhh5dxt6ll03wdeg92mwnuamx6kmm0zpymw0t2h9m8mca9ard962d36zx89ya5df6zg7n5yzdcvl6zylqsfkzy8j375w4al4fwtlzjp8fz0ml5zz0ne6nh9td7xmydwlzulj5zsk8w6v7l2upeqa5fagcd3gxya2q0f65q77sfu4a8wlsfpa8q99d4kylspwg00yj5s6xg4plpr58swqs4plcfcad0lpw900xjv74cx9cw7w007nlk56tzs7fue9y6eah0mk7sf277mnefm0dahsdwsvxhesv86l87l0lhkmrx05famdhzlz4mfaak7te3x2whm62ec28ghuu7tll6878e8xuqqx4lqx60cmakvhj0s0lq66wlh579hu4fcv2a808dh740y8v0scertdqanrl0tpkfc8ddx4wfg4zxsg82lhumw0czrlvkgxzdx9mw4zrct4e5tawu47dakh3gr6htx9w7hafh7fntq0xgczqpqvs35c822cgd964f3h24xyaz4ch524zk3252682e2jr9ql74d42qtfyxv7a75u7xhmf5tcmtwvn2gfhprkxxwkq7vu7hqmrxmr8vttw6x2c94c8huvaw0qk33w3sljd3k2mfmkl299aakluu54adjf0e6hzu0dcwpwwt57keu8yp262jx2a4tqyrwweqehxstkfxe9n6h9e090ane7uw8xcw4z43p6dcjkjh5jt03ual08ey2dcejs35ftpwqq6hjzptq0v43vdt0np94cglsmagyrk0wcnh2n6lv9xhdn2edyp4xuv04l0en6mwxgadpt99y3260t5m42lvz72mrw3cvsnd9kenyr97wul03lh6vtvkt4tl47z9ljs9nlkfyu8a6fvt0vx73zv70nct52jengfjy2730evup5wgmqvqytydpms6qj5sh
SP,offer1qqr83wcuu2rykcmqvps9jve8yf3kw5nx6rqun6v6lj4c7v9m0k6qu4rdnh7c8k6texa473ulc84g8y7aukjg99kqlhu38dnjad6ys8klz2f9qheq9278hpkjjg3hl9gcgqs9z5qnme8pmmnnm3sgxde509rra60lwzexhqn7wlstye97hkm0xr7v22gv5wx4e7j6x4hz5v382c8mw0dlh9vxpc7hd6c5wc90m0cx6c9rdu9l78lstpqz74lmxehh5kr0llldluhhsc5l8k6hthstkxjjlntucsny06m3mk4w5heneyshjj0t78ya77slsg4yryll95xr8f5pnnn0qlcpulg4m7700l8mugwlw3rxg44fcmr43u2xs8w3zme667w0jd2tmha0vatsvzylekjhkc500eduk2npmlq8vckxn7pt8klk9kcetklctm3mzlxtcawmvu6d92gaay8079mup9ysmh4mtn7amwcldlkp73cu7pd83c2zhlhed45veawk2lu0rmd65zlkz8370r29ca9hx0cglwchcy84z97klvfm2th9pa46r7a2kh3h9tr0at664pa836wp32w34d709hwjtlf358af9uvm2wjerr7t7knhdpwth8ewhqtrs6qszyff5vf4lgcntucrx338h6rwd3qhy3kjl2zlv52tellwc5rlwnnnkfkm4ylyhmau37vylcyfxkr340dujtak6nx0l0lqkzqvrranvfh4de2dkghcs03rvtnd32e7yhlh4awr9w0uutp7cnl2jekplv862j57qyys0547u5d66wd5hn8v4t4caf200w39z7tljtfe00g8vfw59tjvycm5hfkhfwndwjagmd8fxecgyhascpmhu7ye0lypywc8sd7m7lgmnred5kf92uk5kdje7lpuq0uk08ezzk979r7h7czngey5jsd3jkl8uuj3vfy64y27dej5zej7vfy6yhnjfelxnzn7veq44vt72f395e2jdfn85enkvkzkjhnfte89je2409jeu52jg6hfzjt729n8j7det9n95cjj4evk5s2f3fg4v6t3hf5eu7t30fs5df3acs6003yj6nevfj5slnkdg0zml74zgvlrsqc0wyyh3t9vg48l426zsj70sz3fp78zpnpee8yjczjrc87hzsmk8rls0ne4pqujvgp7wzxl7t3g94xs6rstgnyt5qxfle8lqa3xrrjws7v2k364xlln7yqqxv0kf9z7vclv233klnlelvwq95nugt86ecldllkw7ud893j3mv290xqa4we30nmq4369wn3c4240hlml2vh0zvvjtk2f4x27d9k9e9tz2jvk49ngdf0xshy7nddk2h57ja4fd9tdt2wffyjht62fykucnddk5k54222ft8vajewfq5238zgrzs4wn0cugz9egcmgqs3mv0qc67uldsf7dvwh700wcw0luef2t45my6e4hj3fz2nu49dmggt820kl70ln7eqz575n3tufl5xcstnfztygpedn0awaulh23v0vmu448alxumjs6hk4xemkd4dmk7yze4u7h9wtxvh4mm7x225c6n5y5w29mgcnux338cgymsen5yf7eqnvygt9mlgatte267hk9yqw2xlmlcxy0xn487gktad6g2m7dclpg4rvkl5euw4cn3phfr73qcz5vfu5gunegplasset6walssrk0sw2n2v9lqyus77pyer5ys207jpg8zu9p28ls337mluznx45ukrwp27067vp3w8t9s9j86q3x4vl9a78ddf2z4gdrke9lh86syhvxtgvs8mu0r7lelnmda3hc9kak0jla24s7w600asj90fan9u79hktsw88l87nlz5hn7ps8283rdyv8lmxtd8gdlctdmwmj06a7j4uyywnhh4met0hr29g2dekkgweel0ssmxudkw32t952stdyn50swntm7rvdtw25cwcv7awaj7xslvcfl7excmns0afrn9lle4qhmk4h64c9e29qcpgpyydxp6jszttw32ut6923tg429dr4v4yv4643jh25sp28l5t02sz6fpr9hlh88s466ar7xmtny23zdegl3pj4c8np8amxccxuemq6lhp5kfdwpulp8m3c94ut5y9uhdaskzdalmpt00vhhx480nwj87w4c8zm2rs0n6a8eklreqgkj4pshdfc9pt3kg9d44zuwrdx5huukm5qhnahf5m0n5u48g8skva04kc5c73zwky66cn3enetrch7cskz7qf50yy6kqkem8sh8dr207vtlgu80nqu6vjdtal38eumt678dwwugl8knw690096gwajvm0rfdk6hn4jl7lm84z0zgrmy0lkh5qd34hhj8zkww5e6zwcyys48uhf6lsuvkejpkahhe3f8esk4r3cjv7670jkgmgx0acp56vn8t7a8qqglx2paqf5l2yd
SP,offer1qqr83wcuu2rykcmqvps2nx70kh67937y7s0jar5dgcraf5hvee7fuuzkywjx46lvhhlc74dfndv86u9jhww9f5qjhqlhlsjkd6wsaj0rtdpp96stgjzh0n6stfewftcjqvyzgzn2ctd6nsma3cdkeuyxym8usflara88vnwsau89e9kvklthdl5pty99yxd8l2uhf4z20322grnv0ah8h07j6zsuwm5acf82rl7hcpdvzph7xlltlqzs5rlxl4hvhm20plallhlstv7catlaa89annalar79zgrflqhtum70k897vp9037dnn9ql8me50lvapu8lhlyl795xr8f5qnnnlzljq0pp7jx2mgdek7qlavw2pm6cyncnqnwhhduaw3wds89450rdvlk283cxq7078h5tjlkf69t4dp7jy593nhk8hsmykwhgerga57h4arz784l2q2mc7336k53amc0lsfwuz9chngdnn0ed8zthrmh5stw4wh8v6l87ph8agwjy8kfhu4eq5mewmprkrhrz0cdljl4vmrl4awz6npsemjw6ckm6grj70g6jw6v7gftwffxlwmlutxvevc6qnpqcts99h48g9r2jkgnplegwffjr62a7d4ch809za95rvwrgzqg39x33xharzd0nqv6xy7lgdekyzujx6tagtaj3f08lamzs0a6wwwexmw5nujl0hj8esnlq3y6cwx4ahjf0km2velal5q5l0s9d7r84wfu40w78rmpt8m7uq5tqp6e7n6vxas8cmw6kae5t444hur7cw539e7qggqmfmlegm4sutf0xwe2ht366577aj29uhlykns7k3wcjdg2h9cf38twnvwkaxcad63k6wsdn3sf0trsrk0aueslkfzvas0qmaha7p4x8nmdvj24evfvm4nakrcqlev70jypvt720u0as9x36ff9qmp9970ae9zcjf42g97mmygpn97cjg5f08ynm7dz987ejpt2c8u5nrtfj9y6n82wyeny2c0p3kxkzg0a45t9zcdefeuu28dpv8k465t9a6j5r90ac9r963fpq909a34p5hyer00askq6z6dw4re3f57mzf948jcn9fpl8v65744l4ty5ew9qfs7ugfdzk2c420a244999vaq9zjruwxrxznjwf9s99850dw9fhv280zl8n2zpfxcczuuydauhzst2dp58qk4xg4ggvnljlupmzvz85apue4dr42dl78cgszvs7vj29uee7c3rr0l0ln6cjrq4uaweskrurmkmn2wpnpvjxwhpc7pclkx84klt8xnq7l66l72tjtl6lal4xth3xxf9m9y6n90faxy323sfghy7jake5eyut2d9j6272jwfg5v6twgfjhv426vxz657n2tf99z6jp3x54rxj224485j2asr9yp3g2hfhuwypzu5vd5qggak8sf4cephlwwwscak7z55lzfjyl93ma548p8u0eznwgvmm243tyezwt4lllu8fnsrg908x4cnhqlgjgngzrzc8maa0e0d57lw35fvtla78elxqe2a60n4vmtmddvtylvfed67hy7085h4dckftkhggsuy4kf48ggnuws3fmqrmgcnuxpkcgsu2tmp6h0a4fe062sxayg0t7ctf6w8ww54dlcm23d6utn7vs6pc4mfhm4fs09nj38hrpk4qcr5gfuhgsne6p8j35am7d9hsuqk4jkgn7g9epuus26pger59uv0sjpgxzu9lf8n34h79a5z7hhmxhxle5khete9xyjt8h0csheeysmu604w7hgs9flv5uhnsy3ccyhq8r0ucxra0nl0hlmnd3n86y74hm40pga577m097cn98taa8vu9r5tww0dllar0runjwyqr2lczd8ud7mw2e8chlsdd80m6dzm72sux8wmhnkm02h6zkrcvv3ahswepahasmyur5km2hq563rg9r409ldkkdd3ugnh8r9srlpad0u0ed8rdea7vr244uk6f8gwph7kxu8j78uru4zsvq5qjzxnqafgp94hg4w9az4g4524zk36k2jx2a2cet42gq4rl69h4gpdys3jmlmnnc2adw3lrd4ej9g3xu50cse2uresn7anvvrwvasd0ms6tykhq70snacuz6796zz7tk7ctpx7las4hhktmn2nhehfrl82ur3d4pc8eawnum03usytf2sctk5uzs4cmyzk663wlq0mtk82dh2c2g740uujvtn7k8jj9caf2lmrj0chpt8yjwan0l634m6tl7y4jhqqdtepq4s8k2c48uxd0j7cdaax2ytlmnju82lnjjtjlkn0crk74mdwkx7lxc97l90vathrjg8209a0r64f00n4l87fy2vujuntgkeymzl5kywwd2cztc4s9r3wuxfhm7zzh538puf6yk6ltdejswptyaxhdj5a369femp9pc83hss3yqqtc2nxv3wvaf8
SP,offer1qqr83wcuu2rykcmqvpswjul66md092vdw9ldma60pum6szfmta04ten86zctg2k3eat8txhat74s7nnkj7fs5ksz7ln5lkx24hfjz7tufdyyylvp4rcwux22fw80c4tzqzq5gs2d0qahtwx0wxpsmhksusvlnf8lc0y6uz06mkquhyhe7mdvu0esfdqj4c6587tcuk5f379dfq0deak774c68t6d3t2nmq5lflc6tq4a3s8lcml3wyq26nlumxkajud0alahl7lkp7wv86mw5858jh5lwfjlhnflcl2rh2r974n2hwdwn3d4q4rhmkp5mcmlelm072lc2cwxxjgdx8879lyxawenah8fm6kmtfxz2nzfmlu6dt34maktxm5p62x8047cjurwa80epsw93nehhhjtn5uh6m30au0x275nl8g0n6caut83l4lxhk2w2dyh06vd67hgu336k53amc0lste309l0lxt30v0vuq3jxnhxkexk60jjsmj30tmaf7vh9c8qx7rjlmlhsf7kgkrz24vxntljal0ek6yhsuq4uf3n0pd3u0evldjeyket0l3vnrv88w7ecq3wdk6v5hmv0a8w54ys7zhxfm6yawua753a6tl62mz7e6e9sdcsrsescrygfqvem7q6nhug9xf38tcn2dp8hcsxj76pl5428c8awuhnawrhn2fkm5uaynma637wyl6y0xxy3fda6nn7kxjkdlhlq40tl8g7lnvtwahz4nepppdwf0s4x4h00st6aathd0pal27k8dtz248dt8c0usafjfn5ps5pk3hlj3ntpck6lvaj9whr44dadmyu2et7f08padzapx6s4w0srzwkuxuadcde6m3rdkaqm88qzuk0p8gltmnplvkyemqkphm0mur2d0rk2my4tjujfht06v8s3ajeulqgjch54lclmz29z5jj2pk2ttultj293yn25jt4kkvsnxt43y4gj7wfxhu65204nyzk4j0efxzknx2f4xv7ne09q4tpjfn9ukrvt3tf2kyundgerx5hnw29myvunjtedy2mjffxuhje2p2fgh6uj3wfze55t7tfdy6adg8nrnfakyjt2093xgjr7we4eltt72kfesuzpnpacjj6yv336klj5tw26ge6q2pyhcuvxvp85ujrq2w0cu6utnwcyv7d70x55zjd3spec2mmewpqx56rgwpd6v3z3se8l8lczkyc50fjreh2282umlc0qnqvcpce5ktejna3jyxlllm893vvp2fjvvhhwqrtsh074mw8p0dllnycj9mlt807kkk7r7crf4t87ac5lllm72vhlqvvjtj2e4x262zd989zctdgxqmry272ea85ud609ukjk27g4p9vlned4ucy7tf09vh5n2fgep95enww449rtjetxseu58wgrqsa0ntcv2z9cgcmgzsemvtql2pywhtkh7hj77kww804gwmuhedtzmha5j44hr5hdassjdhjx7fmhl8l8ajq9faf8zhcnhc6gjtngztycredn0ewdull23v0vmua58elxum636hk4yemhd4dt57vre4u7h9wtxvh4emk82w5gcnuy5w24mgcnux339cq9msen5yp7eqnuxgt9mlgaftet66hx9yg02xltacw90xn497ghted6g2n7dclpg4tdkm5fuw4en3phtrk3qcz5vfu4gcne2phus5em6w4ls5rkdsx2nwv9aqvus67pyer5y520ujpg8zu9r28ls437elurc3guk288km8n304qvltcz9ge7rap57dkewh5lcjn8lmlve00nutsd7kp9upgmlwpsltulma77cmuwe7383d7atct8d8hkmewkyee6l0gmrpclznnnl0lagmelqur3qgmh6qrtlr0kmjxt797u8tem77ngjlzk8f3mjauakmm46s9j7try0durkgwdmvxm8ga9j69c9x5g6pcltj76segk6l9l9kzqy5jnu3jrswun40m354x4wljhj44gkjhhs0he6vtp0xggqqprvss5u8j2cyv4643jh25xza25cm42nzw32ut692p2j09qm74v4zqtfy7d7e7y77k5mp5mumrvvn2g0hfqkw87sq7wukkqlrwcr8dmdwj82s99c8luv300zkp3w4305d3h2lgmjl689aakeuuh43djd0pch2ultc7rwwt5ckf78yp2u26x235tyyndwapfhxqtuu7g00xa4a6jka73skhqktexnhcv09207dnnetma5fkmtplpcuy854llzzctsqx4us32crm8vdg7z4dlpw8duja37m9x2ml3z9lvt3hlu450htu9dyd6ldp70l79g3tru7hgklkxhergvkdysutq0n65lq4tntlmyud0axv9f9df8ksh0392cyl3vl7x9k2am4u4yftza0pcvexw98a0m09ma3lu0we6f60uc6cjm86qgqu4fmvlsflt5zg
SP,offer1qqr83wcuu2rykcmqvpsfnylsyk958uyj4rvgdrmncnjyfkxalfur0udvjanldlhycxakes7ft64s7nnkj7fs5ksz7ln5lkx24hfjz7tufdyyylvp4rcwux22fw80c4tzqzq5gs2d0qahtwx0wxpsmhksusvlnf8lc0y6uz06mkquhyhe7mdvu0esfdqj4c6587tcuk5f379dfq0deak774c68t6d3t2nmq5lflc6tq4a3s8lcml3wyq26nlumxkajud0alahl7luqg8j2ry48q0ut4ys58vx5k857vnefnflew0mz38cznh7e4phxna7mrtlplale8l3dpse6dqyuulch7s8v6lccn9v2jehwvhtqhgl2t87vxal88gvpe2z6vf37e3xf73c6vlaczqltgxzx4pjme504ea7989ntfdvrnp9954zntkwxwvwemah0r7rsvp8vu6d92gaay8079ag8m372y3muldjpfp8hn3h9pze7w4px9748e50ekne3dj4nn7js7786cql4kue0wn7k8z6dcmm6tjn8x8xqsmmh67aetltfdda6r5c4eq54h73nm946hf2vgtwt7j8x8h0jn2vn0lfju7wt5djc58ev4k7dyhtkl82eqx9uuxvxqczqgn9wn3xka8zpdnvd6xy6lgfe7yz5nkstadt3jp00haalrsdu62wkexh0ykuwu0nn87sras3y2mww5aln3vkntul79e5dmhej0anemc403l35k8y9dd2h9r0hw0nle4x609anlgj6t7wac9a8qhhra9f20qrzg82glwtxad8x6renk246uw448h82jew9me4kuhk5rk542z4ezzu06r5m058fklgwsdkn5mduqzt7cypal70qvhljqjhvrsxldl0kd3suk6mxj4wt2txevhws7qh7t8nu3pmqlz3ltlupf5vj2fgyc3t0h77fgkyjf2z80wue2pve0xyjfztmeyulnfpflwvs26x9ldycj6v4fx5e36x8u7vaj92fynz5wkg4z4522ekeylucn9vfhxj3jkg9ayu53kt8g4v5j9v94x25nptf4y2e2f89yly6jj9c7ugd8hgjfdfukye2g0emx5hndh724ykd3spv8hzzts4jky6nlj4d9ged8spg5slr3gescunjfvpf9unat3fdmrpac0eu6ssvfw9qm8pr0h9c5z6ngdpc95ej9jprylvnlc0cnppe8gwx9tcl2nwleljqqrx8myz30wv0j9g6m8clulk8svnpa9humv6armrrlzrmsdwnm4jjgunxdljnhlhsc6nmjj727lj6323tllldl9z20jxk294yvun3jfa9ylnpdff9zunwd9n9jjje29ven92efeukymnkwxex53jwtxrxuuv3kxay2nn4w9d9v6vxw9r8u6tzgrny3kgw5eeuxpp6lyqv5rgvuktpenv080pxf9v2m2m0u0mu66q384sg0rwkh7y040lgurxuljvkflevm707ruecp5j4nntuf0s4gjtngzryc8ea30e0dull23y0vmuak8elxcm236lh4yethdavt57vpeau7h97txyh4amk92x4gcnuy5xt4lggnuws3pcq8mccn5yp7egjuzgm9mhfadtet66kx9yg02w7tecw80wj497cht3d6v2n7ds7pg4mdkm4fcw9mn3phtrk3qcr5gfuhgsne2p87s5em7w9lsuzkdskgnwv9equus67pqer5yu20cjpg8zu9828ls437alvze38ml46me09xfhlqkpgr800xr2l00pv9lymuyeax9emhpx4j0mde5rt5rp47vrp7helhmlaakcenaz0wmdchc4w600dhj7vfjn477jkwz369l88jll73l37fehqqp40cpkn7xldn9unurlcxknhaa83dl92wrzhfmemdl4tepmruxxg6mg8vclm6cdjwpmtf4tj29g35zp6hc0f4w8e6hjhvgw7yn8h7wskrecrndpr0klha3rmql779x3dmzu58jhwcrejxqsqgryydxp6jkzrfw42vd64f38g4w9az4g4524zk36k25seg8l4td2sz6fpn8h04883476dz7x6mny6jzdcga33n4s8n884cxcekcemz6mk3jkpdwpalr8tnc95vt5v8unvdjk6wah63f00dhl8990tvjt7w4chrmwrstnja84k0peq2kj53jhd2cpqmnkgxde5z7kdvd4a895m5mc9uwu9u02u7dl5g0r970n6hlu5v4l0q58ryhk6mdsaluft9wqq6hjzptq0vn3v8l8h8eu59jvzjwhfjtnendmk7x5wh4z9xm6ld0dcr2576fmneenzl27e4mh9ej0uvudx7k33798d0563n3qu0pdpy05t44e87u2lyvctrk73mduvm23ze2rc4haxv7damxtnflcvaw6nddaq0psghu3sut528pdqp8kdyxq7amzfg
SP,offer1qqr83wcuu2rykcmqvpsfjxx4vpnvth0m0tq6eny26fvtdk68heduj0ll7mu83rd3220le8j79x4s7nnkj7fs5ksz7ln5lkx24hfjz7tufdyyylvp4rcwux22fw80c4tzqzq5gs2d0qahtwx0wxpsmhksusvlnf8lc0y6uz06mkquhyhe7mdvu0esfdqj4c6587tcuk5f379dfq0deak774c68t6d3t2nmq5lflc6tq4a3s8lcml3wyq26nlumxkajud0alahl7l5paue02ecanafn0ngwxywtxy88hhgm3u07hnc6jjkamnhrxrd6eacgqpe7fhltvvxvnqr88x7rluzkq2kynq4cuejhesldflm3laut894f3dvm5khrxvl5m5nh89ckth579eckzkveq4e4u2427kf0l3c57ualtrhp7jfzugl8p5h4jx809mdms24n6p4rt5afrn5sllska9kemlh86mc8mhay7e06mhz3whaaf3mlmthkx28kulx3flhl2ky8xrsnmprj7dl6t7mrrhmz6vf75703vk0dkua0y7uut0axms7kh9ahvwelkhv8q3eve2m0n30dct66wwhdk70ll84u0mnk4evuvfulyl52u7wgf9uchvsx8pnpsxgsjqenhup480cs2vnzwh3x56z003qd9a5rlf250s06ae086u80x5ndhfe6f8hm4ruufl5g7vvfzjmm488avd9vml07pdfdx45czmexe43w68h8k07rslu5feanq2fa849kx44ucvasxpfwjh4hu87gw5eye6qc2qmgmlege4sutd0kwezht366k7kajw9v4lyhns7k3wsndg2h8cp38twrwwkuxuadc3kmwsdnnspwt8sn504aeslktzvastqmaha7p4xh3m9dj24ewfym4haxrcg7ev70syfvt62lu0a39z32ff9qm994704e9zcjf42f96mtxgfn96cj25f08ynt7d2986ejpt2e8u5nptfn9y6nxvfd8zajp5eycj5txvxwmnwdjdf882anzvf9xu3nz2e9yjknzweccv6njwfjm27j2w4kmzjjjt46ev6t9fxsre3e57mzf948jcnyfpl8v6ul44l9tyucwpqes7uffdzxgcat0e29h9dyvaq9qjtuwxrxqn6wfps988uwdw9ehvzx0xl8n22pfxccquu9dauhqsr2dp58qkaxg3gcvnlnluptzv285epum49r4wdlu8sfsxvquv6t9uef7cezr0llanjc7xz047wx6v9sasun0mnvcv75wad8seurskc0lalgtd64uhw6w4qkezwflll5ewwyceyhv5r2ver9wuagwpmcvjrxga05z5tev9yyse6xtx0kj5r9jac5232ev3gk7utc2x9hz3ty2xryj7ap2p248xtc29dwssx8pzuxl3cjytj34kqpptkc6pf0gnx3vlmyeelemcvhvydhmcaq7h0aw8y6cgama44el5cnp8t3lj37llhljqyfefhzhsndurcstnfztygpedn0awaulh23v0vmu448alxumjs6hk4xemkd4dmk7yze4u7h9wtxvh4mm7x225c6n5y5w29mgcnux338cgymsen5yf7eqnvygt9mlgatte267hk9yqw2xlmlcxy0xn487gktad6g2m7dclpg4rvkl5euw4cn3phfr73qcz5vfu5gunegplasset6walssrk0sw2n2v9lqyus77pyer5ys207jpg8zu9p28ls337mluzstvr2ac2zjnz6lhvt5awke3wu72xfsl4akal0tzjlw72qa937ta76knqj7q5dlhqc0470a7l0vd78vlgncklw4u9nknmmduhtzvua0h5d3su03feelhl75dulswpcsydmaqp4l3hmder9lzlwr4ual0f5f03tr5caew7wmda6agze093j8k7pmy8xakrdn5wjedzuzn2ydqu04clz3r9ahtqc0u8pv0l52px6zm2fu4hjp7vlptt96w7k0740tn8lf7l8ql9g5rq9qys35c822qfdd69t30g429dz4g45w4j53jh2kx2a2jq9gl73da2qtfyyvkl7uu7zhtt50cmdwv32yfh9r7yx2hq7vylhvmrqmn8vrt7uxje94c8nuylw8qkh3wsshjahkzcfhhlv9daaj7u65a7d6gle6hqutdgwp70t5lxmu0ypz625xza48q59wxeq4kk5t3s9mvhl7qv70n2l7gu8g9868ucyjzecvatuacmkhkcc82heyl84jxwwlmzzctcpx3usn2czm8vmkc4q3fwstmlfywj9tn7plh0cmns9rlsp0xdattf0r7amhpv0mjlx2v3jtlsmlhkmnln2fmadwc2femaecd60nnx8alv8f4lgss7arucuhefwju7y36djlzjz9wtklwhhwq86num7h0es47da3vh77rt58285klwmuq870u7xgjt4068
SP,offer1qqr83wcuu2rykcmqvpsrn3lpj5f6aedk79qktsehc7gdhuardn6422j93m0aprnmadfkludqe84g8y7aukjg99kqlhu38dnjad6ys8klz2f9qheq9278hpkjjg3hl9gcgqs9z5qnme8pmmnnm3sgxde509rra60lwzexhqn7wlstye97hkm0xr7v22gv5wx4e7j6x4hz5v382c8mw0dlh9vxpc7hd6c5wc90m0cx6c9rdu9l78lstpqz74lmxehh5kr0llldluhmphdwhhy44zmhm2l9w2nnw3dwkuc7rllm57w838z7c3l0ga6265pkv35l3l7lu3lshsuvdys2ww0utusv00rvetuncmlm8rakx36l04jgn6takrsv3ewafkrj5qkwp9l8570urvutpxh6d7nueuve9llzu20hxu970qkd8d70vm7m9d785lhcanw88leev3hcc336k53amc0lsfwa9x48vwlw6242n4exl4a4mq9jv0elnkw9kahqu2ej8gs05aknsylep0k2xzlhk7h4rxnah9l9z3w2p68zh27ep0mlc7ndlnhle8hlf6ful0rdnpcttltefeeweuhe936c0uewqkt0lkxujgtrp7636fgcazetlt85nlnakg23cvcvpjyysxvalqdfm7yznycn4uf4xsnmugrf0dql624rur7hwte7hpme4ymd6wwjfa7agl8z0az8nrzg5k7afeltrftxlmlst7wmm2vh04u22mdrunk7ujl9244duzcahxn8mylul04hth65hcmqu0nqtmeljs48jp3yr3y0h9n0knndpu369wa792jnmh4evhzuu6m7fmzpmw24p2uspw8ar6dk685md50fxmf2dk7qp9lvzqkll8sktl3pf0kpcr8klhmx6cx2ddne2h949nvkfhg0q0l43ekfsas0ngh5l7q56xf9y5zu24h6lty5tzf949r84wv4qkvhnzf939avjw0e555l4xg9d8zl5jvfdx25n2vea9zanpdf2hjc2xtxu42ut2f94x2ct2gefyv5d7we55v7jj0ft9y4jwg9r9ukv2fxy6jajet9s4rxt7tedxvlvyxnmsf5k5ktzv458u4n20ekeldtjtxgcq7zm3p4c232zdflm27j5gkr6qu2gt3gkvcvwdey5q5n7f79c57u3s7u9u7dgvx54zsdns3hejutpdfyxsur6vezmq3j0jf078ugs5un58tz4c09th0ulaqqpnrujpgh4x0ezsdanu8l0lrg9a4atlv66f4mn0xl3u06dlx0vmd06htrh67chmllwaqxa0nxxuk74n30llehu5fp7g7egk5ejx0eumjhjk0fd95kne3xdxn8jj29n9z4nj2fz4rwv22408r8newxshukn2d93yu4nkg9a926ve0echvjvf49qvvj8e96r98ceyrtvspj3dpnz670kwmtktyd9l7u6ldrfwju530n70jawcac7n6nsd66n06ewkux0nxnllljzyecfhzhjntu8aq8gjvngqrze8laa0e0v56l735fdtla79eh8qa2d60n4vmtm0dv2ymveed67hy7085h5dukffkhggsu5hkp48ggr7wssflqnmgcnuzpxcgsu20m36h8u4de0c2cxayglt7s2f7w8wwu4dlcmg39mutn7ws6qc4mfhmafs09rj38hrpk9qcr4gfu82sne6p8jn5am7f98suqk4kkcn7q9epuuj2jpger58uywskpcxz59lf8r34l79ayg5zw6uttkt02x708grmpc4l7ah56dma6800wa5tmynu06k7r7vwhhspwqwxlesv86l87l0lhxmrx05fat0h27z3mfaak7ta3x2whm6wec28gkuu7mll6x78e8yugqx4lsy60cmaku4j030lq66wlh569hu4pcvwah08dk74059v8scerm0qajrm0mpkfc8fdk4wpf4zxs282lllc5hu7psqy3xn5lwt9j38f654aeh7w36vh4hngkk38ktvpuhlnvsgj3kkqle3jqqqgmyy98pujkpr9w4vv464psh24xxa25cn52hz732s25negxl4t9gsz6f8n0k038h44xcdxlxcmry6jra6g9n3l5q8nh94s8cmkqemwmt5365pfwpllrytmc4svt4vtarvd6h6xuh73e00dk089avtvntcw96h8678smnjax9j03eq2hzk3j5dzepymthg2de5zhqlztn7fmxdd6r9jkwxrh9876hk82vxm07e28u880v64lj0l6wt0alj0en3qy5yns7cr4yydtwmjeju5279dnl0n7rf0eask4e2vzq94tqsmmk9fw9s6wvcul5pxxewmtw3gafqykxlmrle6alyt90ckej8n8nphtkddqgmu769dfzaxjc7ynxaqr0rdylu0f468dlp6dw45zj6a3lgh4m2n9vhmmw9uwmtl20ffrcqdgld3uu8yh2r6
SP,offer1qqr83wcuu2rykcmqvpsgnhnm2harcz7ne9v46u3eedt6c2k3k0v2y0eh5lswdrjkhksfdnda04tpl88v9cn3tdqyam8elvy4twn58uhcj6ggf7sz28sa6vu5jcw0n27yqqpgnq567pmw5uyluvrph09peyelyj0ls7f46yl5hvpewf0nak6e6lmqj6p9f34f0chpmdgjru26jq7mnldaate5wn5tzka8kpf73le4kpttpq0l3hlj7gq54rlekddm9u6lelm0lalsrn6527whdnaf3kjek6c447vq0px4hr0ryzzeex37ke0lh4lgah3h2rwkru4ls4suvdys6vw0utuc83v4tp8fkas4frj47zc72lg0k7yfutu2lnsrwgl96wpm6ucv4eh3zpq8j6yuk5c3pkndu8amp46tktj58uarpq6rdra7z4v9n9ttx4wzr5f7vmsa346x53a6c0ls2jg3zg4kgxllmlk0y46mzpuhyvklnwr5txlk25t32vlvf2xju0wmryxlv50q4fj9mhmrvuan886v0xs7htm2zrzkt2ujmtp0w3erykkx4kvdll3fadhmu0hlvl2jvht4vauccp2tl7w08aaa0xgnws3eakmulq5vhddepywrxrqv3pypn80cr2wl3q5exya0zdf5y7lzq6tmg87j4glql4mj704cw7dfxmwnn5j00h28ecnlg3uccj99hh2w06c62eh7luze67mjsk3u24wdqdmtm0l32sllt9dzldzw6r2mfhnzc7248467598w659auleg2heqcjpcjrmzmhmgeks72a2kwmz4tfa66ukmnwxvdlyanqak9ws4vgghr63axmdr6dk685md53xm0qgnljpqt0hnc09lcsukmqu33m8mahdup9xhec4tj6jektym58cxl6cueyc0c8eyt60lqwdnyjj2p292ma84jw93yj6j3h68y2ctxte3yjcj7kf88ujt206rxz7j3t6exyknk294yv6n7te54jjjefxe9nq26v408rwd62xj52kje4xh8ykt22euh5hnktec6ndj6g4l9y527g4vcujd2teumymjfnkzrf4ey7t2f93826rwgea8umvl54e9nyvs0p9es7u9g4px5ma90f29t9aqv9y9cstkwx8xuj2qgfh9lxu2dwqe0wzw0xu8r22pgxecglufv9ch5jrgvp48v4dqge0cynln7yqtwd6r43zu8k4t470lsyqf37fq506r9uefx6ewrlll3szhjwd04s97cxstmmlt3d0hajlntg2240f9dhn7u3dadf4m0lnzr6u878ll7dl9jgtz8z09hyvjvpfe2knzj7tfj42nj3nxy6jhnk0xr9jhjw0fsk2en6dx2hzet2wx99jk2fn9vk2ej20xuhvcjf54qvwj8e9cn9qgeyrrvspj3dpnz6yztlhclf78zehp6nthw95806lt4kky5zuae69qn82lt20tqnkx7w3ul0l37v5p6d2fe4eyvqp6yju6qsexp70vt7tm08l65frmxl8d370ekx65whaafx2am0tza8nqw0084e0je39a0wa32342xylp9pja06zylr5ygwqp77xyapq0k2yhqjxewa60t2727k433fzr6nhj7wr3mm54f0k96utwnz5lnv8s29wmdka2wr3wuugd6ca5gxqazz096yy72sfl59xwln30u8q4nv9jymnpwg88yxhsgxgap8zn7ys2pchpf63lu9v0h0aqu9judxc5jm4dya2j9xms6dxlwh7ddlfn00ycxkmw0dz0j0n8aykakprkr95wgre7h3l8alaakucnazlwm9e874wc08d8k7ufjh57cj70zem9e88nlnlpl3wtelqsr48cpkjwzlan95nu8lc9klhde8ewlf27rz8fme6aa4nmphzuyxcmmy8vulnccdnw8mrg48j69gpkzf68c00572ax7lnth4patxq27n28ahr2j0adveru4hm69zrq95fe8x7khyc9shnyyqqq3kgg2wre9vzx2a2cet42rpw42vd64f38g4w9az4q4f8jsdl2k23q95j0xlvlz00t2ds6d7d3kxf4y8m5st8rlgq08wttq03hvpnkakhfr4gzjurl7xghh3tqch2ch6xcm405de0arj77mv7wt6ckexhsut4w04u0ph896vtylrjq4w9dr9g69jzfkhws5mng9slhyc2f6yqg20yqscfck2xwtaenh8e65hcy2n3e29tn7v0t9hrjnnaelxx9qkszvrmpw5sphfamwj7d2wtrkl3gngazvljvwl77htdxnme2lqe03su08rlkfdw2tmfvpchev0cku664jcl7wehye62csyxjzqmtnm0ah5ljh8k0lze4wwxnc7a4akfm2hf404dwh7wau5ecu8g290ant9v5a7tlksee7faxaktk2qqq5zgeqfg95q7dm
SP,offer1qqr83wcuu2rykcmqvpstjdlhfkmlrmqkgkmjjjdtpa7f7ghavn9lu2g8khnm4aw40njlshtpafsltswfaee9ys2turl0cz2mh96n5fy0duy5n2p0zq2au02rd8yer062pssfq29gp9h6wrhh89htpsgmng7z88l50uudjd2phuahqkfjma0dh7g8vc55sevuatnay5ft79gezw4slku7ml22gwr3awm4pgactljlqd4s2xlcmlu07qjzs8at7kdnldfv8lll7ml3we98rdwt95qg8re50dk0latlzjux0kr9utrn9gf9x2skk4wzj0fvuhglplale8l3dpse6dqyuulchus0y6j4sflle9ht6y7r20slfse5kntwnnu84zltvhpuf34mq244l0lvqsradpks95d6ul8mryghn76fc28e9j46lllmkwhulr72w72hw50eaj8u70ck3fzn80fpml30hp56kuhln8lumr49ff459l39nc6melps20xmmekajj05m8lx40ertkvp0k6067khml5l5824kux4ms7led84hlkn7t0ferahj6zz3zg6l3j8n94jnv3al6vxehmfex28jmv6cjfu4u4mr7xw4thdsztuce8md30uhut0vhcersescrygfqvem7q6nhug9xf38tcn2dp8hcsxj76pl5428c8awuhnawrhn2fkm5uaynma637wyl6y0xxy3fda6nn7kxjkdlhlq5u6wt40ppvh2kpkgwh07anwwlm9faamtajr24djtuafktqtfygn2l4aur7cw539e7qggqmfmlegm4sutf0xwe2ht366577aj29uhlykns7k3wcjdg2h9cf38twnvwkaxcad63k6wsdn3sf0trsrk0aueslkfzvas0qmaha7p4x8nmdvj24evfvm4nakrcqlev70jypvt720u0as9x36ff9qmp9970ae9zcjf42g97mmygpn97cjg5f08ynm7dz987ejpt2c8u5nztdm9q6nxff0ek6z4dw25s6tmvxvhsjzm0fch0vd3n9yy2uj4twzez7v43pyhx4rctet95umw2494guzhhay9g3n227nre3f57mzf948jcn9fpl8v65744l4ty5ew9qfs7ugfdzk2c420a244999vaq9zjruwxrxznjwf9s99850dw9fhv280zl8n2zpfxcczuuydauhzst2dp58qk4xg4ggvnljlupmzvz85apue4dr42dl78cgszvs7vj29uee7c3rr0l0ln6cjz44le8n4xkmthngjmtmf0a8hd2l0mvl2ugtjwfg6pv0nn9ywu55l087lahu5ffdg6fvmv7n7ged8z3n3gfa8zetxffaxjatzg4nyndn9gedyvjj3vfuh5ctf3ef8n2vktx98vste3xcmjnj9vej5pe6gmy8zvuprqsu0jqx2p5xwtygp7xx5wh339cknzwqj5fh5lwtne4eu4yg8rle3avalt37plmhgdna3l0lp7vuq6f2ee4kyhqf5f9e5ppjvru7chuhk70l4gj8kd7wmrulnvd4ga0m6jv4mk7k960xqu770tjl9nzt67amz4r25vf7z2r96l5yf78ggsuqrauvf6zqlv5fwpydjam57k4u4adtrzjy84809uu8rhhf2jlvt4ckax9flxc0q52akmd65u8zaecsm43mgsvp6yy7t5gfu4qnlg2val8zlcwptxctyfhxzuswwgd0qsv36zw98ufq5r3wzn4rlc2clwl6ql4k6zs49h2ae5v6vrmctmueg8777hl8pn45leadmwsyw7t9n8zuz4sf0q2xlmsv86l87l0hkxlrk05fut0h27zemfaak7t43xwwhm6xccw8c5uulmll2x70c8qugzxa7sq6lcmaku3jl30hp67wlh56yhc436vwuh08dk7aw5pvhjcerm0qajrnwmpke68fvk3wpf4zxsw86udeunduvfux2mk7jdwuhflk2e6dsa0mhzlxq287k95dt7javuupfnals0j52pszszgg6vr49qykkaz4ch524zk3252682e2get4tr9w4fqz50lgk74q95jzxt0lww0pt4468udkhxg4zymj3lzr9ts0xz0mkd3sdenkp4lwrfvj6ure7z0hrsttchggtewmmpvymmlkzk77e0wd2wlxay0uatsw9k58ql8460nd78jq3d92rpw6ns2zhrvs2mt296grc80vw45zlhadyrxhjhn9t6aqe908jldlwlvj28k0ywwsj4wryelz0a3pv9uqng7gf4vpdnwtf680tynuv2afpcr8hz3lxey6wtdawmjt0dz8u8nwm8lm0ynmdlpl6dua0c7se7paj2t3dcw0ww3lus7xvldel2gmp04u74adxhynuj55zw7n864n3fm7dj2dlw8xajkpyw09d54ewnjl0z08kru0ftrcee5a6azp6qtymwnq5quqy3y
SP,offer1qqr83wcuu2rykcmqvps0jtw5mmu0aw8gu88eczml6372sw836nx4l40xrt0n8hlfa7zg68y59jknuwxet48z56qfmj0n7cftka8g0e8395ssnag95tptkeeg95uly4ufqyzpypf4u8kafcf7cuxnv7zrjdn7fyl7punmkfhgwurjujlxmd4nhl7q9sz6nrznl4wr56398c49ypak87mm6hmfargx8d6wvxnaplmtvzkkqqllr0l47spg2rlnw6mkta403l7llmlc9h4f60mykt640t654gfl2qnuduatukkfvq4fk2yvdt2hfc7ra49m04cu8lllyml4kxrxfspnnn0plup0zdvd3d00a73ey9s3a3me4lnztrq8ns0ea7tn78q969edaaf56ssp0nsvq7ky7dpcr6a0alhp7jaks5u7crduae7h4xd4w85lmewxfmv7waed7c7rsxhf6j88fpllp0jg7ppflpvr80whzvxawkf7aksdr7s4nv3t6t3ghkumvwn0dxqde549vq0en4wtdghaq4kl0aslyusfe40hx4cl698trkf02h08qvrx778ad4cnwlzd3vcahtsj5chhcma7hk7c9ka2jhzdge4a6j5zd5pav662unw87xgt3cvsvpjy5jxyulydfe7vrnqcnhup4xsnt7gtf0dq0624ru87hvt3lhpmehymd62wjta7ugl8z0azxnrzckkkufalmpfr8lllqtlpf0agz4ccvzum4mlh48tevj25tz0w5cmlhamkh8rhn74ctl8wha6m7rly82vjvaqv9qd5dlu5v6cw9khm8v3t4cadt0twe8zk2ljtec0tghgfk59tnuqcn4hph8twrwwkugmdhgxeecqh9ncf6867uc0m93xwc9sd7m7lq6ntcajke92uhyjd6m7npuy0vk08czyk9a90787cj3g4y5jsdjj6l86uj3vfy64yjad4nyyejavf92yhnjf4lx4znaveq44vn72f39jajjdfjk5e2fdxc45j24vx54jst2vfs6ujn6ved8m2ne0xn8z5jx0f4xm92f2xghjc24dfex54d60feymrjetf3xm2pucu60d3yj6nevfjyslnkdw066lj4jwv8qsvc0wy5k3ryvw4hu4zmjkjxwszsf978rpnqfa8yscznn78xhzumkpr8n0ne49q5nvvqwwzk77tsgp4xs6rstwnyg5vxflel7q43x9r6vs7d6j36hxl7rcycrxqwxd9j7v5lvv3phll7eevnqs6h7njn8yw09cvcekcuv07kwjhnnac4987clecew3a8lxg6c03kyhllahu5ffdgcfzknpjw29e955jz09u5zat3gecevjdfdxhxyen4geqhnfnwdx5k56jzdx6hrq29dxycj4jfgfh8vnj72f8ype6gmy8zvuprqsu0jqx2p5xwtqs0au9xcy2c0dg2vl9hh0958vs6a5t7u8wgg98huv2lqumxvjcjln89lllp7vuq6f2ee4790sx5f9e5ppjvru7chuhk70l4gj8kd7wmrulnvd4ga0m6jv4mk7k960xqu770tjl9nzt67amz4r25vf7z2r96l5yf78ggsuqrauvf6zqlv5fwpydjam57k4u4adtrzjy84809uu8rhhf2jlvt4ckax9flxc0q52akmd65u8zaecsm43mgsvp6yy7t5gfu4qnlg2val8zlcwptxctyfhxzuswwgd0qsv36zw98ufq5r3wzn4rlc2clwl7pexdf77x2h2utspr8d7ue2gecv83tr97a84tawzelxml8wlhlav8xhnxp9upgmlwpsltulma77cmuwe7383d7atct8d8hkmewkyee6l0gmrpclznnnl0lagmelqur3qgmh6qrtlr0kmjxt797u8tem77ngjlzk8f3mjauakmm46s9j7try0durkgwdmvxm8ga9j69c9x5g6pcltjkale9ewhmt9k9k5y4exua5r6vewe3eqexmclmc4tku4m79d9kn08hwctejzqqqgtyydxpcjkrrdw4gv964f3h24xyaz4ch524zk325253eg8l4t92sz6frn0k038h34k6dx7xcmny6jza6g433h4q8n884cxcmksemx6t536kpfwpllrxtnc45vt4vrurvd6h6wah63f00dh089dwtvjtuw4ch8m7rstnja89k0peq2kzk3jkd2cpqmmhgzde5z65st6t7jkcwmvjm8h57wk9n4mh8ne72wlg0tlw3leukljdy3pkklssnlugtpwqq6hjz9tq0vnsnwu6mv4mhpd02jenjp9jwuka00z569m5dvh9uge37j8yu3wf3dfucr0myclwe90nfwafwuxrukr8n2g9geh7hga4m4w5p65ancl3glxl96ahvuhqpl84y24lf4en2aj0xs4yaxcca5cz607vfng48jlr4h3ahhajq8n66dsud22sq4
SP,offer1qqr83wcuu2rykcmqvpstna0zeglwm44upvsj5dnhhs3kuhvv8r6lnjguv8nt6qdzcu0hlnw4xwel4crywuu6ngp9wpllap9dmsapmyk8k7zzf4qh3q9wl84pknjvshe9qcgys9x5sjm48plmrsma3cqdfk0fznl687wwex4qmuwmstyed7h7mlqrkv22gvjw74e7n2y4lz5ys8wclmw0vl4959pclhf6skw59la0sx6cyr0udl787qdpgr7altxe0k57rlmll0lshmnwvw5zcznyf04j5u7cvqgu6hd3whcu8mshdke7f94vhrtxjc2jqyed8erlp0pcc6fq5uulchmsm764sjvzg0u9d3mkkvkkkya9j795e0zmkf5h8w28l633as02em9y5urqa8zvg3wwtzj4ghhzz4tlwaur28s66w20lmy5kx29lsyhj59ng0jfmnng53fnh5salchnp7fyh0u4238aav0v26glq40n9t50uxcrlux3u6ug0h2xww97mhauatqrajketstwu64c6xn4aa0y8n3525s9c2vkh4etm3ux4j4xtyehk8ktejqzxg5vper4a9ttfm4jak6l2h0kzc4pyuhuhc8y89nuxju3kq7mkw8hsp3cdqgpzy56xy6l5vf47vpngcnmaphxcstjgmf04p0k299ullhv2plhfeemymd6j0jta77glxz0uzyntpc6hk7f97mdfn8lhlsxkewc22du4ztm7vdpmf4au3v30ghnyly2nwak42j8zhw30ar8dgflp00872z47gxyswys7cka76xd58jh24nkc4260wkh9kum3nr0e8vc8d3t59tzz9c750fkmg7ndk3axmdyfkmczylusgzmau7re07y89kc8yvwe7ldm0qff47w92uk5kdjexap7ph7k8xfxr7p7fz7nlcrnvey5js232klfavn3vfyk55d73ezkzej7vfykyh4jfelyj6n7sesh5527kf395e2jdfr85aj9t9zhnpn20fue53t3t9u6ju2ekee9nftxwx64y3je4948rxt9v4ycjk270egku5n3j4n95c2f39yeveta5s6dwf8j6jfvf6ksmjx0flxm8a9wfveryrcfwv8hp29gf4xlft6232e0grpfpwyzan33ehyjszzde0ehzntsxtmsnnehpc6js2pkwz8lztpw9ays6rqdfm9tgzxt7pylul3qzmnwsavghpa42a0nlupqzv0jg9r7se0x2fkktsllluvq5kd6967xalepdume45xhdvyvl67dmetmfatml490pc34ltxtn44t08hlll6vh8zvvjtk2p4xwum3s3u9uc672p49vaj6galxqmjkww0cs6r6vfm980ncdwhmrzte5p5675rfkd5mz6vctxdxs7ux2pl9umh2grrs3wr0cufz9eg6mqqs4mvdq4qlkma3rn5qmat6vz5e2m545xslv5mnt6wxekcthhf4506hyjlnexlelclx2qax4yu6lzp7pdzfwdqgvnql8k9l9ahnla2y3an0nkcl8umrd28t775n9wah43wnes88hn6uhevcj7hhwc4g64rz0sjsewhapz036zy8qql0rzwss8m9ztsfrvhwa844090t2cc53pafme08pcaa625hmzaw9hf320ekrc9zhdkmw48pchwwyxavw6yrqw3p8jazz09gyl6zn80ech7rs2ekzezdeshyrnjrtcyrywsn3flzg9quts5agl7zk8mhus96l9wsnkr8pse4tdldl3myc642d48ju7adartah936euy34xz0l3jqkascd8jqu04u0alll0dkxylghmkewdl9tkremdahhzv5a8k54nskweweeuhalu0utj70cqqdt7qd5hshlvedylpl7p9kalwfutlm2nsc36w7wn0aw7cvchp3kxkcpm8877xrvm3w66dguj32qdsjw47amctjwhjm6et4k7l2elms2tfy34hww3vwzaaahtxx69ud9wm8l825hqvew9scpqqyydkr6jszttw32526923tgat9fr9w4vv464psh24s928a5r025z6fptyhmhh8s4m6erwxmtnyw3jdeq739j4c8mq8emk6cxuemq2ahf4kfdwpuhq8l3c94u25y9uhda3kxddamft0tvhhxa80nwj97w4c8zm2rc0n6ahekhzeygks4f3hffg8ptskv9a44zukr553zyh783eteltj7lns6pgwe8v84p8n3tjtt4d55ut6senvf7cthnlvgtp0qy68jzdtqtvn3uwd386h7jljeh8hxm4e0q4063zcgwha7shp26shatc3hky9s4kdxgncl8aj0l0kradh3mf7mqmgtnyz9fatvlg8sxk08c88tckwdaxnkxzmz64w2uzsakgltmal70jewk2dea23phxf2xn04u0hcu4p09rjxv26gqyw7vdtcp35lkf
SP,offer1qqr83wcuu2rykcmqvpsgjkhf7qscmq6ra4wvdf5enynqwk7whml8we9j8xdsm6c94mrfdthf87knuwxet48z56qfmj0n7cftka8g0e8395ssnag95tptkeeg95uly4ufqyzpypf4u8kafcf7cuxnv7zrjdn7fyl7punmkfhgwurjujlxmd4nhl7q9sz6nrznl4wr56398c49ypak87mm6hmfargx8d6wvxnaplmtvzkkqqllr0l47spg2rlnw6mkta403l7llmlcytqalx0v9tq69m8wnl3pelzrtg4xv30p2zeecvc70awu3005avp97q60elm072lc2cwxxjgdx8879asfewhmj9zl36dhqgfklw8wp437muf6jclh0d4g6zn3fh5fgupjfsu6cxql27n28rnmjnw9k0h8j6avuy47farm42a8qalk7c7449dt708tnadvju0c6ar2g7av8lc9qa83dzj0kdujmt8ph6eykteje5cewgagdxdqxnls44wyd3meu4n4lqtajnnvrc4kkagvt7k5x6llxx6jhn8g2u8ndjkjkwrkh3wnkmw9ec9lxlc2wf6hhld32sa2s7heugculah6zuglyyc4y5e3547aa79mmuwkmjdqx8pnpsxgsjqenhup480cs2vnzwh3x56z003qd9a5rlf250s06ae086u80x5ndhfe6f8hm4ruufl5g7vvfzjmm488avd9vml07pt69wh7ekd6h5sc74v2d857wfwmlaafnnhuhmgwlv99s0ec94djf554yz770u59tusvfqufpa3dma5vmg09w4t8d32457adwtdehrxxljweswmzhg2kyyt3ag7ndk3axmdr6dk6gndhsyfleqs9hmeu8jlugwtdswgcana7mk7qjntuu24edfvm9jd6rur0avwvjv8uruj9a8ls8xejff9q4z4d7n6e8zcjfdfgmarj9v9n9ucjfvf0tynn7f948apnp0fg4avnztfj4y6jxveuc24np2eh9umne4fg6nwj6wxfy2kvetfumrqn349f92s2wgeyhzunf59f8zhjj2948n8npwx3yv7d7fxshmfp56uj094yjcn4dphyv7n7dk062ujejxg8sjuc0wz52sn2d7jh54z4j7sxzjzug9m8rrnwf9qyymjlnw9xhqvhhp88nwr349q5rvuy07ykzut6fp5xq6nk2ksyvhuzflelzq9hxap6c3wrm246l8lczqyclys28apj7v5ndvhplllccpfu5h080g4wawdk6z8ndku32v0r4lpg7fafc2mglxeatfaz26uek390alm0egjnu34j3dfr85ctj0xg6v7nedxn9zstxtfzhy5t6dxs4rz2fw99xue2fwfqkj52effy6vkd3tfu5zud2ge5eyjtz29j5j3jqueydjr4xw0psgwheqr9q6r89juvplad8xa8mu4easht036l848hg8ee7tea3yj8ke9t0fq50a5rdxw0ltl37v5p6d2fe47ywugyf9e5p9jvpukehuhx70l4gk8kd7w6rulnwdagatm2jvamk6k460xpu670tjh9nxt6uamr482yvf7z2892a5vf7rgcjuqzacve6zqlvsf7ry9jal5w54u4adtnzjy84r047u8zhnf6jlyt4ukay9flxu0s524kmd6y782uecsm43mgsvp2xy725vfu4qm7g2vaa82lc2pmxcr9fhxz7sxwgd0qjv36z2987fq5r3wz34rlc2clvl7pf3mgzqhme256utez9dvrkv489sml37ypgya8cj3p5dwcptyf0k7qhkr95zgnl78sltulma77cmuzewn8e0742c08d8h76f2k56ej702mmpchrnhnldl3gtelqur4pcehjzr0lndknsx0797uhfehlwhg27zj8fnm6au4hme4zs9k7mry8vu0hcgdnwxm8ga9j69c9kjg6rcl2l4nunulhh6eat0ep7unlds5mcya6mvmj344jh8d89sad24z4l54eyxvhzcvqsqzzxmpafgp94hg429dz4g45w4j53jh2kx2a2sct42cz4r76ph42pdys4jtammnc2aav3hrd4ej8gexus0gje2urasruamdvrwvas9wm56mykhq7tsrlcuz6792zz7tk7cmrxk7a54h4ktmnwnhehfzl82ur3d4pu8eawmumt3vjytg25cm555rs4ctxz7663w8q0r6z244xlwlu6fdtew4lw88xe9cmq62ujdnt8m8jsm5w0st69pfnhlugtpwqq6hjz9tq0vasa6t765265wva299t2a99v9qa6w86udxh74kql9uldwl7986l8ap4whgygeyxn3cc673p0ds3vu9fsemnl5ca79frw4hlu5wk0j98m6ea0nhfwf9djke9llfw0ml3tkvkq9ae7m0mcvtmv9vmm35vkhr90kpur9svq9yqkywj4f63y9
SP,offer1qqr83wcuu2rykcmqvps9n0n0gtxg5kclesmthd0sea9f6hkdtcvtdl40u2tw0ahhmpj2la3747c04crywuu6ngp9wpllap9dmsapmyk8k7zzf4qh3q9wl84pknjvshe9qcgys9x5sjm48plmrsma3cqdfk0fznl687wwex4qmuwmstyed7h7mlqrkv22gvjw74e7n2y4lz5ys8wclmw0vl4959pclhf6skw59la0sx6cyr0udl787qdpgr7altxe0k57rlmll0lskuh2w7tk7kr3v8xe2xw8j70mcyeg80elrccrh9relhl40f070mhua9n40slllun07kccvexqxwwdu8ls9mkzf4cae5e09xvz3lmm7aela7uyna65ueudu59a7eedae84jlkg4gqpckperdtaj8tjjhs0m634uvpuxpw3lk38wrzrxvhmlyj0l4uevf08zcaax69y2vaay8079u5w0uuk4rw0ruu8f3pq75ms5c6f0rm7gk4tuems5ra668e9d0zdtauq0h289p7fu8cpyc7hly97d4vcxmnamkt60fe7c9s0k62r6xklua6mm4fuwklwtkudnyaamf4c0ugda0zyj6f6xke7hh6w63d732hz7xghf0p9a2upvwrgzqg39x33xharzd0nqv6xy7lgdekyzujx6tagtaj3f08lamzs0a6wwwexmw5nujl0hj8esnlq3y6cwx4ahjf0km2velalcpwe94m47tuskxjddfgulwdytantu70aeu4yr5eh760vpav9rwm7vpfd0rl6z4xfxvswzsx6ka72xdv8jmt4nkg427w75h4hun3r90e9vu8a4t5yt2z4c7yvf6mc6n4h348t0yfkm5ryauqtzmuvure07v84jch8vzcwldm0qdf4uwatuj4xtjfxadlp37x8xf8nupxtz7jl7rmveg5zj2fgkmfdwnewfgkyjdwjewkjejxvfvkyn4ztemyj7nw3eukys27kfa9ye26vftx5ejavxry5522d909zcnfj97kryv62eyc56t3f4u5zmnfffqhj4n729cky3j7tx5hzunew9gmz6t35425zsdd3s7vwd8jcjfdfukqej20emxn8ad0e2erxrsgwv8hz2fgenx82t723ve0fr9gpgyjln3se3y6nz2vffelrnt3xdmq3neh3u6js2fkwq88ptd09eyq6rgdfe9nfzx2wrylulaqzenx3ayg88adgatn07pczvrng8rxje0x20kxgsmll7vckfpthmtv2zhk0aynpkwl7yeutnhsvnehx8s8yr5mru2e7027lvkwd470l0afjauf3jfwefx5ej2vf0855np0948nwd22xzknwn6vka8ynj7wed8juj6telyvljfkf495un629u4z3j20ehxy4j4kxge5k86srzs4wn0cugz9egcmgqs3mvdq5yesnw0gtzalaka4ajmkatg6zxd9maaslw5kp56x8k7gfggfm8muelllslxwqdy4vu6lzjvpazf2dqgvmql8k4l9aknma6x34n0hkcl8u6rd2hf774n9wd443wnas89hm6uneu6j7hh2c926arztsjjexkapz036z98yq0drz0ss8m9zr3f8v8wa05409lf2se53patm308pcaa6z4hlzdw9hf3w0ekrc9zhdxmw4xpuhwwywuvw65rqw3p8jazz09gyl2zn80euh7rszckzez0eshy8njptc9rywsn3p7zg9quts4avlwzk06h7q40pzj8n64j8uhutx043gt7k5453fwuuhzndm9xykfu70fvwg7rlklvxtgq3hlu8p7helhmaa3hc4jax0jma6hskw600dkjavf3n4774kkr3798887lljshn7pc82p3n0yqxllxmd8yvlutacwhnluax34u9ywn8h4memdhnt9qtdakxgwec0dscmxcdkw36t95tstdv35r37h8fzax9mvx9wjqf7daydhy0739puk9hvu87lm2r9520dhlrc7pausn85gvgsqzzxep9fgdy43gat9fr9w4vv464psh24xxa25cn525z4972pha23tyqkjtumancfaadphrdhekxcex5s0vjfvutasruaedvpwyas8wmk6lyx4qwts0lccz679wrzutxlcmrx574h4l5xtmmdnme8tzly2ur304e783uwaunf3vn50gz4ch5y5rgkctxju6znwdqua9ey67ujrewphf9y04el3k4p8wckyjs4x7mnkdcdnan8tda9n90jlufm8wqq6njzrtqwv3370as45klewvhdhjutcwhkmh6gjfa2n80lmwdghf9hnp2tm6h42sv7q2mg69gnh320mc66hxe8fpx7dmwzygjehm52lh72v2tyl2jp7mw6048yl5nuh7nd9j07f7zvex0ywf050rux776kvcue278xd9hrhac4eytsyqqn47g66dzlpqv
SP,offer1qqr83wcuu2rykcmqvps9jdhf78esqulhy027u9eek52auamlmdsfelnnd2dwsnerzar0vyhkz24s7nnkj7fs5ksz7ln5lkx24hfjz7tufdyyylvp4rcwux22fw80c4tzqzq5gs2d0qahtwx0wxpsmhksusvlnf8lc0y6uz06mkquhyhe7mdvu0esfdqj4c6587tcuk5f379dfq0deak774c68t6d3t2nmq5lflc6tq4a3s8lcml3wyq26nlumxkajud0alahl7lkp8wja6veyf4lzvulwxkkyar0g0s4tmp8d92a06hdlezh4lt9e7s4ljewrlmlj0lj6rpn56qeeehs07qulr5zgukshdpyh3ud29c9md84lt7ht7e2zankdnd286p875t6w8f6pc82c86htjhm44fw3dwktn4vv047f74n26dmwa07tem0z87dtg38juhnhdrj88w6j8h0qlup0zyur3al8ef6amedexwll6whphz7lk46nyw60nrz0n46wlr0nwhjkz8kz8tur84t72v7wfw4zamgf27hrua0ygpzntqkmmakzv4led65wxl73048l0u0gc4am03xek7zyezqfh838t4mvf3avr0xrrhlnj0vk9xzektu7qw8pspsxgjjgcnmu338hesxdrzw0sxumzf0frd9u59leg583l7a3v87a80xvndhgf7f0hmerucfl5gjdv0z26mexhmv4xvl7lcpnas9xc8jsa5l20lhxz7np87nrnyvfh9f0dut53kn862l97qhu72zk94ulag24eqejpczpm2mhmge5s7tawkwez4tfe667kmjwxvaly4nqak4ws4dgghrc348mdr20k6x5ld53xmwqvnlspgt0nnc09lesuktzuesmrmahdup9xhe64tj6kexfym48ux0ccueyu0c9evt6tlswdn9jj2pg9zma84jw9e9j6jp46092ctxfe39jcjw5f08ujt6d6r8z6jpt6e8ykn92f49v6nfdx55v3tet9l8ulj32et9v6j2te56j7nph9t9ykn9fxv4rwn7d94954j4wxy45nn229r9yhjj29s5nrnz0kjrf3e57tzf9486crxfea8vmvl44a9ryvcwppes7udf4pxyead0f29m9aqv9q9gjt7wxrxvj2gffn90xu2dwyelvzx0xu8n22pfxecgaupd9uhysrgdp48vhdqgetcynlnlyqtwd6r53zuh54r470lsxqfs7dq5d6t9uefkcexrlll3jzlkpywrtt6cw2lk7nunmggmljyw7a6526uek6kf5vl83je5s3p96w898lllxlj3y8erm9z6nxwfz4uuvgp8z3jfk9c5v42ktfa857v60x0x5a26g9e8ykdevedxjj2fj9uez5j3dxv453n2tfqcjud3txgvvjxfp6mx8sc59t53pksdpnjczz0802tea24alrlx4su2vll6htvtxzdwkutpftmllj3vjm4xjrsmkklalll5xfnsn2908xhcmfqhgjvngqrze8laa0e0v56l735fdtla79eh8qa2d60n4vmtm0dv2ymveed67hy7085h5dukffkhggsu5hkp48ggr7wssflqnmgcnuzpxcgsu20m36h8u4de0c2cxayglt7s2f7w8wwu4dlcmg39mutn7ws6qc4mfhmafs09rj38hrpk9qcr4gfu82sne6p8jn5am7f98suqk4kkcn7q9epuuj2jpger58uywskpcxz59lf8r34l79cy85fk3827l3pklrlqre27r8vl8r9l30776c6lhkznra282wptxlu30kr95zgnl78sltulma77cmuzewn8e0742c08d8h76f2k56ej702mmpchrnhnldl3gtelqur4pcehjzr0lndknsx0797uhfehlwhg27zj8fnm6au4hme4zs9k7mry8vu0hcgdnwxm8ga9j69c9kjg6rcl2z0tdcck22d90lj9qys22anpdkm25k7a5hu5lhud09g4lwwcct74njqw23gxq2qfprfsw55qj6m52hz732526923tgat9fr9w4vv464yq23lazm65qkjggedlaeeu9wkhgl3k6uez5gnw28ugv4wpucflwekxphxwcxhacd9jtts08cf7uwpd0zapp09m0v9sn007c2mmm9ae4fmum53ln4wpck6suru7hf7dhc7gz954gv9m2wpg2udjptddghtphdc6gmfgkmdwlyvv8tdy7765pwkhael9k54kj2x6u6q6urch4uwl8lcjk2uqp40yyzkq7e8rclaak849adcr74mfhs30m02tf3zh9s6xlnlmgva2pu37ljrvzh597l34y6kesslrcukau5azj3746zezt9px6elvm9dwn44lsleylnlqqd88l43f9l4dc8d5h4jf3ldlfd9txfgdllryknvvdz5atuv74zn9ey3wpsq30qfr6c7qvmjd
SP,offer1qqr83wcuu2rykcmqvpstzwv7c6htv7k285yhrulg55pgeuucu4639d3llmjeq9vl6h6lr4ktv4tpl88v9cn3tdqyam8elvy4twn58uhcj6ggf7sz28sa6vu5jcw0n27yqqpgnq567pmw5uyluvrph09peyelyj0ls7f46yl5hvpewf0nak6e6lmqj6p9f34f0chpmdgjru26jq7mnldaate5wn5tzka8kpf73le4kpttpq0l3hlj7gq54rlekddm9u6lelm0lal5zz9h5nps9wu4e8ladu3mh20zm42s2lvxm7hlj668al7pf0z6en8epcxllluml3hkrxp3phjrfpllp03p4l2hau49mu08j0tgrkdn7f9h7a0l885eukfwwj488a086nrzx96qmhxcdps755tmlhxyw7znunpehs6gfhtrgt5m90e38wndth9a7fall0t049a6dr2x826j8h0pluprtf5m0t8sgd09sgn8gvx4f7cgnkwxjhv8mdxachcu03e745znyh26vq0um2a08mhm9333axvmmtu4v37em074v357taufs7pefrmv7c89gh3s0v9l0kj0uxk8kwlle3lrf7el20n6wpctxe7rj4k0khcqfd7juwvvlm3wuzvxzczqgn9w33xharzp0nyv6xy6lgfe7yz5nkctaft3jp00haalrsda6wwxexlwyju770nj86snls3y2mww5ahj3vkntull97gw09lcec28emkl38m2xa4lf4h8ueanp02mut06lreagqr3u830ham793u0lg25eyejpc2qm2mhege4s7tdwkwez4tem6j7kljwyv4ly4nslk4ws3dg2hrc338t0r2wk7x5adu3xmwsvnhspvt03ns09les7ktzuastpmahdup4xh3m40j25ewfym4hux8ccuey70syevt6tlc0dn9zs2ff9zmd94609e9zcjf46t966txge39jcjw5f08vjt6d688jcjpt6e855n9tf39v6nxtet8nvdkf9f9zatw2fd8rdjf4fhyn2defef82n23sfm964tz24n9z5txvxvhj62pgeucvmj7ffh9y3tfvkkre3e57tzf948jcrxffl8v6vl44l9tyvcwppes7uff9rxvcaf0e29n9ayv4q9qjt7wxrxyn2vff3988uwdwyehvzx0x78n22pfxecquu9d4uhysrgdp48ykdygefcvnlnl5qtxv6853qul44r4wdlc8qfswdquv6t9uef7cezr0llenzewd4td5lmj04k03a08948mldd2m7cjm7vrwjhlw908lmlxchjm04t2sltll7ndecnr5saj3dfngv5dxw9vk4r4ew9q5uet20fm8jk5x29y4zs2kv9z5v3jww9uhyu2jg6vhrgv3d9v4ue2xv2tynyje26z4rc2qccytjmkxzv37gxkeqq9wmrq9hlw9aw07e787xjydtplwt5vhg086m83x025277acam4quzlpqvlumtlulu8ensrf9t8xhc5eqz3yhxsyxfs0nmzlj7mel74zg7ehemv0n7d3k4r4l02fjhwm6chfucrnmeawtukvf0tmhv25d2338cfgvht7s38capzrsq0h338ggraj39cy3kthwn66hjh44vv2gs75auhnsuw7a92ta3whzm5c48umpuz3tkmdh2nsuth8zrwk8dzps8gsnew3p8j5z0apfnhuutlpc9vmpv3xuctjpeep4uzpj8gfc5l3yzsw9c2w50lptramlcxjyhk63t9xu4mhw0us6dl2pae9l646jjwv54fvdc5zhkkma2hh07quep5vlnqc0470a7llwdkxvlgn6klw4u9rknmmduhmzv5a0h5ans5w3deeahll5du0jwfcsqdtlqf5l3hmdetylzl7p45al0f5t0e2rscamw7wmda2lg2c0p3j8k7pmy8klkrvnswjmd2uzn2ydq5w4ld5mkvhz9fndrmnh7eul54qhpmceet9xf7ed6wnx3a20ndn2ze04vgwjct3jzqqggmv949pyjkdz4g45w4j53jh2kx2a2sct42nrw42q25legxl4g9ysz7f0n070prh4kxudklxgerymjpazt9ms0kq0nhd4s9cnkq4mwmtvj6upewp0lrqttc4gvtevmmrvv6mmk6h7je0wdj0lxaytu4tsw9kk8c783mlndx9jv3ap2nzwjjsvzlpvctmf2devz9dmr4nq9e2wjlhec7m40ev5a0jle06vj8w9cchnfd68lxhma48uu888ucckz6qf50v96jqx6hzawhssvlkak35paxnrwdfsmd3lt6eywazra2ym33kl4wn3lnu7jaaa0lme7agzjtc927vsyesrxnvrxx3e6jdtd9wujfma34ne005u02kkdsmwu24dawlmrn8unhg273t0609l6n377zkqlthsesmrlvjpvpnkt3rsq9z02j3x7av5q3
SP,offer1qqr83wcuu2rykcmqvpsvn9ta2wtn6a0zkmpnujev6lvg506l5nptqu7p7l0k0q44ptt0609lkrqw4qunmhj6fq5kcr7ljyakwt4hgjq7muffy5zlyq4tc7ux62fzxlu4rpqzq52sz00yu80ww0wxpqehx3u5v0hflacty6uz0em7pvnyh67mduc0e3ffpj3c6h86tg6ku23jyatqldeah7u4sc8r6ahtz3mq4ldlqmtq5dhshlcl7pvyqt6hlvmx77jcdlllahlj769mcjl7472tsmrpx0jt5d0ydp7lnecnqa8h88ndsslnwllknxwahvtafue3l80uyvrrrtyxjrhlzuvy4hdn48d7kxnskt8k0nwrhuckh987m8yp75hmxrkhxjzz9rt6hl3rurqwyara426xry2qta20w3dhj3fevy56a0t6wh77mcd2mlmhj0329ad9parj88w6j8h0ql7pahvaa5lmylxw6a7ju2l86c7lvl896td846c4l8au0dfageat800a49xp86drwl6ec6hstaulx8ne6vqk2k60478a6ku6xcsdthhrcvj3xa0rlula0y4hynnvjx4wsqupe9velmph0a7exlvdck5z2kf6her96j607ljazmlqnpskqszyet5vf4lgcstuerx33xh6zw03q4yakzl22uvstmal00cur0wnn3kfhm3yh8hnuu375yluyfzkmn48du5t956l8le00paxd8h3544l8tnwxr022v5mw9p9h7emhwerdr0ef0npfxmmfnyzenza7rly82vjvaqv9qd5dlu5v6cw9khm8v3t4cadt0twe8zk2ljtec0tghgfk59tnuqcn4hph8twrwwkugmdhgxeecqh9ncf6867uc0m93xwc9sd7m7lq6ntcajke92uhyjd6m7npuy0vk08czyk9a90787cj3g4y5jsdjj6l86uj3vfy64yjad4nyyejavf92yhnjf4lx4znaveq44vn72fs45ejjdfj4y5j934ck2ct3ffuhvc2xg4ey2k2pvf5h2u2pwft9y5t42k4yn9j3df4x252fvfykvkt9dfe9nwt2tf6cmzpucu60d3yj6nevfjyslnkdw066lj4jwv8qsvc0wy5k3ryvw4hu4zmjkjxwszsf978rpnqfa8yscznn78xhzumkpr8n0ne49q5nvvqwwzk77tsgp4xs6rstwnyg5vxflel7q43x9r6vs7d6j36hxl7rcycrxqwxd9j7v5lvv3phll7eevaqup52xnj5l8xenmc9hg77uaxvp549gh0h49hglc6tnv0wh8t7mvj7llll0egjmu33jp0ftxymj7df5kz6dewfr9n8n9depy262evxn9y6j6tfvmvjd9tf99ylnzgen9zjtzdxch2cn2v9vcr2ve3x4yjk2queyvjr4kv0p3g2hfzrdq6r893gyn4z5h73hnkh0gddpfj7vgyenh0s7etgxrdx36zlucg8al0whj66ulll6ryecf4zhnnfudyst5fxf5qp3vnl77huhk2d0lg6yk4l7lzumnsw4xa8e6kd4ahkk9zdkvuka0tj08n6t6x7ty5mt5ygw2tmq6n5ypl8ggylsfa5vf7pqnvygw98acatn72kuhu9vrwjy04lg9yl8rh8w2klud5gja79el8gdqv2a5ma75c8j3egnm3smzsvp65y7r4gfuaqnef6walyjncwqt2mtvflqzus7wf9fq5v36r7z8gtqurp2zl5n3c6llzawt6evekhe7tjfmd4n34ev4vk3900f6dxfl4x7dnavu7wtd7w8m9xl4vztcz3h7urp7helhmaa3hcanaz0zma6hskw600dhjavfnn4773kxr3798887ll63hn7pc8zq3h05qxh7xldhyvhutacwhnhaax3979vwnrh9memdhht4qt9ukxg7mc8vsumkcdkw36t95ts2dg35r37h7lezlt8r0n70telunyse75lvc5aycrh0nzmjraxkecunupehmrjpekctew9scpqqyydkr6jszttw32526923tgat9fr9w4vv464psh24s928a5r025z6fptyhmhh8s4m6erwxmtnyw3jdeq739j4c8mq8emk6cxuemq2ahf4kfdwpuhq8l3c94u25y9uhda3kxddamft0tvhhxa80nwj97w4c8zm2rc0n6ahekhzeygks4f3hffg8ptskv9a44zuvza4tfl56nmm8rf4rl654lqtakxcgnt54jpr6ktct67v7r8wpwc5m7z0en3qy5yns7cr4yyd408lmkr5x6srygnuw47wp0k0tw99ln4chl9zyu80lmualm265t3pu0f6nnmyy49y67hyjfdc03tvvvax74xq4pcm77alavh9t2gte4m27l0mnaar0xvyuvg7wla9j7j6mlpjfe0gy2f5d2at48r3n4z0h7cwnjf6aupsqjmq490q3ux49w
SP,offer1qqr83wcuu2rykcmqvpsrrhys777y02hgh96chfwxnle3d6mjnda42tnamze4vuw07euanxc2x2kruwxet48z56qfmj0n7cftka8g0e8395ssnag95tptkeeg95uly4ufqyzpypf4u8kafcf7cuxnv7zrjdn7fyl7punmkfhgwurjujlxmd4nhl7q9sz6nrznl4wr56398c49ypak87mm6hmfargx8d6wvxnaplmtvzkkqqllr0l47spg2rlnw6mkta403l7llmlc9wgu83mku87lygmzjedaaneg69v27l8s5ud78aml4f5w2tye2ll2t4a3hlhlxluals3svvdvs6gwlut6slmnlzhp2hpujhf5gvefumwpnlaq05ll976z677r8lquvyclmnnuxdcxqtvn73nm3aavtp3q4dmh4hqmlmptat08r4tukm0wk8d8v4hs3u84w5dc6ar2g7av8lc9ldewtdzmlth4jufunht9s03t8l8lk3zzupnzhjcrndt5hh5mmselkq7cg7rh09nh9ek9qwrs8uc2rexmjw6xw0m509k7e2ewdmwtmmwj462slvutkckprrtl9mmxnznxfhpqc96xn8x4lcuwar4nne2w7f9tetdkvk9wy4rsescrqgpzv46wy6m5ug9kd3hgcntap88cs2jw6p044wxg9a7lhhuwphnff6my6aujm3m37wvl6q0kzy3tde6nh7w9j6d0nlch0jhwae4aujdaza5zw9vcv9vrj0rgmd84zkg7hz7d4v80a7mrjg3rcl7plv862j57qyys0547u5d66wd5hn8v4t4caf200w39z7tljtfe00g8vfw59tjvycm5hfkhfwndwjagmd8fxecgyhascpmhu7ye0lypywc8sd7m7lgmnred5kf92uk5kdje7lpuq0uk08ezzk979r7h7czngey5jsd3jkl8uuj3vfy64y27dej5zej7vfy6yhnjfelxnzn7veq44vt72f395e2jdfny5ajj29d85ljfw9q5us29veshdxj3t9z5ue4z39c52utww9n8apne2egkjcj3095cuk2329e9yaj222yhrffacs6003yj6nevfj5slnkdg0zml74zgvlrsqc0wyyh3t9vg48l426zsj70sz3fp78zpnpee8yjczjrc87hzsmk8rls0ne4pqujvgp7wzxl7t3g94xs6rstgnyt5qxfle8lqa3xrrjws7v2k364xlln7yqqxv0kf9z7vclv233klnlelv0q59fhza74njthjh2d4vnn8klwjsllkacln0yla5ph407hdldclylahl0ll7n9ecnryjajsdfnkk4rcwae9gmmkfpl9ye6jd90krvzetdgksctl4puhkeryfff6xuvq09f6quv7tpr8k4mqg49hq6t6gk493mjqcuytsm78zg3w2xkcqy9wmrg9xvmt2nknet3xxa3mzkne9jq7lnk33xjpael3lvhmxvn4hrmtfy70nl078ejs8f4f8xhcsks9gjtngzryc8ea30e0dull23y0vmuak8elxcm236lh4yethdavt57vpeau7h97txyh4amk92x4gcnuy5xt4lggnuws3pcq8mccn5yp7egjuzgm9mhfadtet66kx9yg02w7tecw80wj497cht3d6v2n7ds7pg4mdkm4fcw9mn3phtrk3qcr5gfuhgsne2p87s5em7w9lsuzkdskgnwv9equus67pqer5yu20cjpg8zu9828ls437al5r78pn4ek000x8c693ufkxecdvtj89ux22gjs46jcwnf69tpmu8a7agyhvxrfus8ra0rl0llmmd338697aktn0e2as7wm0dacn98fa49vu9nktkw09l0lrlzuhn7qqr2lsrd9u9lmxtf8c0lsfdh0mj0zl765uxywnhn5mlthkrx9cvd34kqweelh3smxutkkn28y52srvyn40k7yz2rt77q6w0w2mtw86hd0hec6m9zak7vwf2alehnt72lkkt3nvkj0shjygpszsxgg6vr49yyxka25cn52hz732526923tgat9fr9w4fqj50lgk64q95jrx00lww0pt4469udhhxg4qymj3mzr8ts0xx0t5d33denkp4h0rdvz6ure7x0hrst2chgctex6m9v5emlhzj77m0wv22lkay8uatsw8ku8ql8960mv7rjq3d9tr9w63szrh8vsgmr296v4rvh3v588uhf9xu86l4dxkj7eu46hlslzk7ms7ve6m6nj3chs3ct8l38vecsr2xfgdvpmjxxahfm7m3sdevuawy4t9k9968puzsdq0d6al97m0maavm0et7k6zehzh65mr6s4wwjl50vy27my75acu2a9d6rj6v0cqukwhta700u7930un78ee6w5a47yshp2u8kwxv7jsef56g7weql5ky97cq6x9nfn7mmktn72uzspcn2nhzsc0qawr
SP,offer1qqr83wcuu2rykcmqvpsfjms40memjc2h09dx375znla87e8cztltm00pjxe0aeyx9xxht7w8xad86u9jhww9f5qjhqlhlsjkd6wsaj0rtdpp96stgjzh0n6stfewftcjqvyzgzn2ctd6nsma3cdkeuyxym8usflara88vnwsau89e9kvklthdl5pty99yxd8l2uhf4z20322grnv0ah8h07j6zsuwm5acf82rl7hcpdvzph7xlltlqzs5rlxl4hvhm20plallhlstlmu3a0esardgtdgy7w0qfh2nw7wtz3ta2uz4l6kgf78cg0h792jmsmrtl8ldletlptpcc6fp5culchssylf6z25kvg3lxnhpn7m8lgdn68h5fpjjgtzdvm6n4pw09fwufw0qg82cr2ecyucz9elh3vkugc6mcw0y7l74nutm7sl3n03u5ju5e04f93vjq7346w53e6g0lctke84n5yue90h34dfdlyct3d4hh7r63cz77t2ge9fw9hdh8v6ktlpa2re6rgtqgzh7pg5n6xee7m765e7z7u7nuduzjmllamg78fv8k7lxr5s2p49xjyeujee62nh22l26xtqwcnmrx872mp5uakda5d7nahcnn56dlkshk6ksp3cdqgpzy56xy6l5vf47vpngcnmaphxcstjgmf04p0k299ullhv2plhfeemymd6j0jta77glxz0uzyntpc6hk7f97mdfn8lhaq8836ek5zahwrwd024aezc0nj644qu8ltv5hlkk69804ykznv86ut5t0c0usafjfn5ps5pk3hlj3ntpck6lvaj9whr44dadmyu2et7f08padzapx6s4w0srzwkuxuadcde6m3rdkaqm88qzuk0p8gltmnplvkyemqkphm0mur2d0rk2my4tjujfht06v8s3ajeulqgjch54lclmz29z5jj2pk2ttultj293yn25jt4kkvsnxt43y4gj7wfxhu65204nyzk4j0efxzknx2f4x2cte0xayj3n3ff48v3n349ge5627ge6ct2nj0xeyjnjff9v5zcj9t4ccj6j4jfgh5kn2dx89y3je3ef9j5dq8nrnfakyjt2093xgjr7we4eltt72kfesuzpnpacjj6yv336klj5tw26ge6q2pyhcuvxvp85ujrq2w0cu6utnwcyv7d70x55zjd3spec2mmewpqx56rgwpd6v3z3se8l8lczkyc50fjreh2282umlc0qnqvcpce5ktejna3jyxlllm89jud2lfly0lapywx2vrmdz5hafmj5fmyn6lvrhzac3ucymlrfjthlny0lmlklj398ert9z6jx0faxvsj2veskvst30erxnq262xcku5v70e64zs2esecmnrnfjen9nxteffgmykv9txg4z6260e64zj2ege4ypejgmy82vu7rqsa0jqx2p5xwtpcdtqar0jgkrcv0eeuahdmxelv0aclm754l9040xkgca074edewwkveuhl0lyqgnjnw90pxcew3qhxjykgsrjmxl6amelw4zc7ehet20m7deh9p40d2dnhvm2mhdug9nteaw2ukve0thhuv54f348gfgu5tk338cdrz0ssfhpn8ggnajpxcgskth736khj44a0v2gqu5dlhlsvg7d820u3vh6m5s4hum37z32xedlfncat38zrwj8azps9gcneg3e8jsrlmppjh5amlpq8vlqu4x5ct7qfepauzfj8gfq5layzsw9c2z50lprrahlcycyfx4cny2hfp6r6c8n8zelesu9sam3vctutl7hr5xj4kd92lw7lyg07cvkseq0hc78alnl8kmmr0stdmvl9l64tpua57lmpy27nmxteut0vhquw070a879f08urqw50zx6gc0lkvk6wsmlskmkahyl4ma9tcgga800thjklwx52s5mndvsann7lppkdcmvaz5ktg4qk6f8glqay80h79wgj5au0s4ktxhn7lf79ejzz38clp4pgx56784s5m4lsmhfdkz7vssqqzzeprfswy4scmt42rpw42vd64f38g4w9az4g4524z4yw2pla2e25qkjgumanufauddknfh3kxuex5shwj9vvdagpueeawpkxa5xwekjayw4s2ts0lceju79drzatqlqmrw47nhd752tmmdmeettjmyjlr4w9e7lsuzuuhfedncwgz4s45v4n2kqgx7a6qnwdqhppw47d8tfaqttx79z6ef68uh2g0tax8v76w399fhl93khakd7a999cllzzctsqx4us32crmxudjjpztdxlt34k4238tcg6384parmw4amnuxrdxp6kk6m6dt8j22g9506ew6k7rs5mcfumh8e44eu77vnzcj3t4s832h2cc67g3u7xjcks2v698e6naw90ktswlxkff0lwexnnx2gw8787sh8hdp7ylphe6af8afj6qfsq5fdeayc7djqsn
SP,offer1qqr83wcuu2rykcmqvpsdjkdtkl6f8ljfrmtq83wl25am4tg24vhueyk5j4ydev0h4xjf4clrqatpl88v9cn3tdqyam8elvy4twn58uhcj6ggf7sz28sa6vu5jcw0n27yqqpgnq567pmw5uyluvrph09peyelyj0ls7f46yl5hvpewf0nak6e6lmqj6p9f34f0chpmdgjru26jq7mnldaate5wn5tzka8kpf73le4kpttpq0l3hlj7gq54rlekddm9u6lelm0lalury0t7hwfl9g6l0tld6n8237n4cj69munv4r3wlup4p2h8wu6x86u8020plale8l3dpse6dqyuulchasv9nd0wynhgtj0n2vplm674ddmzfp6ufr6mvzyjh5q597d9aad2rurcxql2vf5mfw0r2406l2d0esmuc92696678n7ct07l2t3ll08hxupjf3jqkx5vw44y0w7rluzfgphzhlalwuucm8wnymj094ezczn7jrldwmv8jr0eg2rdtwnvfhmmsp7ffd97ya355m6vaz3emrw7t660ywljdulkwlwgcayr7geulequ8wdcxcmdtf3ctxkxuhl8xlzax7ltc3j6686vy2wjw02jugxmsav8ftgltnsxwrxrqvppyfj8tcn2wh3q5ekxa8zdd5yulzp6tmg97j4gmqlhm6703cw7dp8mwnrkj0whw8ecnlg3ucgj9dhh2wlccjteh707z7cdhp7d07j6e4xxjtc78xm5n95appn3jap54tqwejmnc42n9wvjvlm8c8asafztnuqsspknhlj3htpckj7vaj4whr44faamy5te07fd8padza3y6s4wtsnzwkaxcad6d36m4rd5aqm8rqj7k8q8vlmenplvjyemq7phm0mur2v08k6ey4tjcjeht8mv8spljeulygzchu5lclmq2dr5jj2pkz2tulmj293yn25stahkgsrxta3y3gj7wf8hu6y20anyzk4s0efxxkny2f4xv666gp94lpzs2f3xwhnqwwm8zc6fjpy8ylm7g30kuez83au6skvxd99cg5tln9ghrvzs2ff68xrggafkj5dg8nznfakyjt2093x2jr7we4fattl2kffju2qnpacsj69v4325l64t2222e6q29y8cuvxv98yujtq220g76u2nwc5w7970x5yzjd3s9ecgmmew9qk56rgwpd2v32sse8l9lcrkycy0f6ren26825mlu0s3qyepuey5tenna3zxxl7ll84sg94ahptkd0lz7c7ahe75d4u2hxdnwe4ukpw0fk77h3myv450w0aekphhlllxlj3y8erm9z6nxdfly2c2kve39j7v6vec6jjnpv4ryngnej9y4ujvpg4f8r2j20x54ys2ewez52k242456vk2w29c657t6t9qvdz8e96r98ceyrtvspj3dpnzm6w6yt2ppl74akzytssl7mrkw8al72wmp0aqha4hm4tnttthrk2gcmtlllcwn8qxs27wdgf4zqw3y3xsyx9s0hm6lj7mfa7argjchlmu0n7vpj4m5l82ekhk66ckf7cnjm4awfu70f02m3vjhdws3pcftvn2ws38capznkq8k338cvrds3pc5hkr4wlm2njl54qd6gs7haskn5uwuaf2ml3k4zm4ch8uep5r3tkn0h2nq7t89z0wxrd2ps8gsnew3p8n5z09rfmhu6t0pcpdt9v38ustjreeq45z3j8gtcclpyzsv9ct7j08rt0utcghzul8dlg82s66rv4p6hsyxn8l6w0shp30nfdkk9puvlm5qnmxdm33q2aqcd0nqc0470a7ll0dkxvlgnmkmw979tknmmduhnzv5a0h54ns5w30eeuhll50u0jwdcqqdt7qd5l3hmve0ylql7p45al0fut0e2nsc46w7wm0a27gwclp3jxk6pmx877krvnsw66d2uj32ydqsw479m00zcng36zaeavf855r5fyhwe66t00ymx38trkhwen76d9qzjnlsl9shnyyqqq3kgg2wre9vzx2a2cet42rpw42vd64f38g4w9az4q4f8jsdl2k23q95j0xlvlz00t2ds6d7d3kxf4y8m5st8rlgq08wttq03hvpnkakhfr4gzjurl7xghh3tqch2ch6xcm405de0arj77mv7wt6ckexhsut4w04u0ph896vtylrjq4w9dr9g69jzfkhws5mng9hnx9082084zjuv2lh8207hu87r537220pk3d9tqjjt06a00nr90gmlcjk2uqp40yyzkq7e8zcvjfmqmagnj6yx3k74htqewe7ttz46w938tdwp26vfkya9edl56juk93an9k4p0t88r66wnh8lg9etdmjtd7f50zlw34l843x45ncaal00e2h7ejj7v2c558dhtryhjdp4c3qku706m7ykrzg8ntvs8la25k4w70vsqe4jfgrseps2ym
SP,offer1qqr83wcuu2rykcmqvpsfn0za9hh9t68lur7udcg9x6g5h07wf2gd90dmgskh967xe4xnthmn32kruwxet48z56qfmj0n7cftka8g0e8395ssnag95tptkeeg95uly4ufqyzpypf4u8kafcf7cuxnv7zrjdn7fyl7punmkfhgwurjujlxmd4nhl7q9sz6nrznl4wr56398c49ypak87mm6hmfargx8d6wvxnaplmtvzkkqqllr0l47spg2rlnw6mkta403l7llmlc9yevhunt5fe0wej77wlq6rexhnj69x6k8nz9sh9tk7ezdctlmh6uk2awrlmlj0lj6rpn56qeeehs0aq55lervdwv0s2n9ldv6dj7wz7up7hl2w5amna7yvt5ejcznu7ec2hlz5w93kj8ecad2um7lu488hx32r47e70r2vlxlxpkfxr97nv7l4uk22vmc80dzj98w6jrhlzljq6lr4vkl8c6a0cl40wx3wm780g6qw8ps60f9ftnulwwwm306eapfq26gqxs6pdjsc8aynnmlrhwxk0emaqv4j4lv0hy0adnp5wa29clxw62jtveznjr97wc80230j6wkelq4lzutvs6dv4k209lmnzme9z4l7l7cua9m47dqhrscqcryffyvfa7gcnmucrx3388crwd3yh53kj72zlu52rcllwckrlwnhnxfkm5ylyhmau37vyl6yfxk839dduntak2nx0l0lqc0tf9sekretadf7y3mld0jeulm0dcs04wrhsel77f0kdtlmtrhkms00qlkra9f20qzzg862lw2xad8x6tenk246uw548hhgj309le95uhh5rkyh2z4exzvd6t5mt5hfkhfw5dkn5nvuyzt7cvqam70zvhljqj8vrcxldl05de3uk6tyj4wt2txevl0s7q87t8nu3ptzlz3ltlvpf5vj2fgxcet0n7wfgkyjd2j90xue2pve0xyjdzteeyulnf3flxvs26k9l9ycj6v4fx5e5j0982yjtefx88jmjptx92j62346c4zjnx4euk2mn75fykuc2e24h8janzsk55j6t7s9v4uetxve3fuut64y7ugd8hcjfdfukye2g0emx583dll23yx03cqv8hzztc4jky2nl64dpgf08cpg5slr3qesuunjfvpfpurlt3gdmr3lc8eu6sswfxyql8pr0l9c5z6ngdpc95fj96qrylunlswcnp3e8g0x9tga2n0lelzqqrx8myj30xv0k9gcm0elulkxs02tfhnddcanhznr2m8mkyymh856rnv3lwdn9s8wtlun2vtegdwg4k7llllfjuuf3jfwegx5enrddqk2jrctg4v34hycvwd9gcjj2k2fs5262pseykye260elg4zv3t9z4nx23v4h9542e06jkj3jf28hyp3sgh9hvvyerusddjqq2akxq2tr4afyex3z0kwe8uvm7unx8mu0eqwphpzu6a046xhhnapjm620emn7l70myq2n6jw903903c3yhxsykfs8jmxljumel74zc7ehemg0n7deh4r40d2fnhwm26hfuc8nteaw2ukve0tnhvw5ag338cfgu4tk338cdrztsqthpn8ggrajp8cvskth736jhjh44wv2gs75d7hmsu27d82tu3whjm5s48um37z32kmdhgncatn8zrwk8dzps9gcne2338j5r0epfnh5atlpg8vmqv4xuct6qeep4uzfj8gfg5leyzsw9c2x50lptranlc85c5el3t4vuh8g0frrakl277xcwa4kr3sdnk8mla54rcy96ahvnhp2ykr95qgml7rsltulma77cmu2ewn8ed7atct8d8hkmfwkyce6l02mtpclznnnl0legtelqur4qcehjqr0lndknjx0797u8tel7wng67zj8fnm6auakme4js9k7mry8vu8kcvdnvxm8ga9j69c9kkg6pclthlf7cskh5jj73d8kzu0vn7xjm0cukmmfc83agn6lh3dy4cn5sv9gycrejxqsqgryydxp6jkzrfw42vd64f38g4w9az4g4524zk36k25seg8l4td2sz6fpn8h04883476dz7x6mny6jzdcga33n4s8n884cxcekcemz6mk3jkpdwpalr8tnc95vt5v8unvdjk6wah63f00dhl8990tvjt7w4chrmwrstnja84k0peq2kj53jhd2cpqmnkgxde5zacmuzhu72ayghwgmtc4juw0fj7h0s6av82nmtyk94f2lu5kredxd8lun7vugp9pyu8kqafprdt0mj4uvz79twn2dltkdpwhvf56y0uw5lr3u6v69kwa52lnuzuhns0unc7leggl8g0etfxye2y4fm6smchfgghnslqdfnpl6xw7lhm8450arwce9wn5ly6da8kf79xye0kxs6frdtpklw6pmmj773d2yvar457vxcqrj66qzs8cpyh8
SP,offer1qqr83wcuu2rykcmqvpsfnw6t02vu7ns3886574g48xrkway72l30jaktttwkl7frzuvltsyckdtpl88v9cn3tdqyam8elvy4twn58uhcj6ggf7sz28sa6vu5jcw0n27yqqpgnq567pmw5uyluvrph09peyelyj0ls7f46yl5hvpewf0nak6e6lmqj6p9f34f0chpmdgjru26jq7mnldaate5wn5tzka8kpf73le4kpttpq0l3hlj7gq54rlekddm9u6lelm0lalur38d7l6f4x3hvkvqvjet4mnkykuhlahwhghrlnzsvfawz6kvm4x4ttwlplale8l3dpse6dqyuulchlszfnanlrd2gscn3tv6wjc5ekg8389a60cvmxsxhk5latadp769fkp5svp7kynlvj27pwnc6cvu0rmdhswtyd6wd7aa24h4vj97wwhxkw88hhhx4qwg6ar2g7av8lc93xhelhstuzewgnwevzf304nuutnr7zffs4dsdm5t757j8w5le4tkuqhmar6c2ldttu265llcctkjgkga7lht2kkch35nkmcl8te9dfu2dx3tf4yt4zts0lkde46rzkg38kpkjsde7sp0a7mhkmkdsdfe2t22aahfc7vuz90qnpskqszyet5vf4lgcstuerx33xh6zw03q4yakzl22uvstmal00cur0wnn3kfhm3yh8hnuu375yluyfzkmn48du5t956l8le00p5t8ph8007v5mmldc78uu72v8sccm08w4ef04emmplu3lr2wtgmagr0c8aslf22ncqsjp7jhmj3htfekj7vaj4whr49faa6y5te07fd89aaqa396s4wfsnrwjax6a96d46t4rd5aym8pqjlkrq8wlncn9lusy3mq7phm0marwv09kjey4tj6jekt8mu8spljeulyg2chc506lmq2dryjj2pkx2mulnj293yn253tehx2stxte3yngj7wf88u6v20enyzk430efxyknk294xdznf395mz5t224a956nzfxvhj326n9gku4vx09nyapt3h9v4j622hfuk2k22dfe8y6n9hf5mr2vef99yvkd98hzrfa7yjt2093x2jr7we4put0l65fpnuwqrpacsj79v43z5l74tg2zte7q29y8cugxv88yujtq2g0ql6u2rwcu07p70x5yrjf3q8ecgmlew9qk56rgwpdzv3wsqe8lylurkycvwf6re326825ml70csqqe37ey5tenra32xxm70l8a35pm8a64zjj3s46h3w7m9ud42tav8uam0zn8lmgmw3cwr8nznaut6ftlml7ljn9a5rpy5u2k2enx572wgfqcuh23s999nwd609dxj7j70e54us27ffp95nj724nyz6nfwfccukvede0yuut3k9gcjk88grqsu0ngyv2zpcgcmgzsemvwqk9979cv7c70lyn7dl6hukxmvhqlwwh8q2jxa6x56l3nalp3d7580auhl8ajq9faf8zhcngcdgjtngztycredn0ewdull23v0vmua58elxum636hk4yemhd4dt57vre4u7h9wtxvh4emk82w5gcnuy5w24mgcnux339cq9msen5yp7eqnuxgt9mlgaftet66hx9yg02xltacw90xn497ghted6g2n7dclpg4tdkm5fuw4en3phtrk3qcz5vfu4gcne2phus5em6w4ls5rkdsx2nwv9aqvus67pyer5y520ujpg8zu9r28ls437elurpv77a8elt27un6zn62va7u3j3ll9mc8avtywgqc7shllj2tahvf0d8cqhgxrtucxra0nl0hlmmd3n86y7akm3032a577m09ucn98taa9vu9r5t7w09llarlrunnwqqr2lsrd8ud7mxte8c8lsdd80m60zm725ux9wnhnkml2hjrk8cvv34kswe3lh4smyurkkn2hy523rgyr4030k3c9a3gkn8utj26j66kammhed8qs6hmlau3w7aasdxz23a9ma30xzz723gxq2qfprfsw55qj6m52hz732526923tgat9fr9w4vv464yq23lazm65qkjggedlaeeu9wkhgl3k6uez5gnw28ugv4wpucflwekxphxwcxhacd9jtts08cf7uwpd0zapp09m0v9sn007c2mmm9ae4fmum53ln4wpck6suru7hf7dhc7gz954gv9m2wpg2udjptddgh2sdejkztlfyvw0g7whettek4fxmmhzcl7ra2lxulcslmwlrxl9n04tll38vacqr2wggdvpejwxnn8mhvtf90tggt2v7ahje5x6hx9w4sfnh4vp0wmlkgmpm8p9mwcwccducur6n2dv2dtfjwvx485z5ezdzr92nurthulxrjhahjxu0e7khhjwlwy60rrh4vf8gaqtet7nqklutfds3yfttua8n47d0jf38eante7udcqp93288sfxvcn6
SP,offer1qqr83wcuu2rykcmqvps8ng3zk8t99tlfgnuc2gcxmy88hhh50z49lkfgx8th44der2f7wdmdx2kruwxet48z56qfmj0n7cftka8g0e8395ssnag95tptkeeg95uly4ufqyzpypf4u8kafcf7cuxnv7zrjdn7fyl7punmkfhgwurjujlxmd4nhl7q9sz6nrznl4wr56398c49ypak87mm6hmfargx8d6wvxnaplmtvzkkqqllr0l47spg2rlnw6mkta403l7llmlcyfguwu2uha68kyhkeyraymkk79ylwmywnu5hcdft00v08mg7804hadqv8lllyml4kxrxfspnnn0pl7pzlmf4t24tkmj9t2eywau4zscllrkczhjd4vjn9fa6aurjf8d6aklvurqt54wuke0hr77ll7g4zzv0vuw264yjkjam6ftgmma0nk6t36ahff2t778yvw44y0w7rluz375j9nuake5nj8qtahj44wx607a7nkdcjlzjmf0d02ulz2kejuprhsf7efwwe0a54dm98706esvtr3kjwkgjyhwxqlltj2hmwm956mxf887x05tuh6hless8960efwllfge0j4qpmwda5xwhl0n0gnt72ssww5ljge2sz8pnpsxgsjqenhup480cs2vnzwh3x56z003qd9a5rlf250s06ae086u80x5ndhfe6f8hm4ruufl5g7vvfzjmm488avd9vml07p2pxtusjxl0a6lhflg6al9u2p66ygj3ew2wwww7nlajwjwuqzc3h8wxkz770u59tusvfqufpa3dma5vmg09w4t8d32457adwtdehrxxljweswmzhg2kyyt3ag7ndk3axmdr6dk6gndhsyfleqs9hmeu8jlugwtdswgcana7mk7qjntuu24edfvm9jd6rur0avwvjv8uruj9a8ls8xejff9q4z4d7n6e8zcjfdfgmarj9v9n9ucjfvf0tynn7f948apnp0fg4avnztfj4y6jx0f482jjw2fcm54j62xy627jj0f55vkt3k4r9z322tfshu52z0954nxnffeyeu6jx0f9yv3nj0xdxunnzd95mmpp56uj094yjcn4dphyv7n7dk062ujejxg8sjuc0wz52sn2d7jh54z4j7sxzjzug9m8rrnwf9qyymjlnw9xhqvhhp88nwr349q5rvuy07ykzut6fp5xq6nk2ksyvhuzflelzq9hxap6c3wrm246l8lczqyclys28apj7v5ndvhplllccpdveffzyh6trx8r4002hee6u6jhwfufl5t5vlchljmvx54dykxyhjp0alm0egjnu34j3dfrx5a2x2xch2k2409z456d6weukyst90emyzmjjtfj5zaj9w9zhykvfs4jh5jdfwe985s23kegeukdes4u4nfnqueydjr4xw0psgwheqr9q6r89j58g7eu8dkc0ww04gngntrer0zljsulzm7davtnku5ulpjtyhh7h0haltl37v5p6d2fe47yzup2yju6qsexp70vt7tm08l65frmxl8d370ekx65whaafx2am0tza8nqw0084e0je39a0wa32342xylp9pja06zylr5ygwqp77xyapq0k2yhqjxewa60t2727k433fzr6nhj7wr3mm54f0k96utwnz5lnv8s29wmdka2wr3wuugd6ca5gxqazz096yy72sfl59xwln30u8q4nv9jymnpwg88yxhsgxgap8zn7ys2pchpf63lu9v0h0mqlmfegjm7fmu56tjhlxxew8uwm7j2v83afw5keqesfwxw92m5lha92cyhs9r0acxra0nl0hmmr03m86y79hm40pva577m096cn88taarvv8ru2ww0all4r08urswyprwlgqd0ud7mwge0chmsa080m6dztu2cax8wthnkm0wh2qktevv3ahswepehdsmvar5ktghq563rg8raw8uyrhtp8ex0jk8amk5c8ukj0u79u48ht3wfk06zw4sukagna06j5cvev9cepqqyydkz6jsjftx3252682e2get4tr9w4gv964f3h24q920u5r065zjgp0yhehl8s3m6mrwxm0nyv3jdeq739jac8mq8emk6czufmq2ahd4kfdwquhqhl3s94u25x9ukda3kxddamdtlfvhhxe8lnwj9724c8zmtru0rcaleknzexg7s4f38ffgxp0skv9a54xu7p3xmqhpxr4sac7t0khv7ekalt8ljhvaat4k9q8rc79wd8ns7fgt70h987cskz7qf50yy6kqkch9slltx0rfyke3z08cx7xa5y4lh86vm4lpx7lnk7qvhh8afh7ew7qkfmu2kkl08lkkhn6rwfz2zka7kkfqe5wh3muyfadjgmvacepkd2m899hmctmaw98eu262l6wj6u2ech9jf29ta8da99a7fuwrckdrdpu2dskqzqp0naxtsza5ud6
SP,offer1qqr83wcuu2rykcmqvps0z7m906mj545mldyuzjwerg5cmfhwpt8fd96k6c9lyn6tu47djgwrd86urj0wwffyzjlqlm7qjkaew5azfrm0p9y6stcszh0r6smfexgm7jsvyzgz32qfd7nsaaeed6cvzxu68s3elarl8rvn2sdl8dc9jvkltmdljpmx99yxt882ulf9z2l32xgn4v8ah8kl6jjrsu0tkag28wzluhcrdvz3h7xllrlsys5pl2l4nvlm2tpllllklutae74c6x7vdmtc2tcurdrsqhumla5p8wzu50catxm84r04a4c88xunr5xllluml3hkrxp3phjrfpllpw0z30amm6ffvfteyr0d425670zvf32nemuk2ufdvk5slnggmn6wfenewpsq2x3xn2n3m0kg7wkkrwws8cl0v5alnttl2ldmh8xvruycvkm3r7c96mg53fmk5salches60t7wqdnujsjms20sgt0r0dc4qw707mdm55ewd28tl7tngeamhlds8as3uw0ulsk7c4hk8kz7qel3e7juzh8tgw4hgl9a9ucmwm2ez0hxft0lfhlea8uscvfcta8h8pmzllee785frjmae3sme5rrhkdwm4eutamn46kxxfcvcvpsyy3xga0zdf67yznxcm5uf4ksnnug8f0dqh624rvr7l0te78pme5yld6vw6fa6acl8z0az8npzg4k7afmlrzf0xlelctlel0u2h9kwcdqcld65juv7eazd238mn593w0wf625ex2lpnp0wvdt9c9auleg2neqcjpcj8mjehmfeks7gazhwlz4ffam6ukt3wwddlya3qah92s4wgqhr73axmdr6dk685nd54xm0qqjlkpqt0lnct9lcs5hmqupnm0mandvr9xkeu4tj6jektym58s8l6cumycwc8e5t60lq2dryjj2pw92ma04j293yj6j3n6hx2stxte3yjcj7kf88u62206nyzkn306fxykn92f4xvcnes9dyzetwd9ckzmj6feh9jajkg4c6ye22tegmv7j9v9fxuenxtfjhy7tj09shnxdekeqhnptxvemxz6t20kzrfacy6t2t93x26r72e48umvlk4e9nyvq0pdcs6u9g4px5la40f2ytpaqw9y9c5txvx8xuj2q2flylzu20wgc0wz70x5xr223gxecgmuew9sk5jrgwpaxv3dsge8eyhlr7yg2wf6r432u8j4mh707sqqe37fq5t6n8u3gx7e7rlhl3szq8ue8rpf8cuntgkk30uu7mtacu6jtg3h0hmgje7em3p06gs2x5lg4lllxlj3y8erm9z6nxtfger9n7dxd9u6nkwfcezunpg4zkvajj2xm9nx26txm8yjv40et855d3hf99y527dfeyz5t3kel8rzv2fehyp3jglyhgv5lrysddjqx295xvtwews50d55h97cywxms9cpyh458as9ajw2uuhtv6duf94xn2ewt7wd68ll7sexwzdg4uu6hqx5qazfjdqqvtyllh4l9ajntl6x3940lhchxuur4fhf7w4nd0da43gndn89ht6uneu7j73hje9x6apzrjj7cx5apq0e6zp8uz0drz0sgympzr3flw82ulj4h9lptqm53ra06pf8ecaemj4hlrdzyh03w0e6rgrzhdxl04xpu5w2y7uvxc5rqw4p8sa2z08gy72wnh0ey57rsz6k6mz0cqhy8njf2g9rywsls36zc8qc2shayuwxhlchar88mff88mwke62yv6l25d00enadtlashn84x7m5ktcwt4v0vyvs75kp9cpcmlxpsltulmal7umvve7384d7atc28d8hkme0kyef6l0fm8pgazmnnm0llgmclyun3qq6h7qnflr0kmjkf79lurtfm77ngklj58p3mkauakm647s4s7rry0durkg0dlvxe8qa9k64c9x5g6pgatah8nylhl7yd8t7wzvemdnlrkxyhp7qnldcdl3vrre0qw959qjtdewh6pxt3vxqgqpprds755qj6m524zk3252682e2get4tr9w4gv964vp23ldqm64qkjg2e97aaeu9w7kgm3k6uer5vnwg85fv4wp7cp7wakkphxwczhd6ddjtts09cpluwpd0z4pp09m0vd3nt0w62m6m9aehfmum530n4wpck6s7ru7hd7d4ckfz9592vd622pc2u9np0ddghpsf867ha893f9g0cmacdlueh56a0w6278aumx6tf20q436mz7wtfkkhlz0en3qy5yns7cr4yydahss9lv0neh8utfmel05sdajln3vgvxflcw7zeknnvamvmqt740ksl0fhkpwvu4nqu9ndnkm7my600dv3ccl09ahdtcmxa70edmsklea4elwt9jeamdlweh0y7km30n2h8tverlplcs6wz7tmwxpdvkevmjd6rlre5rqq8kv5paq98tnjv
SP,offer1qqr83wcuu2rykcmqvpstnf7r0ppgfwf8l2qfxumhvdlefkc56u0h4p7l45mraajh0prvjd60xw4s7nnkj7fs5ksz7ln5lkx24hfjz7tufdyyylvp4rcwux22fw80c4tzqzq5gs2d0qahtwx0wxpsmhksusvlnf8lc0y6uz06mkquhyhe7mdvu0esfdqj4c6587tcuk5f379dfq0deak774c68t6d3t2nmq5lflc6tq4a3s8lcml3wyq26nlumxkajud0alahl7lcqf7s7wkyg30l4g3vvycml3mf5j54dph9k2n7c4y5pfr5smxvmf2zvyxllluml3hkrxp3phjrfpllpd4qumkn2awrk7twp30c8py96mfdajq2ex3x4rka8edrwsskgul8hhcpp6kr60cvnx3k0j2wnxlnr66aelel6nuhlh8k0267zkvv4cre82h6nt8maf52g5em6gwlutlg2pw3pa9g7pywk24xfwd9lfu6kd9p70z592h2dxtkl0nd00tat7d8msf702eyphh2fw5ldqha7xrzh3f4jer6u2z7586h8glanxy3znz8wj4t6rch4kltpchdhu9dl8mtr0h36n0uxagjw7r60t34xthl500m4046tj7vvpvwryrqv39y3388er2w0nqucxyalqdf5y6ljz6tmgr7j4glpl4mzu0acw7dexmwjn5jl0hz8ecnlg35cck944hz007c2gelllcz08el4glhzsfptrvztxprau5cvad06dfedq7fll6phcf5hcewlxv7vz770u59tusvfqufpa3dma5vmg09w4t8d32457adwtdehrxxljweswmzhg2kyyt3ag7ndk3axmdr6dk6gndhsyfleqs9hmeu8jlugwtdswgcana7mk7qjntuu24edfvm9jd6rur0avwvjv8uruj9a8ls8xejff9q4z4d7n6e8zcjfdfgmarj9v9n9ucjfvf0tynn7f948apnp0fg4avnztfj4y6jx0f5c5jd42eqhy3290xu4z6vpwxvmnft3f9j42njjgep9ven2wfg55ct7v4u6nyn3hx5knyd2v4g456232x5empp56uj094yjcn4dphyv7n7dk062ujejxg8sjuc0wz52sn2d7jh54z4j7sxzjzug9m8rrnwf9qyymjlnw9xhqvhhp88nwr349q5rvuy07ykzut6fp5xq6nk2ksyvhuzflelzq9hxap6c3wrm246l8lczqyclys28apj7v5ndvhplllccpf9s8etxkdkrsfdkf0500ju6tm6dc0avj4v80rwfuhusw7wdc5lavn0nl8lm72yklyvvst62e3x2a27te3yz4nxtf392uvw29ghrrjkff6kvsjwd9m9nx2kde39v7dxtfm9jjdfnez5ukj6ges5rwvktfzkzc8xfrysadnrcv2z46gsmgxseevpq726f3pf2405edxhhm6qh5p2h92lq5hz487j0nu5uh6hjf0m0ckfj8ll7ggn8pxu272d3ssjpw4yfysq89k0le6hn7af9aarfj7hlmutnw2p2km5l8wek4k7mcsfxmn664ewe778f0gmfwjnvws33ef8dr2wsj85apqnwr87s38cyzds3pu504r400a2tjlc5sf6gn7laqsnu7w5ae2m03kerthch8u4q593mkn8h6hqwg8dz02xrv2p382sr6w4q8h5z090fmhuzg0fcpftdd38uqtjrmey4yx3j9g0cgapursy9g07zw8ttlctsnnj6a8wkjka4y0m58ay0e7ljwxv7ntlvchn9ctgzj29j4tkexf7kd7cvksfz0lc7ra0nl0hmmr0st96vl9l64tpua57lmf926ntxteat0v8zuww70ah79p08ursw58rx7ggdl7dk6wqelchmja8xla6aptc2gax00thjkl0x52qkmmvvsan37lppkdcmvar5ktghqk6frg0radkparh4dclkc44kh0jy96lkf0e9leanfhuzvt7vrxv9wd7tampm653hv9uepqqqy9jzxnquftp3kh25xza25cm42nzw32ut6923tg4292gu5rl64j4gpdy3ehm8cnmc6mdxn0rvdejdfpway2ccm6srenn6urvdmgvand96gatq5hqll3n9eu26x96kp7pkxata8wmag5hhkmhnjkh9kf9782utnalpc9eewnj6s9r8tyzmf73j5dtc7y6thg2de5z65hhvaamckuu302k0lqkm7ezxf4779x8y5gcyxvv5uwguha5pfeuh720en3qy5yns7cr4yyd3hwp9k20n2f4487hhfxv4vjd327nusaal9ymulypc0edk9l6vwdx5mx9fmmz5h56mrshmt4kur52t4htyf83w4w2g7tpewpvnm6zhgnf68hfnz6ytsfzwhcj0wl08lykslrhvwx7nju2420ejnh4fjm6s53m5k0x8sq94eyd3um09xsu
SP,offer1qqr83wcuu2rykcmqvpstnk8j0jl57s835dwvdxx7pk84wt8kmlrlzf6jmfmcmj0azunr80yz8evh6u9jhww9f5qjhqlhlsjkd6wsaj0rtdpp96stgjzh0n6stfewftcjqvyzgzn2ctd6nsma3cdkeuyxym8usflara88vnwsau89e9kvklthdl5pty99yxd8l2uhf4z20322grnv0ah8h07j6zsuwm5acf82rl7hcpdvzph7xlltlqzs5rlxl4hvhm20plallhlstc4wg2tj4t568j2jnyzndfd7u2xck8ca299e3scyzjtkl5rcr60l6vdlalehl80uyvrrrtyxjrhlzact93nx8djw6a8p4c6460a0um3xa3uzswlfktxa7l5fml4mulxc9eakurq95lnlmkz8h4a7n6k794w60rlvl5hzr60jgn7dc7y70twa7k2w0umcu6xyvw44y0w7rluzwj05vlh3pdvczw58hchp9xzk52d2ejms730dvykm8htljw8yrzjm0qraz343edjqj26mgu82988lmnrtmn0zvv0s8xhh320890gvtwlvujz7vjghp7nuvhvamfs9pgmmva6kmhs7emfdd5ajrat3mc35ns3wr4439mrpv8pnpsxgsjqenhup480cs2vnzwh3x56z003qd9a5rlf250s06ae086u80x5ndhfe6f8hm4ruufl5g7vvfzjmm488avd9vml07ptjt78y5hrkft39e3kn0ahelezljdcqv5l8w79ewk3snyvq2h8gn96k3s0mp7j548sppyra90h9rwknnd9uem92aw822nmm5fghjluj6wtm6pmzt4p2unpxxa96d46t5mt5h2xmf6fkwzp9lvxqwal83xtleqfrkpur0klh6xuc7td9jf2h949nvk0hc0qrl9ne7gs4303gl4lkq56xf9y5rvv4hel8y5tzfx4fzhnwv4qkvhnzfx39uujw0e5c5lnxg9dtzljjvfdx25n2veayu45ftxv4r9jed6u4znnx0eck5ujj24e22kt9hfchy7n20f99y75w0x2mr2tf0ej4rvnfwe9gvj2jg4c620wyxnmufyk57tzv4y8uan2rckll4gjr8cuqxrm3p9u2etz9fla2ks5yhnuq52g03csvcwwfeykq5s7pl4c5xa3cluru7dgg8ynzq0ns3hlju2pdf5xsuz6yezaqpj07flc8vfscun58nz45w4fhlul3qqpnrajfghnx8mz5vdhul70mrc8gawzekwnlte7r84azu9ra3jdyhczfarkkm0v40uchhhna94kmjkllflll5ewwyceyhv5r2v7d5nzdswxd9qun6td8xjknps7c9s3jlgeqywamq239m57rlndy923apt9syzhmpd955sethd9uyjenqwmegp3cghphuwy3zu5ddsqg2akxsg7l80k9wgwgmetx0elneu674xem97vahz2q7hlydczy6045xfe3r97cllleqzvu5m3tcfs7vyg9m53yjqqukellh270m4qh8kdw26mllnwdeg92mwnuamx6kem0zpym70tzh9m8t6adard92gde6zz89xa5vf7zgunuyzdcva6zylysfkzy8j475w4474dwtlzjq8dz0elurz0nf6nlytd7key90lxu0s523krw6v7h2upesl5pagcdp2xyu2y0fc5ql7sfv4a8wlsfpl8g99f4xxlsqwg00yju36zg9rlfz5rswzs4plcfcld07pv8lsu27tt8ww5qc0nh6a4mnkfuq90pun7f3erl8wddnuyd74jeks4q9mpj6ryp7lrclh70u7m0vd7pdhdnuhl24v8nknmlvy3t60ve083dajur3elel5lc49ulsvp63ugmfrpl7ejmf6r07zmwmkun7h0540ppr5aaaw72mac632znwd4jrkw0muyxehrdn52jedz5zmfyarut4ut6vlg7eevkh99450kvlffdyukkk5jhynspd0fphcmdj0h3cr462cpvhzcvqsqzzxmpafgp94hg429dz4g45w4j53jh2kx2a2sct42cz4r76ph42pdys4jtammnc2aav3hrd4ej8gexus0gje2urasruamdvrwvas9wm56mykhq7tsrlcuz6792zz7tk7cmrxk7a54h4ktmnwnhehfzl82ur3d4pu8eawmumt3vjytg25cm555rs4ctxz7663wrpcwpy9dlm7jm7c7px45xakwu768m2nrzx7wxuvycjut64vf35kcygtlp8vacqr2wggdvpejx8hc6z0rhlqkznkm22walwsvlh09nd27rdaa6c0r28xcm5ljumkkzrmeynsf57ml7m8xam3xl8a6uhx463st8lnexzghth433kkay5khvle3f9wupr64qwfeyj3wf4jyqw6awk57ql42ckpllye9ka9e602jml3hm6agjqq2u3rc2rjey8k
SP,offer1qqr83wcuu2rykcmqvpsrrxdhjlelncg055wuc6kfjkqsejv22xvh89aau0kf3frgl4v7hfrv4t2swfamedys2tvpl0ejwm896m5eq097y5j2r0jq23u0wr99y4rlu233spq29gpxhjwn4h88hrqsvmmg72x8e5hlu9jdwp8aamqxtjtu0dk7w8uc55sf2ud2na950twygaz74s8ku7m0w2cdr4awe43fas205lcd4s2kecrlu0lskzq9atlkdn0wfvxlll7mla06q0re7kt6l94m5dhnmd06z55834kp9hn0n32f9yarx9vl4f696matnhtlplale8l3dpse6dqyuulchls9mwlra8fh2wljdmezclqk9j6h8lhng47h0rg0epydmc8kplhlp086qyw9sf0pxlud99lde6mhlmnlupzd923d4cnkkr4d4kg38xc3wu6hu8tl7nqazj98w6jrhlzl5pke00f2uy2xxldkjmvsada9zxzac9h3hw4dwj2gnp5k0pvueytjup8mdr26r66lld82elxmlyah7ammdxnlm4ur0au97807t46k37ft3xrgwkgdya8mam95m3a4jahfphmtl0dm8etgdj9uuht0ue5uddelalfrtxcatr8qnpskqszyet5vf4lgcstuerx33xh6zw03q4yakzl22uvstmal00cur0wnn3kfhm3yh8hnuu375yluyfzkmn48du5t956l8le0fpvt3glu7y9d2qydxq8aryzsmcuj2ajlpuknkktqzxem8qeluwkl3xs9auleg2neqcjpcj8mjehmfeks7gazhwlz4ffam6ukt3wwddlya3qah92s4wgqhr73axmdr6dk685nd54xm0qqjlkpqt0lnct9lcs5hmqupnm0mandvr9xkeu4tj6jektym58s8l6cumycwc8e5t60lq2dryjj2pw92ma04j293yj6j3n6hx2stxte3yjcj7kf88u62206nyzkn306fxykn92f4xvunk09geuhjfjfc62kdj24jh56j3nxh8z72ejxc6v6n60fm8ryt3j40857tesez4zc235el95unfkft8nwjfhkzrfacy6t2t93x26r72e48umvlk4e9nyvq0pdcs6u9g4px5la40f2ytpaqw9y9c5txvx8xuj2q2flylzu20wgc0wz70x5xr223gxecgmuew9sk5jrgwpaxv3dsge8eyhlr7yg2wf6r432u8j4mh707sqqe37fq5t6n8u3gx7e7rlhl3szzl7uk3vp6hhld7qfmfajnn86m6lk8awpmwr3083mh4umnjslrau72rlllum72ysly0v5t2vef8ykv2fe252et22x99532e4eumvcjpdfv4vanw09zky3nx0fv4rpn3nfgen9jpger8zenedxc55e230xtxvsxxfrujapjnuvjp4kgqegkse3v2rahql0hsfve87x0dgwj4d98rdwxd0vs7h3tdhulapenaw8w2e7ktml4lclx2qax4yu6ujvqqdzfwdqgvnql8k9l9ahnla2y3an0nkcl8umrd28t775n9wah43wnes88hn6uhevcj7hhwc4g64rz0sjsewhapz036zy8qql0rzwss8m9ztsfrvhwa844090t2cc53pafme08pcaa625hmzaw9hf320ekrc9zhdkmw48pchwwyxavw6yrqw3p8jazz09gyl6zn80ech7rs2ekzezdeshyrnjrtcyrywsn3flzg9quts5agl7zk8mh7qww2xth7spn3cv5j9uxnmy0hv4glh3ltxvqt0tp4w4ft2wr0896wtfymvxtgy38lu0p7helhmaa3hc9jax0jla24s7w600a5j4df4n9u74hkr3w88087mlzshn7pc82r3n0yyxllxmd8qvlutaewnn07aws4u9ywn8h4met0hn29qtdakxgwecl0ssmxudkw36t95tstdy35837hdakf806krfhftvn96duw05m72hh2m6nhkw9hhnajd03vtvkmwfm6s8kz7vssqqzzeprfswy4scmt42rpw42vd64f38g4w9az4g4524z4yw2pla2e25qkjgumanufauddknfh3kxuex5shwj9vvdagpueeawpkxa5xwekjayw4s2ts0lceju79drzatqlqmrw47nhd752tmmdmeettjmyjlr4w9e7lsuzuuhfedncwgz4s45v4n2kqgx7a6qnwdqk8nh0atnk7esyl0vj72lvwy7zdddx3z0kny77thahn0c4ac8slhts5jllzzctsqx4us32crm8vx6xxu687lpz4gerldwj5fr9n7dztdmcnm73mdck8pkyuzl3jrvnr2hpegzkla20f0nxnnsa2l549j5dzhjqj6lrw3g9hfxd6t70dktzaa3wmuelxj6360pqwkr4x2334e744g0tewgfqpshh5hlh67ztvc2maytes2qpvd6dycasjn4u
SP,offer1qqr83wcuu2rykcmqvpswr8fyzx3ju2n88nhlga7djt9p0ra6h8e4g2a7hl7eev7l4mc6kqvlkr2swfamedys2tvpl0ejwm896m5eq097y5j2r0jq23u0wr99y4rlu233spq29gpxhjwn4h88hrqsvmmg72x8e5hlu9jdwp8aamqxtjtu0dk7w8uc55sf2ud2na950twygaz74s8ku7m0w2cdr4awe43fas205lcd4s2kecrlu0lskzq9atlkdn0wfvxlll7mla0np9lhg4pule6ah28h0uh8ty0wxymhpxulpudulrh8pwghpghcu2wulmw0plale8l3dpse6dqyuulchas29m9jppe30nhd8edeh9l5axkmja8chlsqrfuz5kajdvf5fc8d807rpc8ze33v4d0jlpzj72hm2lyerh2jxd6n38t7lwjf545vr37hvg9c9rrhewxyvw44y0w7rluz8hw7l0smdev06j5j07r7dksl057sk4h7w30vp08pmsn484gd0swlln5q0k6wc47chfduy3awrvvewhxexa3caa5k3n7kdtahl2ymlxmn0l82n86k9vdp0fedmz679q7v4dt9dyvynt5em8dj9d84ckxtvvk9eaer0tmeax3xwrxrqvpqyfjhfcntwn3qkekxarzd05yulzp2fmg97k4ceqhhm77l3cx7d98tvnthjtw8w8eenlgp7cgj9dh82wlecktf470lza70j083gdquurh84k9nwezct95lgtleknlfa6cnsxnln5u7kuntekxhh0s0mp6jyh8cppqrd80l9rwkr3d9uem92aw8t2nmmkfghjluj6wr669mzf4p2uhpxyad6d36m5mr4h2xmf6pkwxp9avwqwelhnxr7eyfnkpur0klhcx5c70d4jf2h939nwk0kc0qrl9ne7gs930efl3lkq568f9y5rvy5helhy5tzfx4fqhm0v3qxvhmzfz39uuj00e5g5lmxg9dtqljjvddxg5n2vee973ne3ayctvrfway8q7n0v759s7jm0egc5jd0txvxsujn0ey8yhmkwp4e7u2sgx48slnxfe3yu7ajwph6y0x9xnmvfyk57tzv4y8uan2n6kh74vjn9c5pxrm3p952etz4fl42k5554n5q52g03ccvc2wfeykq5573a4c4xa3gautu7dgg9ymrqtns3hhju2pdf5xsuz65ez4ppj07tls8vfsg7n58nx45w4fhlclpzqfjrejfghn88mzyvdlal70trcfssa0ntel5cu844tmm8mhejwh8wngnlvuvpepquws7z36vjwtmvq6xjafcjmu33jp0ftx56d32esmvhjzwfch2jvffe09j6tpwxl8562pv464y3jjwx48zkvxtxu5n9twde0y5kn2t9rxrvtkdfp8rdtsueyvjr4kv0p3g2hfzrdq6r89su90d99nnpll06kkksvhd6ehhf3apscqhlcekwlwp65k2evaz8fjslh0mlc0n8qxj2kwd03qt32sw9yexsqx9j0lm6lj7ef4largj6hlmutnwwp65m5l82ekhk76c5fkenjm4awfu70f0gmevjndws3pef0vr2wss8uapqn7p8k338cyzds3pc5lhr4w0e2mjls4sd6g37haq5nuuwuae2ml3k3zthch8uap5p3tkn0h6nq7289z0wxrv2ps82sncw4p8n5z098fmhuj20pcpdtdd38uqtjreey4yz3j8g0cgapvrsv9gt7jw8rtlutncht5cq66chz6fmj78a66pevhha2rxvpqx8dyt6hehd6sln44zhwx8asf0q2xlmsv86l87l0hkxlrk05fut0h27zemfaak7t43xwwhm6xccw8c5uulmll2x70c8qugzxa7sq6lcmaku3jl30hp67wlh56yhc436vwuh08dk7aw5pvhjcerm0qajrnwmpke68fvk3wpf4zxsw86uwumye8tsys6hwpk42ntvn3u6m0l3sjf0apnueukeyelxl0rrqty8euug9syrqyqqs3kc022qfdd6923tg429dr4v4yv4643jh25xza2kq4glksda2stfy9vjlw7u7zh0tydcmdwv36xfhyr6yk2hqlvql8wmtqmn8vptkaxke94c8juql78qkh32sshjahkxce4hhd9dadj7um5a7d6ghe6hqutdg0p70tklx6uty3z6z4xxa99qu9wzeshkk5t3cv839zhpeya9z6xnmcdn2j8j4jdztdee2p07322s7hzvt8thmdrm5fl7y4jhqqdtepq4s8kfc7rjfhwwvl7znwmy7j00nny0ha5fy8d0nut9m74xtnwdwahwmlhzwqmwwlhly0vjn5nne088fzrjnmxzxfla7jad9fuz9d5uljvkk9ac25s5f7lpq05u8ael0ezpfp7m2elrkkk3e7mt95hwazv690t9zllf8e3vjzvqsqrfk69aqp5u03y
SP,offer1qqr83wcuu2rykcmqvpsrzjra4vwm0qh0ja8dl57dpvhy674n7043t7mklmkpwqnnyknhwl6ayd30tswfaee9ys2turl0cz2mh96n5fy0duy5n2p0zq2au02rd8yer062pssfq29gp9h6wrhh89htpsgmng7z88l50uudjd2phuahqkfjma0dh7g8vc55sevuatnay5ft79gezw4slku7ml22gwr3awm4pgactljlqd4s2xlcmlu07qjzs8at7kdnldfv8lll7ml3wuxd7x8cekf9zy7mwkfsy9da7jnh2hcf5qqhca420xdlr29ykhr0sp49hyll95xr8f5pnnn0qlup7lwe8dekmrc0ulhr00jx95yxuh0nhhhazzyhsxfvwxcrumklhnvk5l7ps96n8prfx0pcfvltug0zs4wukd5guwd7umpnnfethj7g50xh8ulfxemqr7xhg6j8htpl7p2veaheeaahlzwlh6raurkgyxv7a9mewm5m570kmv8keqmtukhp6d79ycqlp9czntac0u3wunwka84eamu2zu7gjh9hf6yatcwyu2el7fjm647drhrqwrhl9ghhz6xcywedl29ftqskkxlfhea7ltvmrk608qvpg97lmdf96pvwryrqv39y3388er2w0nqucxyalqdf5y6ljz6tmgr7j4glpl4mzu0acw7dexmwjn5jl0hz8ecnlg35cck944hz007c2gellluzhyxfjjmxeas849h77pxkec75rln4n9354e68uceylfzjp7tv728uklckhnl4p2hyrxg8qg8dtwldrxjre046emy24d88tt6mwfcenhujkvrk646z44pzu0zx5ld5df7mg6nakjymdcpj07q9pd7w0puhlxrjevtnxrv00kahsy56l824wt2myeynw5lselrrnyn3lqh930f07pekvk2fg9q5t057kfchykt2gxhfu4tpve8xyktzf639uljf0fhgvut2g90tyuj6v4fx54nzdxf8y627vep9j6nkv9p85ejwf98yn9jwt9skjsdztx24vnj9fevmrvne4etxu6tf54y5uc2x0ese2k2p0fw6gdx8xnevfyk5ltqve885andn7kh55v3npcy8xrm34x5ycn844a9ghvh5ps5q4zf0eccvejffp9xv4um3f4cn8asgeums7dfg9ym8prhs95hjujqdp5x5aja5pr90qj070uspdehgwjytj7j5whel7qcpxre5z3hfvhn9xmryc0ll7xgtjterd7ggpfd0w37ve7d4aa6y768m4x83cdr526f3nd8m40vadsw9p70l0afjauf3jfwefx5ej3sechr92e2f9yjlj3f4r8jed629645jjwwefyucndtfzkuenp09j42jv92fukvut6gx2cjjnxgej6j5jgueqv2z46dlr3qgh9rrdqzz8d3cr75de5huaer4h48cnaj6wdkuzxs7mkdsm55jwwl6v7yu77mkch3sd0t0lluspxw2dc4uy6l0wg9653yjqqukell8270m4yhh5dxt6ll03wdeg92mwnuamx6kmm0zpymw0t2h9m8mca9ard962d36zx89ya5df6zg7n5yzdcvl6zylqsfkzy8j375w4al4fwtlzjp8fz0ml5zz0ne6nh9td7xmydwlzulj5zsk8w6v7l2upeqa5fagcd3gxya2q0f65q77sfu4a8wlsfpa8q99d4kylspwg00yj5s6xg4plpr58swqs4plcfcad0lpvfy974xa4wdkgsn4mcrk6k4c2yejufak7m9gmuvvsl3ndygwl5n6ytfkr95qgml7rsltulma77cmu2ewn8ed7atct8d8hkmfwkyce6l02mtpclznnnl0legtelqur4qcehjqr0lndknjx0797u8tel7wng67zj8fnm6auakme4js9k7mry8vu8kcvdnvxm8ga9j69c9kkg6pcltlys7urc7t0hu569e7mueuh75v56sl60y7mf4mk209640lv5nlqdhxqukzuvssqzzxmpdfgfy4ng429dr4v4yv4643jh25xza25cm42sz4872pha2pfyqhjtumlncgaad3hrdhejxgexus0gjewurasruamdvpwyas9wmk6mykhqwtstlccz6792rz7tx7cmrxk7ak4l5ktmnvnlehfzl92ur3d43783uwlumf3vny0g25cn555rqhctxz762nw2qv8fdl8pax2ghn8v4nmgeukckhgws5erq0yjpntwahe3h4kwmlaqhllcnkwuqp48yyxkquerrf7gtfed28llnkznrt8nhanvurr6tsc8xp3jmz06hr6avem77hue7axu26n4aqhcejh4cep0wdnn9a6zcellwdl85mvrm0k5tsec0678yyuhpea7k68305flw2z6n0z0dl67f6zs70w0ugvzvvryfg4zelf5ahhugruq280age5kemfuk
SP,offer1qqr83wcuu2rykcmqvpsvn5h0mc00nshg768zxv437mhqdaj046a8lrdc6nvrqmvds40eg67gyj4s7nnkj7fs5ksz7ln5lkx24hfjz7tufdyyylvp4rcwux22fw80c4tzqzq5gs2d0qahtwx0wxpsmhksusvlnf8lc0y6uz06mkquhyhe7mdvu0esfdqj4c6587tcuk5f379dfq0deak774c68t6d3t2nmq5lflc6tq4a3s8lcml3wyq26nlumxkajud0alahl7lkq2d0dh0r2svrnddfw3t00hun33fggey6ea7n74737umzhd9w7f7a9fhl3l7lu3lshsuvdys2ww0utlg8z720xarjm5lpvlmcaw2ux8dttc86e6p2lmlv34v9s4c8a07a7x97z5w9svw2j87aar58ew8h2xtje5luswvhu08n4569a2w2wml7m8kke2nytu7p46w53e6g0lctejw37mdsurdjzltpa0lvve24ku2dcn8mzl7tq0xstl720a87ns0wjm9s3l7rx6sz9e6v7hdm90k7l2slh94jllvecr62mcv3hpwa0n9t97nqdpkuv0x8m27wh08xth5m0vha5d7u0f6m64xefl7gdh4f2kflwn6hjk9m7aq5rsescrygfqvem7q6nhug9xf38tcn2dp8hcsxj76pl5428c8awuhnawrhn2fkm5uaynma637wyl6y0xxy3fda6nn7kxjkdlhlq4dhtxhmx7hu3dgdtacak002a82lva2velnrl7h9dfa7kq5la6m9chd3qhhnl9p20yrzg8zglwtxld8x6rer52amu2498h0tjew9ee4hunkyrku42z4eqzu0685md50fkmg7jdkj5mduqzt7cypdl70pvhlzzjlvrsx0dl0kd4sv56m8j4wt2txevnws7qlltrnvnpmqlx30flupf5vj2fg9c4t047kfgkyjt22x02ue2pve0xyjtzt6eyulnfffl2vs26w9lfycj6v4fx5ej6txcknvd32fh926vwweg65etfn9u6zc230fskzlj6wxa9j6n3k9d92jt3je4yz5v2vfc55lnf39c6vctwfx7cgd8hqnfdfvkyetg0etx5lndn76hykv3spu9hzrts4z5y6nlk4a9g3v85pc5shz3vescumjfgpf8unut3faerpacteu6scdf29qm8pr0n9ckz6jgdpc85ej9kprylyjlu0c3pfe8gwk9ts72hwlel6qqrx8eyz302vlj9qmm8c07l7xsttw7g3t66hx0dk6t250v5hsl2a2jx20aw44az9umhq2mc6klg7ldx76lll5mwwycay8v5t2ve99y4nzvfj4vc2fvefgv52jwfzmuktptx54j6je39vm4z2ffffyz7t3weccu6def9q6nwvf2925jmjkv9y75sxxpzuka3sny0jp4kgqptkccpvfr6xzmpej8zls33k7d0xhc9zkvahxrv802ty0fku9tllfhnkudqc08lmleqzyu5m3tcfkx9vg9e539jyqukeh7hw70m4gk8kd726n7lnwdegdtm2nvamx6kam0zpv670tjh9nxt6aalr992vdf6z289za5vf7rgcnuyzdcve6zylvsfkzy9jal5w44u4d0tmzjq89r0alurz8nf6nlyt97kay9dlxu0s523kt06v782ufcsm53lgsvp2xy72ywfu5ql7cgv4a8wlcgpm8c89f4xzlszwg00qjv36zg98lfq5r3wzs4rlcgcldl7pfcfqxu46tx08lez945vnnhmr2jtlrz4s4p0ncsglc3avuawer0w6ws9wsvxhesv86l87l0lhkmrx05famdhzlz4mfaak7te3x2whm62ec28ghuu7tll6878e8xuqqx4lqx60cmakvhj0s0lq66wlh579hu4fcv2a808dh740y8v0scertdqanrl0tpkfc8ddx4wfg4zxsg82l470agxapldh0a7dfp2d686jjknvw6832ehkf00hsxdy0mjlxj6k6khtp0xgczqpqvs35c822cgd964f3h24xyaz4ch524zk3252682e2jr9ql74d42qtfyxv7a75u7xhmf5tcmtwvn2gfhprkxxwkq7vu7hqmrxmr8vttw6x2c94c8huvaw0qk33w3sljd3k2mfmkl299aakluu54adjf0e6hzu0dcwpwwt57keu8yp262jx2a4tqyrwweqehxstt2w5t936dhktrwwweralpk57qpd3u8gtw87lfe4rmvllj76m8rzza7z0en3qy5yns7cr4yydj0huvmn4d0dxaxd2lnu4sv0nr7slmnmwraaafsp5a9l4emqyman7d3mnz64nkzlukg6re5wyw3598eljdlxx9dnjwlx0mgcyq4mpu9kulyjnpczl4tqwj9uhz7rncyen6e6u7cj4mf7cwjeltc3l98zec8469qjhwvqfreucuvg2zlwf