XCH,offer1qqr83wcuu2rykcmqvps8vk3rcseam3n4akfqmuewmq6xelplklp5da0mu8rmm4a2nxe8ehhye7c04crywuu6ngp9wpllap9dmsapmyk8k7zzf4qh3q9wl84pknjvshe9qcrqdp522h2lhc8d6nsna3cdxeuy8ym8ujflure8hvnwsac89e97dkmt80luqtq94xx98l2u8f4z20322grmv0ahh40kn6xsvwm5ucd86rlkkc9dvqpl7xlltaqzs58lka2qs044d0u0lhl7l7ppuuuhnumv4swanmek7n0nvr78r6rruy576jfjnndhk00w9jgpguflmtc0l07flutgvxwngph8879lvrrqjhunr0h3y9utdvams4wvfeydv0xql0rhr70par230xpveuwm3vcnr3d0jrf9eghh6tmltq6aj4ksl4gv2s4af66e8x7du7temly4lgaa5v0ghcv28x7rr7qhaqcca52nxhvhd3w9ntad263rxjaqut6zntcx58yu274qtpnkqczqgnuw3lx2ar7q4nyv68uetgfehupynkctaft3jp00haalrsda6wwxexlwyju770nj86snls3y2mww5ahj3vkntull9lu05hn03g6dwp3mhuzvut3l2wm99pa56v5e9yvwwxxhluhk934nkanwc8aslf22ncqsjp7jhmj3htfekj7vaj4whr49faa6y5te07fd89aaqa396s4wfsnrw3txwazkva69dpa5tywhpqjlkrq8wlncn9lusy3mq7phm0marwv09kjey4tj6jekt8mu8spljeulyg2chc506lmq2dryjj2pkx2mulnj293yn253tehx2stxte3yngj7wf88u6v20enyzk430efxyknk294xv3jxdee8n9jfd9a8adnfd2vmz7ve0xh8zkjf0eetay2ewf8xv4jf24qk4wjf0ez4z5tx2kc4zut9tfe8jcdx8hzrfa7yjt2093x2jr7we4put0l65fpnuwqrpacsj79v43z5l74tg2zte7q29y8cugxv88yujtq2g0ql6u2rwcu07p70x5yrjf3q8ecgmlew9qk56rgwpdzv3wsqe8lylurkycvwf6re326825ml70csqqe37ey5tenra32xxm70l8a3upuu9xneq8nuy0trllk57wmdeeu7hsa5jmel4z3mtc0axw9n24rjft8flll6vhxjvgjtrvx58n06fv956suztwev8u7nhwdv5tyt3w9gxqejmtau4q42tgx5ysh6k0pt57cv9wpcevkt8v3j48xrcaaqvwzpcdcn3qgh9rrvqzzhd3szs8jhwncyekt94a2cyd6ylwwxg8tde3gn7lxunj5e0t500fy6nczd8hlllap7vzv63tee5w89g96yny6qqckfll0t7tm9xhl5dzt2ll03wdec82nwnuatx67mmtz3xmxwtwh4e8nea9ar09j2d46tu9d9asdf6mcan4hjtcy768uavsfkmu9zn7uw4el9twt7zkphfz86l5zj0n3mnh9t07x6yfwlzuln5xsx9w6d7l2vregu5faccd3gxqax7wf6duu73eeda8wljffuqcy9d4kylspwg08yq5r68gavlpr4nswps4p06fcud0l30hyaat50yglv6klltamjndndamvv84gp5d8d6u5skyu4f986y4mhah6s8wcvxneqw8798klllhkmrz05tamvhxlj4mpuak7mm3x2wnm22ect8vhvu7t7l7879e08uqqx4lqx6tctlrtpchvnsggxc2dzq7gxxjgxhfpsglt4lay0n8dunsy6q5gc6r5m9a7xsl3dzjvavekcwusa0tk0qktp6xggqpprdsk5cxfdt6y5pyhmap9ecrvl377k6jzgkj7ly548ynna4ulvnevanrnce8z9k8vhenjw08vmhhh7ya38c8ukrsyzkpfevnymza2eh9lxwkh45u55crvkmq54r75yu0wve8hrmllw4ltgaf3076m7urcveadf7tlka60d8nqfnsrjasrc837yg0mem0473uamtg358caatdtuutdunc0zp2egm8an0czjnk9jhj5f5709m2jz785a4443wnlmkw33wqzwzjt3w42wxc0
XCH,offer1qqr83wcuu2rykcmqvpsya992m9klzvahuh3wy7d0qtzhjhhgta5f0l3ewlp7y408lp6k4lum97m04crywuu6ngp9wpllap9dmsapmyk8k7zzf4qh3q9wl84pknjvshe9qcrqdp522h2lhc8d6nsna3cdxeuy8ym8ujflure8hvnwsac89e97dkmt80luqtq94xx98l2u8f4z20322grmv0ahh40kn6xsvwm5ucd86rlkkc9dvqpl7xlltaqzs58lka2qs044d0u0lhl7l7p2d878jml30wlkcks424nctmrafx84l7kalh7lthm2msuz00emj5up8cxllluml3hkrxp3phjrdpllpvxxazw79wyaya46l4e9dqrwh8rggplwcuddsg5lmfknhhhyhhe769zs5h2apypcta6knugl0wncaef07f0h6dmaxekury4wmmjjk99knuu9nljphmzel703g0ldp47l8pk270zvxj7vkwzthj4ar0kjk0urlla4rjw7k554uks9semqvpqyf78gln9w3lq2ejxdr7v45yum7qjfmv9754ceqhhm77l3cx7a88rvn0hzfw008eeragflcgj9dh82wmegktf470lj7jr98x690mlshyna2pace7las8040gm6knh2smj7cycklqchpmymmdjtdc8asafztnuqsspknhlj3htpckj7vaj4whr44faamy5te07fd8padza3y6s4wtsnzw4txva2kve64dpa4tqw8rqj7k8q8vlmenplvjyemq7phm0mur2v08k6ey4tjcjeht8mv8spljeulygzchu5lclmq2dr5jj2pkz2tulmj293yn25stahkgsrxta3y3gj7wf8hu6y20anyzk4s0efxxkny2f4xvcnrkau9tg6e2x28s5j6garxrvmf23cku32kg49yjjm3hpv4uevtfpy4v6ztsaumz7zgvwreq7zhhfy5hwvg8nznfakyjt2093x2jr7we4fattl2kffju2qnpacsj69v4325l64t2222e6q29y8cuvxv98yujtq220g76u2nwc5w7970x5yzjd3s9ecgmmew9qk56rgwpd2v32sse8l9lcrkycy0f6ren26825mlu0s3qyepuey5tenna3zxxl7ll843ur65av2274s6ppt2lw7fdmdgth6e03jzxtae7c4dzm8lln7ldfhyeylel7lj39herryz7jkvfh8n92pdfvhuj27fxvmz42ktxy6rzj4gfv4zjd3gxveuj27t9ycustkv4a9y4jkg9lyjjjk0xshzk29v9j4pejgey8tvc7rzs4wjyx6p5xwtrs0knpfwdd7al79jwlulynnkckty75ukhe78pfs9lsett6hfm7tzm6xmllllyres2nw90pxrcw3qhwjyjgqrjm8l7atelw5zu7e4ett0l7deh9q4td60nhvm2m8dugyn0eav2uhva0t4h5d54fph8t0g55mk3h8tdr7wkcfhpnhf0n4jrxmwsk2h636kh644e0u2gqa5fl8lsvf7d820u3dh6mys4lum37z32xcdmfn6ats8xr7s84rp59genjm3m89krh6099h5am7px8srq54x5cm7qpepauurs0g9q4lu52kwpc2z58lp8ra4lc9uah7l9udxwxx97zal4hahp2xucah0rajamwxd8r6trs9usw9a7udmqnqj7q5dlhq5wuw0a7l0vd78vlgncklw4u9nknmmduhtzvua0h5d3su03feelhl75dulswpcsydmaqp4l4hxxkrsxe8c3q9syeye7qqvuh486nft9stlwk6cvmnnekkvurla89h0teypsd480h7jpcrzkas7k7jytpmxggqpprvsj5cxfdt6y53xhnup9eczurc28ut9zsnxkt7l8nzjyaddknk6r7d40zasfy7ezuwh0htls8x0mkr7y0rlwcwgszc98yzr67mf2za7xewhwe83a73vhnjym58cal9n4edr6veej8hdt4xjw77d9rkyay9zau9l7tjvpu7d8nahjejhfasnw7hsx87dtp60ltljvk8jdaumx3ps8fw70u2hwhdh9jscp4tll80am6ekesv0s5989wgctal83dm0dzjpqqd9e5lju4arh8m
XCH,offer1qqr83wcuu2rykcmqvpsfua6lxtecu5hh5ww2fuhnza60wuzdnmxfdu23lw8kn6xrmt86rfs8fwknuwxet48z56qfmj0n7cftka8g0e8395ssnag95tptkeeg95uly4ufsxqcrgtz2h6nu7pmwkuv7uvrph0dpeqelxj0ls7f4cyl4hvpewf0nak6eclnqj6p9t34g0uh3edgnru26jq7mnmdaat35wh5mzk48kpf7nl35kptmrq0l3hlzugq448l952cynldrtl0ldllhaswtvu0emucms2nya5ljle5pcymhafd6a690kuus25xx2h4wel4apsld8u0lhly0u9u8rrfyzmnnlzlwrr6xjr4w6jfxzwm3udexr65w36v7aej0re0s6m4ht9thsnmx7lluusrsatdftajw0t00rtytm7hcfvckhdl92j2dgj4lwlzkd9s0qnl4a0fk9eg0vl6pvn8l0xw3lwz7dzgtn4vp0mnx9cwt9leyc7a6c6h8n5anwdfexqf3f6svpsxgjzgln403n82lsxvrzw47xv67v4epd9a5plf250sl6a3w87u80xundhff6f0hm3ruufl5g6vvtz66m38hlv9yvlll7pqtw6wj3xma9q7ream0n042d3g4v8t0fmx8rtfz6m4du04k0txfkd49au0lg25eyejpc2qm2mhege4s7tdwkwez4tem6j7kljwyv4ly4nslk4ws3dg2hrc3n8w4rxwa2xva65sx64sxnhspvt03ns09les7ktzuastpmahdup4xh3m40j25ewfym4hux8ccuey70syevt6tlc0dn9zs2ff9zmd94609e9zcjf46t966txge39jcjw5f08vjt6d688jcjpt6e855nxt9e9v6npde08ntnjfxu45k23g456rw2efen8nfjegx48u5vfk4v6zmtps454v5nk2et9rgt30fg4r0n7f9qhvljetkjre3e57tzf948jcrxffl8v6vl44l9tyvcwppes7uff9rxvcaf0e29n9ayv4q9qjt7wxrxyn2vff3988uwdwyehvzx0x78n22pfxecquu9d4uhysrgdp48ykdygefcvnlnl5qtxv6853qul44r4wdlc8qfswdquv6t9uef7cezr0llenzexz6dkmtj6mp4hshu0e77al0a4l2dmtamhcvq2p20ezauhwmd7w5mxwlll5mwdyc4yy5jjjd939uh4jj9v6jkt9g40xvujwv2yhz7jffee8j6nzv648zl4939veyuv22xn8zkj2vf4tju2wfxq5nejqcuyrjm3xzq37gxxeqq9wmrq9ex7qe4a6uwtx7tzmurxlyttnfkvg9q80d6vs7edke253989ea0epll0lp7vjw6p2ee47ykq25f9e5ppjvru7chuhk70l4gj8kd7wmrulnvd4ga0m6jv4mk7k960xqu770tjl9nzt67amz4r250e662r96l58e6lg0s4srauve6msavhe2eydjam57k4u4adtrzjy84809uu8rhhf2jlvt4ckax9flxc0q52akmd65u8zaecsm43mgsvp69uuh5teedqn7m6fal8zlcf3gzctyfhxzuswwgf08qvp6ew98l9q5r3wzn4rlc2clwl7p75e0567zpunuu78hw7ln37u9j3ep8hy5q03chap0g7l7q0ysyajkyrtkrp57gr3l3fahllaakccnazlwm9ehu4wc08dhk7ufjn576jkwzem9m88jlhl3l3wtelqqp40cpkj7zlc6cw9myuzzpkzngs8jp35jzampc8l7khlh99w9p70raj0fh94alky7c490uu8mxhfakchvjn0kezgczezxqcpgryydxp6tzep48fju8zewvqhsnw4mvdyurm0r5mfg8r4n630rhsapmmtnu7xhhf8m55hhgnk046f3ghkn7y0zl2cwgs2c98yjq6hmm48579sn2gu7ww7sd00ct3d3kuwmhrj6c48ase9hazxhww6nn5hf8a8308yn2vwed3rdm8e7nlmxdrnq6umvgqu00w549zetp5uf780g63wmysnpt6tk8aa4txzpy3x7ysjkvhvnt5nn5607v7t0nmt7w4d26eqqepr37csjcld05
XCH,offer1qqr83wcuu2rykcmqvps0a3t77zlhm9hllyt74l28tcnjmr46custkmwt3yl3l6j967wwdkmulzca2pe8h095jpfds8alxfmvuhtwnypuhcjjfgd7gp283acv55j50l32xycrqvz54j4dupm05u80wwtwkrq3hx3uyw0lglecmy65r0emwpvn9h67m0uswe3ffpjee6h86fgjhu23jyatpldeah755su8r6ah2z3mshl97qmtq5dl3hlclupy9q06h7j59u9fthpllllkluthexl80d3502r4kj3ans5c4jp0j4e9m7lezwtr2dsldltw70mk7l704gm0elm072lc2cwxxjgdk88797y9p28yptnmv9aghlc0lj2mklut388nraxva8ggt0xufjkx4hqn7ncpr3dp8r6l3qkk9kae65hacdnhclwuwld8uw9n79d3ca5vfll524lh5dathzaks3ucvtzxlj0r4lxps7en6793mev6dzshnrxd0w8eus5ajmgngz6s4senqvpqyf78gln9w3lq2ekxar7v45yut7q6fmg97k4ceqhhm77l3cx7d98tvnthjtw8w8eenlgp7cgj9dh82wlecktf470lzazrul00knu2xmhyj0w0ujutu2nujat6tj60qed5nstl979zlmz084vlz7707592usvequpqa4dma5v6g097ht8v3245uad0tde8rxwlj2eswm2hg2k5yt3ugenh23n8w4rxwa2gn02szflcq59heeu8jlucwt93wvcd3a7mk7qjntua24edtvnyjd6n7r8uvwvjw8uzuk9a9lc8xejef9q5z3d7n6e8zujedfq6a8j4v9nyucjevf82yhn7f9axapn3dfq4avnjtfn9z7jkvf4xj7d4wfr9y4jkv4c5n222te38zk2ekeuhjs2fff6hrz2j0f4x552609q5vk2ej424zkjj0fexjknej9rxmfp5cu6093yj6navpnyu7nkdk0667j3jxv8qsuc0wx56snzv7kh54zaj7sxzsz5f9l8rpnxf9yy5ejhnw9xhzvlkpr8nwre49q5nvuyw7qkj7tjgp5xs6nktksyv4uzfleljq9hxap6g3wt6236l8lcrqyc0xs2xa9j7v5mvvnplllcep0vtd0cnd8ja5ccev3sm3ld2uklx877kxzykeynexn4mwet830pc602dllln0evjzc3jn33xt8yk2et9m8yktpd9a9z32x0fg4j6jf0fm8nxtkwezk2kd3v45eyhn7v4yc5jvktefxzjjpg4h8r9tfgrr537fwyegzxfqcmyqv5tgvck2slh9rd6a26yvglre6e4unmrakh5r6lmh4jmjclmlqanxykval8ra7ll8ajfag9f8zhcjuex3qhxjykgsrjmxl6amelw4zc7ehet20m7deh9p40d2dnhvm2mhdug9nteaw2ukve0thhuv54f3h8t0g55tk3l8tdr7wksfhpn8t0n4j8xtvskth736khj44a0v2gqu5dlhlsvg7d820u3vh6m5s4hum37z32xedlfncat38zrwj8azps9gmnj63l895rlm0p9h5amlpx8qrqu4x5ct7qfepauups8f9q4lu5zkw9c2z50lprrahlcyetamtt3hknx3t0s6h74cnh8390ntn36l0fv7w7gck4jye0z377lkywwcvkseq0hc98hlnl8kmmr0stdmvl9l64tpua57lmpy27nmxteut0vhquw070a879f08urqw50zx6gc0lndps4vl3cgxqgdwpwgxwsgrh8ype78827cganh7vjey0d0qa70h8vyw798kvlj5hr097mr0d9ew0jq5krkvssqzzxep9fsvj6h5ffzd08cztng8s4rlhmu28dw86m7d0mkdwhtek0h5mttu78vmv24l2jshm6l5uuwllllazgem7rjgpkrffqsaxtfzls7m000llg3la3h98wk44ulklyzc6rnut3ez796d0ty5m9m0wm0cswhcd4crv4warrd6lp8yskvtjxqk63yau2yulryxq70rtheck9zcuuw40a467rjgfv7su83ly8mx33vhvev5cjr88mlzt84ueqj7y3atehqxsqu542rkskd6n3g
XCH,offer1qqr83wcuu2rykcmqvpsdd80u6z5lxkwwxwxn3fd8j0am0907zj48uw39lkdantemzmt6ufx0he4ltswfaee9ys2turl0cz2mh96n5fy0duy5n2p0zq2au02rd8yer062psxqcrq44w400swm48phmrsmdncgvfk0eqnl686wwexapmcwtjtved7hwmlgzkg22gv6074ewn2y5lz55s8xclmw0wla959pcahfmsjw58la0sz6cyr0udl7h7q9pg87d753qlr26lc0l0laluz7n9arzwll7y9jvzdpnmlclr0mgla8nlx0m7mr68ye8svjkukslwjvt8t0plale8l3dpse6dqxuulch7swps879hdx0luys4k8ul8em58erfgk8umdeh4et0k2x8ql67mwwxwhynq2z9vm2nhwcu8l03h5la7wuq8cdemx78xv5kynd94f2dyd2u77a5rv2kq58uuk77h70h7dvlhr4vtk48h64xn0wlx7v3v5t4d2vlfjln4jgnma2eg2cvesxqszylr50ejhgls9vmrw3lx26zw9lqdya5zlt2uvstmal00cur0xjn4kf4me9hrhruuel5qlvyfzkmn480uut956l8l3wl8ezzjm3vpee4200ma0jtxsln2m08hy3na2l2v6wy4hwpflr8dtq9kshhnl9p2lyrzg8zg0vtwldrx6ret42emv24d8httjmwdce3hunkvrkc46z43pzu028ve65wen4gan82jvm65qz07gypd770puhlzrjmvrjx8vl0kahsy56l8z4wt2txevnwslqmltrnynplqly30flupekvj2fg9g4t057kfckyjt22xlgu3tpve0xyjtzt6eyuljfdflgvct6290tycj6v4fx53n6we49zuj7f9ym26vztejhjen3w9s4n2tptxe9jstf494y25tekfax27tjf9ce5u2pt949n2vpd998nx2xv4w6gdxhynedfykyatgder85lndn7jhykv3jpuyhxrms4z5y6n054a9g4vh5ps5shzpweccumjfgppxuhum3f4cr9acfeumsudfg9qm8prl39shz7jgdpsx5aj45pr9lqj070cspdehgwkyts764whel7qspx8eyz3lgvhn9ymt9c0ll7xq2sg04ehfrt86lpkm88kedhdh4n402apl0znjnn5ehatgu9nywgd4d5h0llehu5fp7g7egk5en2ffym56d3s999ujvf5enxn8je0er9v7vejxq4ryvxt9exyknf0x3xv4tjw988ujdfkxuk54nptfdyn9234fqvvj8e96r98ceyrtvspj3dpnzc6rlh9ah4mu7g7pddtcl7llthld5l29gd2qm3ufyhdckam0z3nf50hnutlllyres2nw90pxuepjpw4yfysq89k0le6hn7af9aarfj7hlmutnw2p2km5l8wek4k7mcsfxmn664ewe778f0gmfwjnvwkl3ff8drwwk78vadcjwr87sl8tyzdklpv504r400a2tjlc5sf6gn7laqsnu7w5ae2m03kerthch8u4q593mkn8h6hqwg8dz02xrv2p38dhrjwmw8857wt0fmhuzg0qxpptdd38uqtjrmeg9q7329t0egavursy9g07zw8ttlct9glmk3sfs379h006uwx5jyvt24hmadnec6l7h8tlhjta8t2exvv0v0qzhvxrfus8rlznm0llmmd338697aktn0e2as7wm0dacn98fa49vu9nktkw09l0lrlzuhn7qqr2lsrd9u9l34sutkfcyyrv9x3q0yrrfyxty4sl44wa9d59aw4264e306udlv7rm0kcmpd9e7l36uatpynd77eghv8vepqqqy9jzxnqa94vg6n5c783yhxq24sjka05lzetx2t7jhl30zth554f96m6hk0nuvdu4tsalnuymuhe8dweqyjz0ydev8qg9vznnf84e6kwjeee0l5raykldk70lwhy66xrjh6rjdx0emfd96alwhcvaj4fnux3atmclhhf5ue90m9ulrj4l537vmxa0wwdej9y5z62rkt8eawck9vmm266at2z9pk60un48m38wqjtm8pphnjv8sj06k6ceg4h8nznu7laquqwvh4ycg5yzmtl
XCH,offer1qqr83wcuu2rykcmqvpswv6xwhj2vpmxd5t4t5uxne47zt07k3qdwt4e0ggmf3hemk0axtgwyyx4s7nnkj7fs5ksz7ln5lkx24hfjz7tufdyyylvp4rcwux22fw80c4tzvpsxp2zc2k7slhjwrhh88hrqsvmng72x8m5l7u9jdwp8ualqkfjta0dk7v8uc55segudtna95dtw9gezw4s0ku7mlw2cvr3awm43gas2lklsd4s2xmctlu0lqkzq9atlfwz7q5amsmlllm0l9av8n6am4tpruaarhekhlvu7kqhhxexeamxel68u6wa555hzclem04ulxn707mljh7zkr335jrd3el30ur7n0m2a5n69zfhn5w4ct0jkrae6cd8480npjh73wtf7qgdlj83hj2tsdq6lwl77elxxzv746dvlmmzune7lh9m08kml96dmp970txc073580l8qwpn83095vettj6ajryrl04wzslye5vtpmwnellll09enhjl4a9l4luuzv2wcrqgpz8s68uet50ejkvpngmn40phxls9zgmf04p0k299ullhv2plhfeemymd6j0jta77glxz0uzyntpc6hk7f97mdfn8lhaqfalw5w7xldhjtyx88hrlhag77yyjt8wtzwavr9vuxamh5ukn0a7uw9au0lg25eyejpc2qm2mhege4s7tdwkwez4tem6j7kljwyv4ly4nslk4ws3dg2hrc3n8w4rxwa2xva65sx64sxnhspvt03ns09les7ktzuastpmahdup4xh3m40j25ewfym4hux8ccuey70syevt6tlc0dn9zs2ff9zmd94609e9zcjf46t966txge39jcjw5f08vjt6d688jcjpt6e855nxt9e9v6npjfd856tj09j5ucjk0f08r2tff9r85727d9ckr9nffxf8zej2v9nyu3nwv90yj6jfvxm8y6jdt9rxnqdftkkre3e57tzf948jcrxffl8v6vl44l9tyvcwppes7uff9rxvcaf0e29n9ayv4q9qjt7wxrxyn2vff3988uwdwyehvzx0x78n22pfxecquu9d4uhysrgdp48ykdygefcvnlnl5qtxv6853qul44r4wdlc8qfswdquv6t9uef7cezr0llenzmvpnv3xlpe34wuu80a66vrrsha7405ryexwjjwjvcly9d7e5ghlel06lal4xtnfxxfxy55kt70ftx2an2weh865tpv4qhz62zwf4xz7d9n9d9vet9t95knfnfj9u6yjv2tfy5j4txf9f8jcn2wfswwsx9pgaxcfcsyrj33kspprkc6peh4r25a5h2ffk70vgf4r4xyna7w39rq2jmjh778sglerjdtfyeg8w93jflg9f8xhcngstgjtngzryc8ea30e0dull23y0vmuak8elxcm236lh4yethdavt57vpeau7h97txyh4amk92x4gln455xt4lg0n47slptq8mcen4hp6e0j4jgm9mhfadtet66kx9yg02w7tecw80wj497cht3d6v2n7ds7pg4mdkm4fcw9mn3phtrk3qcr5tee0ghnj6p8ah5nm7w9lsnzs9skgnwv9equusj7wqcr4ju2072pg8zu9828ls437alvppxxl2c77e7k3vlxv2l6jk5ma6874uj077lqyu0c07vpa4uqwt3wkvqt5rp47vr3l3fahmlaakcenaz0wmdchc4w600dhj7vfjn477jkwz369l88jll73l37fehqqp40cpkn7xlc6cwymyuzqpkznvs8sp34jya026v9ura8zm4dj526kk90fpt0suscv6z42ehx9jlhc7d6mwzrjenhv8vepqqqy9jzxnqa94vg6n5c783yhxq20rer99mkmgn56wl2dykt0fkgm497tgzdtanlljwtz7vj039h4vtzl7zwcnur7tpczptq5u6fqafym5caywlethrxe6lkzlqadal894ekkjlc5rxdak97x7m7eqhcekjcnxc4ytu9w06yxfany7t9n7k7p9zauzk60rkwlhd86nh9mt58kk7wyc8j6h03qxujhrnl7ee0sv5fu30hue9nkw02v3ru5hlkjca6adexrgqjmgguagst0tnz
XCH,offer1qqr83wcuu2rykcmqvps2a2aa8m77gsnf27ndt4h00gjzut5c697upejnv8rmmgexhy8kvv6djx6l4crywuu6ngp9wpllap9dmsapmyk8k7zzf4qh3q9wl84pknjvshe9qcrqdp522h2lhc8d6nsna3cdxeuy8ym8ujflure8hvnwsac89e97dkmt80luqtq94xx98l2u8f4z20322grmv0ahh40kn6xsvwm5ucd86rlkkc9dvqpl7xlltaqzs58lka2qs044d0u0lhl7l7p904m2fcl6evu6jfmmksh6g37lzswfx2rt63lh86u7lk4p4hm23lc24qpklu4ls4suvdysmvw0utusncvp9mwg74utn65dkh8he0ua8gmrlk0jja0lpxkh30h6u0kndh5wkzcw9kwkxvavtxmdu6m9nwclmyw4ntp3l4u78kkhanky89lw2ymn0l5skw5edn9hhrsateczjwrz7urrh67npau8aza5ucd66dtthngdk7ar7hjdy2js4senqvpqyf78gln9w3lq2ekxar7v45yut7q6fmg97k4ceqhhm77l3cx7d98tvnthjtw8w8eenlgp7cgj9dh82wlecktf470lza7qmxpvht5u853nna0fu7nzw8je4aktw44ux7vwdahkecuu70mdf0xelvtmel6s4tjpnyrsyrk4h0k3nfpuh6avaj92knn44adhyuvem7ftxpmd2ap26s3w83rxwa2xva65vem4fzda2qf8lqzskl88s7tlnpevk9enpk8hmwmcz2d0n42h94djvjfh20cvl33ejfclstjch5hlqumxt9y5zs29h60tyutjt94yrt5724skvnnzt93yagj70eyh5m5xw94yzh4jwfdx25n22e3x2kjevxg457d2wf88n2vp0955v3nfv424nft2df3yn8jk2etxysnek4d926vfwx5euujww4seva2ej9ryzndyxnrnfukyjt204sxvnn6wekeltt62xgesuzrnpac6n2zvfn667j5tkt6qc2q23yhuuvxvey5sjnx27dc56ufn7cyv7dc0x55zjdns3mcz6tewfqxs6r2wew6q3jhsf8l87gqkum58fz9e0f28tullqvqnpu6pgm5ktejnd3jv8lllry93aelsq5v4dz84el676e2llpeylvvrjmna67fl56wthcpm65ea87dhmtll7ndecnr5saj3dfn849t3j9umykdxh9vhvk4p39ghze4zn9yk4x23de89y742t9u45etf24h8vkt6geg5u64kd9ffjkt9294ydcjqccytjmkxzv37gxkeqq9wmrq9xlhaf6ftlu95c08te8cf6v7kxrgaqdhf68x2g4wfgafu980rjd2zelhlslxpxdq4uu6hz0gr6yj56qsekp70dt7tmd8hm5drtxl0d370e5x64wnaatx2umttza8mqwt0h4e8ne49a0w4s24468u4d99jdd6tuat5h62cq76xuads0ktu9wjwcwa6lf27t7j4pnfzr6hhz7wr3mm59t07y6utwnzulnv8s29w6dka2vrewuugacca4gxqaz7wt69uuksfldaywlne0uqcypv9jylnpwg08yqhrjxgavhzrajs2pchpt6e7u9vl406ptx3hm5qsjl0k0m3kdm0l4sdnwraf0gf467ltlty3mxk2tafm70z955p5gpr0lc9rh8nl0hmmr03t96vl9hm40pva577md96cnr8taatdv8ru2ww0all9p08ursw5rrx7gqdlld3s45u35fkyg9vpxfxwsqrh9dlvatd8veukw0ueduhzfkh3m325rhn093wa6am8fh6j0u3hdtnpmc29sanyyqqs3kgf2vryk4az2gnte7qjucpel200vuh8jvzqcaaw6z3dmm9h4rs056a2v8vaklccnjyrj0wty6laehl3yvdlpe9qlpy5sgwnxh23wuq2hn8h52k0e0488hn6xek0e08ptlmd0s6756xzhkh56rgh5ajr0kcf5s7xztjdlhn3wyk34zvv28dsda8ka8ytn0evff64687euegcyk43ajklfp4cahru6t9np5th2fqal0ewquwnev40as7hqac7cw82gqr0m4ywq27ehaw
XCH,offer1qqr83wcuu2rykcmqvpsfv705tc6ru3nlne6k850teudaukrxh95ntmkcaf5kk5njcrewrd3hs7kruwxet48z56qfmj0n7cftka8g0e8395ssnag95tptkeeg95uly4ufsxqcrgtz2h6nu7pmwkuv7uvrph0dpeqelxj0ls7f4cyl4hvpewf0nak6eclnqj6p9t34g0uh3edgnru26jq7mnmdaat35wh5mzk48kpf7nl35kptmrq0l3hlzugq448l952cynldrtl0ldllhus0r86ynm5cmxgnt0ek5xsd97a56w5sjmalt54auzrayyn0h08gk0h66nc0l07flutgvxwngph8879lypy7npty4mk2yvl292a6u29ufpww2tcuhfsvh5693xdnhh543fkhchcdp6kc6vlhrwlhju2z6mkvm0328mll0vhmlr7u9llt47lp47e95few680w3cun7mxzxmwfvlyhaa6ly8kmdu5karm02vue2wpufclt4uhqlra3jlg35pvxwcrqgpz0368uet50czkv3ngln9dp8xlsyjwmp049wxg9a7lhhuwphhfecmymacjtnme7wgl2z07zy3tde6nk729j6d0nluh5szvuja4898ka48a4nm5fhxmg5tu20ar2535m7f0dlutksm76mjvl2ch83lap2nynxg8pgrdtwl9rxkred46emy240802t6m7fc3jhujkwr7646z94p2u0zxva65vem4genh2jqm2kq6w7q93d7xwpuhlxr6evtnkpv80kahsx5678w47f2n9eynwklsclrrnyne7qn930f0lpakv52pf9y5td5khfuhy5tzfxhfvhtfverxyktzf639uajf0fhgu7tzg90ty7jjv4dxy4nwveqhnfte29e8v5vxfeycr9jf498yzmjpvft8n8nfved9rwn6f4d925jjteyhzjdf0fr8je24vxsh57t2gfj6g0x8xnevfyk57tqve98uanfn7khu4v3npcy8xrm39y5venr49l9gkvh53j5q5zf0eccvcjdf39xy5ul3e4cnxasgeumc7dfg9ym8qrns4khjujqdp5x5uje53r98pj0707spveng7jyrn7k5w4ehlqupxpe5r3nfvhn98mrygdlllxvtdcyxwhmv72l7ddnuahw0kvampmng5kuuhsaep4a9a98aynxx9mmjn2tl07m72y5lydv5t2geex2ktf59vkukj3s9ymz3t2ff99z4j40eycn2denf5cnwnp0xeyz6vw0989zan6g4e853jzwx5mn9t72xv6jc8xfrvsafnncvzr47gqegxseevkrv2uxp68hsvjwkr86ka840hdtmtuh8c6pl02654eyy65rhxu707alhmlulkf84q4yu2lz2tzazfwdqfvnq09kdl9ehnla293an0nksl8umn0282765n8wak44wnes0xhn6u4evej7h8wcaf63rwwk63e2hdr7wk68u4vqhwrxwk78ty7wkepvh0ar49090t2uc53pagma0hpc4u6w5heza09hfp20ehru9z4dkmw3836hxwyxavw6yrq23l894r7wtgxlk7jt0f6h7zvwqxqe2desh5pnjrtecrqwk23fleg9guts5dgl7zk8m8lsdpukv56j67t7ux48dqcjvr0df6mar4wlun884jeln9z5cmvval8t0s8wcvxneqw8798klllhkmrz05tamvhxlj4mpuak7mm3x2wnm22ect8vhvu7t7l7879e08uqqx4lqx6tctlrtpchvnsggxc2dzq7gxxjg9hha30x2uuudxwv7gm3uvnynf3v35ejdanmlj58al7zaf7w77y0ak4jzk23cxq2qfprfswkcxgdf6vhpgktmp96crj5zl9jwph2kjajmzse5du8q5tej04ewlh0xmmq6w90t3lpu3mpu6lazgem7rjgpkrffqs7krsghh95ukjml3nxuaxhz7535z2tf6e0mgtumh625aees62m67dk2jdjc7hx97u6hxcdumd2kacwfrxjq78t8p643tm6d2m9aeeu67w77gm7t5hg4u7lye336z9hlxru9s6fjf8hvw6e5lalkehxk2tjv4mghsky2spng2jenqx2e0t4
XCH,offer1qqr83wcuu2rykcmqvpsxaznmhnw6vn5x8drxum5kdt4rx8k0y78txqua5twv2rp87htu6vw5klawqerh8x56qfts0llgftwu8gwe93ahssjdg9ugptheagd5uny97fgxqcrgdzj46ha7pmw5uylvwrfk0ppexelyj0lq7famym58wpewf0ndk6emllqzcpdf33fl6hp6dgjnu2jjq7mrldaata5735rrka8xrf7sla4kpttqq0l3hl6lgq59plah2syradttlrlallhlqtesjw2ax24uf870ap9eeyte63w9rzwletmw65wfkaakgfe23zjkclwa7rlmlj0lz6rpn56qdeel30lq4ttkfvwsfcny05dt9lmr5t2k4hca8kxxhn665l4a4r2v7c7vda6f8sdpuhvt0340l25grkav5n3354e7tphtaxp2mt4dc4724murne0h233ct5l0lrlem2c28n9mlmmyxlhhrk0497zvlt8jvtllylhzum04dxjvnm27ks93emqvpqyg7rgln9w3ly2esxdr7v45xum7qkftv9754ueq4hnl7l3gx7a888vndh2fwt0hmerugflcgjdvhr27meqhtd4wdl6lcrre80rez8fjtd382ldn7vpwxvftmf2aate834lw244ms4q0elalz2ncc8aslf22ncqsjp7jhmj3htfekj7vaj4whr49faa6y5te07fd89aaqa396s4wfsnrw3txwazkva69dpa5tywhpqjlkrq8wlncn9lusy3mq7phm0marwv09kjey4tj6jekt8mu8spljeulyg2chc506lmq2dryjj2pkx2mulnj293yn253tehx2stxte3yngj7wf88u6v20enyzk430efxykn92f4xvkj6tfs4422ede8227tj0fjk2mnwfesk5mjjvfz4dy53f9nxv4nzd9atv72kh2gmjutpd29yjevxd9yk2sdx8hzrfa7yjt2093x2jr7we4put0l65fpnuwqrpacsj79v43z5l74tg2zte7q29y8cugxv88yujtq2g0ql6u2rwcu07p70x5yrjf3q8ecgmlew9qk56rgwpdzv3wsqe8lylurkycvwf6re326825ml70csqqe37ey5tenra32xxm70l8a3up40z45k7p3ztnd9gcmj7mf2tjt6z0xl0hcctktueamdmmw5ky8endl7lll6vh8zvvjtk2p4xw6n9fwv9se6m2xc9ndac29hhjs2s29t8s7jjtf080rjgvenmyurrkau4j52cfpnkvjtngpzyuauxfprmu782grrs3wr0cufz9eg6mqqs4mvdqsekg65m3lzc2leed3n7nk3rkh2l4yypde30exmdz2j2tkmt3glmm7lelclxf8aq4yu6lzr2x6yju6qjexq7tvm7tn08l65trmxl8dp70ehx75w4a4fxwamdt2a8nq7d084etjen9awwa36n4zxuad4rj4w68uad50e2cpwuxvaduwkfuadjzewl6822727k4e3fzr63h6lwr3te5af0j967twjz5lnw8c292mdkaz0r4wvugd6ca5gxq4r7wt28uuksdldayk7n40uycuqvpj5mnp0gr8yxhnsxqav4znljs23chpg63lu9v0k0aq4fcvz0zy74axeh0mw5x939uawzvpa9h0rnfnf47wynhze2ae6rrq2kr95qgml7pgaeulma77cmu2ewn8ed7atct8d8hkmfwkyce6l02mtpclznnnl0legtelqur4qcehjqr0lmvv0d0f7elq5qkqnyn8cqpnjn03d386vmsa80dd6wt967zfllzaxa7jhn0c367dcuegm9uj9f87lfdasanyyqqqskgg6vr5k43r2wnrc7yjucpwh4lxuje26k8kavnp4mmnsnjsteg8huaqkl4s0g67jjw6cdl76e2lfm7j0cnurutpezptq5ukgkjm3lk97f0xesglk98khwf8m0dw72jd0ms8edt66l0yd45t9d8hf8d4uw63sx8mvuct4c99c7tl6afj5z7el0ufg5eyk22wlxjd30lfmrswtpxtfl0vasmgh9wl05hdwe280msrzy34xaa79y0zvygffmq68h3569qq0c45sjsd600fq
XCH,offer1qqr83wcuu2rykcmqvpsdad99f8kgkvhr7k2plnqeakr8ytylvm0ayyfw00q3adlyw3e0daqh34tpl88v9cn3tdqyam8elvy4twn58uhcj6ggf7sz28sa6vu5jcw0n27ycrqvq5934fapl0ya8tww0wxpqehk3u5v0nf0lcty6uz0mmkqvhyhc7mduu0e3ffqj4c6486tg7kug369atq0deak7u4s68t6antznmq5lflsmtq4dns8lcllpvyqt6hljc9vrfmkphlllklltlcrtcuxmuxdd2lf5telgt3u30whdnl77t3lv47dpyfuajmlu86sn6uu6hc0l07flutgvxwngph8879l5q32u440mnnefl88c4mncqu7kxkthgpmx4x0q7hm9wnhdgw6jhge2xhq6zetlxe5dlqa4klxq8axwk26nvladzpg7r0xv99cmjj28xhkyn6v2wn8e0vtl93kkd24dv0aljcxksmmueqa7ulkgul0808c9m70kw70cyw0jdaqtpnkqczqgnuw3lx2ar7q4nyv68uetgfehupynkctaft3jp00haalrsda6wwxexlwyju770nj86snls3y2mww5ahj3vkntull9ay26khmj3emk79wcunft7v3n904hlq49cklkwmmd5rt7s2ctzj7tmrep00872z47gxyswys7cka76xd58jh24nkc4260wkh9kum3nr0e8vc8d3t59tzz9c75wen4gan823mxw4yeh4gqylusgzmau7re07y89kc8yvwe7ldm0qff47w92uk5kdjexap7ph7k8xfxr7p7fz7nlcrnvey5js232klfavn3vfyk55d73ezkzej7vfykyh4jfelyj6n7sesh5527kf395e2jdfr8y6vjwfg4ukjf5ec4nqnwwfz4yc2wd94y2ajxv489n9nes9vhyjvfj4ayyctw24ry5ct2293956nehfd9zjta5s6dwf8j6jfvf6ksmjx0flxm8a9wfveryrcfwv8hp29gf4xlft6232e0grpfpwyzan33ehyjszzde0ehzntsxtmsnnehpc6js2pkwz8lztpw9ays6rqdfm9tgzxt7pylul3qzmnwsavghpa42a0nlupqzv0jg9r7se0x2fkktsllluvq5fze2203e80m4knem0307nwl2ms8rzm96wfh4luj605xcylex0g2c3tlmlklj398ert9z6jx0fcc5ut2txve55jkge5eyjnw0fuhrxtf2fv45mn3s4hyj5v2v4jkvstk0xa9v5dz2fa8v3njw4vcue22t9z5pejgmy82vu7rqsa0jqx2p5xwtxc4h30uhjyew0v2nt277dv8j06u5ca7lrzqhpth43jhqrrrn6l7audmllljpuc9fhzhsnruy90hzjyjgqrjm8luatelw5j7735e0tla79eh9q4td60nhvm2m0dugyndead2uhvl0r5h5d5hffk8t0c55nk3h8t0rkwkuf8pnlg0n4jpxm0sk28636hh749e0u2gyayfl07sgf7082wu4dhcmv34mutn72s2zcamfnmats8yrk384rpk9qcnkm3e8dhrn6089h5am7py8srqs4kkcn7q9epau5zs0g4z4hu5wkwpczz58lp8r44lu9ac0u8dy5vcd24mntemktewat04hekzmnlca59w73dxjm6ckx03w30sdwsvxhesw8798kl0lhkmrx05famdhzlz4mfaak7te3x2whm62ec28ghuu7tll6878e8xuqqx4lqx60cmlrtpml40y8qds56ypusvdysld45ahd62dd6ctdllse666f7vedvy92c7jc9puw4r8lqhwchdxcd7lc0ew8qcpqqyydkr6nqe948fj5yza0uyh9q48242mqeu5an2amplz60s4wh8ule5uws562rn7a50j0x8njv4m8f8lufrr0cwfg8cf9yzrhftjl2n8nhdtmz4e7n8wal3ehvm9mjyczrd3z0dfzdl5m47wtj66232ne5xg8metafvt588u6ymjv46lkhg5wx0anechyxlz5l9zcl580md75llwtdw92kjzh3zygm9auuea9ncma36xvx40haasaq04nfzakqtkcyqr57hrhl70snhd
XCH,offer1qqr83wcuu2rykcmqvpsyakdky82x49mtumum5pakmeehk9l7afll8e8ykd4kelzmnwx8f8ew0pj0tswfaee9ys2turl0cz2mh96n5fy0duy5n2p0zq2au02rd8yer062psxqcrq44w400swm48phmrsmdncgvfk0eqnl686wwexapmcwtjtved7hwmlgzkg22gv6074ewn2y5lz55s8xclmw0wla959pcahfmsjw58la0sz6cyr0udl7h7q9pg87d753qlr26lc0l0laluz62c2khteqz8nnntwnxmjv0fnj74xkmpdm5dntctr9tdmwcutuc7s36lc0l07flutgvxwngph8879lcp3e45cy7ex7jenppvk3dtsnj3hdg7hm4z26teh720uahlvlj7mkd4yzg09l7ugnwa4gwrlrd6du206d0824gt3ka4a7j4xqtfd050l0cssll0xyqkxa6amcg5jp5ldwfecw02d2xeknn7086wwvlrev6kntr7k5dayycqk98gpsxqezcfr7w46xuatkqe5ve6hsen0ez4yd5hjshl9zs78lmk9slm5auejdkap8e97l0y0np873zf43uftt0y6ldj5enlmlq8p4hjemhu9rdee0lsfhlg5y0lan8d4l6apa93099fwm4nrw6a6760acur7cw539e7qggqmfmlegm4sutf0xwe2ht366577aj29uhlykns7k3wcjdg2h9cf3824nxw4txva2ks764s8r3sf0trsrk0aueslkfzvas0qmaha7p4x8nmdvj24evfvm4nakrcqlev70jypvt720u0as9x36ff9qmp9970ae9zcjf42g97mmygpn97cjg5f08ynm7dz987ejpt2c8u5nrtfj9y6nxwdfynyncve888gneha59ge6mvpukwe29vpzyklnp3e5hwc233pu4yetzd9ay2mmedxgej6r3nac4qerr57yre3f57mzf948jcn9fpl8v65744l4ty5ew9qfs7ugfdzk2c420a244999vaq9zjruwxrxznjwf9s99850dw9fhv280zl8n2zpfxcczuuydauhzst2dp58qk4xg4ggvnljlupmzvz85apue4dr42dl78cgszvs7vj29uee7c3rr0l0ln6c7pdxhqd6afy4dkg0awlymdr03c4m6m33tlgw97trnwj96rdm8eytc58al7ljn9lcrryjujkdfn95ktek9u6yntavxnxu72jwfn8v4t3j9lx66vphel8zuve2xhxuaj7fedyzhnz0908vsn624k5rpnfn9v53mjqcy8tu67rzs3wzxx6q5xwmzc9de9lru6vf67f32w94e6ln3l0l2452nh726kv60kw9ms9ne2ala6dlhlelvj02p2fc47y6xp6yju6qjexq7tvm7tn08l65trmxl8dp70ehx75w4a4fxwamdt2a8nq7d084etjen9awwa36n4zxuad4rj4w68uad50e2cpwuxvaduwkfuadjzewl6822727k4e3fzr63h6lwr3te5af0j967twjz5lnw8c292mdkaz0r4wvugd6ca5gxq4r7wt28uuksdldayk7n40uycuqvpj5mnp0gr8yxhnsxqav4znljs23chpg63lu9v0k0lqm2nl0rt7n74l2k3awealxjgk0lkhx74jllyvufu0ug8yatv8mc73dppmpj68ypulg57m7l77mwvf730hdjunl2hv8nknm0wyet60vf083vajunnelelslch9ulsgp6nuqmf8p0udu80khuuu3szrtstjpn5zqacn0de6efmmg7pquwlzmx0nq979yhz9gh8lr82ng7yucmm97lnsgqqasanyyqqqskgg6vr5k43r2wnrc7yjucp2lcs7tlhstfuxh2nffky7e00vqd7nerw48wn26u4m4ku4c5pyl04eljn7ylqlzcwgs2c989jxkpx9a5n7mrm0jdyxevnajragz4dz7ea3n7mey7mu49thad4rkaw2hzdegaexj7h7vx4huvrxd8dks5z69sf6hmqur880vvtvvpzansj6aev308zknegze8ajlal9nc24ahxdwnwr96zkc8jg920jl6zlrr620hwqrqquxmxxxv453nf
XCH,offer1qqr83wcuu2rykcmqvpsqalguu8g8uslf2l8ytuwulldcuxq5d7w0agm0afm8kg7dmsekwe43l66l4crywuu6ngp9wpllap9dmsapmyk8k7zzf4qh3q9wl84pknjvshe9qcrqdp522h2lhc8d6nsna3cdxeuy8ym8ujflure8hvnwsac89e97dkmt80luqtq94xx98l2u8f4z20322grmv0ahh40kn6xsvwm5ucd86rlkkc9dvqpl7xlltaqzs58lka2qs044d0u0lhl7lupgzkcn8k3344l69s4e0y4shf5xffn3lmc8kxwx8kf7hf3nwjlnycq3dhu0lhly0u9u8rrfyzmnnlzlwptt0dh6ujvluwglmt0nl092d4ct3m7p3nh9xl4h8nehc6e9mrt96lgrp6ks2c4mr3nt58xu8y76kht22evfn745hl73tutw2try9hrwkfjulhe0dlcdjcftyxe2hdptt0u2t4dzl4xf270h4mcvcwkar8fnppmdfdcduvjs4senqvpqyf78gln9w3lq2ekxar7v45yut7q6fmg97k4ceqhhm77l3cx7d98tvnthjtw8w8eenlgp7cgj9dh82wlecktf470lz76zuy5n205n5u5950ha3j34xfmn39kd7jy6ndtcl6lwv5p3j0qpnjlep00872z47gxyswys7cka76xd58jh24nkc4260wkh9kum3nr0e8vc8d3t59tzz9c75wen4gan823mxw4yeh4gqylusgzmau7re07y89kc8yvwe7ldm0qff47w92uk5kdjexap7ph7k8xfxr7p7fz7nlcrnvey5js232klfavn3vfyk55d73ezkzej7vfykyh4jfelyj6n7sesh5527kf395aj3dfrxycnj0fdy2kj9f9yczk2j240y5hjf3xe8yujj29exu6nw29t8ynj30eg4n92eje882uj72xyc25jpdxf9ngta5s6dwf8j6jfvf6ksmjx0flxm8a9wfveryrcfwv8hp29gf4xlft6232e0grpfpwyzan33ehyjszzde0ehzntsxtmsnnehpc6js2pkwz8lztpw9ays6rqdfm9tgzxt7pylul3qzmnwsavghpa42a0nlupqzv0jg9r7se0x2fkktsllluvq5xfehj97a4x48d87hh8m5fyarsj8atycgndmlkdf7x3tumkzmdr0l0el7ljn9a5rpy5lj33f55ngnft4ryz5dffetxj5t3vf486ujzvemxynje3ed9vcnjf9skus2ffxg5ue2z2fv4umjf0fx55s88grqsu0ngyv2zpcgcmgzsemv0qvz7rhh75a7lfvcn2qy94kzechx6lunxsfpv8eh0zz0a5jm7hthynhlhlslxpxdq4uu6hzhqq6yj56qsekp70dt7tmd8hm5drtxl0d370e5x64wnaatx2umttza8mqwt0h4e8ne49a0w4s24468u4d99jdd6tuat5h62cq76xuads0ktu9wjwcwa6lf27t7j4pnfzr6hhz7wr3mm59t07y6utwnzulnv8s29w6dka2vrewuugacca4gxqaz7wt69uuksfldaywlne0uqcypv9jylnpwg08yqhrjxgavhzrajs2pchpt6e7u9vl40hpm5cve6v3fevk43fthlmqfm6eh8wdd678htl75hkj8f2798n3hlatc9hvxtgus8naznm0mlmmde38697aktj0a2as7w60dacn90fa39u79nktjw08l87rlzuhn7pq820srdyu9l3hsa76lnnjxqgdwpwgxwsgph0t57jpljaxnlvjlkmf0k26sslpp7r4phfmmwthvrmtj7nmc9phj0ec2ezxqcpgryydxp6tzep48fju8zewvqh5jht3nkskn22tm9u6epttv58f5tsu004zjgqhhhha50783fnk0fmvu07ya38c8ukrsyzkpfevnjmk95eqzqs7yhmy7wky7dl028ddp98pa6yywe26j3myz6r3g86kmjuycujnls0f7cghsd8ftjaafdvf2794k3zrmhl6lh3046kvl9c3245svfp6tqjhnh6ukqj8g0tncwa977vk0dja2z69tyz7a8el3t0mtet8yqhur53tg47fc2k
XCH,offer1qqr83wcuu2rykcmqvps8actvwfvhrfhy8n8qe7gtm64l8cl7za0ayhmr7rm85srre6tn0s209av86u9jhww9f5qjhqlhlsjkd6wsaj0rtdpp96stgjzh0n6stfewftcjqvpsxs794t48murkafcflccxrw72rjfn7fyllpunt5flfwcrjujl8md4n4lkp95z2nr2jl3wrk63y8c44ypah87mm6hnga8gk9d60vznarlntvzkkzqllr0l9uspf28ltv4qf876xh707mll07ql9w2ta7wrexu58tf0staet5hr2npewntll50j64reg8pzqne5xdfwxh707mljh7zkr335jrd3el308pfumm9wkrwrrjrtf6d78qh0cuwmmfmefm3tx45mhc6uacteklmmca0q6qataqr320hua0fzdatn3p90ah0h6texl5v6ka0zae7enrg744rejlv95uhsmy8tzmyn7kh5hrjxtysww7jp9jcdjx9d6ljm3chfrj70l9vns8g5avxqcrygpq0e6hcen40crxf382lnyd882usxj76pl5428c8awuhnawrhn2fkm5uaynma637wyl6y0xxy3fda6nn7kxjkdlhlqk0kga2rh77m2k5lz9nlnlvarreetyum76d2l2m7xpmmhg864k6rn3jnz7707592usvequpqa4dma5v6g097ht8v3245uad0tde8rxwlj2eswm2hg2k5yt3ugenh23n8w4rxwa2gn02szflcq59heeu8jlucwt93wvcd3a7mk7qjntua24edtvnyjd6n7r8uvwvjw8uzuk9a9lc8xejef9q5z3d7n6e8zujedfq6a8j4v9nyucjevf82yhn7f9axapn3dfq4avnjtfj4y6jkvfsenxnfj9g5uan724a9zmjpkedxjcn6d9veysnxdel8vcjx0fdxzljk2emyy6d6v464z3n4dxy4y6djvf5hmfp5cu6093yj6navpnyu7nkdk0667j3jxv8qsuc0wx56snzv7kh54zaj7sxzsz5f9l8rpnxf9yy5ejhnw9xhzvlkpr8nwre49q5nvuyw7qkj7tjgp5xs6nktksyv4uzfleljq9hxap6g3wt6236l8lcrqyc0xs2xa9j7v5mvvnplllcepw98u4esfz5c5vmh892jakrpalvfmjscz6ljhcnd2hmham40eymm7khlll0egjmu33jp0ftxy623g489jkdf2909j5jjtfexvmnfs4s5v523w9shzaneh9g557twfx495jjed9h9vlnffefyu6j7we8xj7vsceyvjr4kv0p3g2hfzrdq6r89sczuzlk3lf4mctz5rvtkf7cgv46slpezthmej209uwae2uwm3txtkll07l7g83q4xu27z0rh2yza6gjfqqwtvllm408a6stnmxh9ddllehxu5z4dhf7wandtvah3qjdl843tjan4awk73kj4yxuadazjnw6xuad50e6mpxuxwa97wkgvmd6ze2l2826l2kh9l3fqrk38ul7p38e5aflj9kltvjzhlnw8c29gmphdx0t4wquc06q75vxs4rxwtw8vukcwlfu5k7nh0cyc7qvzj56nr0cq8y8hnswpaq5zhlj32ec8pg2sluyu0khlqhtklzu8xj45kjhazx02y0jp4rhdp2sch59unfn8dnufflkvha68hy3qmpj6pyfllq5wa70a7l0vd7pvhfnuhl24v8nknmldy4t2dve084dasut3emelklc59ulswp6suvmepphld5x0kh5luaszptqfjfn5qqaeya3tluc7nhuvy48ns0t0d8zeeta9tufjmdkc8kp5k6np64xve29msr7t3cxqgqpprds75cxfdf6v4pqhtlp9cg9klnwzmeuqy5mqr0z8rw8zgh4vljeu5uaxun0a3aevj8csht6703e0u0c3u0ampezqtq5usgvtlat5auas3dvjqa42m4a5hw666yx0nexaa2eh0vwe3vlde2c576skzhh2gm94lww3pmty63lnf7hmu5f998aywa0axjnt8wu525xj04f557wh5l7nlmguc9tfnejj4r28gdhmktz4x8wjya0qe82ywz0l7h7zuh0uq5qwrkv4hv74x8gx
XCH,offer1qqr83wcuu2rykcmqvpsgaljed4jrl6tyse7d20dxmsyuw0770s6mj2nxm2dmpza4d3nr9800aevh6u9jhww9f5qjhqlhlsjkd6wsaj0rtdpp96stgjzh0n6stfewftcjqvpsxs794t48murkafcflccxrw72rjfn7fyllpunt5flfwcrjujl8md4n4lkp95z2nr2jl3wrk63y8c44ypah87mm6hnga8gk9d60vznarlntvzkkzqllr0l9uspf28ltv4qf876xh707mll0lqundw6a4lh0djgf4n55dhx29umrdlhu09ddacmkmtwgvreaxjhyx4nxl707mljh7zkr335jrd3el30jrdmptesv7naytw05jcq09j6nmdk769la2f44amm463xjy40taz7z2nsdzjmmyrxmnuelelket4vdnhy4ufqvcsleatrvzxgdak96e35uxddfa4lnak5afmj9dkj4k7hcffhr70q3kjl7f56s7hjnvfk84gk054xugeuxps5avxqcrygpq0e6hcen40crxf382lnyd882usxj76pl5428c8awuhnawrhn2fkm5uaynma637wyl6y0xxy3fda6nn7kxjkdlhlqkykh4e9dh4ye2entwe2swkmv93xyuvxt5hyxj7c8kmmmv47um6axkchhnl4p2hyrxg8qg8dtwldrxjre046emy24d88tt6mwfcenhujkvrk646z44pzu0zxva65vem4genh2jym65qj07q9pd7w0puhlxrjevtnxrv00kahsy56l824wt2myeynw5lselrrnyn3lqh930f07pekvk2fg9q5t057kfchykt2gxhfu4tpve8xyktzf639uljf0fhgvut2g90tyuj6v4fx54n2dxzky5n9w4veyctpnfaynd23vfs454jjw465y4nf2fzk5njw2ev62ujehfy45ctz0eu52kj3v9jhjen2v976gdx8xnevfyk5ltqve885andn7kh55v3npcy8xrm34x5ycn844a9ghvh5ps5q4zf0eccvejffp9xv4um3f4cn8asgeums7dfg9ym8prhs95hjujqdp5x5aja5pr90qj070uspdehgwjytj7j5whel7qcpxre5z3hfvhn9xmryc0ll7xgtlf9z7n8623ukh7f5dermaxeuhft6xdg7fhd3q8g4ex60el757ur5ax8ull0egjmu33jp0ftxye23tee9zkd70fyknwj7t9a856neg4c4nytkd9vmn9nesx5hn2tekey6junxvfchrvn6v44xj6jfd9hyvu8k3rysadnrcv2z46gsmgxseevxqwwet9lumdy0k9y3yet8afvkahah9lmmlh03jas6zauzr2n4z5z7erlllyres2nw90px3clpqhwjyjgqrjm8l7atelw5zu7e4ett0l7deh9q4td60nhvm2m8dugyn0eav2uhva0t4h5d54fph8t0g55mk3h8tdr7wkcfhpnhf0n4jrxmwsk2h636kh644e0u2gqa5fl8lsvf7d820u3dh6mys4lum37z32xcdmfn6ats8xr7s84rp59genjm3m89krh6099h5am7px8srq54x5cm7qpepauurs0g9q4lu52kwpc2z58lp8ra4lc9luntyfttkx7jmrkl87ajp4mla092j7m89uc02klhh0l50jcz97mmxktqj7q5dlhq5wuw0a7l0vd78vlgncklw4u9nknmmduhtzvua0h5d3su03feelhl75dulswpcsydmaqp4l4hx8k8klv7swqmqfjgncqsmezxe0y86wllanzwkm095mptrxcr46uzkmvgznvlmn0vsph73m7hs7h8ps4jyvpszsxgg6vr5k9jr2wn9cw9jucp0ax9wjyrjxlc2awej9fzc5hpn5mwkz6xtjmuvkxh8fudfu7jahl64lhn7y0rlwcwgszc98yzz2mkx32nm0h7jdgnv5mclwetllm8mv7t7t87uyk7lx68zeh9ylsdnfr0zdvnh4erajh2uh06kevkl7dmtyu9tkl9yt0prn0mgtxhew9k74plm50jumazw9ptjl9d57efjn7sgwnet9gakdev726vfhswcam5009ljzsq2c5fprqcle9xl
