BEPE,offer1qqr83wcuu2rykcmqvpsxygqqv29z048f4n5u6wqhmmpvqcefkul8kuh0hguyx6a4m6m2y3d8fn4tdsw5c8d6nga4la5w6066lw8adl4rkhlk3m0l07sx5lmsuxlvqlxlu7z80tvdcmd7v3jxfhyr6ykthqlvql8wmtqt38vptkakke9442sv4nkuet7flcmj4476dh7l0k8ajwhhq40r92f0nm2taknmldtxt9clldj6z4w9dz9c9z8w8u35gespj7md38ylaj9uaxnnnxkg3z7guyxfs44jd05efmav428pevwpkmhn7qy4dp8mrdngdn5lhmdhuruet2ffrywth8lwtzet7uw4dn3l338wl4eadd8ufus5yywghty4aelt76u57u3lhg36d3audnrta62uzltnnxuanrgn2jfcc3h96nx6jj7knuulma78wake33c0jmp92vttd9af6cw48mmyk7mp7rp6nj5u7qtdc8qxxxq7hj3ckp2xzu9cqcm7wjcsqnrseqkpdq9ya5zlt2uvstmal00cur0xjn4kf4me9hrhruuel5qlvyfzkmn480uut956l8l3wxp0zgcl4nt9ry7unhhc4mdr8akwgdg7t8e4we8t9zn24wg8julee0pstmeljs48jp3yr3y0h9n0knndpu369wa792jnmh4evhzuu6m7fmzpmw2634wrllgj2z45fvq2xjc5smh3yptssf0mpsrh0eufjl7gzgas0qmaha73hx8jmfvj24edfvm9na7rcqlev70jy9vtu28a0uszngay5jsdsjjl8u5nrtfj9y6nxfdh8jujftfz9xenyfwf8zu6q0x98z4jewfvk55rhteg8u3j84acynza3t9z9rwued9z6gjz7wd9mq6tzwzh97ejpt2c9uh6mf9cyjljsvfa25hjwve0t00u95kzfzhncddfqr524rq9as86watl037xr2vnunxxjeuyl6c80hjkp8a8ec6nm3ndmw7jqkm3fn8llahu4fdawweg4ulnsr8xnjspt225qvatwgefx5ln3ff5z9s4uu6jnzupazfzvat7jq0nx9nun5vulwrpug9grgmn5v2jwt9gk6gme04fve3l3hyxutvp9sagwlhslqyuj7c7pkhdwlrev870kn7t9kjn730ltg6rnfr6m9v00vhce8q5kwn4devt2vfje2hlw4ulh2f00g6vh4l7lzumjs24ka8emkd4dhk7yzfku7k4wtk0h36t6x6thyat5ls9yhacetjlr9wm7skq8hl504a0zqd5lazehupzn7uw4el9twt7zkphfz86l5zj0n3mnh9t07x6yfwlzuln5xsx9w6d7l2d2gx2vrj3sk4lw36pmj8g82gyr0cwuslem76lpwettv5kn60twa4f6688ve3te8920qgdvh8n040la400whtwl5n8anctzpj56n8pkqcj5mzed0vwanqyrw7xr7w93yuuly35608nrjz2fh9rfxwv0xj9t04ja9cwn6hx6ctxtq0dj09mllfchq6dnalz30y9ttcwe46zssgvaxs4plll9u5dswn3m6rpn05077y5392ywxm2lvafn7a2a7ucekz00p7dx2fnn45alxl7pkmd4yk3hhnvhf75l3hsu89ul5u0dl5xz4lzhptzketsmrrwn22squ9asedqcynmpquprkeqtelhmaa3hcanaz0zma6hskw600dhjavfnn4773kxr3798887ll63hn7pefyv5q3fp6lvluhls9935az4lmhnhcwlzrekfmdmnsm65acd9jlf3m2navukaes0k685su8632h3r0yw4leflut3pxhrgn82cmt865asg9evw90hcu7hc8jqhxn86khre2mju3lrradevjgvlnqrnthm0nkf0rk04hk8yewwn6ek9m8pmz79kn8qtnptwejlh0h4v6h6nwlec3v6hqs5lu6mkmf2tu089thp76w3a9t740wjk707gun0ac6ar6llkng9qzpzw0kl2thzpz
BEPE,offer1qqr83wcuu2rykcmqvpsxygqqv29z048f4n5u6wqhmmpvqcefkul8kuh0hguyx6a4m6m2y3d8fn4tdsw5c8d6nga4la5w6066lw8adl4rkhlk3m0l07sx5lmsuxlvqlxlu7z80tvdcmd7v3jxfhyr6ykthqlvql8wmtqt38vptkakke9442sv4nkuet7flcmj4476dh7l0k8ajwhhq40r92f0nm2taknmldtxt9clldj6z4w9dz9c9z8w8u35gekp8wr57vaxu74mcn740kmeuj2qy9vr7ah4ns2xjrefxxldh3lrpawesz65jfnjsvzpweewnreal76psmms7czalkryax2hc7x0wepare2k20kul68udas39cemgzzy9yy4c5wlvnch0k5rwl9mllw95aw9wk0rjpv0hkj549hstmyekdlrlculwdhmg5t36rrhdldf52lkln33xr5a66hvt577ee9r5cxqavmx03urdy57lg9drpuzesur0p6vrs8gsgqhpny09cvgqzgwnyzs8y95hks8a9237rltk9clmsaumjdka98f97lwy0n3873rf33vtttwy7las53nlllcyq4mcrnywpmv6wj9l9ddklyn4w8qq047e7mhut9j0t82h5u7t8qfvlfc9aclf22ncqcjp6j8mjehtfeks7vaj4whr4dfae65kt3w7ddh9a4qa49dg2hzll5rypw6ykqdzeg2cdmejq3ccyh43cpm877vc0my3xwc8sd7m7lq6nreakkf92ukykd6e7mpuq0uk08ezqk9l9878agfc52j2fgxefd0naveq44vj7dej4ujnevffy5657tejrck6f855n9tf39v6np2eccy4npwxckuutxf939rzd2ffyhz6n4vfgmz7t2098xu6tete9xndtjgxn8rzndtfty5kn20enyv5t3g6hmlgav0xuerqv34xsctfrphxgmryd9k6r9j5j8l0usq5ep56pfp5xqwpjpccpfaweq3wxk7rhgldaachk2nn3lpsx0v4fn4pglg7fhemh0hlpd0f8900lll5ew2peend85lnhx5jtzff3yjgj76echuhnlswq4gupj3ggcmgz0vskys49607k5430jm474asgzaa8hz85rhmt87m4vtpsz3thnzwqlrmcwxpuc0xf6ak4yucu9zyjacvz57ghuhk70l4gj8kd7wmrulnvd4ga0m6jv4mk7k960xqu770tjl9nzt67amz9xf509475rjmm509973u5hsfh8n0a60jza379zflef0jzewl6822727k4e3fzr63h6lwr3te5af0j967twjz5lnw8c292mdkaz0t5x6yrzk36sh2628j7gcct3rr86vkj876wu7k3ncxs92etyf7y9kezqtt0tp4dsm80qsvmlg87u9ptlwnmx746xtu7ugxksk3z79f688lma040met7llttefgtz6cmalnrvp5txwt9ddlk38l0mmvkspvfzppp06lal5rmnmahkyj56d40h256uu8lkjtdfn73vgfkn6nl8yv6a74hpqzmm9vtlzlurum7a7pl6pjy23rr49vgnsl79xlheenjv400qw0m9kzkfemtr04wcgyhgxr2msywccmzt4kur7l77mwvf730hdjunl2hv8nknm0wyet60vf083vajunnelelslch9u7sw2pq4q9wwwlmlcysa0txj47f6tu40chx78k3zt058gcln2fq4axlm8pk9405ysc25lygx9f40cp4jr2ayswgq6z62jusxthq0487duz4lnsh2jlnhsjar0za3l8gs2hueku0fcjj9lhm9a0qsjs06hsqh6fekyulfl3a7amvffc90a5xwcm98mjkdjthnhvk028deuu4775weqht3af3deylx87n8uz2ffwlk6w3cuwv6rallgst52cfuh2hwnl0qxqr0mzs792pj26h
BEPE,offer1qqr83wcuu2rykcmqvpsxygqqv29z048f4n5u6wqhmmpvqcefkul8kuh0hguyx6a4m6m2y3d8fn4tdsw5c8d6nga4la5w6066lw8adl4rkhlk3m0l07sx5lmsuxlvqlxlu7z80tvdcmd7v3jxfhyr6ykthqlvql8wmtqt38vptkakke9442sv4nkuet7flcmj4476dh7l0k8ajwhhq40r92f0nm2taknmldtxt9clldj6z4w9dz9c9z8w8u35ge5pu025nskndawk5j6fmmm27tr9sx3e74h7umwpl0q3lmtf7t2tpaxq7p32eye3fxpq8wulf3u70adgcdeclwpx7m9j739ra0r8hws7su4t48mxwa87kucdv43czzs3qe99ak840dm0lcgel0j0wxrx9hwuq5xt8yal43a9fsnwugcdhnfva9x28urv66e93eeg68tat7kur0me6jgn808lfqrt67z3245j8l7g4de9dlggtdnzuzcscrlz6yzs8gctqmqrz0a6vqqzvwryzcxyp5hksta923kpl0h4ulrsau6z0kax8dy7awu0n3873res3y2m0w5al33yhn0ulu9adndhx2hxsake7jn6ah4ag7qjn939dhqnf5lykrdy64ekhw0e5tdcwnqlkra9f20qzzg862lw2xad8x6tenk246uw548hhgj309le95uhh5rky44ptutlwjvs9mgjcr5r9p0phdxqr88qzuk0p8gltmnplvkyemqkphm0mur2d0rk2my4tjujfht06v8s3ajeulqgjch54lcl9r8zs2ff9zmd947093yzh4ktehxzkj20939ynnwne0xqwzlfyuj6v4fx54nzv9t8rqjkv9umzeneveqk5kvf4fpyjutzw439nwtedfu5umnf090yycd4wfq6u7v2v4d9ujj6vfmxv3j3098200at43cmryvfjxs6rpdvvxcervv35klgv526flelzqznyxng9yxscpuxg8rgy84m5q9smmuwdrahhhx7e2ww8uzqfajaxws9nare8l8wa7lu94eyuhal7l6n9mg08xd5737xu6jfvf9xyjdztet8zlk7lupsz48sx29fzrfqfajzejz5hfl6mjk9wfwl6hkpqfh5luv7svl9dlmw93vwp2pw7wfczut0ecq6q2hs63k4xug78wyzecvz5kf87hw70m4gk8kd726n7lnwdegdtm2nvamx6kam0zpv670tjh9nxt6aalr9yfy09el5rjte5094735hhug8pnll68jjl3xxzd7ed06qe2l2826l2kh9l3fqrk38ul7p38e5aflj9kltvjzhlnw8c29gmphdx0t4xkyrykpesmt2282agcet4rry6qhj8720u7hphcw39zctyfkx97czztnvt94asmhvqsdmeg0lupptmwnmx646xtuluv8x5kfq7ff2r8lma04llenalhttlfsgzkemaltzvf4mqwr8d97kh8lvmldk5pvgz9q3f6hlluz745chyhk93ett2lg09umww0xwtr2pjaep0ve5f0vsnmuuvd7wekh7stlskw4r7masfzzk0mcql4x2z6hth3p4m97j0d7w73han6jk0u43ce0057q96ps6kuprkxxcjadhqlhlhkmnz05tamvhyl64mpua57mm3x27nmzteut8vhyu7070u879e085rjsg9gptnnh7l7pz7h4wd7amfk0x7n8sldeuczlz377c7llvqj7lksp2v86slah7wvsm6jaxhlqxkgdr5j9esrgrg2tjsmwaa9wy90nj9vt6x787mrgamu6nuny602qwx77gehpgpe028uns3n8022kts84ns3ck44ypj703jhwws4w7wkrnug748fhn42anl9dkpf7kz0dz00dyua0xm2z8kymdu7zn4dtw07783su3kweh742d05skh0rm7uc6ntgq8dyn73qqetnvn
BEPE,offer1qqr83wcuu2rykcmqvps04e64nrevnsw2g0r7la95jv7z2vk7p0edvtk405g7ue9sunv7ue6nuwtrsf9vtamltxy7uddu2dqhu4ulklcgktnysnuaec2l3qrt4mskuqmeqcyqp7c3gxxgady0366glr45plvezajgmf09p0729pu0lhvtplhfmenymd6z0jta77glxz0azyntrcjkk7f47m9fn8lhlq08h62gsn7d4klv00zhfalx0mk00fftrcyu0prlk3sfs8ct54wlp704nu87gw5eye6qc2qmgmlege4sutd0kwezht366k7kajw9v4lyhns7k3wsndg2h8cps8wlruwa78camunk6lqlnnspwt8sn504aeslktzvastqmaha7p4xh3m9dj24ewfym4haxrcg7ev70syfvt62lu053n3g9y5j3dkj6l8jcjpt6m9umnptf98jcjjfehfuhnq8p05jwfdx25n22e4x5ut3jeghj7jww924u6d3der9vajzt9ueu727ffycuunk09r92etpt964npjfdeyhzkd9v4gcy5t3095k2h4phx5ca2jk0fha8lsq2vk2f2034p34lnlelvtqdlz2uf6mm0w0wf2a4ayaky0ywl4ahp0e0nwphwjwg3n56y2elanuhe8ll7dhyjllrly2ff08wff5kyjnzf939adj3tel8lslpzsgy96333kqq7fzvdq77zl06kkxev2nkuhue92fx6l9wx4slwca90qajmapx4rlqe88v00jahlllfhz8ng9qkr3pxkrrvhqt7tm08l65frmxl8d370ekx65whaafx2am0tza8nqw0084e0je39a0wa3zjm2xv6z9puk5azxdp6ydzyq0drx0pqxmxxppf8v8wa05409lf2se53patm308pcaa6z4hlzdw9hf3w0ekrc9zhdxmw4xpuhwwyxux66va6hgen9w3nxt5x04ngtk5akuqra838ly5540m667nh797hu2tmxdt0q0hnd2wuvt5m5mx7q2zu086rr3zezdeshyrnntcxgttphdtcrmrsq65uwv72fm8kll2mc3y0h84eesnfc6aemxvax620eaz3a4359he54xr8urekxl0e08ejf4demeee0llcz7y6k9gm2q5hlluhmsfxwun870wrua03tdxgt4mky3yvvt87ldm7rty4664ddznj7u3hl7m7m7cqxcwf3c8hdc7kh2rlcdvadc97vwm78nlh562kth5c9z4n57lah42vpnmpj6zypfkxpl7xl7techllaakccnazlwm9ehu4wc08dhk7ufjn576jkwzem9m88jlhl3l3wtelqqp40cpkj7zlan37mu8lc9x8zp96n56m6x08gtdes7pvv4tw0nmwtktkw6pd2mdaddrgjnya6dkgqeu7llmls9ewztwna8w4vqv0u75zs2u4x0l9hd7a2e54vlpy352jty6cd299mrkz723gxq2qfprfsw55qj6m50fchg7n3w3a8zar6w9685ut50fc5pfshyykjfumanufaadfkrfhekxcex5slwjpvu0aqpuaedvp7xasxwmk6ayw4q2ts0lcez7wtn90e8lr72khmfjlml7c7kd67uzauv3f9709f0k6l0a4deghrlaktg24c45fffvtv9nfwdpfhxsd70sx7x2t8lm32lfl8dj7tyftkcwdpenwz3uehlfdfexupk8u0lrylrllls2as7cmkyc0sm4fme0lmx0w5xpt089ddgj8nyrl0ngzgvpdzc4dawp2zng7gf4vpd3wr0mwqsvm60l4xc4873w4xk3carmau3nj5nra0f990mausncmjz682s2248rux30r80m2kmxtm8u5jrme3xyg7uxjs29mu7ld5ehtqn7elwa0jm73y2h0lwclujjvsuga60fpjy7mualxvjth389se83cc38h6h45hzycq5sljduc5r5rqy
BEPE,offer1qqr83wcuu2rykcmqvps057xfasfv02nrq6085dv80vttee627du8c04khl5ftpxl0c4mjx89y7ez4kf6qy0ra8uezlemh4kcu4jhnhamj9u82ukgsk0urtcc0696wtt8sqqtq8c3cn5y37lgfra7sj8mjqwknpaya5zlt2uvstmal00cur0xjn4kf4me9hrhruuel5qlvyfzkmn480uut956l8l3w2q58adv778uekdzkt38f3ptyy4xh7292kpr0rh03x5le9feglh0ptdm3c8asafztnuqsspknhlj3htpckj7vaj4whr44faamy5te07fd8padza3y6s4wtsnzw478uatu0e6he8a47p78rqj7k8q8vlmenplvjyemq7phm0mur2v08k6ey4tjcjeht8mv8spljeulygzchu5lcl3p9632ff9qm99470e9x5knxv90g5mjjfe389dtwwfmxvh4kt4hxvknxfe49zcnj4f08yl4w04nyzk4s0e3xcczmsps8y4resksej7nsvwpmtdtms7vk5kv35k49y5dy0w9yjar85wrxckt6v9cx272p2a3u8l0lrqyd372hdn68s0tk2300u66dtv298nvff768zr3hy6w9kxwq7s7rdd8nc07l6n9eu5uzwfe48htt6gfl902d0hpp8ndu7g7tcgkjx2pq9h2aek79e0zjhjf29hgjgveeejmrqgpqpgm7e4u4nzc7rrrevedknz5hzr36l2pwec09ff33d6tnt9devh2hwstp6l73xt2helllumwty8xnzswez8pv2mv6nxkh5ewagkjkre0fj9v65pt9tytgtns3rhvsd754fktx4hgktxzkjx06sp8jp38yvskkh0unj2lkkfl35hlg292rmexzlxv6jhuvtxjen86pgv9u8mahd6snllllaxug7qjyzeug9ghhrlth08a65trmxl9dfl0ehxu5x4a4fkwandtwah3qkd084etjen9aw7l3jjj28yaaaqvjvdr6v76853uqhwrxw7uxty6v7epvh0ar49090t2uc53pagma0hpc4u6w5heza09hfp20ehru9z4dkmw3836hxwl4n4ccp0td6zxfahdzhcssd8xnpcfnt3tv09hdfwtmczt0d05trlje2m0yrfvgnjw3dx2az6v55ye27shdrmvs948fqw8vlruuhlahckdc50q2tma7unxs077t3u7h4e7lkt9ya44vsunqd338ustjreere6rjzed0vxuaqqrw7xrm0hv4snhln8lwktzygw294xk09cl0gd42699mh04067gmmakxdxr3vh2wndk6zhyc82a79elfu7a806yqptx5d4p20ls337mlcza949a4ddqk0v43g64da6m8m0fk7ljvwxwrynrtmyc92k5ku5d4frnsfwqvx50qgaln0l3luz70a7l0vd79vhfnuklw4u9nknmmd5htzvva0h4d4su03feelhlu59ulswp6svvmeqphl4hxxk946l30eq5euy98wwnt0gculp95xre9njawej0aaw3vemg4htd5445ax253hpkfx8ljmll06qdnd506g2jwktj6njtmdnte7xne0hngxljylnppdrlptl4pemzlwlds3jyvpszsxgg6vr49y5x5atjwp6hyur4wfc82unsw4e8qatjwpqjw9eqf5jlxlv7z00tgdcmd7d3kxf4yrmyjt8zlvql8wttqt38vpmkakhep4grjurl7xqhnkuet7flcmj4476dh7l0k8ajwhhq40r92f0nm2taknmldtxt9clldj6z4w9azzz2zlpwctmftdeur8u00hjm5tlvlf7l2njl40mfhmt8jsezhlnceq7hn8mt7xl09dran83laluyr2cfzdc0vzzjz25kwpv700jcypj800rr7a07t7skm6v8e224nr20jldkak95ce7u3mc80asanrfnkkr8sdw40d5ayr9fhyplrkmw65udjwtu7tma8dx09j7a23748zget6a7ulxla8r8t5w0scs2j6k2m2jepma8nmutd64jxa75kltxpgqn6lzu6gkc06a5
BEPE,offer1qqr83wcuu2rykcmqvpsxygqqv29z048f4n5u6wqhmmpvqcefkul8kuh0hguyx6a4m6m2y3d8fn4tdsw5c8d6nga4la5w6066lw8adl4rkhlk3m0l07sx5lmsuxlvqlxlu7z80tvdcmd7v3jxfhyr6ykthqlvql8wmtqt38vptkakke9442sv4nkuet7flcmj4476dh7l0k8ajwhhq40r92f0nm2taknmldtxt9clldj6z4w9dz9c9z8w8u35gespj7md38ylaj9uaxnnnxkg3z7guyxfs44jd05efmav428pevwpkmhn7qy4dp8mrdngdn5lhmdhuruet2ffrywth8lwtzet7uw4dn3l338wl4eadd8ufus5yywghty4aelt76u57u3lhg36d3audnrta62uzltnnxuanrgn2jfcc3h96nx6jj7knuulma78wake33c0jmp92vttd9af6cw48mmyk7mp7rp6nj5u7qtdc8qxxxq7hj3ckp2xzu9cqcm7wjcsqnrseqkpdq9ya5zlt2uvstmal00cur0xjn4kf4me9hrhruuel5qlvyfzkmn480uut956l8l3wxp0zgcl4nt9ry7unhhc4mdr8akwgdg7t8e4we8t9zn24wg8julee0pstmeljs48jp3yr3y0h9n0knndpu369wa792jnmh4evhzuu6m7fmzpmw2634wrllgj2z45fvq2xjc5smh3yptssf0mpsrh0eufjl7gzgas0qmaha73hx8jmfvj24edfvm9na7rcqlev70jy9vtu28a0uszngay5jsdsjjl8u5nrtfj9y6nxfdh8jujftfz9xenyfwf8zu6q0x98z4jewfvk55rhteg8u3j84acynza3t9z9rwued9z6gjz7wd9mq6tzwzh97ejpt2c9uh6mf9cyjljsvfa25hjwve0t00u95kzfzhncddfqr524rq9as86watl037xr2vnunxxjeuyl6c80hjkp8a8ec6nm3ndmw7jqkm3fn8llahu4fdawweg4ulnsr8xnjspt225qvatwgefx5ln3ff5z9s4uu6jnzupazfzvat7jq0nx9nun5vulwrpug9grgmn5v2jwt9gk6gme04fve3l3hyxutvp9sagwlhslqyuj7c7pkhdwlrev870kn7t9kjn730ltg6rnfr6m9v00vhce8q5kwn4devt2vfje2hlw4ulh2f00g6vh4l7lzumjs24ka8emkd4dhk7yzfku7k4wtk0h36t6x6thyat5ls9yhacetjlr9wm7skq8hl504a0zqd5lazehupzn7uw4el9twt7zkphfz86l5zj0n3mnh9t07x6yfwlzuln5xsx9w6d7l2d2gx2vrj3sk4lw36pmj8g82gyr0cwuslem76lpwettv5kn60twa4f6688ve3te8920qgdvh8n040la400whtwl5n8anctzpj56n8pkqcj5mzed0vwanqyrw7xr7w93yuuly35608nrjz2fh9rfxwv0xj9t04ja9cwn6hx6ctxtq0dj09mllfchq6dnalz30y9ttcwe46zssgvaxs4plll9u5dswn3m6rpn05077y5392ywxm2lvafn7a2a7ucekz00p7dx2fnn45alxl7pkmd4yk3hhnvhf75l3hsu89ul5u0dl5xz4lzhptzketsmrrwn22squ9asedqcynmpquprkeqtelhmaa3hcanaz0zma6hskw600dhjavfnn4773kxr3798887ll63hn7pefyv5q3fp6lvluhls9935az4lmhnhcwlzrekfmdmnsm65acd9jlf3m2navukaes0k685su8632h3r0yw4leflut3pxhrgn82cmt865asg9evw90hcu7hc8jqhxn86khre2mju3lrradevjgvlnqrnthm0nkf0rk04hk8yewwn6ek9m8pmz79kn8qtnptwejlh0h4v6h6nwlec3v6hqs5lu6mkmf2tu089thp76w3a9t740wjk707gun0ac6ar6llkng9qzpzw0kl2thzpz
BEPE,offer1qqr83wcuu2rykcmqvpsxygqqv29z048f4n5u6wqhmmpvqcefkul8kuh0hguyx6a4m6m2y3d8fn4tdsw5c8d6nga4la5w6066lw8adl4rkhlk3m0l07sx5lmsuxlvqlxlu7z80tvdcmd7v3jxfhyr6ykthqlvql8wmtqt38vptkakke9442sv4nkuet7flcmj4476dh7l0k8ajwhhq40r92f0nm2taknmldtxt9clldj6z4w9dz9c9z8w8u35gekp8wr57vaxu74mcn740kmeuj2qy9vr7ah4ns2xjrefxxldh3lrpawesz65jfnjsvzpweewnreal76psmms7czalkryax2hc7x0wepare2k20kul68udas39cemgzzy9yy4c5wlvnch0k5rwl9mllw95aw9wk0rjpv0hkj549hstmyekdlrlculwdhmg5t36rrhdldf52lkln33xr5a66hvt577ee9r5cxqavmx03urdy57lg9drpuzesur0p6vrs8gsgqhpny09cvgqzgwnyzs8y95hks8a9237rltk9clmsaumjdka98f97lwy0n3873rf33vtttwy7las53nlllcyq4mcrnywpmv6wj9l9ddklyn4w8qq047e7mhut9j0t82h5u7t8qfvlfc9aclf22ncqcjp6j8mjehtfeks7vaj4whr4dfae65kt3w7ddh9a4qa49dg2hzll5rypw6ykqdzeg2cdmejq3ccyh43cpm877vc0my3xwc8sd7m7lq6nreakkf92ukykd6e7mpuq0uk08ezqk9l9878agfc52j2fgxefd0naveq44vj7dej4ujnevffy5657tejrck6f855n9tf39v6np2eccy4npwxckuutxf939rzd2ffyhz6n4vfgmz7t2098xu6tete9xndtjgxn8rzndtfty5kn20enyv5t3g6hmlgav0xuerqv34xsctfrphxgmryd9k6r9j5j8l0usq5ep56pfp5xqwpjpccpfaweq3wxk7rhgldaachk2nn3lpsx0v4fn4pglg7fhemh0hlpd0f8900lll5ew2peend85lnhx5jtzff3yjgj76echuhnlswq4gupj3ggcmgz0vskys49607k5430jm474asgzaa8hz85rhmt87m4vtpsz3thnzwqlrmcwxpuc0xf6ak4yucu9zyjacvz57ghuhk70l4gj8kd7wmrulnvd4ga0m6jv4mk7k960xqu770tjl9nzt67amz9xf509475rjmm509973u5hsfh8n0a60jza379zflef0jzewl6822727k4e3fzr63h6lwr3te5af0j967twjz5lnw8c292mdkaz0t5x6yrzk36sh2628j7gcct3rr86vkj876wu7k3ncxs92etyf7y9kezqtt0tp4dsm80qsvmlg87u9ptlwnmx746xtu7ugxksk3z79f688lma040met7llttefgtz6cmalnrvp5txwt9ddlk38l0mmvkspvfzppp06lal5rmnmahkyj56d40h256uu8lkjtdfn73vgfkn6nl8yv6a74hpqzmm9vtlzlurum7a7pl6pjy23rr49vgnsl79xlheenjv400qw0m9kzkfemtr04wcgyhgxr2msywccmzt4kur7l77mwvf730hdjunl2hv8nknm0wyet60vf083vajunnelelslch9u7sw2pq4q9wwwlmlcysa0txj47f6tu40chx78k3zt058gcln2fq4axlm8pk9405ysc25lygx9f40cp4jr2ayswgq6z62jusxthq0487duz4lnsh2jlnhsjar0za3l8gs2hueku0fcjj9lhm9a0qsjs06hsqh6fekyulfl3a7amvffc90a5xwcm98mjkdjthnhvk028deuu4775weqht3af3deylx87n8uz2ffwlk6w3cuwv6rallgst52cfuh2hwnl0qxqr0mzs792pj26h
BEPE,offer1qqr83wcuu2rykcmqvpsxygqqv29z048f4n5u6wqhmmpvqcefkul8kuh0hguyx6a4m6m2y3d8fn4tdsw5c8d6nga4la5w6066lw8adl4rkhlk3m0l07sx5lmsuxlvqlxlu7z80tvdcmd7v3jxfhyr6ykthqlvql8wmtqt38vptkakke9442sv4nkuet7flcmj4476dh7l0k8ajwhhq40r92f0nm2taknmldtxt9clldj6z4w9dz9c9z8w8u35ge5pu025nskndawk5j6fmmm27tr9sx3e74h7umwpl0q3lmtf7t2tpaxq7p32eye3fxpq8wulf3u70adgcdeclwpx7m9j739ra0r8hws7su4t48mxwa87kucdv43czzs3qe99ak840dm0lcgel0j0wxrx9hwuq5xt8yal43a9fsnwugcdhnfva9x28urv66e93eeg68tat7kur0me6jgn808lfqrt67z3245j8l7g4de9dlggtdnzuzcscrlz6yzs8gctqmqrz0a6vqqzvwryzcxyp5hksta923kpl0h4ulrsau6z0kax8dy7awu0n3873res3y2m0w5al33yhn0ulu9adndhx2hxsake7jn6ah4ag7qjn939dhqnf5lykrdy64ekhw0e5tdcwnqlkra9f20qzzg862lw2xad8x6tenk246uw548hhgj309le95uhh5rky44ptutlwjvs9mgjcr5r9p0phdxqr88qzuk0p8gltmnplvkyemqkphm0mur2d0rk2my4tjujfht06v8s3ajeulqgjch54lcl9r8zs2ff9zmd947093yzh4ktehxzkj20939ynnwne0xqwzlfyuj6v4fx54nzv9t8rqjkv9umzeneveqk5kvf4fpyjutzw439nwtedfu5umnf090yycd4wfq6u7v2v4d9ujj6vfmxv3j3098200at43cmryvfjxs6rpdvvxcervv35klgv526flelzqznyxng9yxscpuxg8rgy84m5q9smmuwdrahhhx7e2ww8uzqfajaxws9nare8l8wa7lu94eyuhal7l6n9mg08xd5737xu6jfvf9xyjdztet8zlk7lupsz48sx29fzrfqfajzejz5hfl6mjk9wfwl6hkpqfh5luv7svl9dlmw93vwp2pw7wfczut0ecq6q2hs63k4xug78wyzecvz5kf87hw70m4gk8kd726n7lnwdegdtm2nvamx6kam0zpv670tjh9nxt6aalr9yfy09el5rjte5094735hhug8pnll68jjl3xxzd7ed06qe2l2826l2kh9l3fqrk38ul7p38e5aflj9kltvjzhlnw8c29gmphdx0t4xkyrykpesmt2282agcet4rry6qhj8720u7hphcw39zctyfkx97czztnvt94asmhvqsdmeg0lupptmwnmx646xtuluv8x5kfq7ff2r8lma04llenalhttlfsgzkemaltzvf4mqwr8d97kh8lvmldk5pvgz9q3f6hlluz745chyhk93ett2lg09umww0xwtr2pjaep0ve5f0vsnmuuvd7wekh7stlskw4r7masfzzk0mcql4x2z6hth3p4m97j0d7w73han6jk0u43ce0057q96ps6kuprkxxcjadhqlhlhkmnz05tamvhyl64mpua57mm3x27nmzteut8vhyu7070u879e085rjsg9gptnnh7l7pz7h4wd7amfk0x7n8sldeuczlz377c7llvqj7lksp2v86slah7wvsm6jaxhlqxkgdr5j9esrgrg2tjsmwaa9wy90nj9vt6x787mrgamu6nuny602qwx77gehpgpe028uns3n8022kts84ns3ck44ypj703jhwws4w7wkrnug748fhn42anl9dkpf7kz0dz00dyua0xm2z8kymdu7zn4dtw07783su3kweh742d05skh0rm7uc6ntgq8dyn73qqetnvn
BEPE,offer1qqr83wcuu2rykcmqvps04e64nrevnsw2g0r7la95jv7z2vk7p0edvtk405g7ue9sunv7ue6nuwtrsf9vtamltxy7uddu2dqhu4ulklcgktnysnuaec2l3qrt4mskuqmeqcyqp7c3gxxgady0366glr45plvezajgmf09p0729pu0lhvtplhfmenymd6z0jta77glxz0azyntrcjkk7f47m9fn8lhlq08h62gsn7d4klv00zhfalx0mk00fftrcyu0prlk3sfs8ct54wlp704nu87gw5eye6qc2qmgmlege4sutd0kwezht366k7kajw9v4lyhns7k3wsndg2h8cps8wlruwa78camunk6lqlnnspwt8sn504aeslktzvastqmaha7p4xh3m9dj24ewfym4haxrcg7ev70syfvt62lu053n3g9y5j3dkj6l8jcjpt6m9umnptf98jcjjfehfuhnq8p05jwfdx25n22e4x5ut3jeghj7jww924u6d3der9vajzt9ueu727ffycuunk09r92etpt964npjfdeyhzkd9v4gcy5t3095k2h4phx5ca2jk0fha8lsq2vk2f2034p34lnlelvtqdlz2uf6mm0w0wf2a4ayaky0ywl4ahp0e0nwphwjwg3n56y2elanuhe8ll7dhyjllrly2ff08wff5kyjnzf939adj3tel8lslpzsgy96333kqq7fzvdq77zl06kkxev2nkuhue92fx6l9wx4slwca90qajmapx4rlqe88v00jahlllfhz8ng9qkr3pxkrrvhqt7tm08l65frmxl8d370ekx65whaafx2am0tza8nqw0084e0je39a0wa3zjm2xv6z9puk5azxdp6ydzyq0drx0pqxmxxppf8v8wa05409lf2se53patm308pcaa6z4hlzdw9hf3w0ekrc9zhdxmw4xpuhwwyxux66va6hgen9w3nxt5x04ngtk5akuqra838ly5540m667nh797hu2tmxdt0q0hnd2wuvt5m5mx7q2zu086rr3zezdeshyrnntcxgttphdtcrmrsq65uwv72fm8kll2mc3y0h84eesnfc6aemxvax620eaz3a4359he54xr8urekxl0e08ejf4demeee0llcz7y6k9gm2q5hlluhmsfxwun870wrua03tdxgt4mky3yvvt87ldm7rty4664ddznj7u3hl7m7m7cqxcwf3c8hdc7kh2rlcdvadc97vwm78nlh562kth5c9z4n57lah42vpnmpj6zypfkxpl7xl7techllaakccnazlwm9ehu4wc08dhk7ufjn576jkwzem9m88jlhl3l3wtelqqp40cpkj7zlan37mu8lc9x8zp96n56m6x08gtdes7pvv4tw0nmwtktkw6pd2mdaddrgjnya6dkgqeu7llmls9ewztwna8w4vqv0u75zs2u4x0l9hd7a2e54vlpy352jty6cd299mrkz723gxq2qfprfsw55qj6m50fchg7n3w3a8zar6w9685ut50fc5pfshyykjfumanufaadfkrfhekxcex5slwjpvu0aqpuaedvp7xasxwmk6ayw4q2ts0lcez7wtn90e8lr72khmfjlml7c7kd67uzauv3f9709f0k6l0a4deghrlaktg24c45fffvtv9nfwdpfhxsd70sx7x2t8lm32lfl8dj7tyftkcwdpenwz3uehlfdfexupk8u0lrylrllls2as7cmkyc0sm4fme0lmx0w5xpt089ddgj8nyrl0ngzgvpdzc4dawp2zng7gf4vpd3wr0mwqsvm60l4xc4873w4xk3carmau3nj5nra0f990mausncmjz682s2248rux30r80m2kmxtm8u5jrme3xyg7uxjs29mu7ld5ehtqn7elwa0jm73y2h0lwclujjvsuga60fpjy7mualxvjth389se83cc38h6h45hzycq5sljduc5r5rqy
BEPE,offer1qqr83wcuu2rykcmqvps057xfasfv02nrq6085dv80vttee627du8c04khl5ftpxl0c4mjx89y7ez4kf6qy0ra8uezlemh4kcu4jhnhamj9u82ukgsk0urtcc0696wtt8sqqtq8c3cn5y37lgfra7sj8mjqwknpaya5zlt2uvstmal00cur0xjn4kf4me9hrhruuel5qlvyfzkmn480uut956l8l3w2q58adv778uekdzkt38f3ptyy4xh7292kpr0rh03x5le9feglh0ptdm3c8asafztnuqsspknhlj3htpckj7vaj4whr44faamy5te07fd8padza3y6s4wtsnzw478uatu0e6he8a47p78rqj7k8q8vlmenplvjyemq7phm0mur2v08k6ey4tjcjeht8mv8spljeulygzchu5lcl3p9632ff9qm99470e9x5knxv90g5mjjfe389dtwwfmxvh4kt4hxvknxfe49zcnj4f08yl4w04nyzk4s0e3xcczmsps8y4resksej7nsvwpmtdtms7vk5kv35k49y5dy0w9yjar85wrxckt6v9cx272p2a3u8l0lrqyd372hdn68s0tk2300u66dtv298nvff768zr3hy6w9kxwq7s7rdd8nc07l6n9eu5uzwfe48htt6gfl902d0hpp8ndu7g7tcgkjx2pq9h2aek79e0zjhjf29hgjgveeejmrqgpqpgm7e4u4nzc7rrrevedknz5hzr36l2pwec09ff33d6tnt9devh2hwstp6l73xt2helllumwty8xnzswez8pv2mv6nxkh5ewagkjkre0fj9v65pt9tytgtns3rhvsd754fktx4hgktxzkjx06sp8jp38yvskkh0unj2lkkfl35hlg292rmexzlxv6jhuvtxjen86pgv9u8mahd6snllllaxug7qjyzeug9ghhrlth08a65trmxl9dfl0ehxu5x4a4fkwandtwah3qkd084etjen9aw7l3jjj28yaaaqvjvdr6v76853uqhwrxw7uxty6v7epvh0ar49090t2uc53pagma0hpc4u6w5heza09hfp20ehru9z4dkmw3836hxwl4n4ccp0td6zxfahdzhcssd8xnpcfnt3tv09hdfwtmczt0d05trlje2m0yrfvgnjw3dx2az6v55ye27shdrmvs948fqw8vlruuhlahckdc50q2tma7unxs077t3u7h4e7lkt9ya44vsunqd338ustjreere6rjzed0vxuaqqrw7xrm0hv4snhln8lwktzygw294xk09cl0gd42699mh04067gmmakxdxr3vh2wndk6zhyc82a79elfu7a806yqptx5d4p20ls337mlcza949a4ddqk0v43g64da6m8m0fk7ljvwxwrynrtmyc92k5ku5d4frnsfwqvx50qgaln0l3luz70a7l0vd79vhfnuklw4u9nknmmd5htzvva0h4d4su03feelhlu59ulswp6svvmeqphl4hxxk946l30eq5euy98wwnt0gculp95xre9njawej0aaw3vemg4htd5445ax253hpkfx8ljmll06qdnd506g2jwktj6njtmdnte7xne0hngxljylnppdrlptl4pemzlwlds3jyvpszsxgg6vr49y5x5atjwp6hyur4wfc82unsw4e8qatjwpqjw9eqf5jlxlv7z00tgdcmd7d3kxf4yrmyjt8zlvql8wttqt38vpmkakhep4grjurl7xqhnkuet7flcmj4476dh7l0k8ajwhhq40r92f0nm2taknmldtxt9clldj6z4w9azzz2zlpwctmftdeur8u00hjm5tlvlf7l2njl40mfhmt8jsezhlnceq7hn8mt7xl09dran83laluyr2cfzdc0vzzjz25kwpv700jcypj800rr7a07t7skm6v8e224nr20jldkak95ce7u3mc80asanrfnkkr8sdw40d5ayr9fhyplrkmw65udjwtu7tma8dx09j7a23748zget6a7ulxla8r8t5w0scs2j6k2m2jepma8nmutd64jxa75kltxpgqn6lzu6gkc06a6
BEPE,offer1qqr83wcuu2rykcmqvpsxygqqv29z048f4n5u6wqhmmpvqcefkul8kuh0hguyx6a4m6m2y3d8fn4tdsw5c8d6nga4la5w6066lw8adl4rkhlk3m0l07sx5lmsuxlvqlxlu7z80tvdcmd7v3jxfhyr6ykthqlvql8wmtqt38vptkakke9442sv4nkuet7flcmj4476dh7l0k8ajwhhq40r92f0nm2taknmldtxt9clldj6z4w9dz9c9z8w8u35gespj7md38ylaj9uaxnnnxkg3z7guyxfs44jd05efmav428pevwpkmhn7qy4dp8mrdngdn5lhmdhuruet2ffrywth8lwtzet7uw4dn3l338wl4eadd8ufus5yywghty4aelt76u57u3lhg36d3audnrta62uzltnnxuanrgn2jfcc3h96nx6jj7knuulma78wake33c0jmp92vttd9af6cw48mmyk7mp7rp6nj5u7qtdc8qxxxq7hj3ckp2xzu9cqcm7wjcsqnrseqkpdq9ya5zlt2uvstmal00cur0xjn4kf4me9hrhruuel5qlvyfzkmn480uut956l8l3wxp0zgcl4nt9ry7unhhc4mdr8akwgdg7t8e4we8t9zn24wg8julee0pstmeljs48jp3yr3y0h9n0knndpu369wa792jnmh4evhzuu6m7fmzpmw2634wrllgj2z45fvq2xjc5smh3yptssf0mpsrh0eufjl7gzgas0qmaha73hx8jmfvj24edfvm9na7rcqlev70jy9vtu28a0uszngay5jsdsjjl8u5nrtfj9y6nxfdh8jujftfz9xenyfwf8zu6q0x98z4jewfvk55rhteg8u3j84acynza3t9z9rwued9z6gjz7wd9mq6tzwzh97ejpt2c9uh6mf9cyjljsvfa25hjwve0t00u95kzfzhncddfqr524rq9as86watl037xr2vnunxxjeuyl6c80hjkp8a8ec6nm3ndmw7jqkm3fn8llahu4fdawweg4ulnsr8xnjspt225qvatwgefx5ln3ff5z9s4uu6jnzupazfzvat7jq0nx9nun5vulwrpug9grgmn5v2jwt9gk6gme04fve3l3hyxutvp9sagwlhslqyuj7c7pkhdwlrev870kn7t9kjn730ltg6rnfr6m9v00vhce8q5kwn4devt2vfje2hlw4ulh2f00g6vh4l7lzumjs24ka8emkd4dhk7yzfku7k4wtk0h36t6x6thyat5ls9yhacetjlr9wm7skq8hl504a0zqd5lazehupzn7uw4el9twt7zkphfz86l5zj0n3mnh9t07x6yfwlzuln5xsx9w6d7l2d2gx2vrj3sk4lw36pmj8g82gyr0cwuslem76lpwettv5kn60twa4f6688ve3te8920qgdvh8n040la400whtwl5n8anctzpj56n8pkqcj5mzed0vwanqyrw7xr7w93yuuly35608nrjz2fh9rfxwv0xj9t04ja9cwn6hx6ctxtq0dj09mllfchq6dnalz30y9ttcwe46zssgvaxs4plll9u5dswn3m6rpn05077y5392ywxm2lvafn7a2a7ucekz00p7dx2fnn45alxl7pkmd4yk3hhnvhf75l3hsu89ul5u0dl5xz4lzhptzketsmrrwn22squ9asedqcynmpquprkeqtelhmaa3hcanaz0zma6hskw600dhjavfnn4773kxr3798887ll63hn7pefyv5q3fp6lvluhls9935az4lmhnhcwlzrekfmdmnsm65acd9jlf3m2navukaes0k685su8632h3r0yw4leflut3pxhrgn82cmt865asg9evw90hcu7hc8jqhxn86khre2mju3lrradevjgvlnqrnthm0nkf0rk04hk8yewwn6ek9m8pmz79kn8qtnptwejlh0h4v6h6nwlec3v6hqs5lu6mkmf2tu089thp76w3a9t740wjk707gun0ac6ar6llkng9qzpzw0kl2thzpz
BEPE,offer1qqr83wcuu2rykcmqvpsxygqqv29z048f4n5u6wqhmmpvqcefkul8kuh0hguyx6a4m6m2y3d8fn4tdsw5c8d6nga4la5w6066lw8adl4rkhlk3m0l07sx5lmsuxlvqlxlu7z80tvdcmd7v3jxfhyr6ykthqlvql8wmtqt38vptkakke9442sv4nkuet7flcmj4476dh7l0k8ajwhhq40r92f0nm2taknmldtxt9clldj6z4w9dz9c9z8w8u35gekp8wr57vaxu74mcn740kmeuj2qy9vr7ah4ns2xjrefxxldh3lrpawesz65jfnjsvzpweewnreal76psmms7czalkryax2hc7x0wepare2k20kul68udas39cemgzzy9yy4c5wlvnch0k5rwl9mllw95aw9wk0rjpv0hkj549hstmyekdlrlculwdhmg5t36rrhdldf52lkln33xr5a66hvt577ee9r5cxqavmx03urdy57lg9drpuzesur0p6vrs8gsgqhpny09cvgqzgwnyzs8y95hks8a9237rltk9clmsaumjdka98f97lwy0n3873rf33vtttwy7las53nlllcyq4mcrnywpmv6wj9l9ddklyn4w8qq047e7mhut9j0t82h5u7t8qfvlfc9aclf22ncqcjp6j8mjehtfeks7vaj4whr4dfae65kt3w7ddh9a4qa49dg2hzll5rypw6ykqdzeg2cdmejq3ccyh43cpm877vc0my3xwc8sd7m7lq6nreakkf92ukykd6e7mpuq0uk08ezqk9l9878agfc52j2fgxefd0naveq44vj7dej4ujnevffy5657tejrck6f855n9tf39v6np2eccy4npwxckuutxf939rzd2ffyhz6n4vfgmz7t2098xu6tete9xndtjgxn8rzndtfty5kn20enyv5t3g6hmlgav0xuerqv34xsctfrphxgmryd9k6r9j5j8l0usq5ep56pfp5xqwpjpccpfaweq3wxk7rhgldaachk2nn3lpsx0v4fn4pglg7fhemh0hlpd0f8900lll5ew2peend85lnhx5jtzff3yjgj76echuhnlswq4gupj3ggcmgz0vskys49607k5430jm474asgzaa8hz85rhmt87m4vtpsz3thnzwqlrmcwxpuc0xf6ak4yucu9zyjacvz57ghuhk70l4gj8kd7wmrulnvd4ga0m6jv4mk7k960xqu770tjl9nzt67amz9xf509475rjmm509973u5hsfh8n0a60jza379zflef0jzewl6822727k4e3fzr63h6lwr3te5af0j967twjz5lnw8c292mdkaz0t5x6yrzk36sh2628j7gcct3rr86vkj876wu7k3ncxs92etyf7y9kezqtt0tp4dsm80qsvmlg87u9ptlwnmx746xtu7ugxksk3z79f688lma040met7llttefgtz6cmalnrvp5txwt9ddlk38l0mmvkspvfzppp06lal5rmnmahkyj56d40h256uu8lkjtdfn73vgfkn6nl8yv6a74hpqzmm9vtlzlurum7a7pl6pjy23rr49vgnsl79xlheenjv400qw0m9kzkfemtr04wcgyhgxr2msywccmzt4kur7l77mwvf730hdjunl2hv8nknm0wyet60vf083vajunnelelslch9u7sw2pq4q9wwwlmlcysa0txj47f6tu40chx78k3zt058gcln2fq4axlm8pk9405ysc25lygx9f40cp4jr2ayswgq6z62jusxthq0487duz4lnsh2jlnhsjar0za3l8gs2hueku0fcjj9lhm9a0qsjs06hsqh6fekyulfl3a7amvffc90a5xwcm98mjkdjthnhvk028deuu4775weqht3af3deylx87n8uz2ffwlk6w3cuwv6rallgst52cfuh2hwnl0qxqr0mzs792pj26h
BEPE,offer1qqr83wcuu2rykcmqvpsxygqqv29z048f4n5u6wqhmmpvqcefkul8kuh0hguyx6a4m6m2y3d8fn4tdsw5c8d6nga4la5w6066lw8adl4rkhlk3m0l07sx5lmsuxlvqlxlu7z80tvdcmd7v3jxfhyr6ykthqlvql8wmtqt38vptkakke9442sv4nkuet7flcmj4476dh7l0k8ajwhhq40r92f0nm2taknmldtxt9clldj6z4w9dz9c9z8w8u35ge5pu025nskndawk5j6fmmm27tr9sx3e74h7umwpl0q3lmtf7t2tpaxq7p32eye3fxpq8wulf3u70adgcdeclwpx7m9j739ra0r8hws7su4t48mxwa87kucdv43czzs3qe99ak840dm0lcgel0j0wxrx9hwuq5xt8yal43a9fsnwugcdhnfva9x28urv66e93eeg68tat7kur0me6jgn808lfqrt67z3245j8l7g4de9dlggtdnzuzcscrlz6yzs8gctqmqrz0a6vqqzvwryzcxyp5hksta923kpl0h4ulrsau6z0kax8dy7awu0n3873res3y2m0w5al33yhn0ulu9adndhx2hxsake7jn6ah4ag7qjn939dhqnf5lykrdy64ekhw0e5tdcwnqlkra9f20qzzg862lw2xad8x6tenk246uw548hhgj309le95uhh5rky44ptutlwjvs9mgjcr5r9p0phdxqr88qzuk0p8gltmnplvkyemqkphm0mur2d0rk2my4tjujfht06v8s3ajeulqgjch54lcl9r8zs2ff9zmd947093yzh4ktehxzkj20939ynnwne0xqwzlfyuj6v4fx54nzv9t8rqjkv9umzeneveqk5kvf4fpyjutzw439nwtedfu5umnf090yycd4wfq6u7v2v4d9ujj6vfmxv3j3098200at43cmryvfjxs6rpdvvxcervv35klgv526flelzqznyxng9yxscpuxg8rgy84m5q9smmuwdrahhhx7e2ww8uzqfajaxws9nare8l8wa7lu94eyuhal7l6n9mg08xd5737xu6jfvf9xyjdztet8zlk7lupsz48sx29fzrfqfajzejz5hfl6mjk9wfwl6hkpqfh5luv7svl9dlmw93vwp2pw7wfczut0ecq6q2hs63k4xug78wyzecvz5kf87hw70m4gk8kd726n7lnwdegdtm2nvamx6kam0zpv670tjh9nxt6aalr9yfy09el5rjte5094735hhug8pnll68jjl3xxzd7ed06qe2l2826l2kh9l3fqrk38ul7p38e5aflj9kltvjzhlnw8c29gmphdx0t4xkyrykpesmt2282agcet4rry6qhj8720u7hphcw39zctyfkx97czztnvt94asmhvqsdmeg0lupptmwnmx646xtuluv8x5kfq7ff2r8lma04llenalhttlfsgzkemaltzvf4mqwr8d97kh8lvmldk5pvgz9q3f6hlluz745chyhk93ett2lg09umww0xwtr2pjaep0ve5f0vsnmuuvd7wekh7stlskw4r7masfzzk0mcql4x2z6hth3p4m97j0d7w73han6jk0u43ce0057q96ps6kuprkxxcjadhqlhlhkmnz05tamvhyl64mpua57mm3x27nmzteut8vhyu7070u879e085rjsg9gptnnh7l7pz7h4wd7amfk0x7n8sldeuczlz377c7llvqj7lksp2v86slah7wvsm6jaxhlqxkgdr5j9esrgrg2tjsmwaa9wy90nj9vt6x787mrgamu6nuny602qwx77gehpgpe028uns3n8022kts84ns3ck44ypj703jhwws4w7wkrnug748fhn42anl9dkpf7kz0dz00dyua0xm2z8kymdu7zn4dtw07783su3kweh742d05skh0rm7uc6ntgq8dyn73qqetnvn
BEPE,offer1qqr83wcuu2rykcmqvps04e64nrevnsw2g0r7la95jv7z2vk7p0edvtk405g7ue9sunv7ue6nuwtrsf9vtamltxy7uddu2dqhu4ulklcgktnysnuaec2l3qrt4mskuqmeqcyqp7c3gxxgady0366glr45plvezajgmf09p0729pu0lhvtplhfmenymd6z0jta77glxz0azyntrcjkk7f47m9fn8lhlq08h62gsn7d4klv00zhfalx0mk00fftrcyu0prlk3sfs8ct54wlp704nu87gw5eye6qc2qmgmlege4sutd0kwezht366k7kajw9v4lyhns7k3wsndg2h8cps8wlruwa78camunk6lqlnnspwt8sn504aeslktzvastqmaha7p4xh3m9dj24ewfym4haxrcg7ev70syfvt62lu053n3g9y5j3dkj6l8jcjpt6m9umnptf98jcjjfehfuhnq8p05jwfdx25n22e4x5ut3jeghj7jww924u6d3der9vajzt9ueu727ffycuunk09r92etpt964npjfdeyhzkd9v4gcy5t3095k2h4phx5ca2jk0fha8lsq2vk2f2034p34lnlelvtqdlz2uf6mm0w0wf2a4ayaky0ywl4ahp0e0nwphwjwg3n56y2elanuhe8ll7dhyjllrly2ff08wff5kyjnzf939adj3tel8lslpzsgy96333kqq7fzvdq77zl06kkxev2nkuhue92fx6l9wx4slwca90qajmapx4rlqe88v00jahlllfhz8ng9qkr3pxkrrvhqt7tm08l65frmxl8d370ekx65whaafx2am0tza8nqw0084e0je39a0wa3zjm2xv6z9puk5azxdp6ydzyq0drx0pqxmxxppf8v8wa05409lf2se53patm308pcaa6z4hlzdw9hf3w0ekrc9zhdxmw4xpuhwwyxux66va6hgen9w3nxt5x04ngtk5akuqra838ly5540m667nh797hu2tmxdt0q0hnd2wuvt5m5mx7q2zu086rr3zezdeshyrnntcxgttphdtcrmrsq65uwv72fm8kll2mc3y0h84eesnfc6aemxvax620eaz3a4359he54xr8urekxl0e08ejf4demeee0llcz7y6k9gm2q5hlluhmsfxwun870wrua03tdxgt4mky3yvvt87ldm7rty4664ddznj7u3hl7m7m7cqxcwf3c8hdc7kh2rlcdvadc97vwm78nlh562kth5c9z4n57lah42vpnmpj6zypfkxpl7xl7techllaakccnazlwm9ehu4wc08dhk7ufjn576jkwzem9m88jlhl3l3wtelqqp40cpkj7zlan37mu8lc9x8zp96n56m6x08gtdes7pvv4tw0nmwtktkw6pd2mdaddrgjnya6dkgqeu7llmls9ewztwna8w4vqv0u75zs2u4x0l9hd7a2e54vlpy352jty6cd299mrkz723gxq2qfprfsw55qj6m50fchg7n3w3a8zar6w9685ut50fc5pfshyykjfumanufaadfkrfhekxcex5slwjpvu0aqpuaedvp7xasxwmk6ayw4q2ts0lcez7wtn90e8lr72khmfjlml7c7kd67uzauv3f9709f0k6l0a4deghrlaktg24c45fffvtv9nfwdpfhxsd70sx7x2t8lm32lfl8dj7tyftkcwdpenwz3uehlfdfexupk8u0lrylrllls2as7cmkyc0sm4fme0lmx0w5xpt089ddgj8nyrl0ngzgvpdzc4dawp2zng7gf4vpd3wr0mwqsvm60l4xc4873w4xk3carmau3nj5nra0f990mausncmjz682s2248rux30r80m2kmxtm8u5jrme3xyg7uxjs29mu7ld5ehtqn7elwa0jm73y2h0lwclujjvsuga60fpjy7mualxvjth389se83cc38h6h45hzycq5sljduc5r5rqy
BEPE,offer1qqr83wcuu2rykcmqvps057xfasfv02nrq6085dv80vttee627du8c04khl5ftpxl0c4mjx89y7ez4kf6qy0ra8uezlemh4kcu4jhnhamj9u82ukgsk0urtcc0696wtt8sqqtq8c3cn5y37lgfra7sj8mjqwknpaya5zlt2uvstmal00cur0xjn4kf4me9hrhruuel5qlvyfzkmn480uut956l8l3w2q58adv778uekdzkt38f3ptyy4xh7292kpr0rh03x5le9feglh0ptdm3c8asafztnuqsspknhlj3htpckj7vaj4whr44faamy5te07fd8padza3y6s4wtsnzw478uatu0e6he8a47p78rqj7k8q8vlmenplvjyemq7phm0mur2v08k6ey4tjcjeht8mv8spljeulygzchu5lcl3p9632ff9qm99470e9x5knxv90g5mjjfe389dtwwfmxvh4kt4hxvknxfe49zcnj4f08yl4w04nyzk4s0e3xcczmsps8y4resksej7nsvwpmtdtms7vk5kv35k49y5dy0w9yjar85wrxckt6v9cx272p2a3u8l0lrqyd372hdn68s0tk2300u66dtv298nvff768zr3hy6w9kxwq7s7rdd8nc07l6n9eu5uzwfe48htt6gfl902d0hpp8ndu7g7tcgkjx2pq9h2aek79e0zjhjf29hgjgveeejmrqgpqpgm7e4u4nzc7rrrevedknz5hzr36l2pwec09ff33d6tnt9devh2hwstp6l73xt2helllumwty8xnzswez8pv2mv6nxkh5ewagkjkre0fj9v65pt9tytgtns3rhvsd754fktx4hgktxzkjx06sp8jp38yvskkh0unj2lkkfl35hlg292rmexzlxv6jhuvtxjen86pgv9u8mahd6snllllaxug7qjyzeug9ghhrlth08a65trmxl9dfl0ehxu5x4a4fkwandtwah3qkd084etjen9aw7l3jjj28yaaaqvjvdr6v76853uqhwrxw7uxty6v7epvh0ar49090t2uc53pagma0hpc4u6w5heza09hfp20ehru9z4dkmw3836hxwl4n4ccp0td6zxfahdzhcssd8xnpcfnt3tv09hdfwtmczt0d05trlje2m0yrfvgnjw3dx2az6v55ye27shdrmvs948fqw8vlruuhlahckdc50q2tma7unxs077t3u7h4e7lkt9ya44vsunqd338ustjreere6rjzed0vxuaqqrw7xrm0hv4snhln8lwktzygw294xk09cl0gd42699mh04067gmmakxdxr3vh2wndk6zhyc82a79elfu7a806yqptx5d4p20ls337mlcza949a4ddqk0v43g64da6m8m0fk7ljvwxwrynrtmyc92k5ku5d4frnsfwqvx50qgaln0l3luz70a7l0vd79vhfnuklw4u9nknmmd5htzvva0h4d4su03feelhlu59ulswp6svvmeqphl4hxxk946l30eq5euy98wwnt0gculp95xre9njawej0aaw3vemg4htd5445ax253hpkfx8ljmll06qdnd506g2jwktj6njtmdnte7xne0hngxljylnppdrlptl4pemzlwlds3jyvpszsxgg6vr49y5x5atjwp6hyur4wfc82unsw4e8qatjwpqjw9eqf5jlxlv7z00tgdcmd7d3kxf4yrmyjt8zlvql8wttqt38vpmkakhep4grjurl7xqhnkuet7flcmj4476dh7l0k8ajwhhq40r92f0nm2taknmldtxt9clldj6z4w9azzz2zlpwctmftdeur8u00hjm5tlvlf7l2njl40mfhmt8jsezhlnceq7hn8mt7xl09dran83laluyr2cfzdc0vzzjz25kwpv700jcypj800rr7a07t7skm6v8e224nr20jldkak95ce7u3mc80asanrfnkkr8sdw40d5ayr9fhyplrkmw65udjwtu7tma8dx09j7a23748zget6a7ulxla8r8t5w0scs2j6k2m2jepma8nmutd64jxa75kltxpgqn6lzu6gkc06a7
BEPE,offer1qqr83wcuu2rykcmqvpsxygqqv29z048f4n5u6wqhmmpvqcefkul8kuh0hguyx6a4m6m2y3d8fn4tdsw5c8d6nga4la5w6066lw8adl4rkhlk3m0l07sx5lmsuxlvqlxlu7z80tvdcmd7v3jxfhyr6ykthqlvql8wmtqt38vptkakke9442sv4nkuet7flcmj4476dh7l0k8ajwhhq40r92f0nm2taknmldtxt9clldj6z4w9dz9c9z8w8u35gespj7md38ylaj9uaxnnnxkg3z7guyxfs44jd05efmav428pevwpkmhn7qy4dp8mrdngdn5lhmdhuruet2ffrywth8lwtzet7uw4dn3l338wl4eadd8ufus5yywghty4aelt76u57u3lhg36d3audnrta62uzltnnxuanrgn2jfcc3h96nx6jj7knuulma78wake33c0jmp92vttd9af6cw48mmyk7mp7rp6nj5u7qtdc8qxxxq7hj3ckp2xzu9cqcm7wjcsqnrseqkpdq9ya5zlt2uvstmal00cur0xjn4kf4me9hrhruuel5qlvyfzkmn480uut956l8l3wxp0zgcl4nt9ry7unhhc4mdr8akwgdg7t8e4we8t9zn24wg8julee0pstmeljs48jp3yr3y0h9n0knndpu369wa792jnmh4evhzuu6m7fmzpmw2634wrllgj2z45fvq2xjc5smh3yptssf0mpsrh0eufjl7gzgas0qmaha73hx8jmfvj24edfvm9na7rcqlev70jy9vtu28a0uszngay5jsdsjjl8u5nrtfj9y6nxfdh8jujftfz9xenyfwf8zu6q0x98z4jewfvk55rhteg8u3j84acynza3t9z9rwued9z6gjz7wd9mq6tzwzh97ejpt2c9uh6mf9cyjljsvfa25hjwve0t00u95kzfzhncddfqr524rq9as86watl037xr2vnunxxjeuyl6c80hjkp8a8ec6nm3ndmw7jqkm3fn8llahu4fdawweg4ulnsr8xnjspt225qvatwgefx5ln3ff5z9s4uu6jnzupazfzvat7jq0nx9nun5vulwrpug9grgmn5v2jwt9gk6gme04fve3l3hyxutvp9sagwlhslqyuj7c7pkhdwlrev870kn7t9kjn730ltg6rnfr6m9v00vhce8q5kwn4devt2vfje2hlw4ulh2f00g6vh4l7lzumjs24ka8emkd4dhk7yzfku7k4wtk0h36t6x6thyat5ls9yhacetjlr9wm7skq8hl504a0zqd5lazehupzn7uw4el9twt7zkphfz86l5zj0n3mnh9t07x6yfwlzuln5xsx9w6d7l2d2gx2vrj3sk4lw36pmj8g82gyr0cwuslem76lpwettv5kn60twa4f6688ve3te8920qgdvh8n040la400whtwl5n8anctzpj56n8pkqcj5mzed0vwanqyrw7xr7w93yuuly35608nrjz2fh9rfxwv0xj9t04ja9cwn6hx6ctxtq0dj09mllfchq6dnalz30y9ttcwe46zssgvaxs4plll9u5dswn3m6rpn05077y5392ywxm2lvafn7a2a7ucekz00p7dx2fnn45alxl7pkmd4yk3hhnvhf75l3hsu89ul5u0dl5xz4lzhptzketsmrrwn22squ9asedqcynmpquprkeqtelhmaa3hcanaz0zma6hskw600dhjavfnn4773kxr3798887ll63hn7pefyv5q3fp6lvluhls9935az4lmhnhcwlzrekfmdmnsm65acd9jlf3m2navukaes0k685su8632h3r0yw4leflut3pxhrgn82cmt865asg9evw90hcu7hc8jqhxn86khre2mju3lrradevjgvlnqrnthm0nkf0rk04hk8yewwn6ek9m8pmz79kn8qtnptwejlh0h4v6h6nwlec3v6hqs5lu6mkmf2tu089thp76w3a9t740wjk707gun0ac6ar6llkng9qzpzw0kl2thzpz
BEPE,offer1qqr83wcuu2rykcmqvpsxygqqv29z048f4n5u6wqhmmpvqcefkul8kuh0hguyx6a4m6m2y3d8fn4tdsw5c8d6nga4la5w6066lw8adl4rkhlk3m0l07sx5lmsuxlvqlxlu7z80tvdcmd7v3jxfhyr6ykthqlvql8wmtqt38vptkakke9442sv4nkuet7flcmj4476dh7l0k8ajwhhq40r92f0nm2taknmldtxt9clldj6z4w9dz9c9z8w8u35gekp8wr57vaxu74mcn740kmeuj2qy9vr7ah4ns2xjrefxxldh3lrpawesz65jfnjsvzpweewnreal76psmms7czalkryax2hc7x0wepare2k20kul68udas39cemgzzy9yy4c5wlvnch0k5rwl9mllw95aw9wk0rjpv0hkj549hstmyekdlrlculwdhmg5t36rrhdldf52lkln33xr5a66hvt577ee9r5cxqavmx03urdy57lg9drpuzesur0p6vrs8gsgqhpny09cvgqzgwnyzs8y95hks8a9237rltk9clmsaumjdka98f97lwy0n3873rf33vtttwy7las53nlllcyq4mcrnywpmv6wj9l9ddklyn4w8qq047e7mhut9j0t82h5u7t8qfvlfc9aclf22ncqcjp6j8mjehtfeks7vaj4whr4dfae65kt3w7ddh9a4qa49dg2hzll5rypw6ykqdzeg2cdmejq3ccyh43cpm877vc0my3xwc8sd7m7lq6nreakkf92ukykd6e7mpuq0uk08ezqk9l9878agfc52j2fgxefd0naveq44vj7dej4ujnevffy5657tejrck6f855n9tf39v6np2eccy4npwxckuutxf939rzd2ffyhz6n4vfgmz7t2098xu6tete9xndtjgxn8rzndtfty5kn20enyv5t3g6hmlgav0xuerqv34xsctfrphxgmryd9k6r9j5j8l0usq5ep56pfp5xqwpjpccpfaweq3wxk7rhgldaachk2nn3lpsx0v4fn4pglg7fhemh0hlpd0f8900lll5ew2peend85lnhx5jtzff3yjgj76echuhnlswq4gupj3ggcmgz0vskys49607k5430jm474asgzaa8hz85rhmt87m4vtpsz3thnzwqlrmcwxpuc0xf6ak4yucu9zyjacvz57ghuhk70l4gj8kd7wmrulnvd4ga0m6jv4mk7k960xqu770tjl9nzt67amz9xf509475rjmm509973u5hsfh8n0a60jza379zflef0jzewl6822727k4e3fzr63h6lwr3te5af0j967twjz5lnw8c292mdkaz0t5x6yrzk36sh2628j7gcct3rr86vkj876wu7k3ncxs92etyf7y9kezqtt0tp4dsm80qsvmlg87u9ptlwnmx746xtu7ugxksk3z79f688lma040met7llttefgtz6cmalnrvp5txwt9ddlk38l0mmvkspvfzppp06lal5rmnmahkyj56d40h256uu8lkjtdfn73vgfkn6nl8yv6a74hpqzmm9vtlzlurum7a7pl6pjy23rr49vgnsl79xlheenjv400qw0m9kzkfemtr04wcgyhgxr2msywccmzt4kur7l77mwvf730hdjunl2hv8nknm0wyet60vf083vajunnelelslch9u7sw2pq4q9wwwlmlcysa0txj47f6tu40chx78k3zt058gcln2fq4axlm8pk9405ysc25lygx9f40cp4jr2ayswgq6z62jusxthq0487duz4lnsh2jlnhsjar0za3l8gs2hueku0fcjj9lhm9a0qsjs06hsqh6fekyulfl3a7amvffc90a5xwcm98mjkdjthnhvk028deuu4775weqht3af3deylx87n8uz2ffwlk6w3cuwv6rallgst52cfuh2hwnl0qxqr0mzs792pj26h
BEPE,offer1qqr83wcuu2rykcmqvpsxygqqv29z048f4n5u6wqhmmpvqcefkul8kuh0hguyx6a4m6m2y3d8fn4tdsw5c8d6nga4la5w6066lw8adl4rkhlk3m0l07sx5lmsuxlvqlxlu7z80tvdcmd7v3jxfhyr6ykthqlvql8wmtqt38vptkakke9442sv4nkuet7flcmj4476dh7l0k8ajwhhq40r92f0nm2taknmldtxt9clldj6z4w9dz9c9z8w8u35ge5pu025nskndawk5j6fmmm27tr9sx3e74h7umwpl0q3lmtf7t2tpaxq7p32eye3fxpq8wulf3u70adgcdeclwpx7m9j739ra0r8hws7su4t48mxwa87kucdv43czzs3qe99ak840dm0lcgel0j0wxrx9hwuq5xt8yal43a9fsnwugcdhnfva9x28urv66e93eeg68tat7kur0me6jgn808lfqrt67z3245j8l7g4de9dlggtdnzuzcscrlz6yzs8gctqmqrz0a6vqqzvwryzcxyp5hksta923kpl0h4ulrsau6z0kax8dy7awu0n3873res3y2m0w5al33yhn0ulu9adndhx2hxsake7jn6ah4ag7qjn939dhqnf5lykrdy64ekhw0e5tdcwnqlkra9f20qzzg862lw2xad8x6tenk246uw548hhgj309le95uhh5rky44ptutlwjvs9mgjcr5r9p0phdxqr88qzuk0p8gltmnplvkyemqkphm0mur2d0rk2my4tjujfht06v8s3ajeulqgjch54lcl9r8zs2ff9zmd947093yzh4ktehxzkj20939ynnwne0xqwzlfyuj6v4fx54nzv9t8rqjkv9umzeneveqk5kvf4fpyjutzw439nwtedfu5umnf090yycd4wfq6u7v2v4d9ujj6vfmxv3j3098200at43cmryvfjxs6rpdvvxcervv35klgv526flelzqznyxng9yxscpuxg8rgy84m5q9smmuwdrahhhx7e2ww8uzqfajaxws9nare8l8wa7lu94eyuhal7l6n9mg08xd5737xu6jfvf9xyjdztet8zlk7lupsz48sx29fzrfqfajzejz5hfl6mjk9wfwl6hkpqfh5luv7svl9dlmw93vwp2pw7wfczut0ecq6q2hs63k4xug78wyzecvz5kf87hw70m4gk8kd726n7lnwdegdtm2nvamx6kam0zpv670tjh9nxt6aalr9yfy09el5rjte5094735hhug8pnll68jjl3xxzd7ed06qe2l2826l2kh9l3fqrk38ul7p38e5aflj9kltvjzhlnw8c29gmphdx0t4xkyrykpesmt2282agcet4rry6qhj8720u7hphcw39zctyfkx97czztnvt94asmhvqsdmeg0lupptmwnmx646xtuluv8x5kfq7ff2r8lma04llenalhttlfsgzkemaltzvf4mqwr8d97kh8lvmldk5pvgz9q3f6hlluz745chyhk93ett2lg09umww0xwtr2pjaep0ve5f0vsnmuuvd7wekh7stlskw4r7masfzzk0mcql4x2z6hth3p4m97j0d7w73han6jk0u43ce0057q96ps6kuprkxxcjadhqlhlhkmnz05tamvhyl64mpua57mm3x27nmzteut8vhyu7070u879e085rjsg9gptnnh7l7pz7h4wd7amfk0x7n8sldeuczlz377c7llvqj7lksp2v86slah7wvsm6jaxhlqxkgdr5j9esrgrg2tjsmwaa9wy90nj9vt6x787mrgamu6nuny602qwx77gehpgpe028uns3n8022kts84ns3ck44ypj703jhwws4w7wkrnug748fhn42anl9dkpf7kz0dz00dyua0xm2z8kymdu7zn4dtw07783su3kweh742d05skh0rm7uc6ntgq8dyn73qqetnvn
BEPE,offer1qqr83wcuu2rykcmqvps04e64nrevnsw2g0r7la95jv7z2vk7p0edvtk405g7ue9sunv7ue6nuwtrsf9vtamltxy7uddu2dqhu4ulklcgktnysnuaec2l3qrt4mskuqmeqcyqp7c3gxxgady0366glr45plvezajgmf09p0729pu0lhvtplhfmenymd6z0jta77glxz0azyntrcjkk7f47m9fn8lhlq08h62gsn7d4klv00zhfalx0mk00fftrcyu0prlk3sfs8ct54wlp704nu87gw5eye6qc2qmgmlege4sutd0kwezht366k7kajw9v4lyhns7k3wsndg2h8cps8wlruwa78camunk6lqlnnspwt8sn504aeslktzvastqmaha7p4xh3m9dj24ewfym4haxrcg7ev70syfvt62lu053n3g9y5j3dkj6l8jcjpt6m9umnptf98jcjjfehfuhnq8p05jwfdx25n22e4x5ut3jeghj7jww924u6d3der9vajzt9ueu727ffycuunk09r92etpt964npjfdeyhzkd9v4gcy5t3095k2h4phx5ca2jk0fha8lsq2vk2f2034p34lnlelvtqdlz2uf6mm0w0wf2a4ayaky0ywl4ahp0e0nwphwjwg3n56y2elanuhe8ll7dhyjllrly2ff08wff5kyjnzf939adj3tel8lslpzsgy96333kqq7fzvdq77zl06kkxev2nkuhue92fx6l9wx4slwca90qajmapx4rlqe88v00jahlllfhz8ng9qkr3pxkrrvhqt7tm08l65frmxl8d370ekx65whaafx2am0tza8nqw0084e0je39a0wa3zjm2xv6z9puk5azxdp6ydzyq0drx0pqxmxxppf8v8wa05409lf2se53patm308pcaa6z4hlzdw9hf3w0ekrc9zhdxmw4xpuhwwyxux66va6hgen9w3nxt5x04ngtk5akuqra838ly5540m667nh797hu2tmxdt0q0hnd2wuvt5m5mx7q2zu086rr3zezdeshyrnntcxgttphdtcrmrsq65uwv72fm8kll2mc3y0h84eesnfc6aemxvax620eaz3a4359he54xr8urekxl0e08ejf4demeee0llcz7y6k9gm2q5hlluhmsfxwun870wrua03tdxgt4mky3yvvt87ldm7rty4664ddznj7u3hl7m7m7cqxcwf3c8hdc7kh2rlcdvadc97vwm78nlh562kth5c9z4n57lah42vpnmpj6zypfkxpl7xl7techllaakccnazlwm9ehu4wc08dhk7ufjn576jkwzem9m88jlhl3l3wtelqqp40cpkj7zlan37mu8lc9x8zp96n56m6x08gtdes7pvv4tw0nmwtktkw6pd2mdaddrgjnya6dkgqeu7llmls9ewztwna8w4vqv0u75zs2u4x0l9hd7a2e54vlpy352jty6cd299mrkz723gxq2qfprfsw55qj6m50fchg7n3w3a8zar6w9685ut50fc5pfshyykjfumanufaadfkrfhekxcex5slwjpvu0aqpuaedvp7xasxwmk6ayw4q2ts0lcez7wtn90e8lr72khmfjlml7c7kd67uzauv3f9709f0k6l0a4deghrlaktg24c45fffvtv9nfwdpfhxsd70sx7x2t8lm32lfl8dj7tyftkcwdpenwz3uehlfdfexupk8u0lrylrllls2as7cmkyc0sm4fme0lmx0w5xpt089ddgj8nyrl0ngzgvpdzc4dawp2zng7gf4vpd3wr0mwqsvm60l4xc4873w4xk3carmau3nj5nra0f990mausncmjz682s2248rux30r80m2kmxtm8u5jrme3xyg7uxjs29mu7ld5ehtqn7elwa0jm73y2h0lwclujjvsuga60fpjy7mualxvjth389se83cc38h6h45hzycq5sljduc5r5rqy
BEPE,offer1qqr83wcuu2rykcmqvps057xfasfv02nrq6085dv80vttee627du8c04khl5ftpxl0c4mjx89y7ez4kf6qy0ra8uezlemh4kcu4jhnhamj9u82ukgsk0urtcc0696wtt8sqqtq8c3cn5y37lgfra7sj8mjqwknpaya5zlt2uvstmal00cur0xjn4kf4me9hrhruuel5qlvyfzkmn480uut956l8l3w2q58adv778uekdzkt38f3ptyy4xh7292kpr0rh03x5le9feglh0ptdm3c8asafztnuqsspknhlj3htpckj7vaj4whr44faamy5te07fd8padza3y6s4wtsnzw478uatu0e6he8a47p78rqj7k8q8vlmenplvjyemq7phm0mur2v08k6ey4tjcjeht8mv8spljeulygzchu5lcl3p9632ff9qm99470e9x5knxv90g5mjjfe389dtwwfmxvh4kt4hxvknxfe49zcnj4f08yl4w04nyzk4s0e3xcczmsps8y4resksej7nsvwpmtdtms7vk5kv35k49y5dy0w9yjar85wrxckt6v9cx272p2a3u8l0lrqyd372hdn68s0tk2300u66dtv298nvff768zr3hy6w9kxwq7s7rdd8nc07l6n9eu5uzwfe48htt6gfl902d0hpp8ndu7g7tcgkjx2pq9h2aek79e0zjhjf29hgjgveeejmrqgpqpgm7e4u4nzc7rrrevedknz5hzr36l2pwec09ff33d6tnt9devh2hwstp6l73xt2helllumwty8xnzswez8pv2mv6nxkh5ewagkjkre0fj9v65pt9tytgtns3rhvsd754fktx4hgktxzkjx06sp8jp38yvskkh0unj2lkkfl35hlg292rmexzlxv6jhuvtxjen86pgv9u8mahd6snllllaxug7qjyzeug9ghhrlth08a65trmxl9dfl0ehxu5x4a4fkwandtwah3qkd084etjen9aw7l3jjj28yaaaqvjvdr6v76853uqhwrxw7uxty6v7epvh0ar49090t2uc53pagma0hpc4u6w5heza09hfp20ehru9z4dkmw3836hxwl4n4ccp0td6zxfahdzhcssd8xnpcfnt3tv09hdfwtmczt0d05trlje2m0yrfvgnjw3dx2az6v55ye27shdrmvs948fqw8vlruuhlahckdc50q2tma7unxs077t3u7h4e7lkt9ya44vsunqd338ustjreere6rjzed0vxuaqqrw7xrm0hv4snhln8lwktzygw294xk09cl0gd42699mh04067gmmakxdxr3vh2wndk6zhyc82a79elfu7a806yqptx5d4p20ls337mlcza949a4ddqk0v43g64da6m8m0fk7ljvwxwrynrtmyc92k5ku5d4frnsfwqvx50qgaln0l3luz70a7l0vd79vhfnuklw4u9nknmmd5htzvva0h4d4su03feelhlu59ulswp6svvmeqphl4hxxk946l30eq5euy98wwnt0gculp95xre9njawej0aaw3vemg4htd5445ax253hpkfx8ljmll06qdnd506g2jwktj6njtmdnte7xne0hngxljylnppdrlptl4pemzlwlds3jyvpszsxgg6vr49y5x5atjwp6hyur4wfc82unsw4e8qatjwpqjw9eqf5jlxlv7z00tgdcmd7d3kxf4yrmyjt8zlvql8wttqt38vpmkakhep4grjurl7xqhnkuet7flcmj4476dh7l0k8ajwhhq40r92f0nm2taknmldtxt9clldj6z4w9azzz2zlpwctmftdeur8u00hjm5tlvlf7l2njl40mfhmt8jsezhlnceq7hn8mt7xl09dran83laluyr2cfzdc0vzzjz25kwpv700jcypj800rr7a07t7skm6v8e224nr20jldkak95ce7u3mc80asanrfnkkr8sdw40d5ayr9fhyplrkmw65udjwtu7tma8dx09j7a23748zget6a7ulxla8r8t5w0scs2j6k2m2jepma8nmutd64jxa75kltxpgqn6lzu6gkc06a8
BEPE,offer1qqr83wcuu2rykcmqvpsxygqqv29z048f4n5u6wqhmmpvqcefkul8kuh0hguyx6a4m6m2y3d8fn4tdsw5c8d6nga4la5w6066lw8adl4rkhlk3m0l07sx5lmsuxlvqlxlu7z80tvdcmd7v3jxfhyr6ykthqlvql8wmtqt38vptkakke9442sv4nkuet7flcmj4476dh7l0k8ajwhhq40r92f0nm2taknmldtxt9clldj6z4w9dz9c9z8w8u35gespj7md38ylaj9uaxnnnxkg3z7guyxfs44jd05efmav428pevwpkmhn7qy4dp8mrdngdn5lhmdhuruet2ffrywth8lwtzet7uw4dn3l338wl4eadd8ufus5yywghty4aelt76u57u3lhg36d3audnrta62uzltnnxuanrgn2jfcc3h96nx6jj7knuulma78wake33c0jmp92vttd9af6cw48mmyk7mp7rp6nj5u7qtdc8qxxxq7hj3ckp2xzu9cqcm7wjcsqnrseqkpdq9ya5zlt2uvstmal00cur0xjn4kf4me9hrhruuel5qlvyfzkmn480uut956l8l3wxp0zgcl4nt9ry7unhhc4mdr8akwgdg7t8e4we8t9zn24wg8julee0pstmeljs48jp3yr3y0h9n0knndpu369wa792jnmh4evhzuu6m7fmzpmw2634wrllgj2z45fvq2xjc5smh3yptssf0mpsrh0eufjl7gzgas0qmaha73hx8jmfvj24edfvm9na7rcqlev70jy9vtu28a0uszngay5jsdsjjl8u5nrtfj9y6nxfdh8jujftfz9xenyfwf8zu6q0x98z4jewfvk55rhteg8u3j84acynza3t9z9rwued9z6gjz7wd9mq6tzwzh97ejpt2c9uh6mf9cyjljsvfa25hjwve0t00u95kzfzhncddfqr524rq9as86watl037xr2vnunxxjeuyl6c80hjkp8a8ec6nm3ndmw7jqkm3fn8llahu4fdawweg4ulnsr8xnjspt225qvatwgefx5ln3ff5z9s4uu6jnzupazfzvat7jq0nx9nun5vulwrpug9grgmn5v2jwt9gk6gme04fve3l3hyxutvp9sagwlhslqyuj7c7pkhdwlrev870kn7t9kjn730ltg6rnfr6m9v00vhce8q5kwn4devt2vfje2hlw4ulh2f00g6vh4l7lzumjs24ka8emkd4dhk7yzfku7k4wtk0h36t6x6thyat5ls9yhacetjlr9wm7skq8hl504a0zqd5lazehupzn7uw4el9twt7zkphfz86l5zj0n3mnh9t07x6yfwlzuln5xsx9w6d7l2d2gx2vrj3sk4lw36pmj8g82gyr0cwuslem76lpwettv5kn60twa4f6688ve3te8920qgdvh8n040la400whtwl5n8anctzpj56n8pkqcj5mzed0vwanqyrw7xr7w93yuuly35608nrjz2fh9rfxwv0xj9t04ja9cwn6hx6ctxtq0dj09mllfchq6dnalz30y9ttcwe46zssgvaxs4plll9u5dswn3m6rpn05077y5392ywxm2lvafn7a2a7ucekz00p7dx2fnn45alxl7pkmd4yk3hhnvhf75l3hsu89ul5u0dl5xz4lzhptzketsmrrwn22squ9asedqcynmpquprkeqtelhmaa3hcanaz0zma6hskw600dhjavfnn4773kxr3798887ll63hn7pefyv5q3fp6lvluhls9935az4lmhnhcwlzrekfmdmnsm65acd9jlf3m2navukaes0k685su8632h3r0yw4leflut3pxhrgn82cmt865asg9evw90hcu7hc8jqhxn86khre2mju3lrradevjgvlnqrnthm0nkf0rk04hk8yewwn6ek9m8pmz79kn8qtnptwejlh0h4v6h6nwlec3v6hqs5lu6mkmf2tu089thp76w3a9t740wjk707gun0ac6ar6llkng9qzpzw0kl2thzpz
BEPE,offer1qqr83wcuu2rykcmqvpsxygqqv29z048f4n5u6wqhmmpvqcefkul8kuh0hguyx6a4m6m2y3d8fn4tdsw5c8d6nga4la5w6066lw8adl4rkhlk3m0l07sx5lmsuxlvqlxlu7z80tvdcmd7v3jxfhyr6ykthqlvql8wmtqt38vptkakke9442sv4nkuet7flcmj4476dh7l0k8ajwhhq40r92f0nm2taknmldtxt9clldj6z4w9dz9c9z8w8u35gekp8wr57vaxu74mcn740kmeuj2qy9vr7ah4ns2xjrefxxldh3lrpawesz65jfnjsvzpweewnreal76psmms7czalkryax2hc7x0wepare2k20kul68udas39cemgzzy9yy4c5wlvnch0k5rwl9mllw95aw9wk0rjpv0hkj549hstmyekdlrlculwdhmg5t36rrhdldf52lkln33xr5a66hvt577ee9r5cxqavmx03urdy57lg9drpuzesur0p6vrs8gsgqhpny09cvgqzgwnyzs8y95hks8a9237rltk9clmsaumjdka98f97lwy0n3873rf33vtttwy7las53nlllcyq4mcrnywpmv6wj9l9ddklyn4w8qq047e7mhut9j0t82h5u7t8qfvlfc9aclf22ncqcjp6j8mjehtfeks7vaj4whr4dfae65kt3w7ddh9a4qa49dg2hzll5rypw6ykqdzeg2cdmejq3ccyh43cpm877vc0my3xwc8sd7m7lq6nreakkf92ukykd6e7mpuq0uk08ezqk9l9878agfc52j2fgxefd0naveq44vj7dej4ujnevffy5657tejrck6f855n9tf39v6np2eccy4npwxckuutxf939rzd2ffyhz6n4vfgmz7t2098xu6tete9xndtjgxn8rzndtfty5kn20enyv5t3g6hmlgav0xuerqv34xsctfrphxgmryd9k6r9j5j8l0usq5ep56pfp5xqwpjpccpfaweq3wxk7rhgldaachk2nn3lpsx0v4fn4pglg7fhemh0hlpd0f8900lll5ew2peend85lnhx5jtzff3yjgj76echuhnlswq4gupj3ggcmgz0vskys49607k5430jm474asgzaa8hz85rhmt87m4vtpsz3thnzwqlrmcwxpuc0xf6ak4yucu9zyjacvz57ghuhk70l4gj8kd7wmrulnvd4ga0m6jv4mk7k960xqu770tjl9nzt67amz9xf509475rjmm509973u5hsfh8n0a60jza379zflef0jzewl6822727k4e3fzr63h6lwr3te5af0j967twjz5lnw8c292mdkaz0t5x6yrzk36sh2628j7gcct3rr86vkj876wu7k3ncxs92etyf7y9kezqtt0tp4dsm80qsvmlg87u9ptlwnmx746xtu7ugxksk3z79f688lma040met7llttefgtz6cmalnrvp5txwt9ddlk38l0mmvkspvfzppp06lal5rmnmahkyj56d40h256uu8lkjtdfn73vgfkn6nl8yv6a74hpqzmm9vtlzlurum7a7pl6pjy23rr49vgnsl79xlheenjv400qw0m9kzkfemtr04wcgyhgxr2msywccmzt4kur7l77mwvf730hdjunl2hv8nknm0wyet60vf083vajunnelelslch9u7sw2pq4q9wwwlmlcysa0txj47f6tu40chx78k3zt058gcln2fq4axlm8pk9405ysc25lygx9f40cp4jr2ayswgq6z62jusxthq0487duz4lnsh2jlnhsjar0za3l8gs2hueku0fcjj9lhm9a0qsjs06hsqh6fekyulfl3a7amvffc90a5xwcm98mjkdjthnhvk028deuu4775weqht3af3deylx87n8uz2ffwlk6w3cuwv6rallgst52cfuh2hwnl0qxqr0mzs792pj26h
BEPE,offer1qqr83wcuu2rykcmqvpsxygqqv29z048f4n5u6wqhmmpvqcefkul8kuh0hguyx6a4m6m2y3d8fn4tdsw5c8d6nga4la5w6066lw8adl4rkhlk3m0l07sx5lmsuxlvqlxlu7z80tvdcmd7v3jxfhyr6ykthqlvql8wmtqt38vptkakke9442sv4nkuet7flcmj4476dh7l0k8ajwhhq40r92f0nm2taknmldtxt9clldj6z4w9dz9c9z8w8u35ge5pu025nskndawk5j6fmmm27tr9sx3e74h7umwpl0q3lmtf7t2tpaxq7p32eye3fxpq8wulf3u70adgcdeclwpx7m9j739ra0r8hws7su4t48mxwa87kucdv43czzs3qe99ak840dm0lcgel0j0wxrx9hwuq5xt8yal43a9fsnwugcdhnfva9x28urv66e93eeg68tat7kur0me6jgn808lfqrt67z3245j8l7g4de9dlggtdnzuzcscrlz6yzs8gctqmqrz0a6vqqzvwryzcxyp5hksta923kpl0h4ulrsau6z0kax8dy7awu0n3873res3y2m0w5al33yhn0ulu9adndhx2hxsake7jn6ah4ag7qjn939dhqnf5lykrdy64ekhw0e5tdcwnqlkra9f20qzzg862lw2xad8x6tenk246uw548hhgj309le95uhh5rky44ptutlwjvs9mgjcr5r9p0phdxqr88qzuk0p8gltmnplvkyemqkphm0mur2d0rk2my4tjujfht06v8s3ajeulqgjch54lcl9r8zs2ff9zmd947093yzh4ktehxzkj20939ynnwne0xqwzlfyuj6v4fx54nzv9t8rqjkv9umzeneveqk5kvf4fpyjutzw439nwtedfu5umnf090yycd4wfq6u7v2v4d9ujj6vfmxv3j3098200at43cmryvfjxs6rpdvvxcervv35klgv526flelzqznyxng9yxscpuxg8rgy84m5q9smmuwdrahhhx7e2ww8uzqfajaxws9nare8l8wa7lu94eyuhal7l6n9mg08xd5737xu6jfvf9xyjdztet8zlk7lupsz48sx29fzrfqfajzejz5hfl6mjk9wfwl6hkpqfh5luv7svl9dlmw93vwp2pw7wfczut0ecq6q2hs63k4xug78wyzecvz5kf87hw70m4gk8kd726n7lnwdegdtm2nvamx6kam0zpv670tjh9nxt6aalr9yfy09el5rjte5094735hhug8pnll68jjl3xxzd7ed06qe2l2826l2kh9l3fqrk38ul7p38e5aflj9kltvjzhlnw8c29gmphdx0t4xkyrykpesmt2282agcet4rry6qhj8720u7hphcw39zctyfkx97czztnvt94asmhvqsdmeg0lupptmwnmx646xtuluv8x5kfq7ff2r8lma04llenalhttlfsgzkemaltzvf4mqwr8d97kh8lvmldk5pvgz9q3f6hlluz745chyhk93ett2lg09umww0xwtr2pjaep0ve5f0vsnmuuvd7wekh7stlskw4r7masfzzk0mcql4x2z6hth3p4m97j0d7w73han6jk0u43ce0057q96ps6kuprkxxcjadhqlhlhkmnz05tamvhyl64mpua57mm3x27nmzteut8vhyu7070u879e085rjsg9gptnnh7l7pz7h4wd7amfk0x7n8sldeuczlz377c7llvqj7lksp2v86slah7wvsm6jaxhlqxkgdr5j9esrgrg2tjsmwaa9wy90nj9vt6x787mrgamu6nuny602qwx77gehpgpe028uns3n8022kts84ns3ck44ypj703jhwws4w7wkrnug748fhn42anl9dkpf7kz0dz00dyua0xm2z8kymdu7zn4dtw07783su3kweh742d05skh0rm7uc6ntgq8dyn73qqetnvn
BEPE,offer1qqr83wcuu2rykcmqvps04e64nrevnsw2g0r7la95jv7z2vk7p0edvtk405g7ue9sunv7ue6nuwtrsf9vtamltxy7uddu2dqhu4ulklcgktnysnuaec2l3qrt4mskuqmeqcyqp7c3gxxgady0366glr45plvezajgmf09p0729pu0lhvtplhfmenymd6z0jta77glxz0azyntrcjkk7f47m9fn8lhlq08h62gsn7d4klv00zhfalx0mk00fftrcyu0prlk3sfs8ct54wlp704nu87gw5eye6qc2qmgmlege4sutd0kwezht366k7kajw9v4lyhns7k3wsndg2h8cps8wlruwa78camunk6lqlnnspwt8sn504aeslktzvastqmaha7p4xh3m9dj24ewfym4haxrcg7ev70syfvt62lu053n3g9y5j3dkj6l8jcjpt6m9umnptf98jcjjfehfuhnq8p05jwfdx25n22e4x5ut3jeghj7jww924u6d3der9vajzt9ueu727ffycuunk09r92etpt964npjfdeyhzkd9v4gcy5t3095k2h4phx5ca2jk0fha8lsq2vk2f2034p34lnlelvtqdlz2uf6mm0w0wf2a4ayaky0ywl4ahp0e0nwphwjwg3n56y2elanuhe8ll7dhyjllrly2ff08wff5kyjnzf939adj3tel8lslpzsgy96333kqq7fzvdq77zl06kkxev2nkuhue92fx6l9wx4slwca90qajmapx4rlqe88v00jahlllfhz8ng9qkr3pxkrrvhqt7tm08l65frmxl8d370ekx65whaafx2am0tza8nqw0084e0je39a0wa3zjm2xv6z9puk5azxdp6ydzyq0drx0pqxmxxppf8v8wa05409lf2se53patm308pcaa6z4hlzdw9hf3w0ekrc9zhdxmw4xpuhwwyxux66va6hgen9w3nxt5x04ngtk5akuqra838ly5540m667nh797hu2tmxdt0q0hnd2wuvt5m5mx7q2zu086rr3zezdeshyrnntcxgttphdtcrmrsq65uwv72fm8kll2mc3y0h84eesnfc6aemxvax620eaz3a4359he54xr8urekxl0e08ejf4demeee0llcz7y6k9gm2q5hlluhmsfxwun870wrua03tdxgt4mky3yvvt87ldm7rty4664ddznj7u3hl7m7m7cqxcwf3c8hdc7kh2rlcdvadc97vwm78nlh562kth5c9z4n57lah42vpnmpj6zypfkxpl7xl7techllaakccnazlwm9ehu4wc08dhk7ufjn576jkwzem9m88jlhl3l3wtelqqp40cpkj7zlan37mu8lc9x8zp96n56m6x08gtdes7pvv4tw0nmwtktkw6pd2mdaddrgjnya6dkgqeu7llmls9ewztwna8w4vqv0u75zs2u4x0l9hd7a2e54vlpy352jty6cd299mrkz723gxq2qfprfsw55qj6m50fchg7n3w3a8zar6w9685ut50fc5pfshyykjfumanufaadfkrfhekxcex5slwjpvu0aqpuaedvp7xasxwmk6ayw4q2ts0lcez7wtn90e8lr72khmfjlml7c7kd67uzauv3f9709f0k6l0a4deghrlaktg24c45fffvtv9nfwdpfhxsd70sx7x2t8lm32lfl8dj7tyftkcwdpenwz3uehlfdfexupk8u0lrylrllls2as7cmkyc0sm4fme0lmx0w5xpt089ddgj8nyrl0ngzgvpdzc4dawp2zng7gf4vpd3wr0mwqsvm60l4xc4873w4xk3carmau3nj5nra0f990mausncmjz682s2248rux30r80m2kmxtm8u5jrme3xyg7uxjs29mu7ld5ehtqn7elwa0jm73y2h0lwclujjvsuga60fpjy7mualxvjth389se83cc38h6h45hzycq5sljduc5r5rqy
BEPE,offer1qqr83wcuu2rykcmqvps057xfasfv02nrq6085dv80vttee627du8c04khl5ftpxl0c4mjx89y7ez4kf6qy0ra8uezlemh4kcu4jhnhamj9u82ukgsk0urtcc0696wtt8sqqtq8c3cn5y37lgfra7sj8mjqwknpaya5zlt2uvstmal00cur0xjn4kf4me9hrhruuel5qlvyfzkmn480uut956l8l3w2q58adv778uekdzkt38f3ptyy4xh7292kpr0rh03x5le9feglh0ptdm3c8asafztnuqsspknhlj3htpckj7vaj4whr44faamy5te07fd8padza3y6s4wtsnzw478uatu0e6he8a47p78rqj7k8q8vlmenplvjyemq7phm0mur2v08k6ey4tjcjeht8mv8spljeulygzchu5lcl3p9632ff9qm99470e9x5knxv90g5mjjfe389dtwwfmxvh4kt4hxvknxfe49zcnj4f08yl4w04nyzk4s0e3xcczmsps8y4resksej7nsvwpmtdtms7vk5kv35k49y5dy0w9yjar85wrxckt6v9cx272p2a3u8l0lrqyd372hdn68s0tk2300u66dtv298nvff768zr3hy6w9kxwq7s7rdd8nc07l6n9eu5uzwfe48htt6gfl902d0hpp8ndu7g7tcgkjx2pq9h2aek79e0zjhjf29hgjgveeejmrqgpqpgm7e4u4nzc7rrrevedknz5hzr36l2pwec09ff33d6tnt9devh2hwstp6l73xt2helllumwty8xnzswez8pv2mv6nxkh5ewagkjkre0fj9v65pt9tytgtns3rhvsd754fktx4hgktxzkjx06sp8jp38yvskkh0unj2lkkfl35hlg292rmexzlxv6jhuvtxjen86pgv9u8mahd6snllllaxug7qjyzeug9ghhrlth08a65trmxl9dfl0ehxu5x4a4fkwandtwah3qkd084etjen9aw7l3jjj28yaaaqvjvdr6v76853uqhwrxw7uxty6v7epvh0ar49090t2uc53pagma0hpc4u6w5heza09hfp20ehru9z4dkmw3836hxwl4n4ccp0td6zxfahdzhcssd8xnpcfnt3tv09hdfwtmczt0d05trlje2m0yrfvgnjw3dx2az6v55ye27shdrmvs948fqw8vlruuhlahckdc50q2tma7unxs077t3u7h4e7lkt9ya44vsunqd338ustjreere6rjzed0vxuaqqrw7xrm0hv4snhln8lwktzygw294xk09cl0gd42699mh04067gmmakxdxr3vh2wndk6zhyc82a79elfu7a806yqptx5d4p20ls337mlcza949a4ddqk0v43g64da6m8m0fk7ljvwxwrynrtmyc92k5ku5d4frnsfwqvx50qgaln0l3luz70a7l0vd79vhfnuklw4u9nknmmd5htzvva0h4d4su03feelhlu59ulswp6svvmeqphl4hxxk946l30eq5euy98wwnt0gculp95xre9njawej0aaw3vemg4htd5445ax253hpkfx8ljmll06qdnd506g2jwktj6njtmdnte7xne0hngxljylnppdrlptl4pemzlwlds3jyvpszsxgg6vr49y5x5atjwp6hyur4wfc82unsw4e8qatjwpqjw9eqf5jlxlv7z00tgdcmd7d3kxf4yrmyjt8zlvql8wttqt38vpmkakhep4grjurl7xqhnkuet7flcmj4476dh7l0k8ajwhhq40r92f0nm2taknmldtxt9clldj6z4w9azzz2zlpwctmftdeur8u00hjm5tlvlf7l2njl40mfhmt8jsezhlnceq7hn8mt7xl09dran83laluyr2cfzdc0vzzjz25kwpv700jcypj800rr7a07t7skm6v8e224nr20jldkak95ce7u3mc80asanrfnkkr8sdw40d5ayr9fhyplrkmw65udjwtu7tma8dx09j7a23748zget6a7ulxla8r8t5w0scs2j6k2m2jepma8nmutd64jxa75kltxpgqn6lzu6gkc06a9
BEPE,offer1qqr83wcuu2rykcmqvpsxygqqv29z048f4n5u6wqhmmpvqcefkul8kuh0hguyx6a4m6m2y3d8fn4tdsw5c8d6nga4la5w6066lw8adl4rkhlk3m0l07sx5lmsuxlvqlxlu7z80tvdcmd7v3jxfhyr6ykthqlvql8wmtqt38vptkakke9442sv4nkuet7flcmj4476dh7l0k8ajwhhq40r92f0nm2taknmldtxt9clldj6z4w9dz9c9z8w8u35gespj7md38ylaj9uaxnnnxkg3z7guyxfs44jd05efmav428pevwpkmhn7qy4dp8mrdngdn5lhmdhuruet2ffrywth8lwtzet7uw4dn3l338wl4eadd8ufus5yywghty4aelt76u57u3lhg36d3audnrta62uzltnnxuanrgn2jfcc3h96nx6jj7knuulma78wake33c0jmp92vttd9af6cw48mmyk7mp7rp6nj5u7qtdc8qxxxq7hj3ckp2xzu9cqcm7wjcsqnrseqkpdq9ya5zlt2uvstmal00cur0xjn4kf4me9hrhruuel5qlvyfzkmn480uut956l8l3wxp0zgcl4nt9ry7unhhc4mdr8akwgdg7t8e4we8t9zn24wg8julee0pstmeljs48jp3yr3y0h9n0knndpu369wa792jnmh4evhzuu6m7fmzpmw2634wrllgj2z45fvq2xjc5smh3yptssf0mpsrh0eufjl7gzgas0qmaha73hx8jmfvj24edfvm9na7rcqlev70jy9vtu28a0uszngay5jsdsjjl8u5nrtfj9y6nxfdh8jujftfz9xenyfwf8zu6q0x98z4jewfvk55rhteg8u3j84acynza3t9z9rwued9z6gjz7wd9mq6tzwzh97ejpt2c9uh6mf9cyjljsvfa25hjwve0t00u95kzfzhncddfqr524rq9as86watl037xr2vnunxxjeuyl6c80hjkp8a8ec6nm3ndmw7jqkm3fn8llahu4fdawweg4ulnsr8xnjspt225qvatwgefx5ln3ff5z9s4uu6jnzupazfzvat7jq0nx9nun5vulwrpug9grgmn5v2jwt9gk6gme04fve3l3hyxutvp9sagwlhslqyuj7c7pkhdwlrev870kn7t9kjn730ltg6rnfr6m9v00vhce8q5kwn4devt2vfje2hlw4ulh2f00g6vh4l7lzumjs24ka8emkd4dhk7yzfku7k4wtk0h36t6x6thyat5ls9yhacetjlr9wm7skq8hl504a0zqd5lazehupzn7uw4el9twt7zkphfz86l5zj0n3mnh9t07x6yfwlzuln5xsx9w6d7l2d2gx2vrj3sk4lw36pmj8g82gyr0cwuslem76lpwettv5kn60twa4f6688ve3te8920qgdvh8n040la400whtwl5n8anctzpj56n8pkqcj5mzed0vwanqyrw7xr7w93yuuly35608nrjz2fh9rfxwv0xj9t04ja9cwn6hx6ctxtq0dj09mllfchq6dnalz30y9ttcwe46zssgvaxs4plll9u5dswn3m6rpn05077y5392ywxm2lvafn7a2a7ucekz00p7dx2fnn45alxl7pkmd4yk3hhnvhf75l3hsu89ul5u0dl5xz4lzhptzketsmrrwn22squ9asedqcynmpquprkeqtelhmaa3hcanaz0zma6hskw600dhjavfnn4773kxr3798887ll63hn7pefyv5q3fp6lvluhls9935az4lmhnhcwlzrekfmdmnsm65acd9jlf3m2navukaes0k685su8632h3r0yw4leflut3pxhrgn82cmt865asg9evw90hcu7hc8jqhxn86khre2mju3lrradevjgvlnqrnthm0nkf0rk04hk8yewwn6ek9m8pmz79kn8qtnptwejlh0h4v6h6nwlec3v6hqs5lu6mkmf2tu089thp76w3a9t740wjk707gun0ac6ar6llkng9qzpzw0kl2thzpz
BEPE,offer1qqr83wcuu2rykcmqvpsxygqqv29z048f4n5u6wqhmmpvqcefkul8kuh0hguyx6a4m6m2y3d8fn4tdsw5c8d6nga4la5w6066lw8adl4rkhlk3m0l07sx5lmsuxlvqlxlu7z80tvdcmd7v3jxfhyr6ykthqlvql8wmtqt38vptkakke9442sv4nkuet7flcmj4476dh7l0k8ajwhhq40r92f0nm2taknmldtxt9clldj6z4w9dz9c9z8w8u35gekp8wr57vaxu74mcn740kmeuj2qy9vr7ah4ns2xjrefxxldh3lrpawesz65jfnjsvzpweewnreal76psmms7czalkryax2hc7x0wepare2k20kul68udas39cemgzzy9yy4c5wlvnch0k5rwl9mllw95aw9wk0rjpv0hkj549hstmyekdlrlculwdhmg5t36rrhdldf52lkln33xr5a66hvt577ee9r5cxqavmx03urdy57lg9drpuzesur0p6vrs8gsgqhpny09cvgqzgwnyzs8y95hks8a9237rltk9clmsaumjdka98f97lwy0n3873rf33vtttwy7las53nlllcyq4mcrnywpmv6wj9l9ddklyn4w8qq047e7mhut9j0t82h5u7t8qfvlfc9aclf22ncqcjp6j8mjehtfeks7vaj4whr4dfae65kt3w7ddh9a4qa49dg2hzll5rypw6ykqdzeg2cdmejq3ccyh43cpm877vc0my3xwc8sd7m7lq6nreakkf92ukykd6e7mpuq0uk08ezqk9l9878agfc52j2fgxefd0naveq44vj7dej4ujnevffy5657tejrck6f855n9tf39v6np2eccy4npwxckuutxf939rzd2ffyhz6n4vfgmz7t2098xu6tete9xndtjgxn8rzndtfty5kn20enyv5t3g6hmlgav0xuerqv34xsctfrphxgmryd9k6r9j5j8l0usq5ep56pfp5xqwpjpccpfaweq3wxk7rhgldaachk2nn3lpsx0v4fn4pglg7fhemh0hlpd0f8900lll5ew2peend85lnhx5jtzff3yjgj76echuhnlswq4gupj3ggcmgz0vskys49607k5430jm474asgzaa8hz85rhmt87m4vtpsz3thnzwqlrmcwxpuc0xf6ak4yucu9zyjacvz57ghuhk70l4gj8kd7wmrulnvd4ga0m6jv4mk7k960xqu770tjl9nzt67amz9xf509475rjmm509973u5hsfh8n0a60jza379zflef0jzewl6822727k4e3fzr63h6lwr3te5af0j967twjz5lnw8c292mdkaz0t5x6yrzk36sh2628j7gcct3rr86vkj876wu7k3ncxs92etyf7y9kezqtt0tp4dsm80qsvmlg87u9ptlwnmx746xtu7ugxksk3z79f688lma040met7llttefgtz6cmalnrvp5txwt9ddlk38l0mmvkspvfzppp06lal5rmnmahkyj56d40h256uu8lkjtdfn73vgfkn6nl8yv6a74hpqzmm9vtlzlurum7a7pl6pjy23rr49vgnsl79xlheenjv400qw0m9kzkfemtr04wcgyhgxr2msywccmzt4kur7l77mwvf730hdjunl2hv8nknm0wyet60vf083vajunnelelslch9u7sw2pq4q9wwwlmlcysa0txj47f6tu40chx78k3zt058gcln2fq4axlm8pk9405ysc25lygx9f40cp4jr2ayswgq6z62jusxthq0487duz4lnsh2jlnhsjar0za3l8gs2hueku0fcjj9lhm9a0qsjs06hsqh6fekyulfl3a7amvffc90a5xwcm98mjkdjthnhvk028deuu4775weqht3af3deylx87n8uz2ffwlk6w3cuwv6rallgst52cfuh2hwnl0qxqr0mzs792pj26h
BEPE,offer1qqr83wcuu2rykcmqvpsxygqqv29z048f4n5u6wqhmmpvqcefkul8kuh0hguyx6a4m6m2y3d8fn4tdsw5c8d6nga4la5w6066lw8adl4rkhlk3m0l07sx5lmsuxlvqlxlu7z80tvdcmd7v3jxfhyr6ykthqlvql8wmtqt38vptkakke9442sv4nkuet7flcmj4476dh7l0k8ajwhhq40r92f0nm2taknmldtxt9clldj6z4w9dz9c9z8w8u35ge5pu025nskndawk5j6fmmm27tr9sx3e74h7umwpl0q3lmtf7t2tpaxq7p32eye3fxpq8wulf3u70adgcdeclwpx7m9j739ra0r8hws7su4t48mxwa87kucdv43czzs3qe99ak840dm0lcgel0j0wxrx9hwuq5xt8yal43a9fsnwugcdhnfva9x28urv66e93eeg68tat7kur0me6jgn808lfqrt67z3245j8l7g4de9dlggtdnzuzcscrlz6yzs8gctqmqrz0a6vqqzvwryzcxyp5hksta923kpl0h4ulrsau6z0kax8dy7awu0n3873res3y2m0w5al33yhn0ulu9adndhx2hxsake7jn6ah4ag7qjn939dhqnf5lykrdy64ekhw0e5tdcwnqlkra9f20qzzg862lw2xad8x6tenk246uw548hhgj309le95uhh5rky44ptutlwjvs9mgjcr5r9p0phdxqr88qzuk0p8gltmnplvkyemqkphm0mur2d0rk2my4tjujfht06v8s3ajeulqgjch54lcl9r8zs2ff9zmd947093yzh4ktehxzkj20939ynnwne0xqwzlfyuj6v4fx54nzv9t8rqjkv9umzeneveqk5kvf4fpyjutzw439nwtedfu5umnf090yycd4wfq6u7v2v4d9ujj6vfmxv3j3098200at43cmryvfjxs6rpdvvxcervv35klgv526flelzqznyxng9yxscpuxg8rgy84m5q9smmuwdrahhhx7e2ww8uzqfajaxws9nare8l8wa7lu94eyuhal7l6n9mg08xd5737xu6jfvf9xyjdztet8zlk7lupsz48sx29fzrfqfajzejz5hfl6mjk9wfwl6hkpqfh5luv7svl9dlmw93vwp2pw7wfczut0ecq6q2hs63k4xug78wyzecvz5kf87hw70m4gk8kd726n7lnwdegdtm2nvamx6kam0zpv670tjh9nxt6aalr9yfy09el5rjte5094735hhug8pnll68jjl3xxzd7ed06qe2l2826l2kh9l3fqrk38ul7p38e5aflj9kltvjzhlnw8c29gmphdx0t4xkyrykpesmt2282agcet4rry6qhj8720u7hphcw39zctyfkx97czztnvt94asmhvqsdmeg0lupptmwnmx646xtuluv8x5kfq7ff2r8lma04llenalhttlfsgzkemaltzvf4mqwr8d97kh8lvmldk5pvgz9q3f6hlluz745chyhk93ett2lg09umww0xwtr2pjaep0ve5f0vsnmuuvd7wekh7stlskw4r7masfzzk0mcql4x2z6hth3p4m97j0d7w73han6jk0u43ce0057q96ps6kuprkxxcjadhqlhlhkmnz05tamvhyl64mpua57mm3x27nmzteut8vhyu7070u879e085rjsg9gptnnh7l7pz7h4wd7amfk0x7n8sldeuczlz377c7llvqj7lksp2v86slah7wvsm6jaxhlqxkgdr5j9esrgrg2tjsmwaa9wy90nj9vt6x787mrgamu6nuny602qwx77gehpgpe028uns3n8022kts84ns3ck44ypj703jhwws4w7wkrnug748fhn42anl9dkpf7kz0dz00dyua0xm2z8kymdu7zn4dtw07783su3kweh742d05skh0rm7uc6ntgq8dyn73qqetnvn
BEPE,offer1qqr83wcuu2rykcmqvps04e64nrevnsw2g0r7la95jv7z2vk7p0edvtk405g7ue9sunv7ue6nuwtrsf9vtamltxy7uddu2dqhu4ulklcgktnysnuaec2l3qrt4mskuqmeqcyqp7c3gxxgady0366glr45plvezajgmf09p0729pu0lhvtplhfmenymd6z0jta77glxz0azyntrcjkk7f47m9fn8lhlq08h62gsn7d4klv00zhfalx0mk00fftrcyu0prlk3sfs8ct54wlp704nu87gw5eye6qc2qmgmlege4sutd0kwezht366k7kajw9v4lyhns7k3wsndg2h8cps8wlruwa78camunk6lqlnnspwt8sn504aeslktzvastqmaha7p4xh3m9dj24ewfym4haxrcg7ev70syfvt62lu053n3g9y5j3dkj6l8jcjpt6m9umnptf98jcjjfehfuhnq8p05jwfdx25n22e4x5ut3jeghj7jww924u6d3der9vajzt9ueu727ffycuunk09r92etpt964npjfdeyhzkd9v4gcy5t3095k2h4phx5ca2jk0fha8lsq2vk2f2034p34lnlelvtqdlz2uf6mm0w0wf2a4ayaky0ywl4ahp0e0nwphwjwg3n56y2elanuhe8ll7dhyjllrly2ff08wff5kyjnzf939adj3tel8lslpzsgy96333kqq7fzvdq77zl06kkxev2nkuhue92fx6l9wx4slwca90qajmapx4rlqe88v00jahlllfhz8ng9qkr3pxkrrvhqt7tm08l65frmxl8d370ekx65whaafx2am0tza8nqw0084e0je39a0wa3zjm2xv6z9puk5azxdp6ydzyq0drx0pqxmxxppf8v8wa05409lf2se53patm308pcaa6z4hlzdw9hf3w0ekrc9zhdxmw4xpuhwwyxux66va6hgen9w3nxt5x04ngtk5akuqra838ly5540m667nh797hu2tmxdt0q0hnd2wuvt5m5mx7q2zu086rr3zezdeshyrnntcxgttphdtcrmrsq65uwv72fm8kll2mc3y0h84eesnfc6aemxvax620eaz3a4359he54xr8urekxl0e08ejf4demeee0llcz7y6k9gm2q5hlluhmsfxwun870wrua03tdxgt4mky3yvvt87ldm7rty4664ddznj7u3hl7m7m7cqxcwf3c8hdc7kh2rlcdvadc97vwm78nlh562kth5c9z4n57lah42vpnmpj6zypfkxpl7xl7techllaakccnazlwm9ehu4wc08dhk7ufjn576jkwzem9m88jlhl3l3wtelqqp40cpkj7zlan37mu8lc9x8zp96n56m6x08gtdes7pvv4tw0nmwtktkw6pd2mdaddrgjnya6dkgqeu7llmls9ewztwna8w4vqv0u75zs2u4x0l9hd7a2e54vlpy352jty6cd299mrkz723gxq2qfprfsw55qj6m50fchg7n3w3a8zar6w9685ut50fc5pfshyykjfumanufaadfkrfhekxcex5slwjpvu0aqpuaedvp7xasxwmk6ayw4q2ts0lcez7wtn90e8lr72khmfjlml7c7kd67uzauv3f9709f0k6l0a4deghrlaktg24c45fffvtv9nfwdpfhxsd70sx7x2t8lm32lfl8dj7tyftkcwdpenwz3uehlfdfexupk8u0lrylrllls2as7cmkyc0sm4fme0lmx0w5xpt089ddgj8nyrl0ngzgvpdzc4dawp2zng7gf4vpd3wr0mwqsvm60l4xc4873w4xk3carmau3nj5nra0f990mausncmjz682s2248rux30r80m2kmxtm8u5jrme3xyg7uxjs29mu7ld5ehtqn7elwa0jm73y2h0lwclujjvsuga60fpjy7mualxvjth389se83cc38h6h45hzycq5sljduc5r5rqy
BEPE,offer1qqr83wcuu2rykcmqvps057xfasfv02nrq6085dv80vttee627du8c04khl5ftpxl0c4mjx89y7ez4kf6qy0ra8uezlemh4kcu4jhnhamj9u82ukgsk0urtcc0696wtt8sqqtq8c3cn5y37lgfra7sj8mjqwknpaya5zlt2uvstmal00cur0xjn4kf4me9hrhruuel5qlvyfzkmn480uut956l8l3w2q58adv778uekdzkt38f3ptyy4xh7292kpr0rh03x5le9feglh0ptdm3c8asafztnuqsspknhlj3htpckj7vaj4whr44faamy5te07fd8padza3y6s4wtsnzw478uatu0e6he8a47p78rqj7k8q8vlmenplvjyemq7phm0mur2v08k6ey4tjcjeht8mv8spljeulygzchu5lcl3p9632ff9qm99470e9x5knxv90g5mjjfe389dtwwfmxvh4kt4hxvknxfe49zcnj4f08yl4w04nyzk4s0e3xcczmsps8y4resksej7nsvwpmtdtms7vk5kv35k49y5dy0w9yjar85wrxckt6v9cx272p2a3u8l0lrqyd372hdn68s0tk2300u66dtv298nvff768zr3hy6w9kxwq7s7rdd8nc07l6n9eu5uzwfe48htt6gfl902d0hpp8ndu7g7tcgkjx2pq9h2aek79e0zjhjf29hgjgveeejmrqgpqpgm7e4u4nzc7rrrevedknz5hzr36l2pwec09ff33d6tnt9devh2hwstp6l73xt2helllumwty8xnzswez8pv2mv6nxkh5ewagkjkre0fj9v65pt9tytgtns3rhvsd754fktx4hgktxzkjx06sp8jp38yvskkh0unj2lkkfl35hlg292rmexzlxv6jhuvtxjen86pgv9u8mahd6snllllaxug7qjyzeug9ghhrlth08a65trmxl9dfl0ehxu5x4a4fkwandtwah3qkd084etjen9aw7l3jjj28yaaaqvjvdr6v76853uqhwrxw7uxty6v7epvh0ar49090t2uc53pagma0hpc4u6w5heza09hfp20ehru9z4dkmw3836hxwl4n4ccp0td6zxfahdzhcssd8xnpcfnt3tv09hdfwtmczt0d05trlje2m0yrfvgnjw3dx2az6v55ye27shdrmvs948fqw8vlruuhlahckdc50q2tma7unxs077t3u7h4e7lkt9ya44vsunqd338ustjreere6rjzed0vxuaqqrw7xrm0hv4snhln8lwktzygw294xk09cl0gd42699mh04067gmmakxdxr3vh2wndk6zhyc82a79elfu7a806yqptx5d4p20ls337mlcza949a4ddqk0v43g64da6m8m0fk7ljvwxwrynrtmyc92k5ku5d4frnsfwqvx50qgaln0l3luz70a7l0vd79vhfnuklw4u9nknmmd5htzvva0h4d4su03feelhlu59ulswp6svvmeqphl4hxxk946l30eq5euy98wwnt0gculp95xre9njawej0aaw3vemg4htd5445ax253hpkfx8ljmll06qdnd506g2jwktj6njtmdnte7xne0hngxljylnppdrlptl4pemzlwlds3jyvpszsxgg6vr49y5x5atjwp6hyur4wfc82unsw4e8qatjwpqjw9eqf5jlxlv7z00tgdcmd7d3kxf4yrmyjt8zlvql8wttqt38vpmkakhep4grjurl7xqhnkuet7flcmj4476dh7l0k8ajwhhq40r92f0nm2taknmldtxt9clldj6z4w9azzz2zlpwctmftdeur8u00hjm5tlvlf7l2njl40mfhmt8jsezhlnceq7hn8mt7xl09dran83laluyr2cfzdc0vzzjz25kwpv700jcypj800rr7a07t7skm6v8e224nr20jldkak95ce7u3mc80asanrfnkkr8sdw40d5ayr9fhyplrkmw65udjwtu7tma8dx09j7a23748zget6a7ulxla8r8t5w0scs2j6k2m2jepma8nmutd64jxa75kltxpgqn6lzu6gkc06a10