CHIA,offer1qqr83wcuu2rykcmqvpsw4j67d9v7n4a470hat06u98ymd8n2xgecl79w3cumvl495xq4m67e95e2cqs7jvn76e5d43vmzev4fwacqfgmcvya760t0748nl969uhjnwynqypvqljyzz3j8mdry0k6xgldgdm2g8vjkctaftejpt08lalzsda6wwwexmw5jukl0hj8csnls3y6ewx4ahjpwkm2uml47g9jt9tglje476duuqal56tqjjul0mwm9ulkygh967l898dcutn6905m9c8asafztnuqsspknhlj3htpckj7vaj4whr44faamy5te07fd8padza3y6s4wtsnzw478uatu0e6he8a47p78rqj7k8q8vlmenplvjyemq7phm0mur2v08k6ey4tjcjeht8mv8spljeulygzchu5lclepxz32ff9qm99470ew4jjtjf9l9ycn64f0yuej7ke7kvs26kfl9yc26vefx5en20x38rtn6tezk66ved9s6juvk2fj466dphfyhuct6gx2mzuv4wxc4yunkvezcv5v44fdx2kt3ffpxznnj5k76nyd2h90yyhlmlcqd7g9s4hm25c6mc07l7xs2uvwrktnm6hgwsc0smak7r4l7xdhzahawyn3fp9ue26584c2lpxa0lzlll6dhxjlurey68tk7kw9l9ulurhe2898xg8zr0llap5v2ym3te5ps6mc5jjqv3hvwq7pxwqcg2l80nl79tumjxwdm7390a68r82pd980kmuhmmmne8uha3jcp30uhuhk70l4gj8kd7wmrulnvd4ga0m6jv4mk7k960xqu770tjl9nzt67amz99n5de5z29ed96zu6r596ygq76xu7pqdk2uzzjwcwa6lf27t7j4pnfzr6hhz7wr3mm59t07y6utwnzulnv8s29w6dka2vrewullrytugzd08c5ugwtnmlluwvujadm7snanp07vr0p69fh27mhen274mhu0gfa07xxamrgnn9738xt5z0l8gth7ak5zle4um5l7ma5dktnsl04aurtegmzl0l6trx0xzjd7ddc257dn6ywg78csv4xscf6qeepeutz9eedvxashqnvwqrwd0n843nhdtle6s6zdylhkjgdkmgumhjek9aeegwtd2v0hg7p8fd0fep4zl7pqttyugmw9cl480ta8efkrftxsv482llls2vf043eduvfdmjgu4j8l0dr7n86gcxnnysg2sft3dnmtdkfrmwekuhvl7pf4dul9lt6fdpn7ywm75eex8hkf5a8ym2w2nnezrsgna6rasdewhp3q6asedzkq4m8qllr079uumal77mvve738hdkutu2hd8hkme0xyef6l0ft8pgazlnne0llglclyumsqq6huqmflr0jcap9urlc97ztc5m9w0l7f550ctxl88dkpl5w247hajuv8wfwtlhl0p7msh0cv5mzfslukllm7cyda08867ucwe79pcm0vpxrfmh8jj78ejljehdcwtwpk7jkduzwx3usmjutpszqqggmv849qykkarzw86xyu05vfclgcn37338rarzw8qzv83p95j8xlvlz00rtd56dud3hxf4y9m53trr02q0xw0tsd3hdpnkd5hfr4vzjurl7xvhvsdx2pnujwfjcwdxe2m7jwj856z6hfax8drlv8csurm4f8mnawg7em0g25cn5x2fc2u9np0ddghxqj86kt3nphyv0h28wjun6h2ky6fjk9atk9wrjch3wh84yg468msu6nlllz7z85h579a6rlu0kpxrdmvaheq6eshxaca03v7wghrsw0dwv3xcar0ddjqnq7ct4yqdmhn300m9ln24pa3u0fj4ya2kkkls9n3deqv3axpxxre4pcd9h4nc7vlfg4m6c57fxzwnna5h0v3unvdxflu590vygtnnek38alumkf3mt2mxp4u0n8d4v8vjn5j7gveykm07hnv8uktnglldfcwvf80w0nw2w7dld70sqf6grplqn6al4h
CHIA,offer1qqr83wcuu2rykcmqvpsf597ukn3l4htr77tx3vftg5dwkl96hrwjrghv33078ddwm9cmkj6jxnhjdzeeralpxm8mdrtxdqgnpav6ver0p06atdymtxm293eptw0uheekqvzgplvgypry0kj8gldyw376slkysweyd5h6shm9zj70lmk9qlm5uuajdkaf8e97l0y0np87pzf4sudtm0yjldk5enlmls8u56a38luwvk70xmcckmzwm7nm64a59flwhve5zeuuvc9ys6p0227m8c8asafztnuqsspknhlj3htpckj7vaj4whr44faamy5te07fd8padza3y6s4wtsnzw478uatu0e6he8a47p78rqj7k8q8vlmenplvjyemq7phm0mur2v08k6ey4tjcjeht8mv8spljeulygzchu5lclmq2dr5jj2pkz2tulmj293yn25stahkgsrxta3y3gj7wf8hu6y20anyzk4s0efxxkny2f4x0vuekpc95ejmtdgkjetg23hmuutw24fhjetgvxeyjcngtee553vxtp8my7d7w9rxzkj5dw85nvregevmukdw8nznfakyjt2093x2jr7we4fattl2kffju2qnpacsj69v4325l64t2222e6q29y8cuvxv98yujtq220g76u2nwc5w7970x5yzjd3s9ecgmmew9qk56rgwpd2v32sse8l9lcrkycy0f6ren26825mlu0s3qyepuey5tenna3zxxl7ll84syxth4na4azah3tj0fhndmd7a8dhv8mndev9qu4agdk72w5fr0c7y0e7tlll5ewwyceyhv5r2ved85en2ta9kss2jv4e6z62ew9v5ngz30eu8whjsdate25tpwp2k53d82x56jjze0azysej22d0xz4usfrmgp3cghphuwy3zu5ddsqg2akxsfjcu5jkxctz9453vyze04ev80d8jm4pe6jpw4adflkl4mrsazrf5n0sllleqy0r5m3rcmsst8f2gtsqedjllw4ulh2pw0v6u44hllxumjs24ka8emkd4dnk7yzfhu7k9wtkwh46m6x62jsmn4m5x2degmna63h8m5ytsem5mekepndmg89tagatta26uh79yqw6ylnlcxylxn487gkmadjg2l7dclpg4rvxa5eaw4crnaulwxqhy4ycyt8cv5mk04mkh4fl9y65t3hvfpj25d4kxmuey00ak8pevvcmkq2frglntw3lxk6rv9lghhjauvz3h7sntclas8usj8906n0crzhh635k4nq3l6vfz00lg4mjnm0p6ddmqw32ez0eqhy8njqn60y9j67cacuqzxau58ekf98xklr2lm6e437jm74namj7jzrcx8ar5nnjtkfl44f5ukdu0y297ygh4u7hl6lksa9ae9el0g7nnjc99vcpjha07lupf4eff95mwhdx8smz580scq30jsu6yxfrpc9fdfch9pzz67ve52cw0luz3a0nwf0g4784j7hwfrw9w0lrjsphwx9xveuka5avjs8398w5ajk2kztkr959cy8vurludlchnn0hlmmd3n86y7akm3032a577m09ucn98taa9vu9r5t7w09llarlrunnwqqr2lsrd8ud7t8k8rsllqhcf0znv4ellexj3lpvmuuakc873e2h6lkt3sae9e07lau8mwzalpjnvfxrljmll07qd682fu25myrcnujt9swv4hmw4z5nv08470w4l8f0jwn8y8x7uwuvs85kzuvssqzzxmpdfgfy4ng5nhk3f80dzjw769yaa52fmmg5nhspn8jgtdysenmh6nnc6ldx30rddejdfpxuywcce6crenn6urvvmvva3ddmgetqkhq7l3n4eyrfjsvlyn6vkrnf52kl5n53axck460f3mq7m9759qka2d7uat68k2m6z4w9arzrzzlpvctmf2deur6qr5t7zl3hecwk4dkdl657avmahjulzu5pfzz48528fm93jxc00fhllutnf3tu3davece75adhf9w7xkp5hdawzexrs4rhvllkzlh9umtn6f2n5vs568kzafqrvmjlletl0k5lql760k906lknld8kagw58e2889hzmxmwalxdd7hgx4ssrc727htl0aellk0vfdtd7trrfadanjwtxwptrxzww7amhuuar3l9ecmdklmr6llnhpa7wc7alv0sudekulvr84k74muhdleaj65mkfs6ljaexvqgr0xr9cn88ynz
CHIA,offer1qqr83wcuu2rykcmqvpsxvgqqemhmlaekcenaz02ma6hs5w600dhjlvfjn477nkwz369h88kll73h37fefnwk3qqnz8s0lle0aq7xkt6mrastdwj29ke0h7hj7c7h9pe844dapw003exvrxhe02evr9jqy424kxs22g8st7f6hsu32u26tnq0qllzs5p32v75kuckh4604gufh70m0ud3hhaj7udqccrmprz4ll99v2d6k8llyc28a9h0n3knql784glt7ewxrhyh9lmlhsldcthuxgdnmljxtdh68tdh68tdk68tdk60tp57ner9kml5dw7czzlhqhn0k038h34k6dx7xcmny6jza6g433h4q8n884cxcmksemx6t536k4g92ktxn9qe7f85ev8xng4dlf8fr6d3dt57nrkpaktag2pd65mae6h50v4h592u26qrskyqvz3rgjrz4nv5vcsaphqtg96jqxuaa5wteh7t3tt3l8x47acv9y5f4crzlfywt604l987mke46tnmhtc29wx4hffxk4p77c707fymh0andkavjhecav37hatedywfrfjlw5atlqttgygr3aj8szy04mm3sh00qx80n504rccvzgdnmcpe9dsh6jhnyzk70lm79qmm5uuajdkaf9ed7l0y03p8lpzf4judtm0yzadk4ehltucx05mt68k74n4ml66xjuadlxf77v8hwf2m6hg5elk83amffajjvnkft8c0usafjfn5ps5pk3hlj3ntpck6lvaj9whr44dadmyu2et7f08padza39dy8lqlt4j59wcyxzav5e8c4ceqzflcq59heeu8jlucwt93wvcd3a7mk7qjntua24edtvnyjd6n7r8uvwvjw8uzuk9a9lc82gey5js232klfavnztfj4y6jxwf5ezmjffe9xvk2f54cevj2ene5ez5t70e25np2kfx49u6n7ffvkjlnfse0yj6tk2eryust32xq4umjjfer9afjp0fg4a0j6f9g5jlj3vfdx5l4wge08vh4jvflx5nj229lt53n6wqwajjcwpfe5m733t6mlnhdvsmpw793n9dhm97ga77gtj6we7tsha3etfjj0alflll6vh9qsdfxnm4q4n30c09q3wd89vrc8u76l09vxghmrsp58yaumt9y4s7rjwe3m572023jyhdjgvffyw364g9syngjeww54j4te09sksurlfeq5u7prwmd8xvun2teck54pmehzhnczfjd3d95qerwc6prur0tmku740hw3ejse2e8pgta777sllhwn4ertfcnw4t5sguky32jg88vkkrqr9ayqsrse8m33xusf5fuhmd4n923sd7x9z06604540uc34vxnl9xwc83lkhuhk600hg6xkd77mrulngd42a8m6kv4ekkk960kqukl0tj08n2t67atq9d05t4fq58j6r5rhfwsw3yqth0j0a6p6yas79zeuazgjxewa60t2727k433fzr6nhj7wr3mm54f0k96utwnz5lnv8s29wmdka20tsx25ttkh055j4uejsrafrul8f6tpketvtnwxxdhpvjhk0c9rk72r2k6cf63jjcs8zaauem4hn89zk00720ua8d4q59khnel8klwpqnv4ey0tvcwn8xn68j99h4lveg54g7ta0m8770f6n8ez9jy6nrmv9393k9j67camqq2xauv9ayep7z7ufl855vncrnw7lfdaa02fm6lx2zdfevmmuswjhjm304eugw920kpme6w03ffsqew9dtythhm5gyxleg6nll7zu7a468803625l7f6zeah7czndffy39xn7v73gfnh2jyecus67z5gle8le0uzm39m06tt3v0gmz0uu46hhra42rjze9meehwaty8adltneh4m09yrrkr95ggzhvurl6rl6mkfmr7q74nhm079acdxyrexkhld4kmney5vwuujnvnd0edfwxrhw0tw6fg0370zv0e8k45yz46l8d6mj2au4rc8m8ynj9ch8u9u458w0c0vxd0mnf40m5j0vj9sgysq92dt7qvvs78ccm4qxs4s64qvtcw3eqrg0f29y9vp8kx5y35z0jr3shkct9c96qwe475kd7ww3h90xhswn3fm5u9chf28zj9k20ve2uew0u8tu4tc6m75pc0hvtd5lr870ve6alwuj94jc0swaec5030jevnd7fy066drlf8zta29dflrfuhekak76zx07mles3tarwn86mklhak0r46u8kd707e6j45qrjw4c6w70pwtg
CHIA,offer1qqr83wcuu2rykcmqvpsxygqqugh3tk6ulhur0g0skd7wwmyrlya4da0e95e7ujykl0l78a0pwmse0kfswhc8d6nga5l447u06ml28d0ldrkn7khmlu063ksltjuz7vxl7uu7zhtt50cmdwv32yfh9r7yx2hq7vylhvmrqmn8vrt7uxje45423vjv50xfqlmzsg6aw48eyexl0k95wr6uge8herhpxyhvnm48xl3aj27smtf2ged3g3r5luvjzvst4j98hldepg024mkl7zxnmewdm2j4xrgkneyldk6kvww0d3fr8uestx86zc7dhdnt79z4l9v2jwtsmllmmsymeehh4dk5dk7wg2fmmesdhumjw3valm0u9ghvljqq3pfq9wpnl4m54plh4y7v7m37n828nh9ma74uxp4wz7ul09twa9n3gtf6v0c84um6je9te64q485n0tm0aglh2ahymafewesl8pkju4q7ldt8zkherxcpdhzuqccermz2xzcxgctseqrr0e6vzqzvwryzcxyq5nkstadt3jp00haalrsdu62wkexh0ykuwu0nn87sras3y2mww5aln3vkntul79aul0s49xjare50c5unm8w0465lgdn5keza9jtps0rh4r03lhjht5gtdc8asafztnuqsspknhlj3htpckj7vaj4whr44faamy5te07fd8padza39dv2lqlm5nypwcykqayectc9mfsqfmcqk9hcec8jluc0t93wwc9sa7mk7q6ntca6he92vhyjd6m7rruvwvj08czvk9a9lu8jge55js2pgklfa0n6t9g5jljpwfdx5l4w2e8xvh4kw94yzh4jwfdx25n22e4xunn32el857v42x88j6npwx5hrztete3yvctewef9ycdphxgcykd3dxueja29fxzkz3twdeg5u6t349m8vn4fkxv6r053te99lul7qrfjpd5q2d2vqdarzc6p06qa3knrd04uadm7j7c8qkw2crz0nd3kxeprjcdt8nhladnf69ylelllxljs9lvkg3dm7eg4ulnl60lqgvkulqvvq0aquvk3mf2fcpu6554juqv3hyvskd9xl7ct9wmakphy9v863h667a3h954hjxd4g7y08mwv70lhl9atpflcr30uhuhx70l4gk8kd7w6rulnwdagatm2jvamk6k460xpu670tjh9nxt6uamr99ny09a55rj2d5f99k35kksghrnll6yjze3w8zf7fddzqewl682672kh4a3fqrj3h7l7p3re5aflj9jltwjzklnw8c29gm9hax0t5xjyrxkpcslt568zurget5dr96yhsm72wumhdnqutcclphm0ex2hxena8w7r8wmpt3txcuzqg2wa9qtemu8yktku433tfcgx2ngvyasvx4kcktttphdvpym83se6slzn9559fa0kemxsdlurckuda09cn2tpflhk2kltfjad96zndtmrp4hugd27hxv8fkq77tmmz7nx7luyrrj58g07la0epg655aum8myektlu5wd0amu6ezpewltwnkqkv4sja4she5kyw797qll9lcp4u84hngwdp4hmu0uawmu5h6wkf8yh9y6aj2kfvm26eal097y4v4keycyhs8r29sqwlehl7lcpa0s7vx0p0tqhnwejxukdxz367ucyqk9p3wa67jma4hmr8t3h08wkusy93h05pj4pswzskzzd2ap0yzasawm7pl870dhkxlqkmke7tl42kremfalkzg4a8kvhnck7ewpculul60u2j70cxhzq2qgnesmw9uya8rya0ezw08jatladkt2ljewjnlhmud0pltlqxlrq8gn6ju3wyf2mtlxfhe67yj68e57dfjhn49s9qfr7hhr7wnur49ul2hx23x7yk9cxda7wnkdqwd52hkm84l8jgxju5klx5llyn2dtl96wg9k59qd6uaxvqgqrzkjf6cv7tqn8
CHIA,offer1qqr83wcuu2rykcmqvpsxygqqugh3tk6ulhur0g0skd7wwmyrlya4da0e95e7ujykl0l78a0pwmse0kfswhc8d6nga5l447u06ml28d0ldrkn7khmlu063ksltjuz7vxl7uu7zhtt50cmdwv32yfh9r7yx2hq7vylhvmrqmn8vrt7uxje45423vjv50xfqlmzsg6aw48eyexl0k95wr6uge8herhpxyhvnm48xl3aj27smtf2ged3g3r5luvjzvstxnkem4s683ud0a8hc2at9rchhwlyvngnfslm9480gpvw2x5th4k4ns85kfq8mxdvwn5nap3n4ahdnwwvtzl29ux83n803ssa47he7kkgwf3wd8u09nl4kxqa7gwcs5qgkffw0jw04zthlrmw0ga2mlw0lj3vxmcd3fdccahah0l5llmq7nf7tlxfnemau0jftxs7ukx4c2v3avnwukuup2utmwlmt85ekau0ns3tlvkld3n7sjmx9c93ps8795g9qw3skpkqxylm5cqqycuxg9svgrf0dqh624rvr7l0te78pme5yld6vw6fa6acl8z0az8npzg4k7afmlrzf0xlelct96na62xey2ekt6c4f9gmwtn999dmmcrl0xh7vzk082mj3dr4uhf76wchhnl4p2hyrxg8qg8dtwldrxjre046emy24d88tt6mwfcenhujkvrk64az2cgl73uh98gzuqvv9ef330ktznqqjlkpqt0lnct9lcs5hmqupnm0mandvr9xkeu4tj6jektym58s8l6cumycwc8e5t60lqwy3jff9qnz9d7lm095jt3f9l9zcn69f0vuej7xelwvs26x9ldycj6v4fx5en6rf5lyjtztf9xye37d8q35w0379ys2uwfpccanktwx9vcuxv3l8g4udnecclynutpwgs3nu03y9uly9235yl2tydpn80vzhn607paug9nqrtdqse55qtmx93cgnz7czmtzqk24jmlvsjmnklrdhepj7arn6ds6669cel6dlcj3nd8qlll6vh9qm7fx36ah4n30e08lqa723efejpc5ph6pyedfhzhngzehf3f9yqerwc7pq5pl2ra8pvlf72ed8tgpvwhmv32wyjwd3qj7eq5e5gry5da64e22apk9ljljumel74zc7ehemg0n7deh4r40d2fnhwm26hfuc8nteaw2ukve0tnhvv5kv3uhkjswffk3y5k6xj66pzuw0llgjgtx9cuf8e945gr9mlgatte267hk9yqw2xlmlcxy0xn487gktad6g2m7dclpg4rvkl5eaws6gsv6c8zrawngutsdr9w35vhgj7r0efmnwakvrnu8n80tzc4zm57ehdm59y09h96neqhhuux70feh0uur2yl68kl747rzs6mz8qq3hdkzj66cdmtxfkcvzx7k8ykfdyfw0naxycu80mp70kt2t305unqd0dazlk66vlff235l22ec0v0xr7494neuds98cl7ehvc8m7ercs5p7zh4lllcy6ghmrj75un7k2u6mkpk74xd97h2m3l797d2c7h8mz4ulre9dngtc7pl79cu40eumu8ua96l6xrn209v0s8lvhaskqn6h76nkne4h3twyfam2hmqdkr95zcj3vyrlldl7hesvwym87naxllgkf34hxq3e8jjnd06f09f9r07pv6yudl6luwwq0fdhqq2rwlcr9zrqu93wyy646zwg9mq6ahur70a7l0vd7pvhfnuhl24v8nknmldy4t2dve084dasut3emelklc59uls0wvq5q383pkal350nstnvt8k0hnwlslwmlyxyhtumy3mvlmteh76885u4t587uwdl44t43jlkwhedtsacg40l7ghx2k7d4jpw6rt0zfmjkekelnekp2lat07kd2ac7kvfx6k2ewymu3s3qkmzz9e96ndxl77703g72g8denmdv05hcrqp0hvfhwsh2favz
CHIA,offer1qqr83wcuu2rykcmqvpsxygqqugh3tk6ulhur0g0skd7wwmyrlya4da0e95e7ujykl0l78a0pwmse0kfswhc8d6nga5l447u06ml28d0ldrkn7khmlu063ksltjuz7vxl7uu7zhtt50cmdwv32yfh9r7yx2hq7vylhvmrqmn8vrt7uxje45423vjv50xfqlmzsg6aw48eyexl0k95wr6uge8herhpxyhvnm48xl3aj27smtf2ged3g3r5luvjzvstxcm8vt2clagj4stkvmx0ej4yr7884767aycf6426xp5crsw65d7pun2qy5900na3pxarxffwu2ckfkz3hrly9jwzkkppuzue76lyaxn37mc50x70l7dejk363pgq0vj3mdn5l7r5sh7hzal0d8ck5wvh9q2vdwkwaaw0e7dsm9teh86ltct933xujqtcn6nc6zmxeelljjth5flwdlu2uv34ssujt0kr88a99f006d7xsgcxrmylqyq7t5hnpwj7qqw08gltq4sgysmxh5qzgmf04p0k299ullhv2plhfeemymd6j0jta77glxz0uzyntpc6hk7f97mdfn8lhlsy54k48eshz87tvu0527ethe58dn9ajp5vqlpj0fhwe7a6m4h9apg2p00872z47gxyswys7cka76xd58jh24nkc4260wkh9kum3nr0e8vc8d3t294c3lar4v2x39cqgetjjrxl259wqp9lvzq7ll8sxtleqftkpcr0klhmxccwtddnf2h949nvkthg0qtl9ne7gsas03gl4l6q2fryjj2pkx2mulnxg9dtzhnwve0yj7nz299x48j7vcl9sjpl9yc66v3fx5ej6ff4kusr6ta04s3zk0ad6gk27093yrrj3h7v8qumzvke5s4vnfpu4ys2k2349u6nx2e35ujz6fa4525zy4wlcf227gp0lhlsznusf9qrk2php05v8rq9r253hr22k3nthh7jdc5r9ld0h8n50pk83s4k6ctuz0n70h9d0z7tp68ll7n9egxhjf57eddvut7telc8hj5wxdusv9qv7d09qqwnay2gs7nefe99ykdfseckjaj4dfp8uc2pdxv42ctwd9zkys24g4nxj7vk24v42429fe24j62pffnxz3jw2fv4zut4t658vjjvdpur339cna70fvkcaamnpwyl0j2vfmxjkn5d9l8jejvg7lxy6nz035mnyvpj656np4f4xnfzkjzfqwu6cwq0x3k4shqzyfenx93unlw39nr7c0p4vaaa2t3edk5m59v4wec6t78j4vkmd87tzmlfedl6yg9lvsk8s9tyul5dxkamar3w68l0afxww4cunrfvq093krj7naef62wvtmcewfsjnajlj7mel74zg7ehemv0n7d3k4r4l02fjhwm6chfucrnmeawtukvf0tmhv25p73jku2sf2qar9fc5v4hzz9cull7sjsuvt3cj03twysxth736khj44a0v2gqu5dlhlsvg7d820u3vh6m5s4hum37z32xedlfn6ap53qe4swy866737hxsx2a6yews4a5ljnhxdmjg8fgzu74z6zlvpl7n3w96aakh060l0ldnx3zmaez46an7tzswv4hjrr42yf7x97cdqdmdtp4dnme3qsdmmgp49p34d7v47d07vel50wv97ylq4kegu5l608qlf47ygwpyvkqzn88k6cj2n9uhdnldjgwj9f4erz404l3rqun9r28ls437el5r6a0kadk6ejdpklaze345ljxd84qsk87ru4mh7fd04z4hu5mzmdkf5qmkrp5scr8durll0lshrpuvlwfh0mmhlyz9ylck66p0fmlzhjncvfg0yu5k239mf4c0h08aksznwwxduswtyp3eczcgfjey8vstkrrt4c8alaakucnazlwm9e874wc08d8k7ufjh57cj70zem9e88nlnlpl3wteaqsug9gpz09ldea483rqcd43u5xgydnxt4fdyzardfagyrvruthmarsfnudelghkee8xfumfm8xp08lnnea7eadza8nswxemm74kulh2s64xn9n7nddtxhthm0tllkml330mf0rewx00nn2kw99659xk0m6r7vmywjsc7wwta2jknspqz5rfr6ntrd526
CHIA,offer1qqr83wcuu2rykcmqvpsxygqqugh3tk6ulhur0g0skd7wwmyrlya4da0e95e7ujykl0l78a0pwmse0kfswhc8d6nga5l447u06ml28d0ldrkn7khmlu063ksltjuz7vxl7uu7zhtt50cmdwv32yfh9r7yx2hq7vylhvmrqmn8vrt7uxje45423vjv50xfqlmzsg6aw48eyexl0k95wr6uge8herhpxyhvnm48xl3aj27smtf2ged3g3r5luvjzvstweh4dh5jj8kt9w22snjld6tretkhn2en6sm8m6h2pl6amlfgy7lk7tjsexp6h0chwnxym6vehga7032dk4rgzwrlqlpkm0aw85ut2axxjcnrh9d0l7dej0plzzssue8r5lv5kq7lpy0eehn3c9nxhnr55k8c79t7es97nuumvgs8vh8dusrmwh09llmt72ycaufx8dp22phwan2lnu975p9hg3wnh4u4tauu9q2hlwjr9dq3qw8kg7qg37hpwxza9uqga7w375prpsfpkd0qpy4kzl227vs2mell0c5r0wnnnkfkm4yh9hmau37yyluyfxkt340dust4k6hxla0ap4ehsx6ltlrpw6nlfnvmt507w2d50wkzca67ym0lfahxhsr670rxeed0pljr4xfxwsxzsx6xl72xdv8zmtankg46uwk4h4hvn3t90e9uu845tky45sluraw62s9mqsct5jnplzh9yqp8lqzskl88s7tlnpevk9enpk8hmwmcz2d0n42h94djvjfh20cvl33ejfclstjch5hlq7fryjj2p292ma84xv9a9zh4wgelxjkjzw94y5hn7se08s2zlfycj6v4fx5enjfes4r9j4wxzkndjpv9ny5jt35efx2enefxjhj6nffev5u7d2wxj45s27des4u5vxwxcc55d6de0xukjpvflfnxv7s9085l7rmcsfxq9kjph9v5q8mx93sv48zutpfehv325mmgs28mmnf5a8a9k4p359773wdhl5l5h094dtvrllln0egzhktycca0v5270ela8lsy28dlsyxqx74w9yr73uyfgsareffy9ukar3pukwuzevez85c60vxg4j6tyv98ks32ng9jx2auct9t42k29g3247e2ffpsxk3jq2e04x7t32zj8ujzxdf7r3j9cj4u0a0x5udunad530z0veex5hn3df78jejfg67xwmnz0f4teyvpjx56aqdf46sezhjpfgdvsew90xsxnslzzggfnxa3sr64307ekaz06p4k938fd6tf080cfp20thjfc77gl82xn72dy4tjdp5zljftrcz4jzw6xnm0ak3ghdmlhj4n882lw9sy5qlncnpfdf7l5ay8x94lvlygtfwc0awaulh23v0vmu448alxumjs6hk4xemkd4dmk7yze4u7h9wtxvh4mm7x2g7cetkygy5s23jhu2x2a3ppuz00lgetwxyg6fl64nzgr9ragatml2juh79yzwjylhlgyyl8n48w2kmudkg6a79el9g9pvwa5ea756ssvkc8yr9d0v7m4gn9w3zuhgzl68eflnkaeqz5jp7w24d3fksllpehyawam8hd9lllkenc4dku3wuwal4sgrx6mep363z5mrzlvz3kmk9j66cd6cc2xeuvxw4r63mjc0x6r9rmcleul37yq297clh0hw6havjkxr8wl5chjahf003th3gzm8z7v3tay6rpj3e78zhwg3svf639plcfcld07pt4khymx9scca9dlk5a8d9aque2nlswd4uwv2txh8a72y9ksdc3k80q5asedqxqmm8qllm079mv0xlx0kh2l7f8ekvx972awtx6wle5zganw35d3tyd9e842prxmy63cpe2dn7qv5swr834csrgjg2eyhvq8htqtelhmaa3hcanaz0zma6hskw600dhjavfnn4773kxr3798887ll63hn7peeqqs29wp7t4c2ht2dcuc3zyga4725yd6um9y2aun3tatet2c5709f8dlc0zrd7wsc44nfxm322f0fl2q6rhaw0wduzlz20hdwvmek78rejntmndmajjja7eu9nft73fldmt8w60jtnkxu7ulv6t0xy5re28y8petpet6u5sttvcp5qwc9yn2ghpr6a6
CHIA,offer1qqzh3wcuu2rykcmqvpsxygqqugh3tk6ulhur0g0skd7wwmyrlya4da0e95e7ujykl0l78a0pwmse0kfswhc8d6nga5l447u06ml28d0ldrkn7khmlu063ksltjuz7vxl7uu7zhtt50cmdwv32yfh9r7yx2hq7vylhvmrqmn8vrt7uxje45423vjv50xfqlmzsg6aw48eyexl0k95wr6uge8herhpxyhvnm48xl3aj27smtf2ged3g3r5luvjzvstac4umvpl22wwkdmf5l4d9z9lga6g8fh9lkklmdttndtdmcjd37l2ldsq9t54qjzg6eljs9nmv4zaf5cngaj9m8lw3s6nktt044t6089elfa932lulanwassdgj5qxw7x7n6f0m2jwh8n4r4ysl6z7aee0fdm74hnc7sawx6u7vmpcaze4x5hhlwusue7u3lte6uq5lnj6lahskzag34vls0240ezl7e7nryyevh8muzkm3xqyvv3as4ravz5d4ctsp3hua9aqpx8pj9vz7q2fmg97k4ceqhhm77l3cx7d98tvnthjtw8w8eenlgp7cgj9dh82wlecktf470lzajtzde4fuyxw99uypc0p0tgt6t44tuy626lgvxpph3txrhyl70ex546ur7cw539e7qggqmfmlegm4sutf0xwe2ht366577aj29uhlykns7k3wcjkkr0s0a6f2qhvztqwj2u9uza55qyauqtzmuvure07v84jch8vzcwldm0qdf4uwatuj4xtjfxadlp37x8xf8nupxtz7jl7reyvj2fg9q5t057hea9j52f0eqhykn206h9vnnxt6m8z6jpt6e8ykn92f49vcnftx8y5utzd9f8uunfnxl9vcjp29q6u4jed9seuk2kv4h9zkd3w4qkvjv9gxv4uaj2v4v5vnjfwec52c24d6smnfv7590y5hlnlcq9xg9xsqc4psph5vrrg9fgn679sp07705gwmd6wnklcd5aua8fv9mw72lk9k8mx9yn0ly5vqhtkzn9egx0zf574vavut7telc8hj57gdvsd9qt7d09qrwa63v5hdfu6ntjedfv4jktjtx88v6dwv4555e29tx09rp2xv4d9yct72enx25vf5edyyut4g9v65jne2x99j424ge02hgugd2g6rxuffeh9qz5gp4pr5xjgsgrxvf0q4yr4el8u6npvft8s2z59zl4fg4y5szw9t8q8ngkz6tcpjxu3szl8qln0lk4dwnecrch9mh7vtck0kan57zj4myexal3wj7e4l6jcyc4pdqfajzccqcwt4l5zwc5clu6lawslkruaewh5s67uwwue3atg5upa6l5reyalngffw50lw4ulh2pw0v6u44hllxumjs24ka8emkd4dnk7yzfhu7k9wtkwh46m6x624sctkqg8yhegut7prpwcqs7p8hl5v9hpzydylazesypj375w4al4fwtlzjp8fz0ml5zz0ne6nh9td7xmydwlzulj5zsk8w6v7l2dggxtvrjpjk4w0d6jpjhggwt5p0u3u5le67uwpfnesexyzs0jjr0llqnd5g6nvndwkza3jn4zum5chfeax7hnx64mekkdz9jymnxmvzpxek9j67cdcks2xauv9rru3cl40kdz9mtpgn5hm5t68a8ucr4n6353nj4vewc62fxxv2c2x6mee0n3u8d7ltva7rk267lqh8kekyrzjg5atll7pvx97nkk67ak7y88ww2xz4kpy3nuafuteya209fuvxu7la0rlvm7z4jtlch4n7npqmnda27tvv7j743v3pjpdlkvhgj4le2wk3vvfk42sdc68zep8mqj7qcdnkqpcrrdn6qpny2pegzg2e6dyyvqrkgyt3chllaakccnazlwm9ehu4wc08dhk7ufjn576jkwzem9m88jlhl3l3wteeq5vyj5q5evhlhlq2r664lte753uvnuhf8hzujt6jnf88fg0jl6k6yypg0rmhvy87fuhmkr7t45hjfeyqsfumvh45d2vx3h8a5l7y48m55m3mrk6rjk68uhrk7cwxcycwntn797lkdtpew0k99zamu53w9qj9z6nceja7fms3kthkde86tfkfy4ulkaweplwntz328rv6stfs7mmx9fkxt2n6j4levl78hv6r8nakl65qg62uxqgq4cnqe
CHIA,offer1qqzh3wcuu2rykcmqvpsxygqqugh3tk6ulhur0g0skd7wwmyrlya4da0e95e7ujykl0l78a0pwmse0kfswhc8d6nga5l447u06ml28d0ldrkn7khmlu063ksltjuz7vxl7uu7zhtt50cmdwv32yfh9r7yx2hq7vylhvmrqmn8vrt7uxje45423vjv50xfqlmzsg6aw48eyexl0k95wr6uge8herhpxyhvnm48xl3aj27smtf2ged3g3r5luvjzvstxs03656j8f5n62equ4vvr8u4lceefhrnyl0pgcn7e00fc0895x0hjf2sfxr5ys4jlepmrkpt9w3fa83cyt4l5ar84nvkj7tth5awtnx46lp44e0lxae658eqggwus3n4d9pj8nay3mfy5ftmhw55jpckujen9aeuns7xx55snnvje8aepg94ujzvhmf3rv4smpa02ga9gwne00pwtgtrxc70dddcvtmhe5706rnx8krrvchqjyxqlcw375p286c9cqcnlwj7qqnrsexkpdqd9a5zlf25ds0maa08cu80xsnahf3mf8hthruufl5g7vyfzkmm480uvf9uml8lpdhr9nw64ffnylmz67hh79wandnjnphhnkfm2kdfw6xyl5kkv9hdx9y0qhhnl9p20yrzg8zglwtxld8x6rer52amu2498h0tjew9ee4hunkyrku44q6ufl73259tgjcq5w43fph09gzhpqjlkrq8wlncn9lusy3mq7phm0marwv09kjey4tj6jekt8mu8spljeulyg2chc506leqyw36ff9qmp9970efxxkny2f4xvka6tp3hwst9wpgxvkmrw92yt86sw9e4qjzwwet8kk6f49y5jjz42agxz6as09lysujjfdm4q4thd9g4j39gtanyzk4ste04kjtsf9l9qcn64f0yuej7kelxvtustxkx76rpd7s90yykpa6943urgvndxdne45aawg739mx3x9lhwd8dkehr8l353j7k5je0a4rv0ecclc07l6n9mg9r6tg3e9rdjen9hyrtj3s99xu5jfkeyh54j32x88zcn3h97hr9tf59x4y5t7vxw55etf5ek5jst33xm85uvehfmxvm38w4zkw9lpu3zf5qt9qnvsd8xjdc4u6qwd3ugfppxvmkxqxmxtkw0f8xqlredfhfn37mzacehlq67p94rdhhafxvhxmhwta6hm0qvk2plm408a6jtm6xn9a0lhchxu5z4dhf7wandtdah3qjdh844tjanauwj73kjafx6agqpp97x8zugqet4qy9spalar30yqsrd8lgk2qqg5lhr4w0e2mjls4sd6g37haq5nuuwuae2ml3k3zthch8uap5p3tkn0h6n2jpjnqu5v94tmswssud6zz33qm7y8r87whk0ctlg82h3n9rm22e2gdh3489vhcfts58u69q67pryelhdwgcnrmw5m7c96ytyf4x9mvjqy9h4s6kedj8sgxdlvzvurzk4zm0f0rjh6ctl7ewc6ff769d0a0ytn5ucmmj2zscrd0l9lfdrx69sx470hym98c0ykxljam5kqcsvf4zn40llc9penfhnl7hqm5zapwu78kcd036t44vw048k3y7nadzlh4pvvjepdkeurlcx3d4u79wdfje73yp09cgndvlfacga84fmtxenrqe4gkrn4n2259xp4mps60gqmkxzc8jpnzgqrd69ssnt6cxeqyvqtk4s0elhmaa3hc9jax0jla24s7w600a5j4df4n9u74hkr3w88087mlzshn7pcef4gprjpvl0lsh3xe3ay0mkk7rn77542rsh7d6ttkww6fjak6z50fpu9dnjekf5v8jk6mplp6wk0d46fdx2rmudcmu7nty0uar76kmel3clmk5lrd4un2e8h866casd3panfana8gvkysue38eueflw8wyvunh2dnd0mw76gvz9cueswmejmtu0t5h72ytlyct8h6t0nhy7mjd0w54dwm7ud865daunmnfft6htm6myxqqst6lcrqsjq8xv
CHIA,offer1qqzh3wcuu2rykcmqvpsxygqqugh3tk6ulhur0g0skd7wwmyrlya4da0e95e7ujykl0l78a0pwmse0kfswhc8d6nga5l447u06ml28d0ldrkn7khmlu063ksltjuz7vxl7uu7zhtt50cmdwv32yfh9r7yx2hq7vylhvmrqmn8vrt7uxje45423vjv50xfqlmzsg6aw48eyexl0k95wr6uge8herhpxyhvnm48xl3aj27smtf2ged3g3r5luvjzvsty33l8man4pmp70x66cs4t9aqcedm7eve5aj0ne2f6atny7na3km92qf2a9gysjxk0u5pv7m9gh2dxy68v3welm5vx5aj6mad27neew060fv2hl8lvmmg2zjy4qpaj7rrjype0879s64tanuen28hwdzv0rsh0dlvgrrvnxdz2wtn8xen0r6tathq0rshlujwa0004mwmhywq80juan5skkmj04ku9e4k2rfayz287jsc6xrcynp5x7r5hhqws7spwrxgltshsqysax04q2gtf0dq0624ru87hvt3lhpmehymd62wjta7ugl8z0azxnrzckkkufalmpfr8llls23w56awck9lhjn74mwr0wwhxu7j4v3mkp6jncl7n9tk2u4u0cj8q8zm7rly82vjvaqv9qd5dlu5v6cw9khm8v3t4cadt0twe8zk2ljtec0tghvftfplc86a54qtkppshf9xr79w2gqz07q9pd7w0puhlxrjevtnxrv00kahsy56l824wt2myeynw5lselrrnyn3lqh930f07pezxf9y5z524h60tycj6v4fx53nzd954uutkved9vatwtelyy5np09z4yhnpdxg623270fqh5lj3df9y2jn35f38u7d7f95knvj359g5nwn339l2vst6290tukjf29yhu5tztf48atjxtem9qtwe9vwpwwpakg9y50d6clk0hk7tt67ne0wf003c4kclj9dca22d28uutwa9hqds6k2g4e5gas36qg3nedel8nf29txny5unege4yu62ff9c5nx272emynz2wtemyu7tkdft9nynkterxnfn3v4ax53jek9tyzctwqu6x2g83vhd9zu2ww9cejj2e295hzen6ffl92kj62fc5u3te4flxj4j4veexj3njf95eryje4fu655vxven92jv709myn9st0chuykvunj294xyjtxt948ylnwdel9av270egm5ljpd9fyuenjfflxucnxnelxucj3k6l2r8spdz62d2fcpu6qw46uqg38xvckkphedlgn0apxynv3mmjrjw7rjmrvew447jngkl7nktujhfh38rll9tqp0y3k8s0u8vpd656y06cdex9uda5c9lmpn7ez6tehtvtxud73h8eg0ul8dhd5tv8gllt7tmd8hm5dztzll0370esx2hwnuatx67mttze8mzwtwh4e8nea9atw93j7m69jz62zcdd643jhgkgtq8mlc86a6epxc0x3vavshf8v8wa05409lf2se53patm308pcaa6z4hlzdw9hf3w0ekrc9zhdxmw4x4ur9zpe2cmg0h2arefp5095xpha72g07a8wjvkm3al27t7n9and37v2kddv27werx7hwthl9lw45gd0h4j7mza0d5sxsv0g3v3xve3a35q4k6kr2mphdjpqmhks0s7yyl8pc3vc2rl7v7v876ys0wumaklrde3209zj7n39hycercl477h8clyl3m30hae9x7zdlyd3jmtmzq3h62x5lllskdsfdwhuje8xtkh8l4f7jdnl0r35ev936v4thhe4l8wm0dpdn6lp7dnl796y8ndzyu765ak6kkfd5w8n93af0qkez30l07h4ugun7dk0dka9t6sl2cyhsyr2fsqwqcmv7sqvepgwqqjzwwgeprqqanvz6w9lll0dkxylghmkewdl9tkremdahhzv5a8k54nskweweeuhalu0utj7wg9rpy4q9xt9lal5r37rgvz654n3qy93up0vvtl067ka0f8gtyr4pll97ehmuwkklm2srcrvhtmtfnwlmhqwqlrpunul7huktsaksu2he6u0g5nrqwawh2t9agsjztnwwxm52ktyxfm42a2q3f68van9zy4rtz2tw7gsl7e8mgkp8kqezrx3wvl94pp64elt4u7zk5ws2vdjjgz4vlavlp63gxcnxthwdt5amhcj6zsqlxgy0hsua5w9e
CHIA,offer1qqr83wcuu2rykcmqvpsw4j67d9v7n4a470hat06u98ymd8n2xgecl79w3cumvl495xq4m67e95e2cqs7jvn76e5d43vmzev4fwacqfgmcvya760t0748nl969uhjnwynqypvqljyzz3j8mdry0k6xgldgdm2g8vjkctaftejpt08lalzsda6wwwexmw5jukl0hj8csnls3y6ewx4ahjpwkm2uml47g9jt9tglje476duuqal56tqjjul0mwm9ulkygh967l898dcutn6905m9c8asafztnuqsspknhlj3htpckj7vaj4whr44faamy5te07fd8padza3y6s4wtsnzw478uatu0e6he8a47p78rqj7k8q8vlmenplvjyemq7phm0mur2v08k6ey4tjcjeht8mv8spljeulygzchu5lclepxz32ff9qm99470ew4jjtjf9l9ycn64f0yuej7ke7kvs26kfl9yc26vefx5en20x38rtn6tezk66ved9s6juvk2fj466dphfyhuct6gx2mzuv4wxc4yunkvezcv5v44fdx2kt3ffpxznnj5k76nyd2h90yyhlmlcqd7g9s4hm25c6mc07l7xs2uvwrktnm6hgwsc0smak7r4l7xdhzahawyn3fp9ue26584c2lpxa0lzlll6dhxjlurey68tk7kw9l9ulurhe2898xg8zr0llap5v2ym3te5ps6mc5jjqv3hvwq7pxwqcg2l80nl79tumjxwdm7390a68r82pd980kmuhmmmne8uha3jcp30uhuhk70l4gj8kd7wmrulnvd4ga0m6jv4mk7k960xqu770tjl9nzt67amz99n5de5z29ed96zu6r596ygq76xu7pqdk2uzzjwcwa6lf27t7j4pnfzr6hhz7wr3mm59t07y6utwnzulnv8s29w6dka2vrewullrytugzd08c5ugwtnmlluwvujadm7snanp07vr0p69fh27mhen274mhu0gfa07xxamrgnn9738xt5z0l8gth7ak5zle4um5l7ma5dktnsl04aurtegmzl0l6trx0xzjd7ddc257dn6ywg78csv4xscf6qeepeutz9eedvxashqnvwqrwd0n843nhdtle6s6zdylhkjgdkmgumhjek9aeegwtd2v0hg7p8fd0fep4zl7pqttyugmw9cl480ta8efkrftxsv482llls2vf043eduvfdmjgu4j8l0dr7n86gcxnnysg2sft3dnmtdkfrmwekuhvl7pf4dul9lt6fdpn7ywm75eex8hkf5a8ym2w2nnezrsgna6rasdewhp3q6asedzkq4m8qllr079uumal77mvve738hdkutu2hd8hkme0xyef6l0ft8pgazlnne0llglclyumsqq6huqmflr0jcap9urlc97ztc5m9w0l7f550ctxl88dkpl5w247hajuv8wfwtlhl0p7msh0cv5mzfslukllm7cyda08867ucwe79pcm0vpxrfmh8jj78ejljehdcwtwpk7jkduzwx3usmjutpszqqggmv849qykkarzw86xyu05vfclgcn37338rarzw8qzv83p95j8xlvlz00rtd56dud3hxf4y9m53trr02q0xw0tsd3hdpnkd5hfr4vzjurl7xvhvsdx2pnujwfjcwdxe2m7jwj856z6hfax8drlv8csurm4f8mnawg7em0g25cn5x2fc2u9np0ddghxqj86kt3nphyv0h28wjun6h2ky6fjk9atk9wrjch3wh84yg468msu6nlllz7z85h579a6rlu0kpxrdmvaheq6eshxaca03v7wghrsw0dwv3xcar0ddjqnq7ct4yqdmhn300m9ln24pa3u0fj4ya2kkkls9n3deqv3axpxxre4pcd9h4nc7vlfg4m6c57fxzwnna5h0v3unvdxflu590vygtnnek38alumkf3mt2mxp4u0n8d4v8vjn5j7gveykm07hnv8uktnglldfcwvf80w0nw2w7dld70sqf6grplqn6al4h
CHIA,offer1qqr83wcuu2rykcmqvpsf597ukn3l4htr77tx3vftg5dwkl96hrwjrghv33078ddwm9cmkj6jxnhjdzeeralpxm8mdrtxdqgnpav6ver0p06atdymtxm293eptw0uheekqvzgplvgypry0kj8gldyw376slkysweyd5h6shm9zj70lmk9qlm5uuajdkaf8e97l0y0np87pzf4sudtm0yjldk5enlmls8u56a38luwvk70xmcckmzwm7nm64a59flwhve5zeuuvc9ys6p0227m8c8asafztnuqsspknhlj3htpckj7vaj4whr44faamy5te07fd8padza3y6s4wtsnzw478uatu0e6he8a47p78rqj7k8q8vlmenplvjyemq7phm0mur2v08k6ey4tjcjeht8mv8spljeulygzchu5lclmq2dr5jj2pkz2tulmj293yn25stahkgsrxta3y3gj7wf8hu6y20anyzk4s0efxxkny2f4x0vuekpc95ejmtdgkjetg23hmuutw24fhjetgvxeyjcngtee553vxtp8my7d7w9rxzkj5dw85nvregevmukdw8nznfakyjt2093x2jr7we4fattl2kffju2qnpacsj69v4325l64t2222e6q29y8cuvxv98yujtq220g76u2nwc5w7970x5yzjd3s9ecgmmew9qk56rgwpd2v32sse8l9lcrkycy0f6ren26825mlu0s3qyepuey5tenna3zxxl7ll84syxth4na4azah3tj0fhndmd7a8dhv8mndev9qu4agdk72w5fr0c7y0e7tlll5ewwyceyhv5r2ved85en2ta9kss2jv4e6z62ew9v5ngz30eu8whjsdate25tpwp2k53d82x56jjze0azysej22d0xz4usfrmgp3cghphuwy3zu5ddsqg2akxsfjcu5jkxctz9453vyze04ev80d8jm4pe6jpw4adflkl4mrsazrf5n0sllleqy0r5m3rcmsst8f2gtsqedjllw4ulh2pw0v6u44hllxumjs24ka8emkd4dnk7yzfhu7k9wtkwh46m6x62jsmn4m5x2degmna63h8m5ytsem5mekepndmg89tagatta26uh79yqw6ylnlcxylxn487gkmadjg2l7dclpg4rvxa5eaw4crnaulwxqhy4ycyt8cv5mk04mkh4fl9y65t3hvfpj25d4kxmuey00ak8pevvcmkq2frglntw3lxk6rv9lghhjauvz3h7sntclas8usj8906n0crzhh635k4nq3l6vfz00lg4mjnm0p6ddmqw32ez0eqhy8njqn60y9j67cacuqzxau58ekf98xklr2lm6e437jm74namj7jzrcx8ar5nnjtkfl44f5ukdu0y297ygh4u7hl6lksa9ae9el0g7nnjc99vcpjha07lupf4eff95mwhdx8smz580scq30jsu6yxfrpc9fdfch9pzz67ve52cw0luz3a0nwf0g4784j7hwfrw9w0lrjsphwx9xveuka5avjs8398w5ajk2kztkr959cy8vurludlchnn0hlmmd3n86y7akm3032a577m09ucn98taa9vu9r5t7w09llarlrunnwqqr2lsrd8ud7t8k8rsllqhcf0znv4ellexj3lpvmuuakc873e2h6lkt3sae9e07lau8mwzalpjnvfxrljmll07qd682fu25myrcnujt9swv4hmw4z5nv08470w4l8f0jwn8y8x7uwuvs85kzuvssqzzxmpdfgfy4ng5nhk3f80dzjw769yaa52fmmg5nhspn8jgtdysenmh6nnc6ldx30rddejdfpxuywcce6crenn6urvvmvva3ddmgetqkhq7l3n4eyrfjsvlyn6vkrnf52kl5n53axck460f3mq7m9759qka2d7uat68k2m6z4w9arzrzzlpvctmf2deur6qr5t7zl3hecwk4dkdl657avmahjulzu5pfzz48528fm93jxc00fhllutnf3tu3davece75adhf9w7xkp5hdawzexrs4rhvllkzlh9umtn6f2n5vs568kzafqrvmjlletl0k5lql760k906lknld8kagw58e2889hzmxmwalxdd7hgx4ssrc727htl0aellk0vfdtd7trrfadanjwtxwptrxzww7amhuuar3l9ecmdklmr6llnhpa7wc7alv0sudekulvr84k74muhdleaj65mkfs6ljaexvqgr0xr9cn88ynz
CHIA,offer1qqr83wcuu2rykcmqvpsxvgqqemhmlaekcenaz02ma6hs5w600dhjlvfjn477nkwz369h88kll73h37fefnwk3qqnz8s0lle0aq7xkt6mrastdwj29ke0h7hj7c7h9pe844dapw003exvrxhe02evr9jqy424kxs22g8st7f6hsu32u26tnq0qllzs5p32v75kuckh4604gufh70m0ud3hhaj7udqccrmprz4ll99v2d6k8llyc28a9h0n3knql784glt7ewxrhyh9lmlhsldcthuxgdnmljxtdh68tdh68tdk68tdk60tp57ner9kml5dw7czzlhqhn0k038h34k6dx7xcmny6jza6g433h4q8n884cxcmksemx6t536k4g92ktxn9qe7f85ev8xng4dlf8fr6d3dt57nrkpaktag2pd65mae6h50v4h592u26qrskyqvz3rgjrz4nv5vcsaphqtg96jqxuaa5wteh7t3tt3l8x47acv9y5f4crzlfywt604l987mke46tnmhtc29wx4hffxk4p77c707fymh0andkavjhecav37hatedywfrfjlw5atlqttgygr3aj8szy04mm3sh00qx80n504rccvzgdnmcpe9dsh6jhnyzk70lm79qmm5uuajdkaf9ed7l0y03p8lpzf4judtm0yzadk4ehltucx05mt68k74n4ml66xjuadlxf77v8hwf2m6hg5elk83amffajjvnkft8c0usafjfn5ps5pk3hlj3ntpck6lvaj9whr44dadmyu2et7f08padza39dy8lqlt4j59wcyxzav5e8c4ceqzflcq59heeu8jlucwt93wvcd3a7mk7qjntua24edtvnyjd6n7r8uvwvjw8uzuk9a9lc82gey5js232klfavnztfj4y6jxwf5ezmjffe9xvk2f54cevj2ene5ez5t70e25np2kfx49u6n7ffvkjlnfse0yj6tk2eryust32xq4umjjfer9afjp0fg4a0j6f9g5jlj3vfdx5l4wge08vh4jvflx5nj229lt53n6wqwajjcwpfe5m733t6mlnhdvsmpw793n9dhm97ga77gtj6we7tsha3etfjj0alflll6vh9qsdfxnm4q4n30c09q3wd89vrc8u76l09vxghmrsp58yaumt9y4s7rjwe3m572023jyhdjgvffyw364g9syngjeww54j4te09sksurlfeq5u7prwmd8xvun2teck54pmehzhnczfjd3d95qerwc6prur0tmku740hw3ejse2e8pgta777sllhwn4ertfcnw4t5sguky32jg88vkkrqr9ayqsrse8m33xusf5fuhmd4n923sd7x9z06604540uc34vxnl9xwc83lkhuhk600hg6xkd77mrulngd42a8m6kv4ekkk960kqukl0tj08n2t67atq9d05t4fq58j6r5rhfwsw3yqth0j0a6p6yas79zeuazgjxewa60t2727k433fzr6nhj7wr3mm54f0k96utwnz5lnv8s29wmdka20tsx25ttkh055j4uejsrafrul8f6tpketvtnwxxdhpvjhk0c9rk72r2k6cf63jjcs8zaauem4hn89zk00720ua8d4q59khnel8klwpqnv4ey0tvcwn8xn68j99h4lveg54g7ta0m8770f6n8ez9jy6nrmv9393k9j67camqq2xauv9ayep7z7ufl855vncrnw7lfdaa02fm6lx2zdfevmmuswjhjm304eugw920kpme6w03ffsqew9dtythhm5gyxleg6nll7zu7a468803625l7f6zeah7czndffy39xn7v73gfnh2jyecus67z5gle8le0uzm39m06tt3v0gmz0uu46hhra42rjze9meehwaty8adltneh4m09yrrkr95ggzhvurl6rl6mkfmr7q74nhm079acdxyrexkhld4kmney5vwuujnvnd0edfwxrhw0tw6fg0370zv0e8k45yz46l8d6mj2au4rc8m8ynj9ch8u9u458w0c0vxd0mnf40m5j0vj9sgysq92dt7qvvs78ccm4qxs4s64qvtcw3eqrg0f29y9vp8kx5y35z0jr3shkct9c96qwe475kd7ww3h90xhswn3fm5u9chf28zj9k20ve2uew0u8tu4tc6m75pc0hvtd5lr870ve6alwuj94jc0swaec5030jevnd7fy066drlf8zta29dflrfuhekak76zx07mles3tarwn86mklhak0r46u8kd707e6j45qrjw4c6w70pwtg
CHIA,offer1qqr83wcuu2rykcmqvpsxygqqugh3tk6ulhur0g0skd7wwmyrlya4da0e95e7ujykl0l78a0pwmse0kfswhc8d6nga5l447u06ml28d0ldrkn7khmlu063ksltjuz7vxl7uu7zhtt50cmdwv32yfh9r7yx2hq7vylhvmrqmn8vrt7uxje45423vjv50xfqlmzsg6aw48eyexl0k95wr6uge8herhpxyhvnm48xl3aj27smtf2ged3g3r5luvjzvst4j98hldepg024mkl7zxnmewdm2j4xrgkneyldk6kvww0d3fr8uestx86zc7dhdnt79z4l9v2jwtsmllmmsymeehh4dk5dk7wg2fmmesdhumjw3valm0u9ghvljqq3pfq9wpnl4m54plh4y7v7m37n828nh9ma74uxp4wz7ul09twa9n3gtf6v0c84um6je9te64q485n0tm0aglh2ahymafewesl8pkju4q7ldt8zkherxcpdhzuqccermz2xzcxgctseqrr0e6vzqzvwryzcxyq5nkstadt3jp00haalrsdu62wkexh0ykuwu0nn87sras3y2mww5aln3vkntul79aul0s49xjare50c5unm8w0465lgdn5keza9jtps0rh4r03lhjht5gtdc8asafztnuqsspknhlj3htpckj7vaj4whr44faamy5te07fd8padza39dv2lqlm5nypwcykqayectc9mfsqfmcqk9hcec8jluc0t93wwc9sa7mk7q6ntca6he92vhyjd6m7rruvwvj08czvk9a9lu8jge55js2pgklfa0n6t9g5jljpwfdx5l4w2e8xvh4kw94yzh4jwfdx25n22e4xunn32el857v42x88j6npwx5hrztete3yvctewef9ycdphxgcykd3dxueja29fxzkz3twdeg5u6t349m8vn4fkxv6r053te99lul7qrfjpd5q2d2vqdarzc6p06qa3knrd04uadm7j7c8qkw2crz0nd3kxeprjcdt8nhladnf69ylelllxljs9lvkg3dm7eg4ulnl60lqgvkulqvvq0aquvk3mf2fcpu6554juqv3hyvskd9xl7ct9wmakphy9v863h667a3h954hjxd4g7y08mwv70lhl9atpflcr30uhuhx70l4gk8kd7w6rulnwdagatm2jvamk6k460xpu670tjh9nxt6uamr99ny09a55rj2d5f99k35kksghrnll6yjze3w8zf7fddzqewl682672kh4a3fqrj3h7l7p3re5aflj9jltwjzklnw8c29gm9hax0t5xjyrxkpcslt568zurget5dr96yhsm72wumhdnqutcclphm0ex2hxena8w7r8wmpt3txcuzqg2wa9qtemu8yktku433tfcgx2ngvyasvx4kcktttphdvpym83se6slzn9559fa0kemxsdlurckuda09cn2tpflhk2kltfjad96zndtmrp4hugd27hxv8fkq77tmmz7nx7luyrrj58g07la0epg655aum8myektlu5wd0amu6ezpewltwnkqkv4sja4she5kyw797qll9lcp4u84hngwdp4hmu0uawmu5h6wkf8yh9y6aj2kfvm26eal097y4v4keycyhs8r29sqwlehl7lcpa0s7vx0p0tqhnwejxukdxz367ucyqk9p3wa67jma4hmr8t3h08wkusy93h05pj4pswzskzzd2ap0yzasawm7pl870dhkxlqkmke7tl42kremfalkzg4a8kvhnck7ewpculul60u2j70cxhzq2qgnesmw9uya8rya0ezw08jatladkt2ljewjnlhmud0pltlqxlrq8gn6ju3wyf2mtlxfhe67yj68e57dfjhn49s9qfr7hhr7wnur49ul2hx23x7yk9cxda7wnkdqwd52hkm84l8jgxju5klx5llyn2dtl96wg9k59qd6uaxvqgqrzkjf6cv7tqn9
CHIA,offer1qqr83wcuu2rykcmqvpsxygqqugh3tk6ulhur0g0skd7wwmyrlya4da0e95e7ujykl0l78a0pwmse0kfswhc8d6nga5l447u06ml28d0ldrkn7khmlu063ksltjuz7vxl7uu7zhtt50cmdwv32yfh9r7yx2hq7vylhvmrqmn8vrt7uxje45423vjv50xfqlmzsg6aw48eyexl0k95wr6uge8herhpxyhvnm48xl3aj27smtf2ged3g3r5luvjzvstxnkem4s683ud0a8hc2at9rchhwlyvngnfslm9480gpvw2x5th4k4ns85kfq8mxdvwn5nap3n4ahdnwwvtzl29ux83n803ssa47he7kkgwf3wd8u09nl4kxqa7gwcs5qgkffw0jw04zthlrmw0ga2mlw0lj3vxmcd3fdccahah0l5llmq7nf7tlxfnemau0jftxs7ukx4c2v3avnwukuup2utmwlmt85ekau0ns3tlvkld3n7sjmx9c93ps8795g9qw3skpkqxylm5cqqycuxg9svgrf0dqh624rvr7l0te78pme5yld6vw6fa6acl8z0az8npzg4k7afmlrzf0xlelct96na62xey2ekt6c4f9gmwtn999dmmcrl0xh7vzk082mj3dr4uhf76wchhnl4p2hyrxg8qg8dtwldrxjre046emy24d88tt6mwfcenhujkvrk64az2cgl73uh98gzuqvv9ef330ktznqqjlkpqt0lnct9lcs5hmqupnm0mandvr9xkeu4tj6jektym58s8l6cumycwc8e5t60lqwy3jff9qnz9d7lm095jt3f9l9zcn69f0vuej7xelwvs26x9ldycj6v4fx5en6rf5lyjtztf9xye37d8q35w0379ys2uwfpccanktwx9vcuxv3l8g4udnecclynutpwgs3nu03y9uly9235yl2tydpn80vzhn607paug9nqrtdqse55qtmx93cgnz7czmtzqk24jmlvsjmnklrdhepj7arn6ds6669cel6dlcj3nd8qlll6vh9qm7fx36ah4n30e08lqa723efejpc5ph6pyedfhzhngzehf3f9yqerwc7pq5pl2ra8pvlf72ed8tgpvwhmv32wyjwd3qj7eq5e5gry5da64e22apk9ljljumel74zc7ehemg0n7deh4r40d2fnhwm26hfuc8nteaw2ukve0tnhvv5kv3uhkjswffk3y5k6xj66pzuw0llgjgtx9cuf8e945gr9mlgatte267hk9yqw2xlmlcxy0xn487gktad6g2m7dclpg4rvkl5eaws6gsv6c8zrawngutsdr9w35vhgj7r0efmnwakvrnu8n80tzc4zm57ehdm59y09h96neqhhuux70feh0uur2yl68kl747rzs6mz8qq3hdkzj66cdmtxfkcvzx7k8ykfdyfw0naxycu80mp70kt2t305unqd0dazlk66vlff235l22ec0v0xr7494neuds98cl7ehvc8m7ercs5p7zh4lllcy6ghmrj75un7k2u6mkpk74xd97h2m3l797d2c7h8mz4ulre9dngtc7pl79cu40eumu8ua96l6xrn209v0s8lvhaskqn6h76nkne4h3twyfam2hmqdkr95zcj3vyrlldl7hesvwym87naxllgkf34hxq3e8jjnd06f09f9r07pv6yudl6luwwq0fdhqq2rwlcr9zrqu93wyy646zwg9mq6ahur70a7l0vd7pvhfnuhl24v8nknmldy4t2dve084dasut3emelklc59uls0wvq5q383pkal350nstnvt8k0hnwlslwmlyxyhtumy3mvlmteh76885u4t587uwdl44t43jlkwhedtsacg40l7ghx2k7d4jpw6rt0zfmjkekelnekp2lat07kd2ac7kvfx6k2ewymu3s3qkmzz9e96ndxl77703g72g8denmdv05hcrqp0hvfhwsh2favz
CHIA,offer1qqr83wcuu2rykcmqvpsxygqqugh3tk6ulhur0g0skd7wwmyrlya4da0e95e7ujykl0l78a0pwmse0kfswhc8d6nga5l447u06ml28d0ldrkn7khmlu063ksltjuz7vxl7uu7zhtt50cmdwv32yfh9r7yx2hq7vylhvmrqmn8vrt7uxje45423vjv50xfqlmzsg6aw48eyexl0k95wr6uge8herhpxyhvnm48xl3aj27smtf2ged3g3r5luvjzvstxcm8vt2clagj4stkvmx0ej4yr7884767aycf6426xp5crsw65d7pun2qy5900na3pxarxffwu2ckfkz3hrly9jwzkkppuzue76lyaxn37mc50x70l7dejk363pgq0vj3mdn5l7r5sh7hzal0d8ck5wvh9q2vdwkwaaw0e7dsm9teh86ltct933xujqtcn6nc6zmxeelljjth5flwdlu2uv34ssujt0kr88a99f006d7xsgcxrmylqyq7t5hnpwj7qqw08gltq4sgysmxh5qzgmf04p0k299ullhv2plhfeemymd6j0jta77glxz0uzyntpc6hk7f97mdfn8lhlsy54k48eshz87tvu0527ethe58dn9ajp5vqlpj0fhwe7a6m4h9apg2p00872z47gxyswys7cka76xd58jh24nkc4260wkh9kum3nr0e8vc8d3t294c3lar4v2x39cqgetjjrxl259wqp9lvzq7ll8sxtleqftkpcr0klhmxccwtddnf2h949nvkthg0qtl9ne7gsas03gl4l6q2fryjj2pkx2mulnxg9dtzhnwve0yj7nz299x48j7vcl9sjpl9yc66v3fx5ej6ff4kusr6ta04s3zk0ad6gk27093yrrj3h7v8qumzvke5s4vnfpu4ys2k2349u6nx2e35ujz6fa4525zy4wlcf227gp0lhlsznusf9qrk2php05v8rq9r253hr22k3nthh7jdc5r9ld0h8n50pk83s4k6ctuz0n70h9d0z7tp68ll7n9egxhjf57eddvut7telc8hj5wxdusv9qv7d09qqwnay2gs7nefe99ykdfseckjaj4dfp8uc2pdxv42ctwd9zkys24g4nxj7vk24v42429fe24j62pffnxz3jw2fv4zut4t658vjjvdpur339cna70fvkcaamnpwyl0j2vfmxjkn5d9l8jejvg7lxy6nz035mnyvpj656np4f4xnfzkjzfqwu6cwq0x3k4shqzyfenx93unlw39nr7c0p4vaaa2t3edk5m59v4wec6t78j4vkmd87tzmlfedl6yg9lvsk8s9tyul5dxkamar3w68l0afxww4cunrfvq093krj7naef62wvtmcewfsjnajlj7mel74zg7ehemv0n7d3k4r4l02fjhwm6chfucrnmeawtukvf0tmhv25p73jku2sf2qar9fc5v4hzz9cull7sjsuvt3cj03twysxth736khj44a0v2gqu5dlhlsvg7d820u3vh6m5s4hum37z32xedlfn6ap53qe4swy866737hxsx2a6yews4a5ljnhxdmjg8fgzu74z6zlvpl7n3w96aakh060l0ldnx3zmaez46an7tzswv4hjrr42yf7x97cdqdmdtp4dnme3qsdmmgp49p34d7v47d07vel50wv97ylq4kegu5l608qlf47ygwpyvkqzn88k6cj2n9uhdnldjgwj9f4erz404l3rqun9r28ls437el5r6a0kadk6ejdpklaze345ljxd84qsk87ru4mh7fd04z4hu5mzmdkf5qmkrp5scr8durll0lshrpuvlwfh0mmhlyz9ylck66p0fmlzhjncvfg0yu5k239mf4c0h08aksznwwxduswtyp3eczcgfjey8vstkrrt4c8alaakucnazlwm9e874wc08d8k7ufjh57cj70zem9e88nlnlpl3wteaqsug9gpz09ldea483rqcd43u5xgydnxt4fdyzardfagyrvruthmarsfnudelghkee8xfumfm8xp08lnnea7eadza8nswxemm74kulh2s64xn9n7nddtxhthm0tllkml330mf0rewx00nn2kw99659xk0m6r7vmywjsc7wwta2jknspqz5rfr6ntrd527
CHIA,offer1qqr83wcuu2rykcmqvpsxygqqugh3tk6ulhur0g0skd7wwmyrlya4da0e95e7ujykl0l78a0pwmse0kfswhc8d6nga5l447u06ml28d0ldrkn7khmlu063ksltjuz7vxl7uu7zhtt50cmdwv32yfh9r7yx2hq7vylhvmrqmn8vrt7uxje45423vjv50xfqlmzsg6aw48eyexl0k95wr6uge8herhpxyhvnm48xl3aj27smtf2ged3g3r5luvjzvstweh4dh5jj8kt9w22snjld6tretkhn2en6sm8m6h2pl6amlfgy7lk7tjsexp6h0chwnxym6vehga7032dk4rgzwrlqlpkm0aw85ut2axxjcnrh9d0l7dej0plzzssue8r5lv5kq7lpy0eehn3c9nxhnr55k8c79t7es97nuumvgs8vh8dusrmwh09llmt72ycaufx8dp22phwan2lnu975p9hg3wnh4u4tauu9q2hlwjr9dq3qw8kg7qg37hpwxza9uqga7w375prpsfpkd0qpy4kzl227vs2mell0c5r0wnnnkfkm4yh9hmau37yyluyfxkt340dust4k6hxla0ap4ehsx6ltlrpw6nlfnvmt507w2d50wkzca67ym0lfahxhsr670rxeed0pljr4xfxwsxzsx6xl72xdv8zmtankg46uwk4h4hvn3t90e9uu845tky45sluraw62s9mqsct5jnplzh9yqp8lqzskl88s7tlnpevk9enpk8hmwmcz2d0n42h94djvjfh20cvl33ejfclstjch5hlq7fryjj2p292ma84xv9a9zh4wgelxjkjzw94y5hn7se08s2zlfycj6v4fx5enjfes4r9j4wxzkndjpv9ny5jt35efx2enefxjhj6nffev5u7d2wxj45s27des4u5vxwxcc55d6de0xukjpvflfnxv7s9085l7rmcsfxq9kjph9v5q8mx93sv48zutpfehv325mmgs28mmnf5a8a9k4p359773wdhl5l5h094dtvrllln0egzhktycca0v5270ela8lsy28dlsyxqx74w9yr73uyfgsareffy9ukar3pukwuzevez85c60vxg4j6tyv98ks32ng9jx2auct9t42k29g3247e2ffpsxk3jq2e04x7t32zj8ujzxdf7r3j9cj4u0a0x5udunad530z0veex5hn3df78jejfg67xwmnz0f4teyvpjx56aqdf46sezhjpfgdvsew90xsxnslzzggfnxa3sr64307ekaz06p4k938fd6tf080cfp20thjfc77gl82xn72dy4tjdp5zljftrcz4jzw6xnm0ak3ghdmlhj4n882lw9sy5qlncnpfdf7l5ay8x94lvlygtfwc0awaulh23v0vmu448alxumjs6hk4xemkd4dmk7yze4u7h9wtxvh4mm7x2g7cetkygy5s23jhu2x2a3ppuz00lgetwxyg6fl64nzgr9ragatml2juh79yzwjylhlgyyl8n48w2kmudkg6a79el9g9pvwa5ea756ssvkc8yr9d0v7m4gn9w3zuhgzl68eflnkaeqz5jp7w24d3fksllpehyawam8hd9lllkenc4dku3wuwal4sgrx6mep363z5mrzlvz3kmk9j66cd6cc2xeuvxw4r63mjc0x6r9rmcleul37yq297clh0hw6havjkxr8wl5chjahf003th3gzm8z7v3tay6rpj3e78zhwg3svf639plcfcld07pt4khymx9scca9dlk5a8d9aque2nlswd4uwv2txh8a72y9ksdc3k80q5asedqxqmm8qllm079mv0xlx0kh2l7f8ekvx972awtx6wle5zganw35d3tyd9e842prxmy63cpe2dn7qv5swr834csrgjg2eyhvq8htqtelhmaa3hcanaz0zma6hskw600dhjavfnn4773kxr3798887ll63hn7peeqqs29wp7t4c2ht2dcuc3zyga4725yd6um9y2aun3tatet2c5709f8dlc0zrd7wsc44nfxm322f0fl2q6rhaw0wduzlz20hdwvmek78rejntmndmajjja7eu9nft73fldmt8w60jtnkxu7ulv6t0xy5re28y8petpet6u5sttvcp5qwc9yn2ghpr6a7
CHIA,offer1qqzh3wcuu2rykcmqvpsxygqqugh3tk6ulhur0g0skd7wwmyrlya4da0e95e7ujykl0l78a0pwmse0kfswhc8d6nga5l447u06ml28d0ldrkn7khmlu063ksltjuz7vxl7uu7zhtt50cmdwv32yfh9r7yx2hq7vylhvmrqmn8vrt7uxje45423vjv50xfqlmzsg6aw48eyexl0k95wr6uge8herhpxyhvnm48xl3aj27smtf2ged3g3r5luvjzvstac4umvpl22wwkdmf5l4d9z9lga6g8fh9lkklmdttndtdmcjd37l2ldsq9t54qjzg6eljs9nmv4zaf5cngaj9m8lw3s6nktt044t6089elfa932lulanwassdgj5qxw7x7n6f0m2jwh8n4r4ysl6z7aee0fdm74hnc7sawx6u7vmpcaze4x5hhlwusue7u3lte6uq5lnj6lahskzag34vls0240ezl7e7nryyevh8muzkm3xqyvv3as4ravz5d4ctsp3hua9aqpx8pj9vz7q2fmg97k4ceqhhm77l3cx7d98tvnthjtw8w8eenlgp7cgj9dh82wlecktf470lzajtzde4fuyxw99uypc0p0tgt6t44tuy626lgvxpph3txrhyl70ex546ur7cw539e7qggqmfmlegm4sutf0xwe2ht366577aj29uhlykns7k3wcjkkr0s0a6f2qhvztqwj2u9uza55qyauqtzmuvure07v84jch8vzcwldm0qdf4uwatuj4xtjfxadlp37x8xf8nupxtz7jl7reyvj2fg9q5t057hea9j52f0eqhykn206h9vnnxt6m8z6jpt6e8ykn92f49vcnftx8y5utzd9f8uunfnxl9vcjp29q6u4jed9seuk2kv4h9zkd3w4qkvjv9gxv4uaj2v4v5vnjfwec52c24d6smnfv7590y5hlnlcq9xg9xsqc4psph5vrrg9fgn679sp07705gwmd6wnklcd5aua8fv9mw72lk9k8mx9yn0ly5vqhtkzn9egx0zf574vavut7telc8hj57gdvsd9qt7d09qrwa63v5hdfu6ntjedfv4jktjtx88v6dwv4555e29tx09rp2xv4d9yct72enx25vf5edyyut4g9v65jne2x99j424ge02hgugd2g6rxuffeh9qz5gp4pr5xjgsgrxvf0q4yr4el8u6npvft8s2z59zl4fg4y5szw9t8q8ngkz6tcpjxu3szl8qln0lk4dwnecrch9mh7vtck0kan57zj4myexal3wj7e4l6jcyc4pdqfajzccqcwt4l5zwc5clu6lawslkruaewh5s67uwwue3atg5upa6l5reyalngffw50lw4ulh2pw0v6u44hllxumjs24ka8emkd4dnk7yzfhu7k9wtkwh46m6x624sctkqg8yhegut7prpwcqs7p8hl5v9hpzydylazesypj375w4al4fwtlzjp8fz0ml5zz0ne6nh9td7xmydwlzulj5zsk8w6v7l2dggxtvrjpjk4w0d6jpjhggwt5p0u3u5le67uwpfnesexyzs0jjr0llqnd5g6nvndwkza3jn4zum5chfeax7hnx64mekkdz9jymnxmvzpxek9j67cdcks2xauv9rru3cl40kdz9mtpgn5hm5t68a8ucr4n6353nj4vewc62fxxv2c2x6mee0n3u8d7ltva7rk267lqh8kekyrzjg5atll7pvx97nkk67ak7y88ww2xz4kpy3nuafuteya209fuvxu7la0rlvm7z4jtlch4n7npqmnda27tvv7j743v3pjpdlkvhgj4le2wk3vvfk42sdc68zep8mqj7qcdnkqpcrrdn6qpny2pegzg2e6dyyvqrkgyt3chllaakccnazlwm9ehu4wc08dhk7ufjn576jkwzem9m88jlhl3l3wteeq5vyj5q5evhlhlq2r664lte753uvnuhf8hzujt6jnf88fg0jl6k6yypg0rmhvy87fuhmkr7t45hjfeyqsfumvh45d2vx3h8a5l7y48m55m3mrk6rjk68uhrk7cwxcycwntn797lkdtpew0k99zamu53w9qj9z6nceja7fms3kthkde86tfkfy4ulkaweplwntz328rv6stfs7mmx9fkxt2n6j4levl78hv6r8nakl65qg62uxqgq4cnqe
CHIA,offer1qqzh3wcuu2rykcmqvpsxygqqugh3tk6ulhur0g0skd7wwmyrlya4da0e95e7ujykl0l78a0pwmse0kfswhc8d6nga5l447u06ml28d0ldrkn7khmlu063ksltjuz7vxl7uu7zhtt50cmdwv32yfh9r7yx2hq7vylhvmrqmn8vrt7uxje45423vjv50xfqlmzsg6aw48eyexl0k95wr6uge8herhpxyhvnm48xl3aj27smtf2ged3g3r5luvjzvstxs03656j8f5n62equ4vvr8u4lceefhrnyl0pgcn7e00fc0895x0hjf2sfxr5ys4jlepmrkpt9w3fa83cyt4l5ar84nvkj7tth5awtnx46lp44e0lxae658eqggwus3n4d9pj8nay3mfy5ftmhw55jpckujen9aeuns7xx55snnvje8aepg94ujzvhmf3rv4smpa02ga9gwne00pwtgtrxc70dddcvtmhe5706rnx8krrvchqjyxqlcw375p286c9cqcnlwj7qqnrsexkpdqd9a5zlf25ds0maa08cu80xsnahf3mf8hthruufl5g7vyfzkmm480uvf9uml8lpdhr9nw64ffnylmz67hh79wandnjnphhnkfm2kdfw6xyl5kkv9hdx9y0qhhnl9p20yrzg8zglwtxld8x6rer52amu2498h0tjew9ee4hunkyrku44q6ufl73259tgjcq5w43fph09gzhpqjlkrq8wlncn9lusy3mq7phm0marwv09kjey4tj6jekt8mu8spljeulyg2chc506leqyw36ff9qmp9970efxxkny2f4xvka6tp3hwst9wpgxvkmrw92yt86sw9e4qjzwwet8kk6f49y5jjz42agxz6as09lysujjfdm4q4thd9g4j39gtanyzk4ste04kjtsf9l9qcn64f0yuej7kelxvtustxkx76rpd7s90yykpa6943urgvndxdne45aawg739mx3x9lhwd8dkehr8l353j7k5je0a4rv0ecclc07l6n9mg9r6tg3e9rdjen9hyrtj3s99xu5jfkeyh54j32x88zcn3h97hr9tf59x4y5t7vxw55etf5ek5jst33xm85uvehfmxvm38w4zkw9lpu3zf5qt9qnvsd8xjdc4u6qwd3ugfppxvmkxqxmxtkw0f8xqlredfhfn37mzacehlq67p94rdhhafxvhxmhwta6hm0qvk2plm408a6jtm6xn9a0lhchxu5z4dhf7wandtdah3qjdh844tjanauwj73kjafx6agqpp97x8zugqet4qy9spalar30yqsrd8lgk2qqg5lhr4w0e2mjls4sd6g37haq5nuuwuae2ml3k3zthch8uap5p3tkn0h6n2jpjnqu5v94tmswssud6zz33qm7y8r87whk0ctlg82h3n9rm22e2gdh3489vhcfts58u69q67pryelhdwgcnrmw5m7c96ytyf4x9mvjqy9h4s6kedj8sgxdlvzvurzk4zm0f0rjh6ctl7ewc6ff769d0a0ytn5ucmmj2zscrd0l9lfdrx69sx470hym98c0ykxljam5kqcsvf4zn40llc9penfhnl7hqm5zapwu78kcd036t44vw048k3y7nadzlh4pvvjepdkeurlcx3d4u79wdfje73yp09cgndvlfacga84fmtxenrqe4gkrn4n2259xp4mps60gqmkxzc8jpnzgqrd69ssnt6cxeqyvqtk4s0elhmaa3hc9jax0jla24s7w600a5j4df4n9u74hkr3w88087mlzshn7pcef4gprjpvl0lsh3xe3ay0mkk7rn77542rsh7d6ttkww6fjak6z50fpu9dnjekf5v8jk6mplp6wk0d46fdx2rmudcmu7nty0uar76kmel3clmk5lrd4un2e8h866casd3panfana8gvkysue38eueflw8wyvunh2dnd0mw76gvz9cueswmejmtu0t5h72ytlyct8h6t0nhy7mjd0w54dwm7ud865daunmnfft6htm6myxqqst6lcrqsjq8xv
CHIA,offer1qqzh3wcuu2rykcmqvpsxygqqugh3tk6ulhur0g0skd7wwmyrlya4da0e95e7ujykl0l78a0pwmse0kfswhc8d6nga5l447u06ml28d0ldrkn7khmlu063ksltjuz7vxl7uu7zhtt50cmdwv32yfh9r7yx2hq7vylhvmrqmn8vrt7uxje45423vjv50xfqlmzsg6aw48eyexl0k95wr6uge8herhpxyhvnm48xl3aj27smtf2ged3g3r5luvjzvsty33l8man4pmp70x66cs4t9aqcedm7eve5aj0ne2f6atny7na3km92qf2a9gysjxk0u5pv7m9gh2dxy68v3welm5vx5aj6mad27neew060fv2hl8lvmmg2zjy4qpaj7rrjype0879s64tanuen28hwdzv0rsh0dlvgrrvnxdz2wtn8xen0r6tathq0rshlujwa0004mwmhywq80juan5skkmj04ku9e4k2rfayz287jsc6xrcynp5x7r5hhqws7spwrxgltshsqysax04q2gtf0dq0624ru87hvt3lhpmehymd62wjta7ugl8z0azxnrzckkkufalmpfr8llls23w56awck9lhjn74mwr0wwhxu7j4v3mkp6jncl7n9tk2u4u0cj8q8zm7rly82vjvaqv9qd5dlu5v6cw9khm8v3t4cadt0twe8zk2ljtec0tghvftfplc86a54qtkppshf9xr79w2gqz07q9pd7w0puhlxrjevtnxrv00kahsy56l824wt2myeynw5lselrrnyn3lqh930f07pezxf9y5z524h60tycj6v4fx53nzd954uutkved9vatwtelyy5np09z4yhnpdxg623270fqh5lj3df9y2jn35f38u7d7f95knvj359g5nwn339l2vst6290tukjf29yhu5tztf48atjxtem9qtwe9vwpwwpakg9y50d6clk0hk7tt67ne0wf003c4kclj9dca22d28uutwa9hqds6k2g4e5gas36qg3nedel8nf29txny5unege4yu62ff9c5nx272emynz2wtemyu7tkdft9nynkterxnfn3v4ax53jek9tyzctwqu6x2g83vhd9zu2ww9cejj2e295hzen6ffl92kj62fc5u3te4flxj4j4veexj3njf95eryje4fu655vxven92jv709myn9st0chuykvunj294xyjtxt948ylnwdel9av270egm5ljpd9fyuenjfflxucnxnelxucj3k6l2r8spdz62d2fcpu6qw46uqg38xvckkphedlgn0apxynv3mmjrjw7rjmrvew447jngkl7nktujhfh38rll9tqp0y3k8s0u8vpd656y06cdex9uda5c9lmpn7ez6tehtvtxud73h8eg0ul8dhd5tv8gllt7tmd8hm5dztzll0370esx2hwnuatx67mttze8mzwtwh4e8nea9atw93j7m69jz62zcdd643jhgkgtq8mlc86a6epxc0x3vavshf8v8wa05409lf2se53patm308pcaa6z4hlzdw9hf3w0ekrc9zhdxmw4x4ur9zpe2cmg0h2arefp5095xpha72g07a8wjvkm3al27t7n9and37v2kddv27werx7hwthl9lw45gd0h4j7mza0d5sxsv0g3v3xve3a35q4k6kr2mphdjpqmhks0s7yyl8pc3vc2rl7v7v876ys0wumaklrde3209zj7n39hycercl477h8clyl3m30hae9x7zdlyd3jmtmzq3h62x5lllskdsfdwhuje8xtkh8l4f7jdnl0r35ev936v4thhe4l8wm0dpdn6lp7dnl796y8ndzyu765ak6kkfd5w8n93af0qkez30l07h4ugun7dk0dka9t6sl2cyhsyr2fsqwqcmv7sqvepgwqqjzwwgeprqqanvz6w9lll0dkxylghmkewdl9tkremdahhzv5a8k54nskweweeuhalu0utj7wg9rpy4q9xt9lal5r37rgvz654n3qy93up0vvtl067ka0f8gtyr4pll97ehmuwkklm2srcrvhtmtfnwlmhqwqlrpunul7huktsaksu2he6u0g5nrqwawh2t9agsjztnwwxm52ktyxfm42a2q3f68van9zy4rtz2tw7gsl7e8mgkp8kqezrx3wvl94pp64elt4u7zk5ws2vdjjgz4vlavlp63gxcnxthwdt5amhcj6zsqlxgy0hsua5w9e
CHIA,offer1qqr83wcuu2rykcmqvpsw4j67d9v7n4a470hat06u98ymd8n2xgecl79w3cumvl495xq4m67e95e2cqs7jvn76e5d43vmzev4fwacqfgmcvya760t0748nl969uhjnwynqypvqljyzz3j8mdry0k6xgldgdm2g8vjkctaftejpt08lalzsda6wwwexmw5jukl0hj8csnls3y6ewx4ahjpwkm2uml47g9jt9tglje476duuqal56tqjjul0mwm9ulkygh967l898dcutn6905m9c8asafztnuqsspknhlj3htpckj7vaj4whr44faamy5te07fd8padza3y6s4wtsnzw478uatu0e6he8a47p78rqj7k8q8vlmenplvjyemq7phm0mur2v08k6ey4tjcjeht8mv8spljeulygzchu5lclepxz32ff9qm99470ew4jjtjf9l9ycn64f0yuej7ke7kvs26kfl9yc26vefx5en20x38rtn6tezk66ved9s6juvk2fj466dphfyhuct6gx2mzuv4wxc4yunkvezcv5v44fdx2kt3ffpxznnj5k76nyd2h90yyhlmlcqd7g9s4hm25c6mc07l7xs2uvwrktnm6hgwsc0smak7r4l7xdhzahawyn3fp9ue26584c2lpxa0lzlll6dhxjlurey68tk7kw9l9ulurhe2898xg8zr0llap5v2ym3te5ps6mc5jjqv3hvwq7pxwqcg2l80nl79tumjxwdm7390a68r82pd980kmuhmmmne8uha3jcp30uhuhk70l4gj8kd7wmrulnvd4ga0m6jv4mk7k960xqu770tjl9nzt67amz99n5de5z29ed96zu6r596ygq76xu7pqdk2uzzjwcwa6lf27t7j4pnfzr6hhz7wr3mm59t07y6utwnzulnv8s29w6dka2vrewullrytugzd08c5ugwtnmlluwvujadm7snanp07vr0p69fh27mhen274mhu0gfa07xxamrgnn9738xt5z0l8gth7ak5zle4um5l7ma5dktnsl04aurtegmzl0l6trx0xzjd7ddc257dn6ywg78csv4xscf6qeepeutz9eedvxashqnvwqrwd0n843nhdtle6s6zdylhkjgdkmgumhjek9aeegwtd2v0hg7p8fd0fep4zl7pqttyugmw9cl480ta8efkrftxsv482llls2vf043eduvfdmjgu4j8l0dr7n86gcxnnysg2sft3dnmtdkfrmwekuhvl7pf4dul9lt6fdpn7ywm75eex8hkf5a8ym2w2nnezrsgna6rasdewhp3q6asedzkq4m8qllr079uumal77mvve738hdkutu2hd8hkme0xyef6l0ft8pgazlnne0llglclyumsqq6huqmflr0jcap9urlc97ztc5m9w0l7f550ctxl88dkpl5w247hajuv8wfwtlhl0p7msh0cv5mzfslukllm7cyda08867ucwe79pcm0vpxrfmh8jj78ejljehdcwtwpk7jkduzwx3usmjutpszqqggmv849qykkarzw86xyu05vfclgcn37338rarzw8qzv83p95j8xlvlz00rtd56dud3hxf4y9m53trr02q0xw0tsd3hdpnkd5hfr4vzjurl7xvhvsdx2pnujwfjcwdxe2m7jwj856z6hfax8drlv8csurm4f8mnawg7em0g25cn5x2fc2u9np0ddghxqj86kt3nphyv0h28wjun6h2ky6fjk9atk9wrjch3wh84yg468msu6nlllz7z85h579a6rlu0kpxrdmvaheq6eshxaca03v7wghrsw0dwv3xcar0ddjqnq7ct4yqdmhn300m9ln24pa3u0fj4ya2kkkls9n3deqv3axpxxre4pcd9h4nc7vlfg4m6c57fxzwnna5h0v3unvdxflu590vygtnnek38alumkf3mt2mxp4u0n8d4v8vjn5j7gveykm07hnv8uktnglldfcwvf80w0nw2w7dld70sqf6grplqn6al4h
CHIA,offer1qqr83wcuu2rykcmqvpsf597ukn3l4htr77tx3vftg5dwkl96hrwjrghv33078ddwm9cmkj6jxnhjdzeeralpxm8mdrtxdqgnpav6ver0p06atdymtxm293eptw0uheekqvzgplvgypry0kj8gldyw376slkysweyd5h6shm9zj70lmk9qlm5uuajdkaf8e97l0y0np87pzf4sudtm0yjldk5enlmls8u56a38luwvk70xmcckmzwm7nm64a59flwhve5zeuuvc9ys6p0227m8c8asafztnuqsspknhlj3htpckj7vaj4whr44faamy5te07fd8padza3y6s4wtsnzw478uatu0e6he8a47p78rqj7k8q8vlmenplvjyemq7phm0mur2v08k6ey4tjcjeht8mv8spljeulygzchu5lclmq2dr5jj2pkz2tulmj293yn25stahkgsrxta3y3gj7wf8hu6y20anyzk4s0efxxkny2f4x0vuekpc95ejmtdgkjetg23hmuutw24fhjetgvxeyjcngtee553vxtp8my7d7w9rxzkj5dw85nvregevmukdw8nznfakyjt2093x2jr7we4fattl2kffju2qnpacsj69v4325l64t2222e6q29y8cuvxv98yujtq220g76u2nwc5w7970x5yzjd3s9ecgmmew9qk56rgwpd2v32sse8l9lcrkycy0f6ren26825mlu0s3qyepuey5tenna3zxxl7ll84syxth4na4azah3tj0fhndmd7a8dhv8mndev9qu4agdk72w5fr0c7y0e7tlll5ewwyceyhv5r2ved85en2ta9kss2jv4e6z62ew9v5ngz30eu8whjsdate25tpwp2k53d82x56jjze0azysej22d0xz4usfrmgp3cghphuwy3zu5ddsqg2akxsfjcu5jkxctz9453vyze04ev80d8jm4pe6jpw4adflkl4mrsazrf5n0sllleqy0r5m3rcmsst8f2gtsqedjllw4ulh2pw0v6u44hllxumjs24ka8emkd4dnk7yzfhu7k9wtkwh46m6x62jsmn4m5x2degmna63h8m5ytsem5mekepndmg89tagatta26uh79yqw6ylnlcxylxn487gkmadjg2l7dclpg4rvxa5eaw4crnaulwxqhy4ycyt8cv5mk04mkh4fl9y65t3hvfpj25d4kxmuey00ak8pevvcmkq2frglntw3lxk6rv9lghhjauvz3h7sntclas8usj8906n0crzhh635k4nq3l6vfz00lg4mjnm0p6ddmqw32ez0eqhy8njqn60y9j67cacuqzxau58ekf98xklr2lm6e437jm74namj7jzrcx8ar5nnjtkfl44f5ukdu0y297ygh4u7hl6lksa9ae9el0g7nnjc99vcpjha07lupf4eff95mwhdx8smz580scq30jsu6yxfrpc9fdfch9pzz67ve52cw0luz3a0nwf0g4784j7hwfrw9w0lrjsphwx9xveuka5avjs8398w5ajk2kztkr959cy8vurludlchnn0hlmmd3n86y7akm3032a577m09ucn98taa9vu9r5t7w09llarlrunnwqqr2lsrd8ud7t8k8rsllqhcf0znv4ellexj3lpvmuuakc873e2h6lkt3sae9e07lau8mwzalpjnvfxrljmll07qd682fu25myrcnujt9swv4hmw4z5nv08470w4l8f0jwn8y8x7uwuvs85kzuvssqzzxmpdfgfy4ng5nhk3f80dzjw769yaa52fmmg5nhspn8jgtdysenmh6nnc6ldx30rddejdfpxuywcce6crenn6urvvmvva3ddmgetqkhq7l3n4eyrfjsvlyn6vkrnf52kl5n53axck460f3mq7m9759qka2d7uat68k2m6z4w9arzrzzlpvctmf2deur6qr5t7zl3hecwk4dkdl657avmahjulzu5pfzz48528fm93jxc00fhllutnf3tu3davece75adhf9w7xkp5hdawzexrs4rhvllkzlh9umtn6f2n5vs568kzafqrvmjlletl0k5lql760k906lknld8kagw58e2889hzmxmwalxdd7hgx4ssrc727htl0aellk0vfdtd7trrfadanjwtxwptrxzww7amhuuar3l9ecmdklmr6llnhpa7wc7alv0sudekulvr84k74muhdleaj65mkfs6ljaexvqgr0xr9cn88ynz
CHIA,offer1qqr83wcuu2rykcmqvpsxvgqqemhmlaekcenaz02ma6hs5w600dhjlvfjn477nkwz369h88kll73h37fefnwk3qqnz8s0lle0aq7xkt6mrastdwj29ke0h7hj7c7h9pe844dapw003exvrxhe02evr9jqy424kxs22g8st7f6hsu32u26tnq0qllzs5p32v75kuckh4604gufh70m0ud3hhaj7udqccrmprz4ll99v2d6k8llyc28a9h0n3knql784glt7ewxrhyh9lmlhsldcthuxgdnmljxtdh68tdh68tdk68tdk60tp57ner9kml5dw7czzlhqhn0k038h34k6dx7xcmny6jza6g433h4q8n884cxcmksemx6t536k4g92ktxn9qe7f85ev8xng4dlf8fr6d3dt57nrkpaktag2pd65mae6h50v4h592u26qrskyqvz3rgjrz4nv5vcsaphqtg96jqxuaa5wteh7t3tt3l8x47acv9y5f4crzlfywt604l987mke46tnmhtc29wx4hffxk4p77c707fymh0andkavjhecav37hatedywfrfjlw5atlqttgygr3aj8szy04mm3sh00qx80n504rccvzgdnmcpe9dsh6jhnyzk70lm79qmm5uuajdkaf9ed7l0y03p8lpzf4judtm0yzadk4ehltucx05mt68k74n4ml66xjuadlxf77v8hwf2m6hg5elk83amffajjvnkft8c0usafjfn5ps5pk3hlj3ntpck6lvaj9whr44dadmyu2et7f08padza39dy8lqlt4j59wcyxzav5e8c4ceqzflcq59heeu8jlucwt93wvcd3a7mk7qjntua24edtvnyjd6n7r8uvwvjw8uzuk9a9lc82gey5js232klfavnztfj4y6jxwf5ezmjffe9xvk2f54cevj2ene5ez5t70e25np2kfx49u6n7ffvkjlnfse0yj6tk2eryust32xq4umjjfer9afjp0fg4a0j6f9g5jlj3vfdx5l4wge08vh4jvflx5nj229lt53n6wqwajjcwpfe5m733t6mlnhdvsmpw793n9dhm97ga77gtj6we7tsha3etfjj0alflll6vh9qsdfxnm4q4n30c09q3wd89vrc8u76l09vxghmrsp58yaumt9y4s7rjwe3m572023jyhdjgvffyw364g9syngjeww54j4te09sksurlfeq5u7prwmd8xvun2teck54pmehzhnczfjd3d95qerwc6prur0tmku740hw3ejse2e8pgta777sllhwn4ertfcnw4t5sguky32jg88vkkrqr9ayqsrse8m33xusf5fuhmd4n923sd7x9z06604540uc34vxnl9xwc83lkhuhk600hg6xkd77mrulngd42a8m6kv4ekkk960kqukl0tj08n2t67atq9d05t4fq58j6r5rhfwsw3yqth0j0a6p6yas79zeuazgjxewa60t2727k433fzr6nhj7wr3mm54f0k96utwnz5lnv8s29wmdka20tsx25ttkh055j4uejsrafrul8f6tpketvtnwxxdhpvjhk0c9rk72r2k6cf63jjcs8zaauem4hn89zk00720ua8d4q59khnel8klwpqnv4ey0tvcwn8xn68j99h4lveg54g7ta0m8770f6n8ez9jy6nrmv9393k9j67camqq2xauv9ayep7z7ufl855vncrnw7lfdaa02fm6lx2zdfevmmuswjhjm304eugw920kpme6w03ffsqew9dtythhm5gyxleg6nll7zu7a468803625l7f6zeah7czndffy39xn7v73gfnh2jyecus67z5gle8le0uzm39m06tt3v0gmz0uu46hhra42rjze9meehwaty8adltneh4m09yrrkr95ggzhvurl6rl6mkfmr7q74nhm079acdxyrexkhld4kmney5vwuujnvnd0edfwxrhw0tw6fg0370zv0e8k45yz46l8d6mj2au4rc8m8ynj9ch8u9u458w0c0vxd0mnf40m5j0vj9sgysq92dt7qvvs78ccm4qxs4s64qvtcw3eqrg0f29y9vp8kx5y35z0jr3shkct9c96qwe475kd7ww3h90xhswn3fm5u9chf28zj9k20ve2uew0u8tu4tc6m75pc0hvtd5lr870ve6alwuj94jc0swaec5030jevnd7fy066drlf8zta29dflrfuhekak76zx07mles3tarwn86mklhak0r46u8kd707e6j45qrjw4c6w70pwtg
CHIA,offer1qqr83wcuu2rykcmqvpsxygqqugh3tk6ulhur0g0skd7wwmyrlya4da0e95e7ujykl0l78a0pwmse0kfswhc8d6nga5l447u06ml28d0ldrkn7khmlu063ksltjuz7vxl7uu7zhtt50cmdwv32yfh9r7yx2hq7vylhvmrqmn8vrt7uxje45423vjv50xfqlmzsg6aw48eyexl0k95wr6uge8herhpxyhvnm48xl3aj27smtf2ged3g3r5luvjzvst4j98hldepg024mkl7zxnmewdm2j4xrgkneyldk6kvww0d3fr8uestx86zc7dhdnt79z4l9v2jwtsmllmmsymeehh4dk5dk7wg2fmmesdhumjw3valm0u9ghvljqq3pfq9wpnl4m54plh4y7v7m37n828nh9ma74uxp4wz7ul09twa9n3gtf6v0c84um6je9te64q485n0tm0aglh2ahymafewesl8pkju4q7ldt8zkherxcpdhzuqccermz2xzcxgctseqrr0e6vzqzvwryzcxyq5nkstadt3jp00haalrsdu62wkexh0ykuwu0nn87sras3y2mww5aln3vkntul79aul0s49xjare50c5unm8w0465lgdn5keza9jtps0rh4r03lhjht5gtdc8asafztnuqsspknhlj3htpckj7vaj4whr44faamy5te07fd8padza39dv2lqlm5nypwcykqayectc9mfsqfmcqk9hcec8jluc0t93wwc9sa7mk7q6ntca6he92vhyjd6m7rruvwvj08czvk9a9lu8jge55js2pgklfa0n6t9g5jljpwfdx5l4w2e8xvh4kw94yzh4jwfdx25n22e4xunn32el857v42x88j6npwx5hrztete3yvctewef9ycdphxgcykd3dxueja29fxzkz3twdeg5u6t349m8vn4fkxv6r053te99lul7qrfjpd5q2d2vqdarzc6p06qa3knrd04uadm7j7c8qkw2crz0nd3kxeprjcdt8nhladnf69ylelllxljs9lvkg3dm7eg4ulnl60lqgvkulqvvq0aquvk3mf2fcpu6554juqv3hyvskd9xl7ct9wmakphy9v863h667a3h954hjxd4g7y08mwv70lhl9atpflcr30uhuhx70l4gk8kd7w6rulnwdagatm2jvamk6k460xpu670tjh9nxt6uamr99ny09a55rj2d5f99k35kksghrnll6yjze3w8zf7fddzqewl682672kh4a3fqrj3h7l7p3re5aflj9jltwjzklnw8c29gm9hax0t5xjyrxkpcslt568zurget5dr96yhsm72wumhdnqutcclphm0ex2hxena8w7r8wmpt3txcuzqg2wa9qtemu8yktku433tfcgx2ngvyasvx4kcktttphdvpym83se6slzn9559fa0kemxsdlurckuda09cn2tpflhk2kltfjad96zndtmrp4hugd27hxv8fkq77tmmz7nx7luyrrj58g07la0epg655aum8myektlu5wd0amu6ezpewltwnkqkv4sja4she5kyw797qll9lcp4u84hngwdp4hmu0uawmu5h6wkf8yh9y6aj2kfvm26eal097y4v4keycyhs8r29sqwlehl7lcpa0s7vx0p0tqhnwejxukdxz367ucyqk9p3wa67jma4hmr8t3h08wkusy93h05pj4pswzskzzd2ap0yzasawm7pl870dhkxlqkmke7tl42kremfalkzg4a8kvhnck7ewpculul60u2j70cxhzq2qgnesmw9uya8rya0ezw08jatladkt2ljewjnlhmud0pltlqxlrq8gn6ju3wyf2mtlxfhe67yj68e57dfjhn49s9qfr7hhr7wnur49ul2hx23x7yk9cxda7wnkdqwd52hkm84l8jgxju5klx5llyn2dtl96wg9k59qd6uaxvqgqrzkjf6cv7tqn10
CHIA,offer1qqr83wcuu2rykcmqvpsxygqqugh3tk6ulhur0g0skd7wwmyrlya4da0e95e7ujykl0l78a0pwmse0kfswhc8d6nga5l447u06ml28d0ldrkn7khmlu063ksltjuz7vxl7uu7zhtt50cmdwv32yfh9r7yx2hq7vylhvmrqmn8vrt7uxje45423vjv50xfqlmzsg6aw48eyexl0k95wr6uge8herhpxyhvnm48xl3aj27smtf2ged3g3r5luvjzvstxnkem4s683ud0a8hc2at9rchhwlyvngnfslm9480gpvw2x5th4k4ns85kfq8mxdvwn5nap3n4ahdnwwvtzl29ux83n803ssa47he7kkgwf3wd8u09nl4kxqa7gwcs5qgkffw0jw04zthlrmw0ga2mlw0lj3vxmcd3fdccahah0l5llmq7nf7tlxfnemau0jftxs7ukx4c2v3avnwukuup2utmwlmt85ekau0ns3tlvkld3n7sjmx9c93ps8795g9qw3skpkqxylm5cqqycuxg9svgrf0dqh624rvr7l0te78pme5yld6vw6fa6acl8z0az8npzg4k7afmlrzf0xlelct96na62xey2ekt6c4f9gmwtn999dmmcrl0xh7vzk082mj3dr4uhf76wchhnl4p2hyrxg8qg8dtwldrxjre046emy24d88tt6mwfcenhujkvrk64az2cgl73uh98gzuqvv9ef330ktznqqjlkpqt0lnct9lcs5hmqupnm0mandvr9xkeu4tj6jektym58s8l6cumycwc8e5t60lqwy3jff9qnz9d7lm095jt3f9l9zcn69f0vuej7xelwvs26x9ldycj6v4fx5en6rf5lyjtztf9xye37d8q35w0379ys2uwfpccanktwx9vcuxv3l8g4udnecclynutpwgs3nu03y9uly9235yl2tydpn80vzhn607paug9nqrtdqse55qtmx93cgnz7czmtzqk24jmlvsjmnklrdhepj7arn6ds6669cel6dlcj3nd8qlll6vh9qm7fx36ah4n30e08lqa723efejpc5ph6pyedfhzhngzehf3f9yqerwc7pq5pl2ra8pvlf72ed8tgpvwhmv32wyjwd3qj7eq5e5gry5da64e22apk9ljljumel74zc7ehemg0n7deh4r40d2fnhwm26hfuc8nteaw2ukve0tnhvv5kv3uhkjswffk3y5k6xj66pzuw0llgjgtx9cuf8e945gr9mlgatte267hk9yqw2xlmlcxy0xn487gktad6g2m7dclpg4rvkl5eaws6gsv6c8zrawngutsdr9w35vhgj7r0efmnwakvrnu8n80tzc4zm57ehdm59y09h96neqhhuux70feh0uur2yl68kl747rzs6mz8qq3hdkzj66cdmtxfkcvzx7k8ykfdyfw0naxycu80mp70kt2t305unqd0dazlk66vlff235l22ec0v0xr7494neuds98cl7ehvc8m7ercs5p7zh4lllcy6ghmrj75un7k2u6mkpk74xd97h2m3l797d2c7h8mz4ulre9dngtc7pl79cu40eumu8ua96l6xrn209v0s8lvhaskqn6h76nkne4h3twyfam2hmqdkr95zcj3vyrlldl7hesvwym87naxllgkf34hxq3e8jjnd06f09f9r07pv6yudl6luwwq0fdhqq2rwlcr9zrqu93wyy646zwg9mq6ahur70a7l0vd7pvhfnuhl24v8nknmldy4t2dve084dasut3emelklc59uls0wvq5q383pkal350nstnvt8k0hnwlslwmlyxyhtumy3mvlmteh76885u4t587uwdl44t43jlkwhedtsacg40l7ghx2k7d4jpw6rt0zfmjkekelnekp2lat07kd2ac7kvfx6k2ewymu3s3qkmzz9e96ndxl77703g72g8denmdv05hcrqp0hvfhwsh2favz
CHIA,offer1qqr83wcuu2rykcmqvpsxygqqugh3tk6ulhur0g0skd7wwmyrlya4da0e95e7ujykl0l78a0pwmse0kfswhc8d6nga5l447u06ml28d0ldrkn7khmlu063ksltjuz7vxl7uu7zhtt50cmdwv32yfh9r7yx2hq7vylhvmrqmn8vrt7uxje45423vjv50xfqlmzsg6aw48eyexl0k95wr6uge8herhpxyhvnm48xl3aj27smtf2ged3g3r5luvjzvstxcm8vt2clagj4stkvmx0ej4yr7884767aycf6426xp5crsw65d7pun2qy5900na3pxarxffwu2ckfkz3hrly9jwzkkppuzue76lyaxn37mc50x70l7dejk363pgq0vj3mdn5l7r5sh7hzal0d8ck5wvh9q2vdwkwaaw0e7dsm9teh86ltct933xujqtcn6nc6zmxeelljjth5flwdlu2uv34ssujt0kr88a99f006d7xsgcxrmylqyq7t5hnpwj7qqw08gltq4sgysmxh5qzgmf04p0k299ullhv2plhfeemymd6j0jta77glxz0uzyntpc6hk7f97mdfn8lhlsy54k48eshz87tvu0527ethe58dn9ajp5vqlpj0fhwe7a6m4h9apg2p00872z47gxyswys7cka76xd58jh24nkc4260wkh9kum3nr0e8vc8d3t294c3lar4v2x39cqgetjjrxl259wqp9lvzq7ll8sxtleqftkpcr0klhmxccwtddnf2h949nvkthg0qtl9ne7gsas03gl4l6q2fryjj2pkx2mulnxg9dtzhnwve0yj7nz299x48j7vcl9sjpl9yc66v3fx5ej6ff4kusr6ta04s3zk0ad6gk27093yrrj3h7v8qumzvke5s4vnfpu4ys2k2349u6nx2e35ujz6fa4525zy4wlcf227gp0lhlsznusf9qrk2php05v8rq9r253hr22k3nthh7jdc5r9ld0h8n50pk83s4k6ctuz0n70h9d0z7tp68ll7n9egxhjf57eddvut7telc8hj5wxdusv9qv7d09qqwnay2gs7nefe99ykdfseckjaj4dfp8uc2pdxv42ctwd9zkys24g4nxj7vk24v42429fe24j62pffnxz3jw2fv4zut4t658vjjvdpur339cna70fvkcaamnpwyl0j2vfmxjkn5d9l8jejvg7lxy6nz035mnyvpj656np4f4xnfzkjzfqwu6cwq0x3k4shqzyfenx93unlw39nr7c0p4vaaa2t3edk5m59v4wec6t78j4vkmd87tzmlfedl6yg9lvsk8s9tyul5dxkamar3w68l0afxww4cunrfvq093krj7naef62wvtmcewfsjnajlj7mel74zg7ehemv0n7d3k4r4l02fjhwm6chfucrnmeawtukvf0tmhv25p73jku2sf2qar9fc5v4hzz9cull7sjsuvt3cj03twysxth736khj44a0v2gqu5dlhlsvg7d820u3vh6m5s4hum37z32xedlfn6ap53qe4swy866737hxsx2a6yews4a5ljnhxdmjg8fgzu74z6zlvpl7n3w96aakh060l0ldnx3zmaez46an7tzswv4hjrr42yf7x97cdqdmdtp4dnme3qsdmmgp49p34d7v47d07vel50wv97ylq4kegu5l608qlf47ygwpyvkqzn88k6cj2n9uhdnldjgwj9f4erz404l3rqun9r28ls437el5r6a0kadk6ejdpklaze345ljxd84qsk87ru4mh7fd04z4hu5mzmdkf5qmkrp5scr8durll0lshrpuvlwfh0mmhlyz9ylck66p0fmlzhjncvfg0yu5k239mf4c0h08aksznwwxduswtyp3eczcgfjey8vstkrrt4c8alaakucnazlwm9e874wc08d8k7ufjh57cj70zem9e88nlnlpl3wteaqsug9gpz09ldea483rqcd43u5xgydnxt4fdyzardfagyrvruthmarsfnudelghkee8xfumfm8xp08lnnea7eadza8nswxemm74kulh2s64xn9n7nddtxhthm0tllkml330mf0rewx00nn2kw99659xk0m6r7vmywjsc7wwta2jknspqz5rfr6ntrd528
CHIA,offer1qqr83wcuu2rykcmqvpsxygqqugh3tk6ulhur0g0skd7wwmyrlya4da0e95e7ujykl0l78a0pwmse0kfswhc8d6nga5l447u06ml28d0ldrkn7khmlu063ksltjuz7vxl7uu7zhtt50cmdwv32yfh9r7yx2hq7vylhvmrqmn8vrt7uxje45423vjv50xfqlmzsg6aw48eyexl0k95wr6uge8herhpxyhvnm48xl3aj27smtf2ged3g3r5luvjzvstweh4dh5jj8kt9w22snjld6tretkhn2en6sm8m6h2pl6amlfgy7lk7tjsexp6h0chwnxym6vehga7032dk4rgzwrlqlpkm0aw85ut2axxjcnrh9d0l7dej0plzzssue8r5lv5kq7lpy0eehn3c9nxhnr55k8c79t7es97nuumvgs8vh8dusrmwh09llmt72ycaufx8dp22phwan2lnu975p9hg3wnh4u4tauu9q2hlwjr9dq3qw8kg7qg37hpwxza9uqga7w375prpsfpkd0qpy4kzl227vs2mell0c5r0wnnnkfkm4yh9hmau37yyluyfxkt340dust4k6hxla0ap4ehsx6ltlrpw6nlfnvmt507w2d50wkzca67ym0lfahxhsr670rxeed0pljr4xfxwsxzsx6xl72xdv8zmtankg46uwk4h4hvn3t90e9uu845tky45sluraw62s9mqsct5jnplzh9yqp8lqzskl88s7tlnpevk9enpk8hmwmcz2d0n42h94djvjfh20cvl33ejfclstjch5hlq7fryjj2p292ma84xv9a9zh4wgelxjkjzw94y5hn7se08s2zlfycj6v4fx5enjfes4r9j4wxzkndjpv9ny5jt35efx2enefxjhj6nffev5u7d2wxj45s27des4u5vxwxcc55d6de0xukjpvflfnxv7s9085l7rmcsfxq9kjph9v5q8mx93sv48zutpfehv325mmgs28mmnf5a8a9k4p359773wdhl5l5h094dtvrllln0egzhktycca0v5270ela8lsy28dlsyxqx74w9yr73uyfgsareffy9ukar3pukwuzevez85c60vxg4j6tyv98ks32ng9jx2auct9t42k29g3247e2ffpsxk3jq2e04x7t32zj8ujzxdf7r3j9cj4u0a0x5udunad530z0veex5hn3df78jejfg67xwmnz0f4teyvpjx56aqdf46sezhjpfgdvsew90xsxnslzzggfnxa3sr64307ekaz06p4k938fd6tf080cfp20thjfc77gl82xn72dy4tjdp5zljftrcz4jzw6xnm0ak3ghdmlhj4n882lw9sy5qlncnpfdf7l5ay8x94lvlygtfwc0awaulh23v0vmu448alxumjs6hk4xemkd4dmk7yze4u7h9wtxvh4mm7x2g7cetkygy5s23jhu2x2a3ppuz00lgetwxyg6fl64nzgr9ragatml2juh79yzwjylhlgyyl8n48w2kmudkg6a79el9g9pvwa5ea756ssvkc8yr9d0v7m4gn9w3zuhgzl68eflnkaeqz5jp7w24d3fksllpehyawam8hd9lllkenc4dku3wuwal4sgrx6mep363z5mrzlvz3kmk9j66cd6cc2xeuvxw4r63mjc0x6r9rmcleul37yq297clh0hw6havjkxr8wl5chjahf003th3gzm8z7v3tay6rpj3e78zhwg3svf639plcfcld07pt4khymx9scca9dlk5a8d9aque2nlswd4uwv2txh8a72y9ksdc3k80q5asedqxqmm8qllm079mv0xlx0kh2l7f8ekvx972awtx6wle5zganw35d3tyd9e842prxmy63cpe2dn7qv5swr834csrgjg2eyhvq8htqtelhmaa3hcanaz0zma6hskw600dhjavfnn4773kxr3798887ll63hn7peeqqs29wp7t4c2ht2dcuc3zyga4725yd6um9y2aun3tatet2c5709f8dlc0zrd7wsc44nfxm322f0fl2q6rhaw0wduzlz20hdwvmek78rejntmndmajjja7eu9nft73fldmt8w60jtnkxu7ulv6t0xy5re28y8petpet6u5sttvcp5qwc9yn2ghpr6a8
CHIA,offer1qqzh3wcuu2rykcmqvpsxygqqugh3tk6ulhur0g0skd7wwmyrlya4da0e95e7ujykl0l78a0pwmse0kfswhc8d6nga5l447u06ml28d0ldrkn7khmlu063ksltjuz7vxl7uu7zhtt50cmdwv32yfh9r7yx2hq7vylhvmrqmn8vrt7uxje45423vjv50xfqlmzsg6aw48eyexl0k95wr6uge8herhpxyhvnm48xl3aj27smtf2ged3g3r5luvjzvstac4umvpl22wwkdmf5l4d9z9lga6g8fh9lkklmdttndtdmcjd37l2ldsq9t54qjzg6eljs9nmv4zaf5cngaj9m8lw3s6nktt044t6089elfa932lulanwassdgj5qxw7x7n6f0m2jwh8n4r4ysl6z7aee0fdm74hnc7sawx6u7vmpcaze4x5hhlwusue7u3lte6uq5lnj6lahskzag34vls0240ezl7e7nryyevh8muzkm3xqyvv3as4ravz5d4ctsp3hua9aqpx8pj9vz7q2fmg97k4ceqhhm77l3cx7d98tvnthjtw8w8eenlgp7cgj9dh82wlecktf470lzajtzde4fuyxw99uypc0p0tgt6t44tuy626lgvxpph3txrhyl70ex546ur7cw539e7qggqmfmlegm4sutf0xwe2ht366577aj29uhlykns7k3wcjkkr0s0a6f2qhvztqwj2u9uza55qyauqtzmuvure07v84jch8vzcwldm0qdf4uwatuj4xtjfxadlp37x8xf8nupxtz7jl7reyvj2fg9q5t057hea9j52f0eqhykn206h9vnnxt6m8z6jpt6e8ykn92f49vcnftx8y5utzd9f8uunfnxl9vcjp29q6u4jed9seuk2kv4h9zkd3w4qkvjv9gxv4uaj2v4v5vnjfwec52c24d6smnfv7590y5hlnlcq9xg9xsqc4psph5vrrg9fgn679sp07705gwmd6wnklcd5aua8fv9mw72lk9k8mx9yn0ly5vqhtkzn9egx0zf574vavut7telc8hj57gdvsd9qt7d09qrwa63v5hdfu6ntjedfv4jktjtx88v6dwv4555e29tx09rp2xv4d9yct72enx25vf5edyyut4g9v65jne2x99j424ge02hgugd2g6rxuffeh9qz5gp4pr5xjgsgrxvf0q4yr4el8u6npvft8s2z59zl4fg4y5szw9t8q8ngkz6tcpjxu3szl8qln0lk4dwnecrch9mh7vtck0kan57zj4myexal3wj7e4l6jcyc4pdqfajzccqcwt4l5zwc5clu6lawslkruaewh5s67uwwue3atg5upa6l5reyalngffw50lw4ulh2pw0v6u44hllxumjs24ka8emkd4dnk7yzfhu7k9wtkwh46m6x624sctkqg8yhegut7prpwcqs7p8hl5v9hpzydylazesypj375w4al4fwtlzjp8fz0ml5zz0ne6nh9td7xmydwlzulj5zsk8w6v7l2dggxtvrjpjk4w0d6jpjhggwt5p0u3u5le67uwpfnesexyzs0jjr0llqnd5g6nvndwkza3jn4zum5chfeax7hnx64mekkdz9jymnxmvzpxek9j67cdcks2xauv9rru3cl40kdz9mtpgn5hm5t68a8ucr4n6353nj4vewc62fxxv2c2x6mee0n3u8d7ltva7rk267lqh8kekyrzjg5atll7pvx97nkk67ak7y88ww2xz4kpy3nuafuteya209fuvxu7la0rlvm7z4jtlch4n7npqmnda27tvv7j743v3pjpdlkvhgj4le2wk3vvfk42sdc68zep8mqj7qcdnkqpcrrdn6qpny2pegzg2e6dyyvqrkgyt3chllaakccnazlwm9ehu4wc08dhk7ufjn576jkwzem9m88jlhl3l3wteeq5vyj5q5evhlhlq2r664lte753uvnuhf8hzujt6jnf88fg0jl6k6yypg0rmhvy87fuhmkr7t45hjfeyqsfumvh45d2vx3h8a5l7y48m55m3mrk6rjk68uhrk7cwxcycwntn797lkdtpew0k99zamu53w9qj9z6nceja7fms3kthkde86tfkfy4ulkaweplwntz328rv6stfs7mmx9fkxt2n6j4levl78hv6r8nakl65qg62uxqgq4cnqe
CHIA,offer1qqzh3wcuu2rykcmqvpsxygqqugh3tk6ulhur0g0skd7wwmyrlya4da0e95e7ujykl0l78a0pwmse0kfswhc8d6nga5l447u06ml28d0ldrkn7khmlu063ksltjuz7vxl7uu7zhtt50cmdwv32yfh9r7yx2hq7vylhvmrqmn8vrt7uxje45423vjv50xfqlmzsg6aw48eyexl0k95wr6uge8herhpxyhvnm48xl3aj27smtf2ged3g3r5luvjzvstxs03656j8f5n62equ4vvr8u4lceefhrnyl0pgcn7e00fc0895x0hjf2sfxr5ys4jlepmrkpt9w3fa83cyt4l5ar84nvkj7tth5awtnx46lp44e0lxae658eqggwus3n4d9pj8nay3mfy5ftmhw55jpckujen9aeuns7xx55snnvje8aepg94ujzvhmf3rv4smpa02ga9gwne00pwtgtrxc70dddcvtmhe5706rnx8krrvchqjyxqlcw375p286c9cqcnlwj7qqnrsexkpdqd9a5zlf25ds0maa08cu80xsnahf3mf8hthruufl5g7vyfzkmm480uvf9uml8lpdhr9nw64ffnylmz67hh79wandnjnphhnkfm2kdfw6xyl5kkv9hdx9y0qhhnl9p20yrzg8zglwtxld8x6rer52amu2498h0tjew9ee4hunkyrku44q6ufl73259tgjcq5w43fph09gzhpqjlkrq8wlncn9lusy3mq7phm0marwv09kjey4tj6jekt8mu8spljeulyg2chc506leqyw36ff9qmp9970efxxkny2f4xvka6tp3hwst9wpgxvkmrw92yt86sw9e4qjzwwet8kk6f49y5jjz42agxz6as09lysujjfdm4q4thd9g4j39gtanyzk4ste04kjtsf9l9qcn64f0yuej7kelxvtustxkx76rpd7s90yykpa6943urgvndxdne45aawg739mx3x9lhwd8dkehr8l353j7k5je0a4rv0ecclc07l6n9mg9r6tg3e9rdjen9hyrtj3s99xu5jfkeyh54j32x88zcn3h97hr9tf59x4y5t7vxw55etf5ek5jst33xm85uvehfmxvm38w4zkw9lpu3zf5qt9qnvsd8xjdc4u6qwd3ugfppxvmkxqxmxtkw0f8xqlredfhfn37mzacehlq67p94rdhhafxvhxmhwta6hm0qvk2plm408a6jtm6xn9a0lhchxu5z4dhf7wandtdah3qjdh844tjanauwj73kjafx6agqpp97x8zugqet4qy9spalar30yqsrd8lgk2qqg5lhr4w0e2mjls4sd6g37haq5nuuwuae2ml3k3zthch8uap5p3tkn0h6n2jpjnqu5v94tmswssud6zz33qm7y8r87whk0ctlg82h3n9rm22e2gdh3489vhcfts58u69q67pryelhdwgcnrmw5m7c96ytyf4x9mvjqy9h4s6kedj8sgxdlvzvurzk4zm0f0rjh6ctl7ewc6ff769d0a0ytn5ucmmj2zscrd0l9lfdrx69sx470hym98c0ykxljam5kqcsvf4zn40llc9penfhnl7hqm5zapwu78kcd036t44vw048k3y7nadzlh4pvvjepdkeurlcx3d4u79wdfje73yp09cgndvlfacga84fmtxenrqe4gkrn4n2259xp4mps60gqmkxzc8jpnzgqrd69ssnt6cxeqyvqtk4s0elhmaa3hc9jax0jla24s7w600a5j4df4n9u74hkr3w88087mlzshn7pcef4gprjpvl0lsh3xe3ay0mkk7rn77542rsh7d6ttkww6fjak6z50fpu9dnjekf5v8jk6mplp6wk0d46fdx2rmudcmu7nty0uar76kmel3clmk5lrd4un2e8h866casd3panfana8gvkysue38eueflw8wyvunh2dnd0mw76gvz9cueswmejmtu0t5h72ytlyct8h6t0nhy7mjd0w54dwm7ud865daunmnfft6htm6myxqqst6lcrqsjq8xv
CHIA,offer1qqzh3wcuu2rykcmqvpsxygqqugh3tk6ulhur0g0skd7wwmyrlya4da0e95e7ujykl0l78a0pwmse0kfswhc8d6nga5l447u06ml28d0ldrkn7khmlu063ksltjuz7vxl7uu7zhtt50cmdwv32yfh9r7yx2hq7vylhvmrqmn8vrt7uxje45423vjv50xfqlmzsg6aw48eyexl0k95wr6uge8herhpxyhvnm48xl3aj27smtf2ged3g3r5luvjzvsty33l8man4pmp70x66cs4t9aqcedm7eve5aj0ne2f6atny7na3km92qf2a9gysjxk0u5pv7m9gh2dxy68v3welm5vx5aj6mad27neew060fv2hl8lvmmg2zjy4qpaj7rrjype0879s64tanuen28hwdzv0rsh0dlvgrrvnxdz2wtn8xen0r6tathq0rshlujwa0004mwmhywq80juan5skkmj04ku9e4k2rfayz287jsc6xrcynp5x7r5hhqws7spwrxgltshsqysax04q2gtf0dq0624ru87hvt3lhpmehymd62wjta7ugl8z0azxnrzckkkufalmpfr8llls23w56awck9lhjn74mwr0wwhxu7j4v3mkp6jncl7n9tk2u4u0cj8q8zm7rly82vjvaqv9qd5dlu5v6cw9khm8v3t4cadt0twe8zk2ljtec0tghvftfplc86a54qtkppshf9xr79w2gqz07q9pd7w0puhlxrjevtnxrv00kahsy56l824wt2myeynw5lselrrnyn3lqh930f07pezxf9y5z524h60tycj6v4fx53nzd954uutkved9vatwtelyy5np09z4yhnpdxg623270fqh5lj3df9y2jn35f38u7d7f95knvj359g5nwn339l2vst6290tukjf29yhu5tztf48atjxtem9qtwe9vwpwwpakg9y50d6clk0hk7tt67ne0wf003c4kclj9dca22d28uutwa9hqds6k2g4e5gas36qg3nedel8nf29txny5unege4yu62ff9c5nx272emynz2wtemyu7tkdft9nynkterxnfn3v4ax53jek9tyzctwqu6x2g83vhd9zu2ww9cejj2e295hzen6ffl92kj62fc5u3te4flxj4j4veexj3njf95eryje4fu655vxven92jv709myn9st0chuykvunj294xyjtxt948ylnwdel9av270egm5ljpd9fyuenjfflxucnxnelxucj3k6l2r8spdz62d2fcpu6qw46uqg38xvckkphedlgn0apxynv3mmjrjw7rjmrvew447jngkl7nktujhfh38rll9tqp0y3k8s0u8vpd656y06cdex9uda5c9lmpn7ez6tehtvtxud73h8eg0ul8dhd5tv8gllt7tmd8hm5dztzll0370esx2hwnuatx67mttze8mzwtwh4e8nea9atw93j7m69jz62zcdd643jhgkgtq8mlc86a6epxc0x3vavshf8v8wa05409lf2se53patm308pcaa6z4hlzdw9hf3w0ekrc9zhdxmw4x4ur9zpe2cmg0h2arefp5095xpha72g07a8wjvkm3al27t7n9and37v2kddv27werx7hwthl9lw45gd0h4j7mza0d5sxsv0g3v3xve3a35q4k6kr2mphdjpqmhks0s7yyl8pc3vc2rl7v7v876ys0wumaklrde3209zj7n39hycercl477h8clyl3m30hae9x7zdlyd3jmtmzq3h62x5lllskdsfdwhuje8xtkh8l4f7jdnl0r35ev936v4thhe4l8wm0dpdn6lp7dnl796y8ndzyu765ak6kkfd5w8n93af0qkez30l07h4ugun7dk0dka9t6sl2cyhsyr2fsqwqcmv7sqvepgwqqjzwwgeprqqanvz6w9lll0dkxylghmkewdl9tkremdahhzv5a8k54nskweweeuhalu0utj7wg9rpy4q9xt9lal5r37rgvz654n3qy93up0vvtl067ka0f8gtyr4pll97ehmuwkklm2srcrvhtmtfnwlmhqwqlrpunul7huktsaksu2he6u0g5nrqwawh2t9agsjztnwwxm52ktyxfm42a2q3f68van9zy4rtz2tw7gsl7e8mgkp8kqezrx3wvl94pp64elt4u7zk5ws2vdjjgz4vlavlp63gxcnxthwdt5amhcj6zsqlxgy0hsua5w9e