HOA,offer1qqr83wcuu2rykcmqvpsxygqq4ck4ve3uy2afng0u72pe82twt3gjvudad0k7ythen795kr2mujm2sxdxpm0yu8ddl4rkhl73mflmfasl4h75w6lllup4t7urp0mstehm8cnmc6mdxn0rvdejdfpway2ccm6srenn6urvdmgvand96gat25z4tajzajwugwt97v35ytv70wpw0mm77nnw7fwwr6le44twax8egrl084jqhtf2ged3g3r5luvjzvstnpxy2gay7l2pfmmthvsmfwxm4d9aemcpea9fhazfpxv50vexchk97pj55g7utk4zkxj7ld7lstn40f4xv3cwcl46v0yla3j4kwx7xyam7l84n5ljh7z7rjwrqdzzspze0xsdh67j8glcd6at3na7060hnaknmdtkdm6auaanmjar40pwfj4aajwh25gw6f4pkv4jw58wkjacc2d02zz7yx4fhvf3dhp56mxr660y9dssumw9cp33j8ky5v9sv3shpjqxxln5cyqycuxg9svgpf8dqh66hryz7l0mm78qme55adjdw7fdcacl8x0aq8mpzg4kuafml8zedxhelutjg8fl4ssu0f7sl2pwzu8vk47v09t0fdfdc3w0d6af768hc3mc0n5wwu9auleg2heqcjpcjrmzmhmgeks72a2kwmz4tfa66ukmnwxvdlyanqak9dg6hz8l5093g6yhqprfw2gvmajs4cqyhasgrmlu7qe0lyp9wc8qd7m7lvmrped4kd92uk5kdjewapup0uk08ezrkp79r7hlcz6gey5jsf3zkl0aejptgc4amnxteyh5cj3ff4puhhx8evys0efxykn92f4xv55729d927j6ffrxrv43j9vkyankdf5h55vwhxy5jk2pge49532xves52k27g4d256tx0fq44zdfw924u4d9h64t8vd2s4vc3pmt2pcgqcacn74frqfwzqt60e54qz5ce49z2ssf24qfzf9zensq2fq2gcdg4xtekhlklaqzmjrk5zasd3n7vpyxvtpchhhd2luflxr8tmu9dmkrpzv7rjaasamrs8qnef6467tl8wnxgex88l0lhu53wxyynx6qesku6jfvf9xyjfztmt8zlj707pcz4qgz52zxx6qreyd3url04pk962macp9hnd0ynr73ncs8cvxhw2phah4v0js57hf92tzars8zzyeqrhz5nsnskgjtz3sknm2lj7mel74zg7ehemv0n7d3k4r4l02fjhwm6chfucrnmeawtukvf0tmhvg5aj3ck6zs7th7sg5669zngpxu7dlhgygdk8c5f869xjgt9mlgaftet66hx9yg02xltacw90xn497ghted6g2n7dclpg4tdkm5fawsmgsv2682zavvgut68rpwgcvlfz63lmfmjqacuq37lgdkex47g9a7jm7np4erg3k0lge89580c77rdfat7ldh8wk9qus652kgnagwdjsqck7kr2mdks7pqeh4sln3vt8txfxd73esevjjjvey6fnnre5ettmv8fwt4w4ek4z4jc8munex70cw9exld00cyfedt26rxvw55y8r3g5dflllpwlx0jzcaf5dw9mjycr067aakhdc6dttrlfn83acxddlw07czhmt3583l7pvt0m8f7vx2krkl0qzu3adwrma250m3mdmakwptjwzacghw9rwqa93y0vxtgx397cg8qfacgz70a7l0vd78vlgncklw4u9nknmmduhtzvua0h5d3su03feelhl75dulsw2fr9qy2gwhm8l9uuv2xsm6dkjzu38ynaqa0780wh8x6e203d4uurvzhcr59psuy7a8qj8gp2cmh6q2epcwwshzzdxc3wwkzwahljfecuuuh547w5y6st0t4swehksydf978xkmhu3sutu20sad02np3a3v3d65h8p8kq57ap5tt0p7ssndpehzan90h0e4taj868xtm8um8ftjnavcmm9tnurjua209v2klarc2r9l6mz8p05swf7n7kkl9lsmzzpxq9ym9wngjcpen4
HOA,offer1qqr83wcuu2rykcmqvpsxygqq4ck4ve3uy2afng0u72pe82twt3gjvudad0k7ythen795kr2mujm2sxdxpm0yu8ddl4rkhl73mflmfasl4h75w6lllup4t7urp0mstehm8cnmc6mdxn0rvdejdfpway2ccm6srenn6urvdmgvand96gat25z4tajzajwugwt97v35ytv70wpw0mm77nnw7fwwr6le44twax8egrl084jqhtf2ged3g3r5luvjzvstj28ruyzaur704fad7e94dlg92ancs07nvmena2xa8a659rl5377sumzqyhd98tpdrfdl5lhm94u8uet2fgrv0m488wtwcm6uxhdns04300lecdfdlad3383u83qggs5sjhexhh2y4d3uxxvu7cay69yf0p0hvu66af2wwrlne6yd7unlvueaxck75hwmk44elrcukhkm0ca4fw65a9yftjle8u0agf6ueqtx8dz60ek9j0a5z5pc7etczz8juxqct5cqprhe6yzsxvxpyxekqqyjkctaftejpt08lalzsda6wwwexmw5jukl0hj8csnls3y6ewx4ahjpwkm2uml47yprkqnx954k05l47xmm79k9l3h4unuk5zldmaxxhu3kfuys7hlulkn00qhhra9f20qrzg82glwtxad8x6renk246uw448h82jew9me4kuhk5rk544p2utl7svs9mgjcp5t9ptph0xgz8rqj7k8q8vlmenplvjyemq7phm0mur2v08k6ey4tjcjeht8mv8spljeulygzchu5lclnqtdr5jj2pkz2tulmxg9dtqhnwva0ys7mz2p9x48j7vcl9jjfl9yc26vefx5ej3neg454n6tfy5vcd3kxf95cnkw44xj7j33kucjj26gfrxjkjxg4jkz3jeter9n2n2v4ayzkvf49e92h2k56l6nv434xz9hzuydpg88qrrh2w6ny5q9uf3df0yj5q23rk55p2jp92kpggy5txwqpgyrfrp4w4e0xjl7n75qtkgw73t5pky033ysepd8277l4ta3tucwa0ws3kw6v5gnuwthkm4vxqvx0d82ltedu46v3r56ulllkljs9qesjvtvrxqmm2fp3ykcjg5f04vurlmllsyqz4pq232gs6gz0vskt30a7vxclgtfhc8k6v47jvw6zwzqlej6aegylxu44l6zn27y4guf5kpuggnqqxu270jvqeqfy2kz6l0t7tmd8hm5dztzll0370esx2hwnuatx67mttze8mzwtwh4e8nea9atw9szlh6pzr220cwa63pn8gygdq8mlc86ag3pkc0x3vugsmf8v8wa05409lf2se53patm308pcaa6z4hlzdw9hf3w0ekrc9zhdxmw4x4ur9zpe2cmgrh3ar3fg5w94zphav2207a8wqqh03jrm4pkly2heskhk207v75yprkllapyckqllm6cf4hn0mlksu2u5njrzs6mzh5p3k2xrj66cdm0k2zcvzxukt7wf3uevfyel68yr4n22gnynexwywkh99wdsa9awdehx65gkmqltnlxm37p5hyma97lgsh84atgyepcjcjuzyzh4lllc9znwa6zjl9wvnlt8yp6ffv48t4zvl9582ezaj26s93lhy5hshajvdmlmlgzdvz99n8u26tw8k8cjr0h0hx4g5etpmr73452rtaw3mf6j0j2r25wwcvksaqta3swqrmsc9ulma77cmu2ewn8ed7atct8d8hkmfwkyce6l02mtpclznnnl0legtelqu5jx2qgusa0klut6fle3pn5k5hke6t3epymsewkuh6mhg0x2twn079hl2fa2677ys044qk524ugmep4ws588qfpf8twgrxmzwtl9dzjxnfkrjmn725cjytur6jl74mlkv0h3exjgy9c007d45z8jcme40ddvazarq2l8un3zxumk88ttze9utlqxy7z8vh5cc8f8wa0tcfl5am3rf9d9dcycnxfp9y3fwjevmlegg8d4tt4tq750ajgkhwm4ddtu7qgqsnrkqnq0jyc53
HOA,offer1qqr83wcuu2rykcmqvpsxygqq4ck4ve3uy2afng0u72pe82twt3gjvudad0k7ythen795kr2mujm2sxdxpm0yu8ddl4rkhl73mflmfasl4h75w6lllup4t7urp0mstehm8cnmc6mdxn0rvdejdfpway2ccm6srenn6urvdmgvand96gat25z4tajzajwugwt97v35ytv70wpw0mm77nnw7fwwr6le44twax8egrl084jqhtf2ged3g3r5luvjzvst3nd6au24hcxe3mr9ve600y2fs0mlt8rztwe38wtmtq07tmjmk8hqp59epw62wkzmxjm0fl0kt0c0ejk5jsxgah20wukdnhacd2m8zlrz7llrj666l6mnq0re0zqq3pfq9vh5kmr0nhslyuhlcdstnrwuc6nmmt68emdlem4ng0hm4yycvwhtd0xplnd30ntxjwuh2dyuh56thny3wkev2fu8t5t45fyuzuwt0xave6ft2xx632quwv3u3pr3wryv9cvqp3luazpqrx8qjpvnqqzfmv9754ceqhhm77l3cx7a88rvn0hzfw008eeragflcgj9dh82wmegktf470ljlu848x6uyfyhsv7ce2emtt9wrgakst3nnl5lp4tkvdcahxawmjd5djkstmeljs48jp3yr3y0h9n0knndpu369wa792jnmh4evhzuu6m7fmzpmw26s4wyllgk2z45fvq28jc5smhnyptssf0mpsrh0eufjl7gzgas0qmaha73hx8jmfvj24edfvm9na7rcqlev70jy9vtu28a0as953jff9qmr9d70enyzk43tehxvhjf0f39zjn2ne0xv0jcfqljjvddxg5n2vefeu52623a95j6xvxemryzcvfm8w6nf0fgclwvff9vyq3nttfzywempg3v4u3zm4f5xw7jptwy6juz4ta22f0atk2c6hpze3xrx55r3sp3m38atjzqz7ygk5lnf2q9g3n22y4fqj42qsyj29n8qq5jp53s6n2vhnf0ldl6q9ny80g96qmr8uczgvckn300064lc37v8whhggmhdxzyf789mm9mk8qxp8kn4t4uk72axv36dw07ll0egzcvcfx95pnpde4yjcj2vfy6yhjkw9ldalcrq92qs9g5yvd5p8kgtpc87lwrvt54km5zmdx6lfx8dp83q05cdwu5z0m026ldpfawz257y6rq7yyfjqrw9t8pxpv3yk9tpd8k4l9aknma6x34n0hkcl8u6rd2hf774n9wd443wnas89hm6uneu6j7hh2cptmdz3f59ruhwaq3eh5zyxszamunlw5gsmv83gk0ygdy3kthwn66hjh44vv2gs75auhnsuw7a92ta3whzm5c48umpuz3tkmdh2n6upj3qc4u05p6c63ck52xz73se7k99rl7nhqptncfra6sm0j9tusttl9hax8tzy3tdl73jvtq0l4avy6mmha7mvw4v2pep4gad3r6qum9pp3ddvxahmdpvzpnwt9l8qc7wkvjvmarjpje49yejf5n8x8mfjjhxcwjuhwamnd2yt9s04e0ndclq7tjd7670sgmn6k45xvsufvgw9z3f6hlluzhny7wdxuu6uumk8mdc30azuxxvuuh5mlrlwm5cvpvud7hjs996pzaym74lsrcff634aaj26hhwv7j6tv3nrn98wl4we5mk9ky9w7en03alppzwwkuqtsr34lgz8gvasgjuw9lll0dkxylghmkewdl9tkremdahhzv5a8k54nskweweeuhalu0utj7wgr9qs2czhr8lalczjtc6h6vhyw04dh8e74vznuelye3nrwm0alpw3dmj7mxx0x7mlsx4cz656huq6ep5wk5hxqdqeptw2rwm8vm0ns7tdamqm7nx4a6kxeyf0lu8f4m9vkaq6u52yu66e4dj0fvmkdtrwn8tt8zm95zd0h4gty2h5jqy7x43lj2l8nh0rrtr2dep4ldnwclxmhdhn0kclyt9qdtgdueauvamwdtl2khx9wdlarxa50uk8e8yckheycyqr0z6hf9r4jjz2
HOA,offer1qqr83wcuu2rykcmqvpsxygqq4ck4ve3uy2afng0u72pe82twt3gjvudad0k7ythen795kr2mujm2sxdxpm0yu8ddl4rkhl73mflmfasl4h75w6lllup4t7urp0mstehm8cnmc6mdxn0rvdejdfpway2ccm6srenn6urvdmgvand96gat25z4tajzajwugwt97v35ytv70wpw0mm77nnw7fwwr6le44twax8egrl084jqhtf2ged3g3r5luvjzvst0ewg6hvshsn5g7vd088y7tjlayvekpv5k0wghmh0x80fhcg74k40z99gg3ac4d29vd9a7malqh867nzde8sd3lt5c7f0mrdtvcduwfmka70m8fh90u9u8yu8q7y9qz9j7tey4mcqzdgcuhvwxdaglu2uhf74quw9s6l7t8lwmpmmrh5uxze4nuvals7a2efxdu97lnzc7tm5xz8h4m07j26lvh7rnx43l3g50pjset8m7eks2cxre9hpgy7t5crqwnqsqw8xgutsesqyslxgyq2gmf09p0729pu0lhvtplhfmenymd6z0jta77glxz0azyntrcjkk7f47m9fn8lhlq0hcmlnjtchhh09h03w3de7mw5hs2skh48c34tr7uqnu97ll62e3a00fqhhra9f20qrzg82glwtxad8x6renk246uw448h82jew9me4kuhk5rk544p2utl7svs9mgjcp5t9ptph0xgz8rqj7k8q8vlmenplvjyemq7phm0mur2v08k6ey4tjcjeht8mv8spljeulygzchu5lclnqtdr5jj2pkz2tulmxg9dtqhnwva0ys7mz2p9x48j7vcl9jjfl9yc26vefx5ej3neg454n6tfy5vcd3kxf95cnkw44xj7j33kucjj26gfrxjkjxg4jkz3jeter9n2n2v4ayzkvf49e92h2k56l6nv434xz9hzuydpg88qrrh2w6ny5q9uf3df0yj5q23rk55p2jp92kpggy5txwqpgyrfrp4w4e0xjl7n75qtkgw73t5pky033ysepd8277l4ta3tucwa0ws3kw6v5gnuwthkm4vxqvx0d82ltedu46v3r56ulllkljs9qesjvtvrxqmm2fp3ykcjg5f04vurlmllsyqz4pq232gs6gz0vskt30a7vxclgtfhc8k6v47jvw6zwzqlej6aegylxu44l6zn27y4guf5kpuggnqqxu270zvreqfy2kz6l0t7tmd8hm5dztzll0370esx2hwnuatx67mttze8mzwtwh4e8nea9atw9szlh6pzr220cwa63pn8gygdq8mlc86ag3pkc0x3vugsmf8v8wa05409lf2se53patm308pcaa6z4hlzdw9hf3w0ekrc9zhdxmw4x4ur9zpe2cmgrh3ar3fg5w94zphav2207a8wqqh03jrm4pkly2heskhk207v75yprkllapyckqllm6cf4hn0mlksu2u5njrzs6mzh5p3k2xrj66cdm0k2zcvzxukt7wf3uevfyel68yr4n22gnynexwywkh99wdsa9awdehx65gkmqltnlxm37p5hyma97lgsh84atgyepcjcjuzyzh4lllc95mu8kn3c64dt8ns2hl9dtv7aw7le8azddl26etax64y3489jd4hgnl47uzy4mvr3s06vhvjn9l6lpw54pvnyujj5fp8lml0fek8pgsj7qlkdaluqtsr34lgz8gvasgjuw9lll0dkxylghmkewdl9tkremdahhzv5a8k54nskweweeuhalu0utj7wgr9qs2czhr8lalurevzd68v3mfx6a9660lyfxu2208ertwhl65cmxeh88f8yltw07dh8yq42dt7qdvs6802t3qx3vs488p5utf0hx3npe7vlxkm7dkvvjxm8m8vz8tx8encx9tjwsh74aj504fhnyxnxwg7lj7mq5zeehk07d7hkltlx3f990n8hthqh30wfsum7j758gpnchn0798x5gw6ttmx0nulp36swhymln6ks838ze2m5d6psw7rn58avqcqnw3kgugqagqdy
HOA,offer1qqr83wcuu2rykcmqvps24k4q55wrj2l9nj3ycjwe7cnur5760kakhyjrmt0ch0gj3a4unrtnjful35hgl8lytemhv38tfkm5j9zkhamn34p08km7ut7fvywfgt94jfgcyqqwc3cyxyady0366glr4537v3ra5gtf0dql624rur7hwte7hpme4ymd6wwjfa7agl8z0az8nrzg5k7afeltrftxlmlstljk2645kevw057vtl9c2ehlamtttnlj4mkwet238khsc53np58ff8jc9aclf22ncqcjp6j8mjehtfeks7vaj4whr4dfae65kt3w7ddh9a4qa492s4wgshr73787aru0a68c8e5787lqqjlkpq00lncr9lusy4mquphm0manvv89kke54tj6jekt9m58s9ljeulygwc8c506laqy53jff9qmr9d70enyzk43tehxvhjf0f39zjn2ne0xv0jcfqljjvddxg5n2vea4w4v50ph4ukrlddc4nyzcvahxsajt3fu9kcuswp8x5mj0f7q5nyrg0fak73d929seskrthag9zenqfan2n0a94xc2zhjqtlaluqklyze2ma9gvddu8lllrq9m9ch8408d6lr4huuydnv56a7m4n0mmjw2mhfcav3ku8m87adeh6hfl0lhu5m0a8ls92f57e04vurlmllqy0k47g0v3wv8llljpcu4fhz8ngzq4m3pxyven2ckpk50h00a0l6fycjx7ce3wpmkm8lmkkx5z6wm3s8s6ptcxgf0m4th9tp78l6lj7mfa7arg6ehmmv0n7dpk4t5l02ejhx66chf7crjmaawfu7df0tm4vq4k73ryseg0p48g3ngw3rgnqrmgeng2pkc3sg2tmp6h0a4fe062sxayg0t7ctf6w8ww54dlcm23d6utn7vs6pc4mfhm4fs09nj39hpkkmxw36kver4vejapn4d6xa99dmp2n2g0cdccy8ckfuu2dv94yw9lxhlk34c0pkaffw2hhhzknne2u0s0nyhsqe7c9us7gd8zeddvxaavqrv7zrcd5h8lm9jl7k792d6plvk98kljqlkf0m6tl9xdlae75fc7vhru50k667qu9j84atunrkcdn98u3d6g6yvzjkyqe27hlllq5esxlmddv70sw3fw89dlpfntzlxu9c8tf2ucataevu7mpaacwelj7uhle0mr88u3jslngt6npmh0jjars2dwvhvt89mjuj25kyv5zm7l7d60d0kjnqj7q5dfxqpmlxllrlc8ulma77cmuzewn8e0742c08d8h76f2k56ej702mmpchrnhnldl3gtelqur4pcehjzr07tgvedh3e79lurdxyewxyw3fkxw29uln3x02cc2k2ykhh0tzam5jl7um349sg4hghx3p88ntll0lqhd9urk203fmmgju33v2fh4ltne6u2anyhlmy37nmhl7zm98dsnadv7rxg3sxq2qeprfsw55js6n40ec82lnsw4l8qat7wp6huur40ecyrechypxjtumancfaadphrdhekxcex5s0vjfvutasruaedvpwyas8wmk6lyx4qwts0lccz673z7exw98d3lyf2x9wd8lplxa3l00e0wym8340v769h7eruhphkrkeg24ch5fcfgtu9mp0d9dhxq9x5r3heskrwm36zpffuht3easeya0dcmxdxazr2ead7da6le2ttahlmlmlcxp3hxglp23culel8dzkn8g4fmmtlleepcdy83txhnd4ukq3xzmzftszm0nzptq3v4jalj7cauppl99u89mcuevl7kawmlgvuax9c030t777euetf7n4ke7dx5ku7e3d9uk4q98lkx4mcmg0ttnz94m6jn7jn34fmwakh868j5yhmem3nss83wtglljc8p3n9hnf64m2l936j0adkrlhmuu2myp65vutzuj05qu2k3y3c6fmdqq
HOA,offer1qqr83wcuu2rykcmqvpsxygqq4ck4ve3uy2afng0u72pe82twt3gjvudad0k7ythen795kr2mujm2sxdxpm0yu8ddl4rkhl73mflmfasl4h75w6lllup4t7urp0mstehm8cnmc6mdxn0rvdejdfpway2ccm6srenn6urvdmgvand96gat25z4tajzajwugwt97v35ytv70wpw0mm77nnw7fwwr6le44twax8egrl084jqhtf2ged3g3r5luvjzvstnpxy2gay7l2pfmmthvsmfwxm4d9aemcpea9fhazfpxv50vexchk97pj55g7utk4zkxj7ld7lstn40f4xv3cwcl46v0yla3j4kwx7xyam7l84n5ljh7z7rjwrqdzzspze0xsdh67j8glcd6at3na7060hnaknmdtkdm6auaanmjar40pwfj4aajwh25gw6f4pkv4jw58wkjacc2d02zz7yx4fhvf3dhp56mxr660y9dssumw9cp33j8ky5v9sv3shpjqxxln5cyqycuxg9svgpf8dqh66hryz7l0mm78qme55adjdw7fdcacl8x0aq8mpzg4kuafml8zedxhelutjg8fl4ssu0f7sl2pwzu8vk47v09t0fdfdc3w0d6af768hc3mc0n5wwu9auleg2heqcjpcjrmzmhmgeks72a2kwmz4tfa66ukmnwxvdlyanqak9dg6hz8l5093g6yhqprfw2gvmajs4cqyhasgrmlu7qe0lyp9wc8qd7m7lvmrped4kd92uk5kdjewapup0uk08ezrkp79r7hlcz6gey5jsf3zkl0aejptgc4amnxteyh5cj3ff4puhhx8evys0efxykn92f4xv55729d927j6ffrxrv43j9vkyankdf5h55vwhxy5jk2pge49532xves52k27g4d256tx0fq44zdfw924u4d9h64t8vd2s4vc3pmt2pcgqcacn74frqfwzqt60e54qz5ce49z2ssf24qfzf9zensq2fq2gcdg4xtekhlklaqzmjrk5zasd3n7vpyxvtpchhhd2luflxr8tmu9dmkrpzv7rjaasamrs8qnef6467tl8wnxgex88l0lhu53wxyynx6qesku6jfvf9xyjfztmt8zlj707pcz4qgz52zxx6qreyd3url04pk962macp9hnd0ynr73ncs8cvxhw2phah4v0js57hf92tzars8zzyeqrhz5nsnskgjtz3sknm2lj7mel74zg7ehemv0n7d3k4r4l02fjhwm6chfucrnmeawtukvf0tmhvg5aj3ck6zs7th7sg5669zngpxu7dlhgygdk8c5f869xjgt9mlgaftet66hx9yg02xltacw90xn497ghted6g2n7dclpg4tdkm5fawsmgsv2682zavvgut68rpwgcvlfz63lmfmjqacuq37lgdkex47g9a7jm7np4erg3k0lge89580c77rdfat7ldh8wk9qus652kgnagwdjsqck7kr2mdks7pqeh4sln3vt8txfxd73esevjjjvey6fnnre5ettmv8fwt4w4ek4z4jc8munex70cw9exld00cyfedt26rxvw55y8r3g5dflllpwlx0jzcaf5dw9mjycr067aakhdc6dttrlfn83acxddlw07czhmt3583l7pvt0m8f7vx2krkl0qzu3adwrma250m3mdmakwptjwzacghw9rwqa93y0vxtgx397cg8qfacgz70a7l0vd78vlgncklw4u9nknmmduhtzvua0h5d3su03feelhl75dulsw2fr9qy2gwhm8l9uuv2xsm6dkjzu38ynaqa0780wh8x6e203d4uurvzhcr59psuy7a8qj8gp2cmh6q2epcwwshzzdxc3wwkzwahljfecuuuh547w5y6st0t4swehksydf978xkmhu3sutu20sad02np3a3v3d65h8p8kq57ap5tt0p7ssndpehzan90h0e4taj868xtm8um8ftjnavcmm9tnurjua209v2klarc2r9l6mz8p05swf7n7kkl9lsmzzpxq9ym9wngjcpen5
HOA,offer1qqr83wcuu2rykcmqvpsxygqq4ck4ve3uy2afng0u72pe82twt3gjvudad0k7ythen795kr2mujm2sxdxpm0yu8ddl4rkhl73mflmfasl4h75w6lllup4t7urp0mstehm8cnmc6mdxn0rvdejdfpway2ccm6srenn6urvdmgvand96gat25z4tajzajwugwt97v35ytv70wpw0mm77nnw7fwwr6le44twax8egrl084jqhtf2ged3g3r5luvjzvstj28ruyzaur704fad7e94dlg92ancs07nvmena2xa8a659rl5377sumzqyhd98tpdrfdl5lhm94u8uet2fgrv0m488wtwcm6uxhdns04300lecdfdlad3383u83qggs5sjhexhh2y4d3uxxvu7cay69yf0p0hvu66af2wwrlne6yd7unlvueaxck75hwmk44elrcukhkm0ca4fw65a9yftjle8u0agf6ueqtx8dz60ek9j0a5z5pc7etczz8juxqct5cqprhe6yzsxvxpyxekqqyjkctaftejpt08lalzsda6wwwexmw5jukl0hj8csnls3y6ewx4ahjpwkm2uml47yprkqnx954k05l47xmm79k9l3h4unuk5zldmaxxhu3kfuys7hlulkn00qhhra9f20qrzg82glwtxad8x6renk246uw448h82jew9me4kuhk5rk544p2utl7svs9mgjcp5t9ptph0xgz8rqj7k8q8vlmenplvjyemq7phm0mur2v08k6ey4tjcjeht8mv8spljeulygzchu5lclnqtdr5jj2pkz2tulmxg9dtqhnwva0ys7mz2p9x48j7vcl9jjfl9yc26vefx5ej3neg454n6tfy5vcd3kxf95cnkw44xj7j33kucjj26gfrxjkjxg4jkz3jeter9n2n2v4ayzkvf49e92h2k56l6nv434xz9hzuydpg88qrrh2w6ny5q9uf3df0yj5q23rk55p2jp92kpggy5txwqpgyrfrp4w4e0xjl7n75qtkgw73t5pky033ysepd8277l4ta3tucwa0ws3kw6v5gnuwthkm4vxqvx0d82ltedu46v3r56ulllkljs9qesjvtvrxqmm2fp3ykcjg5f04vurlmllsyqz4pq232gs6gz0vskt30a7vxclgtfhc8k6v47jvw6zwzqlej6aegylxu44l6zn27y4guf5kpuggnqqxu270jvqeqfy2kz6l0t7tmd8hm5dztzll0370esx2hwnuatx67mttze8mzwtwh4e8nea9atw9szlh6pzr220cwa63pn8gygdq8mlc86ag3pkc0x3vugsmf8v8wa05409lf2se53patm308pcaa6z4hlzdw9hf3w0ekrc9zhdxmw4x4ur9zpe2cmgrh3ar3fg5w94zphav2207a8wqqh03jrm4pkly2heskhk207v75yprkllapyckqllm6cf4hn0mlksu2u5njrzs6mzh5p3k2xrj66cdm0k2zcvzxukt7wf3uevfyel68yr4n22gnynexwywkh99wdsa9awdehx65gkmqltnlxm37p5hyma97lgsh84atgyepcjcjuzyzh4lllc9znwa6zjl9wvnlt8yp6ffv48t4zvl9582ezaj26s93lhy5hshajvdmlmlgzdvz99n8u26tw8k8cjr0h0hx4g5etpmr73452rtaw3mf6j0j2r25wwcvksaqta3swqrmsc9ulma77cmu2ewn8ed7atct8d8hkmfwkyce6l02mtpclznnnl0legtelqu5jx2qgusa0klut6fle3pn5k5hke6t3epymsewkuh6mhg0x2twn079hl2fa2677ys044qk524ugmep4ws588qfpf8twgrxmzwtl9dzjxnfkrjmn725cjytur6jl74mlkv0h3exjgy9c007d45z8jcme40ddvazarq2l8un3zxumk88ttze9utlqxy7z8vh5cc8f8wa0tcfl5am3rf9d9dcycnxfp9y3fwjevmlegg8d4tt4tq750ajgkhwm4ddtu7qgqsnrkqnq0jyc54
HOA,offer1qqr83wcuu2rykcmqvpsxygqq4ck4ve3uy2afng0u72pe82twt3gjvudad0k7ythen795kr2mujm2sxdxpm0yu8ddl4rkhl73mflmfasl4h75w6lllup4t7urp0mstehm8cnmc6mdxn0rvdejdfpway2ccm6srenn6urvdmgvand96gat25z4tajzajwugwt97v35ytv70wpw0mm77nnw7fwwr6le44twax8egrl084jqhtf2ged3g3r5luvjzvst3nd6au24hcxe3mr9ve600y2fs0mlt8rztwe38wtmtq07tmjmk8hqp59epw62wkzmxjm0fl0kt0c0ejk5jsxgah20wukdnhacd2m8zlrz7llrj666l6mnq0re0zqq3pfq9vh5kmr0nhslyuhlcdstnrwuc6nmmt68emdlem4ng0hm4yycvwhtd0xplnd30ntxjwuh2dyuh56thny3wkev2fu8t5t45fyuzuwt0xave6ft2xx632quwv3u3pr3wryv9cvqp3luazpqrx8qjpvnqqzfmv9754ceqhhm77l3cx7a88rvn0hzfw008eeragflcgj9dh82wmegktf470ljlu848x6uyfyhsv7ce2emtt9wrgakst3nnl5lp4tkvdcahxawmjd5djkstmeljs48jp3yr3y0h9n0knndpu369wa792jnmh4evhzuu6m7fmzpmw26s4wyllgk2z45fvq28jc5smhnyptssf0mpsrh0eufjl7gzgas0qmaha73hx8jmfvj24edfvm9na7rcqlev70jy9vtu28a0as953jff9qmr9d70enyzk43tehxvhjf0f39zjn2ne0xv0jcfqljjvddxg5n2vefeu52623a95j6xvxemryzcvfm8w6nf0fgclwvff9vyq3nttfzywempg3v4u3zm4f5xw7jptwy6juz4ta22f0atk2c6hpze3xrx55r3sp3m38atjzqz7ygk5lnf2q9g3n22y4fqj42qsyj29n8qq5jp53s6n2vhnf0ldl6q9ny80g96qmr8uczgvckn300064lc37v8whhggmhdxzyf789mm9mk8qxp8kn4t4uk72axv36dw07ll0egzcvcfx95pnpde4yjcj2vfy6yhjkw9ldalcrq92qs9g5yvd5p8kgtpc87lwrvt54km5zmdx6lfx8dp83q05cdwu5z0m026ldpfawz257y6rq7yyfjqrw9t8pxpv3yk9tpd8k4l9aknma6x34n0hkcl8u6rd2hf774n9wd443wnas89hm6uneu6j7hh2cptmdz3f59ruhwaq3eh5zyxszamunlw5gsmv83gk0ygdy3kthwn66hjh44vv2gs75auhnsuw7a92ta3whzm5c48umpuz3tkmdh2n6upj3qc4u05p6c63ck52xz73se7k99rl7nhqptncfra6sm0j9tusttl9hax8tzy3tdl73jvtq0l4avy6mmha7mvw4v2pep4gad3r6qum9pp3ddvxahmdpvzpnwt9l8qc7wkvjvmarjpje49yejf5n8x8mfjjhxcwjuhwamnd2yt9s04e0ndclq7tjd7670sgmn6k45xvsufvgw9z3f6hlluzhny7wdxuu6uumk8mdc30azuxxvuuh5mlrlwm5cvpvud7hjs996pzaym74lsrcff634aaj26hhwv7j6tv3nrn98wl4we5mk9ky9w7en03alppzwwkuqtsr34lgz8gvasgjuw9lll0dkxylghmkewdl9tkremdahhzv5a8k54nskweweeuhalu0utj7wgr9qs2czhr8lalczjtc6h6vhyw04dh8e74vznuelye3nrwm0alpw3dmj7mxx0x7mlsx4cz656huq6ep5wk5hxqdqeptw2rwm8vm0ns7tdamqm7nx4a6kxeyf0lu8f4m9vkaq6u52yu66e4dj0fvmkdtrwn8tt8zm95zd0h4gty2h5jqy7x43lj2l8nh0rrtr2dep4ldnwclxmhdhn0kclyt9qdtgdueauvamwdtl2khx9wdlarxa50uk8e8yckheycyqr0z6hf9r4jjz3
HOA,offer1qqr83wcuu2rykcmqvpsxygqq4ck4ve3uy2afng0u72pe82twt3gjvudad0k7ythen795kr2mujm2sxdxpm0yu8ddl4rkhl73mflmfasl4h75w6lllup4t7urp0mstehm8cnmc6mdxn0rvdejdfpway2ccm6srenn6urvdmgvand96gat25z4tajzajwugwt97v35ytv70wpw0mm77nnw7fwwr6le44twax8egrl084jqhtf2ged3g3r5luvjzvst0ewg6hvshsn5g7vd088y7tjlayvekpv5k0wghmh0x80fhcg74k40z99gg3ac4d29vd9a7malqh867nzde8sd3lt5c7f0mrdtvcduwfmka70m8fh90u9u8yu8q7y9qz9j7tey4mcqzdgcuhvwxdaglu2uhf74quw9s6l7t8lwmpmmrh5uxze4nuvals7a2efxdu97lnzc7tm5xz8h4m07j26lvh7rnx43l3g50pjset8m7eks2cxre9hpgy7t5crqwnqsqw8xgutsesqyslxgyq2gmf09p0729pu0lhvtplhfmenymd6z0jta77glxz0azyntrcjkk7f47m9fn8lhlq0hcmlnjtchhh09h03w3de7mw5hs2skh48c34tr7uqnu97ll62e3a00fqhhra9f20qrzg82glwtxad8x6renk246uw448h82jew9me4kuhk5rk544p2utl7svs9mgjcp5t9ptph0xgz8rqj7k8q8vlmenplvjyemq7phm0mur2v08k6ey4tjcjeht8mv8spljeulygzchu5lclnqtdr5jj2pkz2tulmxg9dtqhnwva0ys7mz2p9x48j7vcl9jjfl9yc26vefx5ej3neg454n6tfy5vcd3kxf95cnkw44xj7j33kucjj26gfrxjkjxg4jkz3jeter9n2n2v4ayzkvf49e92h2k56l6nv434xz9hzuydpg88qrrh2w6ny5q9uf3df0yj5q23rk55p2jp92kpggy5txwqpgyrfrp4w4e0xjl7n75qtkgw73t5pky033ysepd8277l4ta3tucwa0ws3kw6v5gnuwthkm4vxqvx0d82ltedu46v3r56ulllkljs9qesjvtvrxqmm2fp3ykcjg5f04vurlmllsyqz4pq232gs6gz0vskt30a7vxclgtfhc8k6v47jvw6zwzqlej6aegylxu44l6zn27y4guf5kpuggnqqxu270zvreqfy2kz6l0t7tmd8hm5dztzll0370esx2hwnuatx67mttze8mzwtwh4e8nea9atw9szlh6pzr220cwa63pn8gygdq8mlc86ag3pkc0x3vugsmf8v8wa05409lf2se53patm308pcaa6z4hlzdw9hf3w0ekrc9zhdxmw4x4ur9zpe2cmgrh3ar3fg5w94zphav2207a8wqqh03jrm4pkly2heskhk207v75yprkllapyckqllm6cf4hn0mlksu2u5njrzs6mzh5p3k2xrj66cdm0k2zcvzxukt7wf3uevfyel68yr4n22gnynexwywkh99wdsa9awdehx65gkmqltnlxm37p5hyma97lgsh84atgyepcjcjuzyzh4lllc95mu8kn3c64dt8ns2hl9dtv7aw7le8azddl26etax64y3489jd4hgnl47uzy4mvr3s06vhvjn9l6lpw54pvnyujj5fp8lml0fek8pgsj7qlkdaluqtsr34lgz8gvasgjuw9lll0dkxylghmkewdl9tkremdahhzv5a8k54nskweweeuhalu0utj7wgr9qs2czhr8lalurevzd68v3mfx6a9660lyfxu2208ertwhl65cmxeh88f8yltw07dh8yq42dt7qdvs6802t3qx3vs488p5utf0hx3npe7vlxkm7dkvvjxm8m8vz8tx8encx9tjwsh74aj504fhnyxnxwg7lj7mq5zeehk07d7hkltlx3f990n8hthqh30wfsum7j758gpnchn0798x5gw6ttmx0nulp36swhymln6ks838ze2m5d6psw7rn58avqcqnw3kgugqagqdy
HOA,offer1qqr83wcuu2rykcmqvps24k4q55wrj2l9nj3ycjwe7cnur5760kakhyjrmt0ch0gj3a4unrtnjful35hgl8lytemhv38tfkm5j9zkhamn34p08km7ut7fvywfgt94jfgcyqqwc3cyxyady0366glr4537v3ra5gtf0dql624rur7hwte7hpme4ymd6wwjfa7agl8z0az8nrzg5k7afeltrftxlmlstljk2645kevw057vtl9c2ehlamtttnlj4mkwet238khsc53np58ff8jc9aclf22ncqcjp6j8mjehtfeks7vaj4whr4dfae65kt3w7ddh9a4qa492s4wgshr73787aru0a68c8e5787lqqjlkpq00lncr9lusy4mquphm0manvv89kke54tj6jekt9m58s9ljeulygwc8c506laqy53jff9qmr9d70enyzk43tehxvhjf0f39zjn2ne0xv0jcfqljjvddxg5n2vea4w4v50ph4ukrlddc4nyzcvahxsajt3fu9kcuswp8x5mj0f7q5nyrg0fak73d929seskrthag9zenqfan2n0a94xc2zhjqtlaluqklyze2ma9gvddu8lllrq9m9ch8408d6lr4huuydnv56a7m4n0mmjw2mhfcav3ku8m87adeh6hfl0lhu5m0a8ls92f57e04vurlmllqy0k47g0v3wv8llljpcu4fhz8ngzq4m3pxyven2ckpk50h00a0l6fycjx7ce3wpmkm8lmkkx5z6wm3s8s6ptcxgf0m4th9tp78l6lj7mfa7arg6ehmmv0n7dpk4t5l02ejhx66chf7crjmaawfu7df0tm4vq4k73ryseg0p48g3ngw3rgnqrmgeng2pkc3sg2tmp6h0a4fe062sxayg0t7ctf6w8ww54dlcm23d6utn7vs6pc4mfhm4fs09nj39hpkkmxw36kver4vejapn4d6xa99dmp2n2g0cdccy8ckfuu2dv94yw9lxhlk34c0pkaffw2hhhzknne2u0s0nyhsqe7c9us7gd8zeddvxaavqrv7zrcd5h8lm9jl7k792d6plvk98kljqlkf0m6tl9xdlae75fc7vhru50k667qu9j84atunrkcdn98u3d6g6yvzjkyqe27hlllq5esxlmddv70sw3fw89dlpfntzlxu9c8tf2ucataevu7mpaacwelj7uhle0mr88u3jslngt6npmh0jjars2dwvhvt89mjuj25kyv5zm7l7d60d0kjnqj7q5dfxqpmlxllrlc8ulma77cmuzewn8e0742c08d8h76f2k56ej702mmpchrnhnldl3gtelqur4pcehjzr07tgvedh3e79lurdxyewxyw3fkxw29uln3x02cc2k2ykhh0tzam5jl7um349sg4hghx3p88ntll0lqhd9urk203fmmgju33v2fh4ltne6u2anyhlmy37nmhl7zm98dsnadv7rxg3sxq2qeprfsw55js6n40ec82lnsw4l8qat7wp6huur40ecyrechypxjtumancfaadphrdhekxcex5s0vjfvutasruaedvpwyas8wmk6lyx4qwts0lccz673z7exw98d3lyf2x9wd8lplxa3l00e0wym8340v769h7eruhphkrkeg24ch5fcfgtu9mp0d9dhxq9x5r3heskrwm36zpffuht3easeya0dcmxdxazr2ead7da6le2ttahlmlmlcxp3hxglp23culel8dzkn8g4fmmtlleepcdy83txhnd4ukq3xzmzftszm0nzptq3v4jalj7cauppl99u89mcuevl7kawmlgvuax9c030t777euetf7n4ke7dx5ku7e3d9uk4q98lkx4mcmg0ttnz94m6jn7jn34fmwakh868j5yhmem3nss83wtglljc8p3n9hnf64m2l936j0adkrlhmuu2myp65vutzuj05qu2k3y3c6fmdqq
HOA,offer1qqr83wcuu2rykcmqvpsxygqq4ck4ve3uy2afng0u72pe82twt3gjvudad0k7ythen795kr2mujm2sxdxpm0yu8ddl4rkhl73mflmfasl4h75w6lllup4t7urp0mstehm8cnmc6mdxn0rvdejdfpway2ccm6srenn6urvdmgvand96gat25z4tajzajwugwt97v35ytv70wpw0mm77nnw7fwwr6le44twax8egrl084jqhtf2ged3g3r5luvjzvstnpxy2gay7l2pfmmthvsmfwxm4d9aemcpea9fhazfpxv50vexchk97pj55g7utk4zkxj7ld7lstn40f4xv3cwcl46v0yla3j4kwx7xyam7l84n5ljh7z7rjwrqdzzspze0xsdh67j8glcd6at3na7060hnaknmdtkdm6auaanmjar40pwfj4aajwh25gw6f4pkv4jw58wkjacc2d02zz7yx4fhvf3dhp56mxr660y9dssumw9cp33j8ky5v9sv3shpjqxxln5cyqycuxg9svgpf8dqh66hryz7l0mm78qme55adjdw7fdcacl8x0aq8mpzg4kuafml8zedxhelutjg8fl4ssu0f7sl2pwzu8vk47v09t0fdfdc3w0d6af768hc3mc0n5wwu9auleg2heqcjpcjrmzmhmgeks72a2kwmz4tfa66ukmnwxvdlyanqak9dg6hz8l5093g6yhqprfw2gvmajs4cqyhasgrmlu7qe0lyp9wc8qd7m7lvmrped4kd92uk5kdjewapup0uk08ezrkp79r7hlcz6gey5jsf3zkl0aejptgc4amnxteyh5cj3ff4puhhx8evys0efxykn92f4xv55729d927j6ffrxrv43j9vkyankdf5h55vwhxy5jk2pge49532xves52k27g4d256tx0fq44zdfw924u4d9h64t8vd2s4vc3pmt2pcgqcacn74frqfwzqt60e54qz5ce49z2ssf24qfzf9zensq2fq2gcdg4xtekhlklaqzmjrk5zasd3n7vpyxvtpchhhd2luflxr8tmu9dmkrpzv7rjaasamrs8qnef6467tl8wnxgex88l0lhu53wxyynx6qesku6jfvf9xyjfztmt8zlj707pcz4qgz52zxx6qreyd3url04pk962macp9hnd0ynr73ncs8cvxhw2phah4v0js57hf92tzars8zzyeqrhz5nsnskgjtz3sknm2lj7mel74zg7ehemv0n7d3k4r4l02fjhwm6chfucrnmeawtukvf0tmhvg5aj3ck6zs7th7sg5669zngpxu7dlhgygdk8c5f869xjgt9mlgaftet66hx9yg02xltacw90xn497ghted6g2n7dclpg4tdkm5fawsmgsv2682zavvgut68rpwgcvlfz63lmfmjqacuq37lgdkex47g9a7jm7np4erg3k0lge89580c77rdfat7ldh8wk9qus652kgnagwdjsqck7kr2mdks7pqeh4sln3vt8txfxd73esevjjjvey6fnnre5ettmv8fwt4w4ek4z4jc8munex70cw9exld00cyfedt26rxvw55y8r3g5dflllpwlx0jzcaf5dw9mjycr067aakhdc6dttrlfn83acxddlw07czhmt3583l7pvt0m8f7vx2krkl0qzu3adwrma250m3mdmakwptjwzacghw9rwqa93y0vxtgx397cg8qfacgz70a7l0vd78vlgncklw4u9nknmmduhtzvua0h5d3su03feelhl75dulsw2fr9qy2gwhm8l9uuv2xsm6dkjzu38ynaqa0780wh8x6e203d4uurvzhcr59psuy7a8qj8gp2cmh6q2epcwwshzzdxc3wwkzwahljfecuuuh547w5y6st0t4swehksydf978xkmhu3sutu20sad02np3a3v3d65h8p8kq57ap5tt0p7ssndpehzan90h0e4taj868xtm8um8ftjnavcmm9tnurjua209v2klarc2r9l6mz8p05swf7n7kkl9lsmzzpxq9ym9wngjcpen6
HOA,offer1qqr83wcuu2rykcmqvpsxygqq4ck4ve3uy2afng0u72pe82twt3gjvudad0k7ythen795kr2mujm2sxdxpm0yu8ddl4rkhl73mflmfasl4h75w6lllup4t7urp0mstehm8cnmc6mdxn0rvdejdfpway2ccm6srenn6urvdmgvand96gat25z4tajzajwugwt97v35ytv70wpw0mm77nnw7fwwr6le44twax8egrl084jqhtf2ged3g3r5luvjzvstj28ruyzaur704fad7e94dlg92ancs07nvmena2xa8a659rl5377sumzqyhd98tpdrfdl5lhm94u8uet2fgrv0m488wtwcm6uxhdns04300lecdfdlad3383u83qggs5sjhexhh2y4d3uxxvu7cay69yf0p0hvu66af2wwrlne6yd7unlvueaxck75hwmk44elrcukhkm0ca4fw65a9yftjle8u0agf6ueqtx8dz60ek9j0a5z5pc7etczz8juxqct5cqprhe6yzsxvxpyxekqqyjkctaftejpt08lalzsda6wwwexmw5jukl0hj8csnls3y6ewx4ahjpwkm2uml47yprkqnx954k05l47xmm79k9l3h4unuk5zldmaxxhu3kfuys7hlulkn00qhhra9f20qrzg82glwtxad8x6renk246uw448h82jew9me4kuhk5rk544p2utl7svs9mgjcp5t9ptph0xgz8rqj7k8q8vlmenplvjyemq7phm0mur2v08k6ey4tjcjeht8mv8spljeulygzchu5lclnqtdr5jj2pkz2tulmxg9dtqhnwva0ys7mz2p9x48j7vcl9jjfl9yc26vefx5ej3neg454n6tfy5vcd3kxf95cnkw44xj7j33kucjj26gfrxjkjxg4jkz3jeter9n2n2v4ayzkvf49e92h2k56l6nv434xz9hzuydpg88qrrh2w6ny5q9uf3df0yj5q23rk55p2jp92kpggy5txwqpgyrfrp4w4e0xjl7n75qtkgw73t5pky033ysepd8277l4ta3tucwa0ws3kw6v5gnuwthkm4vxqvx0d82ltedu46v3r56ulllkljs9qesjvtvrxqmm2fp3ykcjg5f04vurlmllsyqz4pq232gs6gz0vskt30a7vxclgtfhc8k6v47jvw6zwzqlej6aegylxu44l6zn27y4guf5kpuggnqqxu270jvqeqfy2kz6l0t7tmd8hm5dztzll0370esx2hwnuatx67mttze8mzwtwh4e8nea9atw9szlh6pzr220cwa63pn8gygdq8mlc86ag3pkc0x3vugsmf8v8wa05409lf2se53patm308pcaa6z4hlzdw9hf3w0ekrc9zhdxmw4x4ur9zpe2cmgrh3ar3fg5w94zphav2207a8wqqh03jrm4pkly2heskhk207v75yprkllapyckqllm6cf4hn0mlksu2u5njrzs6mzh5p3k2xrj66cdm0k2zcvzxukt7wf3uevfyel68yr4n22gnynexwywkh99wdsa9awdehx65gkmqltnlxm37p5hyma97lgsh84atgyepcjcjuzyzh4lllc9znwa6zjl9wvnlt8yp6ffv48t4zvl9582ezaj26s93lhy5hshajvdmlmlgzdvz99n8u26tw8k8cjr0h0hx4g5etpmr73452rtaw3mf6j0j2r25wwcvksaqta3swqrmsc9ulma77cmu2ewn8ed7atct8d8hkmfwkyce6l02mtpclznnnl0legtelqu5jx2qgusa0klut6fle3pn5k5hke6t3epymsewkuh6mhg0x2twn079hl2fa2677ys044qk524ugmep4ws588qfpf8twgrxmzwtl9dzjxnfkrjmn725cjytur6jl74mlkv0h3exjgy9c007d45z8jcme40ddvazarq2l8un3zxumk88ttze9utlqxy7z8vh5cc8f8wa0tcfl5am3rf9d9dcycnxfp9y3fwjevmlegg8d4tt4tq750ajgkhwm4ddtu7qgqsnrkqnq0jyc55
HOA,offer1qqr83wcuu2rykcmqvpsxygqq4ck4ve3uy2afng0u72pe82twt3gjvudad0k7ythen795kr2mujm2sxdxpm0yu8ddl4rkhl73mflmfasl4h75w6lllup4t7urp0mstehm8cnmc6mdxn0rvdejdfpway2ccm6srenn6urvdmgvand96gat25z4tajzajwugwt97v35ytv70wpw0mm77nnw7fwwr6le44twax8egrl084jqhtf2ged3g3r5luvjzvst3nd6au24hcxe3mr9ve600y2fs0mlt8rztwe38wtmtq07tmjmk8hqp59epw62wkzmxjm0fl0kt0c0ejk5jsxgah20wukdnhacd2m8zlrz7llrj666l6mnq0re0zqq3pfq9vh5kmr0nhslyuhlcdstnrwuc6nmmt68emdlem4ng0hm4yycvwhtd0xplnd30ntxjwuh2dyuh56thny3wkev2fu8t5t45fyuzuwt0xave6ft2xx632quwv3u3pr3wryv9cvqp3luazpqrx8qjpvnqqzfmv9754ceqhhm77l3cx7a88rvn0hzfw008eeragflcgj9dh82wmegktf470ljlu848x6uyfyhsv7ce2emtt9wrgakst3nnl5lp4tkvdcahxawmjd5djkstmeljs48jp3yr3y0h9n0knndpu369wa792jnmh4evhzuu6m7fmzpmw26s4wyllgk2z45fvq28jc5smhnyptssf0mpsrh0eufjl7gzgas0qmaha73hx8jmfvj24edfvm9na7rcqlev70jy9vtu28a0as953jff9qmr9d70enyzk43tehxvhjf0f39zjn2ne0xv0jcfqljjvddxg5n2vefeu52623a95j6xvxemryzcvfm8w6nf0fgclwvff9vyq3nttfzywempg3v4u3zm4f5xw7jptwy6juz4ta22f0atk2c6hpze3xrx55r3sp3m38atjzqz7ygk5lnf2q9g3n22y4fqj42qsyj29n8qq5jp53s6n2vhnf0ldl6q9ny80g96qmr8uczgvckn300064lc37v8whhggmhdxzyf789mm9mk8qxp8kn4t4uk72axv36dw07ll0egzcvcfx95pnpde4yjcj2vfy6yhjkw9ldalcrq92qs9g5yvd5p8kgtpc87lwrvt54km5zmdx6lfx8dp83q05cdwu5z0m026ldpfawz257y6rq7yyfjqrw9t8pxpv3yk9tpd8k4l9aknma6x34n0hkcl8u6rd2hf774n9wd443wnas89hm6uneu6j7hh2cptmdz3f59ruhwaq3eh5zyxszamunlw5gsmv83gk0ygdy3kthwn66hjh44vv2gs75auhnsuw7a92ta3whzm5c48umpuz3tkmdh2n6upj3qc4u05p6c63ck52xz73se7k99rl7nhqptncfra6sm0j9tusttl9hax8tzy3tdl73jvtq0l4avy6mmha7mvw4v2pep4gad3r6qum9pp3ddvxahmdpvzpnwt9l8qc7wkvjvmarjpje49yejf5n8x8mfjjhxcwjuhwamnd2yt9s04e0ndclq7tjd7670sgmn6k45xvsufvgw9z3f6hlluzhny7wdxuu6uumk8mdc30azuxxvuuh5mlrlwm5cvpvud7hjs996pzaym74lsrcff634aaj26hhwv7j6tv3nrn98wl4we5mk9ky9w7en03alppzwwkuqtsr34lgz8gvasgjuw9lll0dkxylghmkewdl9tkremdahhzv5a8k54nskweweeuhalu0utj7wgr9qs2czhr8lalczjtc6h6vhyw04dh8e74vznuelye3nrwm0alpw3dmj7mxx0x7mlsx4cz656huq6ep5wk5hxqdqeptw2rwm8vm0ns7tdamqm7nx4a6kxeyf0lu8f4m9vkaq6u52yu66e4dj0fvmkdtrwn8tt8zm95zd0h4gty2h5jqy7x43lj2l8nh0rrtr2dep4ldnwclxmhdhn0kclyt9qdtgdueauvamwdtl2khx9wdlarxa50uk8e8yckheycyqr0z6hf9r4jjz4
HOA,offer1qqr83wcuu2rykcmqvpsxygqq4ck4ve3uy2afng0u72pe82twt3gjvudad0k7ythen795kr2mujm2sxdxpm0yu8ddl4rkhl73mflmfasl4h75w6lllup4t7urp0mstehm8cnmc6mdxn0rvdejdfpway2ccm6srenn6urvdmgvand96gat25z4tajzajwugwt97v35ytv70wpw0mm77nnw7fwwr6le44twax8egrl084jqhtf2ged3g3r5luvjzvst0ewg6hvshsn5g7vd088y7tjlayvekpv5k0wghmh0x80fhcg74k40z99gg3ac4d29vd9a7malqh867nzde8sd3lt5c7f0mrdtvcduwfmka70m8fh90u9u8yu8q7y9qz9j7tey4mcqzdgcuhvwxdaglu2uhf74quw9s6l7t8lwmpmmrh5uxze4nuvals7a2efxdu97lnzc7tm5xz8h4m07j26lvh7rnx43l3g50pjset8m7eks2cxre9hpgy7t5crqwnqsqw8xgutsesqyslxgyq2gmf09p0729pu0lhvtplhfmenymd6z0jta77glxz0azyntrcjkk7f47m9fn8lhlq0hcmlnjtchhh09h03w3de7mw5hs2skh48c34tr7uqnu97ll62e3a00fqhhra9f20qrzg82glwtxad8x6renk246uw448h82jew9me4kuhk5rk544p2utl7svs9mgjcp5t9ptph0xgz8rqj7k8q8vlmenplvjyemq7phm0mur2v08k6ey4tjcjeht8mv8spljeulygzchu5lclnqtdr5jj2pkz2tulmxg9dtqhnwva0ys7mz2p9x48j7vcl9jjfl9yc26vefx5ej3neg454n6tfy5vcd3kxf95cnkw44xj7j33kucjj26gfrxjkjxg4jkz3jeter9n2n2v4ayzkvf49e92h2k56l6nv434xz9hzuydpg88qrrh2w6ny5q9uf3df0yj5q23rk55p2jp92kpggy5txwqpgyrfrp4w4e0xjl7n75qtkgw73t5pky033ysepd8277l4ta3tucwa0ws3kw6v5gnuwthkm4vxqvx0d82ltedu46v3r56ulllkljs9qesjvtvrxqmm2fp3ykcjg5f04vurlmllsyqz4pq232gs6gz0vskt30a7vxclgtfhc8k6v47jvw6zwzqlej6aegylxu44l6zn27y4guf5kpuggnqqxu270zvreqfy2kz6l0t7tmd8hm5dztzll0370esx2hwnuatx67mttze8mzwtwh4e8nea9atw9szlh6pzr220cwa63pn8gygdq8mlc86ag3pkc0x3vugsmf8v8wa05409lf2se53patm308pcaa6z4hlzdw9hf3w0ekrc9zhdxmw4x4ur9zpe2cmgrh3ar3fg5w94zphav2207a8wqqh03jrm4pkly2heskhk207v75yprkllapyckqllm6cf4hn0mlksu2u5njrzs6mzh5p3k2xrj66cdm0k2zcvzxukt7wf3uevfyel68yr4n22gnynexwywkh99wdsa9awdehx65gkmqltnlxm37p5hyma97lgsh84atgyepcjcjuzyzh4lllc95mu8kn3c64dt8ns2hl9dtv7aw7le8azddl26etax64y3489jd4hgnl47uzy4mvr3s06vhvjn9l6lpw54pvnyujj5fp8lml0fek8pgsj7qlkdaluqtsr34lgz8gvasgjuw9lll0dkxylghmkewdl9tkremdahhzv5a8k54nskweweeuhalu0utj7wgr9qs2czhr8lalurevzd68v3mfx6a9660lyfxu2208ertwhl65cmxeh88f8yltw07dh8yq42dt7qdvs6802t3qx3vs488p5utf0hx3npe7vlxkm7dkvvjxm8m8vz8tx8encx9tjwsh74aj504fhnyxnxwg7lj7mq5zeehk07d7hkltlx3f990n8hthqh30wfsum7j758gpnchn0798x5gw6ttmx0nulp36swhymln6ks838ze2m5d6psw7rn58avqcqnw3kgugqagqdy
HOA,offer1qqr83wcuu2rykcmqvps24k4q55wrj2l9nj3ycjwe7cnur5760kakhyjrmt0ch0gj3a4unrtnjful35hgl8lytemhv38tfkm5j9zkhamn34p08km7ut7fvywfgt94jfgcyqqwc3cyxyady0366glr4537v3ra5gtf0dql624rur7hwte7hpme4ymd6wwjfa7agl8z0az8nrzg5k7afeltrftxlmlstljk2645kevw057vtl9c2ehlamtttnlj4mkwet238khsc53np58ff8jc9aclf22ncqcjp6j8mjehtfeks7vaj4whr4dfae65kt3w7ddh9a4qa492s4wgshr73787aru0a68c8e5787lqqjlkpq00lncr9lusy4mquphm0manvv89kke54tj6jekt9m58s9ljeulygwc8c506laqy53jff9qmr9d70enyzk43tehxvhjf0f39zjn2ne0xv0jcfqljjvddxg5n2vea4w4v50ph4ukrlddc4nyzcvahxsajt3fu9kcuswp8x5mj0f7q5nyrg0fak73d929seskrthag9zenqfan2n0a94xc2zhjqtlaluqklyze2ma9gvddu8lllrq9m9ch8408d6lr4huuydnv56a7m4n0mmjw2mhfcav3ku8m87adeh6hfl0lhu5m0a8ls92f57e04vurlmllqy0k47g0v3wv8llljpcu4fhz8ngzq4m3pxyven2ckpk50h00a0l6fycjx7ce3wpmkm8lmkkx5z6wm3s8s6ptcxgf0m4th9tp78l6lj7mfa7arg6ehmmv0n7dpk4t5l02ejhx66chf7crjmaawfu7df0tm4vq4k73ryseg0p48g3ngw3rgnqrmgeng2pkc3sg2tmp6h0a4fe062sxayg0t7ctf6w8ww54dlcm23d6utn7vs6pc4mfhm4fs09nj39hpkkmxw36kver4vejapn4d6xa99dmp2n2g0cdccy8ckfuu2dv94yw9lxhlk34c0pkaffw2hhhzknne2u0s0nyhsqe7c9us7gd8zeddvxaavqrv7zrcd5h8lm9jl7k792d6plvk98kljqlkf0m6tl9xdlae75fc7vhru50k667qu9j84atunrkcdn98u3d6g6yvzjkyqe27hlllq5esxlmddv70sw3fw89dlpfntzlxu9c8tf2ucataevu7mpaacwelj7uhle0mr88u3jslngt6npmh0jjars2dwvhvt89mjuj25kyv5zm7l7d60d0kjnqj7q5dfxqpmlxllrlc8ulma77cmuzewn8e0742c08d8h76f2k56ej702mmpchrnhnldl3gtelqur4pcehjzr07tgvedh3e79lurdxyewxyw3fkxw29uln3x02cc2k2ykhh0tzam5jl7um349sg4hghx3p88ntll0lqhd9urk203fmmgju33v2fh4ltne6u2anyhlmy37nmhl7zm98dsnadv7rxg3sxq2qeprfsw55js6n40ec82lnsw4l8qat7wp6huur40ecyrechypxjtumancfaadphrdhekxcex5s0vjfvutasruaedvpwyas8wmk6lyx4qwts0lccz673z7exw98d3lyf2x9wd8lplxa3l00e0wym8340v769h7eruhphkrkeg24ch5fcfgtu9mp0d9dhxq9x5r3heskrwm36zpffuht3easeya0dcmxdxazr2ead7da6le2ttahlmlmlcxp3hxglp23culel8dzkn8g4fmmtlleepcdy83txhnd4ukq3xzmzftszm0nzptq3v4jalj7cauppl99u89mcuevl7kawmlgvuax9c030t777euetf7n4ke7dx5ku7e3d9uk4q98lkx4mcmg0ttnz94m6jn7jn34fmwakh868j5yhmem3nss83wtglljc8p3n9hnf64m2l936j0adkrlhmuu2myp65vutzuj05qu2k3y3c6fmdqq
HOA,offer1qqr83wcuu2rykcmqvpsxygqq4ck4ve3uy2afng0u72pe82twt3gjvudad0k7ythen795kr2mujm2sxdxpm0yu8ddl4rkhl73mflmfasl4h75w6lllup4t7urp0mstehm8cnmc6mdxn0rvdejdfpway2ccm6srenn6urvdmgvand96gat25z4tajzajwugwt97v35ytv70wpw0mm77nnw7fwwr6le44twax8egrl084jqhtf2ged3g3r5luvjzvstnpxy2gay7l2pfmmthvsmfwxm4d9aemcpea9fhazfpxv50vexchk97pj55g7utk4zkxj7ld7lstn40f4xv3cwcl46v0yla3j4kwx7xyam7l84n5ljh7z7rjwrqdzzspze0xsdh67j8glcd6at3na7060hnaknmdtkdm6auaanmjar40pwfj4aajwh25gw6f4pkv4jw58wkjacc2d02zz7yx4fhvf3dhp56mxr660y9dssumw9cp33j8ky5v9sv3shpjqxxln5cyqycuxg9svgpf8dqh66hryz7l0mm78qme55adjdw7fdcacl8x0aq8mpzg4kuafml8zedxhelutjg8fl4ssu0f7sl2pwzu8vk47v09t0fdfdc3w0d6af768hc3mc0n5wwu9auleg2heqcjpcjrmzmhmgeks72a2kwmz4tfa66ukmnwxvdlyanqak9dg6hz8l5093g6yhqprfw2gvmajs4cqyhasgrmlu7qe0lyp9wc8qd7m7lvmrped4kd92uk5kdjewapup0uk08ezrkp79r7hlcz6gey5jsf3zkl0aejptgc4amnxteyh5cj3ff4puhhx8evys0efxykn92f4xv55729d927j6ffrxrv43j9vkyankdf5h55vwhxy5jk2pge49532xves52k27g4d256tx0fq44zdfw924u4d9h64t8vd2s4vc3pmt2pcgqcacn74frqfwzqt60e54qz5ce49z2ssf24qfzf9zensq2fq2gcdg4xtekhlklaqzmjrk5zasd3n7vpyxvtpchhhd2luflxr8tmu9dmkrpzv7rjaasamrs8qnef6467tl8wnxgex88l0lhu53wxyynx6qesku6jfvf9xyjfztmt8zlj707pcz4qgz52zxx6qreyd3url04pk962macp9hnd0ynr73ncs8cvxhw2phah4v0js57hf92tzars8zzyeqrhz5nsnskgjtz3sknm2lj7mel74zg7ehemv0n7d3k4r4l02fjhwm6chfucrnmeawtukvf0tmhvg5aj3ck6zs7th7sg5669zngpxu7dlhgygdk8c5f869xjgt9mlgaftet66hx9yg02xltacw90xn497ghted6g2n7dclpg4tdkm5fawsmgsv2682zavvgut68rpwgcvlfz63lmfmjqacuq37lgdkex47g9a7jm7np4erg3k0lge89580c77rdfat7ldh8wk9qus652kgnagwdjsqck7kr2mdks7pqeh4sln3vt8txfxd73esevjjjvey6fnnre5ettmv8fwt4w4ek4z4jc8munex70cw9exld00cyfedt26rxvw55y8r3g5dflllpwlx0jzcaf5dw9mjycr067aakhdc6dttrlfn83acxddlw07czhmt3583l7pvt0m8f7vx2krkl0qzu3adwrma250m3mdmakwptjwzacghw9rwqa93y0vxtgx397cg8qfacgz70a7l0vd78vlgncklw4u9nknmmduhtzvua0h5d3su03feelhl75dulsw2fr9qy2gwhm8l9uuv2xsm6dkjzu38ynaqa0780wh8x6e203d4uurvzhcr59psuy7a8qj8gp2cmh6q2epcwwshzzdxc3wwkzwahljfecuuuh547w5y6st0t4swehksydf978xkmhu3sutu20sad02np3a3v3d65h8p8kq57ap5tt0p7ssndpehzan90h0e4taj868xtm8um8ftjnavcmm9tnurjua209v2klarc2r9l6mz8p05swf7n7kkl9lsmzzpxq9ym9wngjcpen7
HOA,offer1qqr83wcuu2rykcmqvpsxygqq4ck4ve3uy2afng0u72pe82twt3gjvudad0k7ythen795kr2mujm2sxdxpm0yu8ddl4rkhl73mflmfasl4h75w6lllup4t7urp0mstehm8cnmc6mdxn0rvdejdfpway2ccm6srenn6urvdmgvand96gat25z4tajzajwugwt97v35ytv70wpw0mm77nnw7fwwr6le44twax8egrl084jqhtf2ged3g3r5luvjzvstj28ruyzaur704fad7e94dlg92ancs07nvmena2xa8a659rl5377sumzqyhd98tpdrfdl5lhm94u8uet2fgrv0m488wtwcm6uxhdns04300lecdfdlad3383u83qggs5sjhexhh2y4d3uxxvu7cay69yf0p0hvu66af2wwrlne6yd7unlvueaxck75hwmk44elrcukhkm0ca4fw65a9yftjle8u0agf6ueqtx8dz60ek9j0a5z5pc7etczz8juxqct5cqprhe6yzsxvxpyxekqqyjkctaftejpt08lalzsda6wwwexmw5jukl0hj8csnls3y6ewx4ahjpwkm2uml47yprkqnx954k05l47xmm79k9l3h4unuk5zldmaxxhu3kfuys7hlulkn00qhhra9f20qrzg82glwtxad8x6renk246uw448h82jew9me4kuhk5rk544p2utl7svs9mgjcp5t9ptph0xgz8rqj7k8q8vlmenplvjyemq7phm0mur2v08k6ey4tjcjeht8mv8spljeulygzchu5lclnqtdr5jj2pkz2tulmxg9dtqhnwva0ys7mz2p9x48j7vcl9jjfl9yc26vefx5ej3neg454n6tfy5vcd3kxf95cnkw44xj7j33kucjj26gfrxjkjxg4jkz3jeter9n2n2v4ayzkvf49e92h2k56l6nv434xz9hzuydpg88qrrh2w6ny5q9uf3df0yj5q23rk55p2jp92kpggy5txwqpgyrfrp4w4e0xjl7n75qtkgw73t5pky033ysepd8277l4ta3tucwa0ws3kw6v5gnuwthkm4vxqvx0d82ltedu46v3r56ulllkljs9qesjvtvrxqmm2fp3ykcjg5f04vurlmllsyqz4pq232gs6gz0vskt30a7vxclgtfhc8k6v47jvw6zwzqlej6aegylxu44l6zn27y4guf5kpuggnqqxu270jvqeqfy2kz6l0t7tmd8hm5dztzll0370esx2hwnuatx67mttze8mzwtwh4e8nea9atw9szlh6pzr220cwa63pn8gygdq8mlc86ag3pkc0x3vugsmf8v8wa05409lf2se53patm308pcaa6z4hlzdw9hf3w0ekrc9zhdxmw4x4ur9zpe2cmgrh3ar3fg5w94zphav2207a8wqqh03jrm4pkly2heskhk207v75yprkllapyckqllm6cf4hn0mlksu2u5njrzs6mzh5p3k2xrj66cdm0k2zcvzxukt7wf3uevfyel68yr4n22gnynexwywkh99wdsa9awdehx65gkmqltnlxm37p5hyma97lgsh84atgyepcjcjuzyzh4lllc9znwa6zjl9wvnlt8yp6ffv48t4zvl9582ezaj26s93lhy5hshajvdmlmlgzdvz99n8u26tw8k8cjr0h0hx4g5etpmr73452rtaw3mf6j0j2r25wwcvksaqta3swqrmsc9ulma77cmu2ewn8ed7atct8d8hkmfwkyce6l02mtpclznnnl0legtelqu5jx2qgusa0klut6fle3pn5k5hke6t3epymsewkuh6mhg0x2twn079hl2fa2677ys044qk524ugmep4ws588qfpf8twgrxmzwtl9dzjxnfkrjmn725cjytur6jl74mlkv0h3exjgy9c007d45z8jcme40ddvazarq2l8un3zxumk88ttze9utlqxy7z8vh5cc8f8wa0tcfl5am3rf9d9dcycnxfp9y3fwjevmlegg8d4tt4tq750ajgkhwm4ddtu7qgqsnrkqnq0jyc56
HOA,offer1qqr83wcuu2rykcmqvpsxygqq4ck4ve3uy2afng0u72pe82twt3gjvudad0k7ythen795kr2mujm2sxdxpm0yu8ddl4rkhl73mflmfasl4h75w6lllup4t7urp0mstehm8cnmc6mdxn0rvdejdfpway2ccm6srenn6urvdmgvand96gat25z4tajzajwugwt97v35ytv70wpw0mm77nnw7fwwr6le44twax8egrl084jqhtf2ged3g3r5luvjzvst3nd6au24hcxe3mr9ve600y2fs0mlt8rztwe38wtmtq07tmjmk8hqp59epw62wkzmxjm0fl0kt0c0ejk5jsxgah20wukdnhacd2m8zlrz7llrj666l6mnq0re0zqq3pfq9vh5kmr0nhslyuhlcdstnrwuc6nmmt68emdlem4ng0hm4yycvwhtd0xplnd30ntxjwuh2dyuh56thny3wkev2fu8t5t45fyuzuwt0xave6ft2xx632quwv3u3pr3wryv9cvqp3luazpqrx8qjpvnqqzfmv9754ceqhhm77l3cx7a88rvn0hzfw008eeragflcgj9dh82wmegktf470ljlu848x6uyfyhsv7ce2emtt9wrgakst3nnl5lp4tkvdcahxawmjd5djkstmeljs48jp3yr3y0h9n0knndpu369wa792jnmh4evhzuu6m7fmzpmw26s4wyllgk2z45fvq28jc5smhnyptssf0mpsrh0eufjl7gzgas0qmaha73hx8jmfvj24edfvm9na7rcqlev70jy9vtu28a0as953jff9qmr9d70enyzk43tehxvhjf0f39zjn2ne0xv0jcfqljjvddxg5n2vefeu52623a95j6xvxemryzcvfm8w6nf0fgclwvff9vyq3nttfzywempg3v4u3zm4f5xw7jptwy6juz4ta22f0atk2c6hpze3xrx55r3sp3m38atjzqz7ygk5lnf2q9g3n22y4fqj42qsyj29n8qq5jp53s6n2vhnf0ldl6q9ny80g96qmr8uczgvckn300064lc37v8whhggmhdxzyf789mm9mk8qxp8kn4t4uk72axv36dw07ll0egzcvcfx95pnpde4yjcj2vfy6yhjkw9ldalcrq92qs9g5yvd5p8kgtpc87lwrvt54km5zmdx6lfx8dp83q05cdwu5z0m026ldpfawz257y6rq7yyfjqrw9t8pxpv3yk9tpd8k4l9aknma6x34n0hkcl8u6rd2hf774n9wd443wnas89hm6uneu6j7hh2cptmdz3f59ruhwaq3eh5zyxszamunlw5gsmv83gk0ygdy3kthwn66hjh44vv2gs75auhnsuw7a92ta3whzm5c48umpuz3tkmdh2n6upj3qc4u05p6c63ck52xz73se7k99rl7nhqptncfra6sm0j9tusttl9hax8tzy3tdl73jvtq0l4avy6mmha7mvw4v2pep4gad3r6qum9pp3ddvxahmdpvzpnwt9l8qc7wkvjvmarjpje49yejf5n8x8mfjjhxcwjuhwamnd2yt9s04e0ndclq7tjd7670sgmn6k45xvsufvgw9z3f6hlluzhny7wdxuu6uumk8mdc30azuxxvuuh5mlrlwm5cvpvud7hjs996pzaym74lsrcff634aaj26hhwv7j6tv3nrn98wl4we5mk9ky9w7en03alppzwwkuqtsr34lgz8gvasgjuw9lll0dkxylghmkewdl9tkremdahhzv5a8k54nskweweeuhalu0utj7wgr9qs2czhr8lalczjtc6h6vhyw04dh8e74vznuelye3nrwm0alpw3dmj7mxx0x7mlsx4cz656huq6ep5wk5hxqdqeptw2rwm8vm0ns7tdamqm7nx4a6kxeyf0lu8f4m9vkaq6u52yu66e4dj0fvmkdtrwn8tt8zm95zd0h4gty2h5jqy7x43lj2l8nh0rrtr2dep4ldnwclxmhdhn0kclyt9qdtgdueauvamwdtl2khx9wdlarxa50uk8e8yckheycyqr0z6hf9r4jjz5
HOA,offer1qqr83wcuu2rykcmqvpsxygqq4ck4ve3uy2afng0u72pe82twt3gjvudad0k7ythen795kr2mujm2sxdxpm0yu8ddl4rkhl73mflmfasl4h75w6lllup4t7urp0mstehm8cnmc6mdxn0rvdejdfpway2ccm6srenn6urvdmgvand96gat25z4tajzajwugwt97v35ytv70wpw0mm77nnw7fwwr6le44twax8egrl084jqhtf2ged3g3r5luvjzvst0ewg6hvshsn5g7vd088y7tjlayvekpv5k0wghmh0x80fhcg74k40z99gg3ac4d29vd9a7malqh867nzde8sd3lt5c7f0mrdtvcduwfmka70m8fh90u9u8yu8q7y9qz9j7tey4mcqzdgcuhvwxdaglu2uhf74quw9s6l7t8lwmpmmrh5uxze4nuvals7a2efxdu97lnzc7tm5xz8h4m07j26lvh7rnx43l3g50pjset8m7eks2cxre9hpgy7t5crqwnqsqw8xgutsesqyslxgyq2gmf09p0729pu0lhvtplhfmenymd6z0jta77glxz0azyntrcjkk7f47m9fn8lhlq0hcmlnjtchhh09h03w3de7mw5hs2skh48c34tr7uqnu97ll62e3a00fqhhra9f20qrzg82glwtxad8x6renk246uw448h82jew9me4kuhk5rk544p2utl7svs9mgjcp5t9ptph0xgz8rqj7k8q8vlmenplvjyemq7phm0mur2v08k6ey4tjcjeht8mv8spljeulygzchu5lclnqtdr5jj2pkz2tulmxg9dtqhnwva0ys7mz2p9x48j7vcl9jjfl9yc26vefx5ej3neg454n6tfy5vcd3kxf95cnkw44xj7j33kucjj26gfrxjkjxg4jkz3jeter9n2n2v4ayzkvf49e92h2k56l6nv434xz9hzuydpg88qrrh2w6ny5q9uf3df0yj5q23rk55p2jp92kpggy5txwqpgyrfrp4w4e0xjl7n75qtkgw73t5pky033ysepd8277l4ta3tucwa0ws3kw6v5gnuwthkm4vxqvx0d82ltedu46v3r56ulllkljs9qesjvtvrxqmm2fp3ykcjg5f04vurlmllsyqz4pq232gs6gz0vskt30a7vxclgtfhc8k6v47jvw6zwzqlej6aegylxu44l6zn27y4guf5kpuggnqqxu270zvreqfy2kz6l0t7tmd8hm5dztzll0370esx2hwnuatx67mttze8mzwtwh4e8nea9atw9szlh6pzr220cwa63pn8gygdq8mlc86ag3pkc0x3vugsmf8v8wa05409lf2se53patm308pcaa6z4hlzdw9hf3w0ekrc9zhdxmw4x4ur9zpe2cmgrh3ar3fg5w94zphav2207a8wqqh03jrm4pkly2heskhk207v75yprkllapyckqllm6cf4hn0mlksu2u5njrzs6mzh5p3k2xrj66cdm0k2zcvzxukt7wf3uevfyel68yr4n22gnynexwywkh99wdsa9awdehx65gkmqltnlxm37p5hyma97lgsh84atgyepcjcjuzyzh4lllc95mu8kn3c64dt8ns2hl9dtv7aw7le8azddl26etax64y3489jd4hgnl47uzy4mvr3s06vhvjn9l6lpw54pvnyujj5fp8lml0fek8pgsj7qlkdaluqtsr34lgz8gvasgjuw9lll0dkxylghmkewdl9tkremdahhzv5a8k54nskweweeuhalu0utj7wgr9qs2czhr8lalurevzd68v3mfx6a9660lyfxu2208ertwhl65cmxeh88f8yltw07dh8yq42dt7qdvs6802t3qx3vs488p5utf0hx3npe7vlxkm7dkvvjxm8m8vz8tx8encx9tjwsh74aj504fhnyxnxwg7lj7mq5zeehk07d7hkltlx3f990n8hthqh30wfsum7j758gpnchn0798x5gw6ttmx0nulp36swhymln6ks838ze2m5d6psw7rn58avqcqnw3kgugqagqdy
HOA,offer1qqr83wcuu2rykcmqvps24k4q55wrj2l9nj3ycjwe7cnur5760kakhyjrmt0ch0gj3a4unrtnjful35hgl8lytemhv38tfkm5j9zkhamn34p08km7ut7fvywfgt94jfgcyqqwc3cyxyady0366glr4537v3ra5gtf0dql624rur7hwte7hpme4ymd6wwjfa7agl8z0az8nrzg5k7afeltrftxlmlstljk2645kevw057vtl9c2ehlamtttnlj4mkwet238khsc53np58ff8jc9aclf22ncqcjp6j8mjehtfeks7vaj4whr4dfae65kt3w7ddh9a4qa492s4wgshr73787aru0a68c8e5787lqqjlkpq00lncr9lusy4mquphm0manvv89kke54tj6jekt9m58s9ljeulygwc8c506laqy53jff9qmr9d70enyzk43tehxvhjf0f39zjn2ne0xv0jcfqljjvddxg5n2vea4w4v50ph4ukrlddc4nyzcvahxsajt3fu9kcuswp8x5mj0f7q5nyrg0fak73d929seskrthag9zenqfan2n0a94xc2zhjqtlaluqklyze2ma9gvddu8lllrq9m9ch8408d6lr4huuydnv56a7m4n0mmjw2mhfcav3ku8m87adeh6hfl0lhu5m0a8ls92f57e04vurlmllqy0k47g0v3wv8llljpcu4fhz8ngzq4m3pxyven2ckpk50h00a0l6fycjx7ce3wpmkm8lmkkx5z6wm3s8s6ptcxgf0m4th9tp78l6lj7mfa7arg6ehmmv0n7dpk4t5l02ejhx66chf7crjmaawfu7df0tm4vq4k73ryseg0p48g3ngw3rgnqrmgeng2pkc3sg2tmp6h0a4fe062sxayg0t7ctf6w8ww54dlcm23d6utn7vs6pc4mfhm4fs09nj39hpkkmxw36kver4vejapn4d6xa99dmp2n2g0cdccy8ckfuu2dv94yw9lxhlk34c0pkaffw2hhhzknne2u0s0nyhsqe7c9us7gd8zeddvxaavqrv7zrcd5h8lm9jl7k792d6plvk98kljqlkf0m6tl9xdlae75fc7vhru50k667qu9j84atunrkcdn98u3d6g6yvzjkyqe27hlllq5esxlmddv70sw3fw89dlpfntzlxu9c8tf2ucataevu7mpaacwelj7uhle0mr88u3jslngt6npmh0jjars2dwvhvt89mjuj25kyv5zm7l7d60d0kjnqj7q5dfxqpmlxllrlc8ulma77cmuzewn8e0742c08d8h76f2k56ej702mmpchrnhnldl3gtelqur4pcehjzr07tgvedh3e79lurdxyewxyw3fkxw29uln3x02cc2k2ykhh0tzam5jl7um349sg4hghx3p88ntll0lqhd9urk203fmmgju33v2fh4ltne6u2anyhlmy37nmhl7zm98dsnadv7rxg3sxq2qeprfsw55js6n40ec82lnsw4l8qat7wp6huur40ecyrechypxjtumancfaadphrdhekxcex5s0vjfvutasruaedvpwyas8wmk6lyx4qwts0lccz673z7exw98d3lyf2x9wd8lplxa3l00e0wym8340v769h7eruhphkrkeg24ch5fcfgtu9mp0d9dhxq9x5r3heskrwm36zpffuht3easeya0dcmxdxazr2ead7da6le2ttahlmlmlcxp3hxglp23culel8dzkn8g4fmmtlleepcdy83txhnd4ukq3xzmzftszm0nzptq3v4jalj7cauppl99u89mcuevl7kawmlgvuax9c030t777euetf7n4ke7dx5ku7e3d9uk4q98lkx4mcmg0ttnz94m6jn7jn34fmwakh868j5yhmem3nss83wtglljc8p3n9hnf64m2l936j0adkrlhmuu2myp65vutzuj05qu2k3y3c6fmdqq
HOA,offer1qqr83wcuu2rykcmqvpsxygqq4ck4ve3uy2afng0u72pe82twt3gjvudad0k7ythen795kr2mujm2sxdxpm0yu8ddl4rkhl73mflmfasl4h75w6lllup4t7urp0mstehm8cnmc6mdxn0rvdejdfpway2ccm6srenn6urvdmgvand96gat25z4tajzajwugwt97v35ytv70wpw0mm77nnw7fwwr6le44twax8egrl084jqhtf2ged3g3r5luvjzvstnpxy2gay7l2pfmmthvsmfwxm4d9aemcpea9fhazfpxv50vexchk97pj55g7utk4zkxj7ld7lstn40f4xv3cwcl46v0yla3j4kwx7xyam7l84n5ljh7z7rjwrqdzzspze0xsdh67j8glcd6at3na7060hnaknmdtkdm6auaanmjar40pwfj4aajwh25gw6f4pkv4jw58wkjacc2d02zz7yx4fhvf3dhp56mxr660y9dssumw9cp33j8ky5v9sv3shpjqxxln5cyqycuxg9svgpf8dqh66hryz7l0mm78qme55adjdw7fdcacl8x0aq8mpzg4kuafml8zedxhelutjg8fl4ssu0f7sl2pwzu8vk47v09t0fdfdc3w0d6af768hc3mc0n5wwu9auleg2heqcjpcjrmzmhmgeks72a2kwmz4tfa66ukmnwxvdlyanqak9dg6hz8l5093g6yhqprfw2gvmajs4cqyhasgrmlu7qe0lyp9wc8qd7m7lvmrped4kd92uk5kdjewapup0uk08ezrkp79r7hlcz6gey5jsf3zkl0aejptgc4amnxteyh5cj3ff4puhhx8evys0efxykn92f4xv55729d927j6ffrxrv43j9vkyankdf5h55vwhxy5jk2pge49532xves52k27g4d256tx0fq44zdfw924u4d9h64t8vd2s4vc3pmt2pcgqcacn74frqfwzqt60e54qz5ce49z2ssf24qfzf9zensq2fq2gcdg4xtekhlklaqzmjrk5zasd3n7vpyxvtpchhhd2luflxr8tmu9dmkrpzv7rjaasamrs8qnef6467tl8wnxgex88l0lhu53wxyynx6qesku6jfvf9xyjfztmt8zlj707pcz4qgz52zxx6qreyd3url04pk962macp9hnd0ynr73ncs8cvxhw2phah4v0js57hf92tzars8zzyeqrhz5nsnskgjtz3sknm2lj7mel74zg7ehemv0n7d3k4r4l02fjhwm6chfucrnmeawtukvf0tmhvg5aj3ck6zs7th7sg5669zngpxu7dlhgygdk8c5f869xjgt9mlgaftet66hx9yg02xltacw90xn497ghted6g2n7dclpg4tdkm5fawsmgsv2682zavvgut68rpwgcvlfz63lmfmjqacuq37lgdkex47g9a7jm7np4erg3k0lge89580c77rdfat7ldh8wk9qus652kgnagwdjsqck7kr2mdks7pqeh4sln3vt8txfxd73esevjjjvey6fnnre5ettmv8fwt4w4ek4z4jc8munex70cw9exld00cyfedt26rxvw55y8r3g5dflllpwlx0jzcaf5dw9mjycr067aakhdc6dttrlfn83acxddlw07czhmt3583l7pvt0m8f7vx2krkl0qzu3adwrma250m3mdmakwptjwzacghw9rwqa93y0vxtgx397cg8qfacgz70a7l0vd78vlgncklw4u9nknmmduhtzvua0h5d3su03feelhl75dulsw2fr9qy2gwhm8l9uuv2xsm6dkjzu38ynaqa0780wh8x6e203d4uurvzhcr59psuy7a8qj8gp2cmh6q2epcwwshzzdxc3wwkzwahljfecuuuh547w5y6st0t4swehksydf978xkmhu3sutu20sad02np3a3v3d65h8p8kq57ap5tt0p7ssndpehzan90h0e4taj868xtm8um8ftjnavcmm9tnurjua209v2klarc2r9l6mz8p05swf7n7kkl9lsmzzpxq9ym9wngjcpen8
HOA,offer1qqr83wcuu2rykcmqvpsxygqq4ck4ve3uy2afng0u72pe82twt3gjvudad0k7ythen795kr2mujm2sxdxpm0yu8ddl4rkhl73mflmfasl4h75w6lllup4t7urp0mstehm8cnmc6mdxn0rvdejdfpway2ccm6srenn6urvdmgvand96gat25z4tajzajwugwt97v35ytv70wpw0mm77nnw7fwwr6le44twax8egrl084jqhtf2ged3g3r5luvjzvstj28ruyzaur704fad7e94dlg92ancs07nvmena2xa8a659rl5377sumzqyhd98tpdrfdl5lhm94u8uet2fgrv0m488wtwcm6uxhdns04300lecdfdlad3383u83qggs5sjhexhh2y4d3uxxvu7cay69yf0p0hvu66af2wwrlne6yd7unlvueaxck75hwmk44elrcukhkm0ca4fw65a9yftjle8u0agf6ueqtx8dz60ek9j0a5z5pc7etczz8juxqct5cqprhe6yzsxvxpyxekqqyjkctaftejpt08lalzsda6wwwexmw5jukl0hj8csnls3y6ewx4ahjpwkm2uml47yprkqnx954k05l47xmm79k9l3h4unuk5zldmaxxhu3kfuys7hlulkn00qhhra9f20qrzg82glwtxad8x6renk246uw448h82jew9me4kuhk5rk544p2utl7svs9mgjcp5t9ptph0xgz8rqj7k8q8vlmenplvjyemq7phm0mur2v08k6ey4tjcjeht8mv8spljeulygzchu5lclnqtdr5jj2pkz2tulmxg9dtqhnwva0ys7mz2p9x48j7vcl9jjfl9yc26vefx5ej3neg454n6tfy5vcd3kxf95cnkw44xj7j33kucjj26gfrxjkjxg4jkz3jeter9n2n2v4ayzkvf49e92h2k56l6nv434xz9hzuydpg88qrrh2w6ny5q9uf3df0yj5q23rk55p2jp92kpggy5txwqpgyrfrp4w4e0xjl7n75qtkgw73t5pky033ysepd8277l4ta3tucwa0ws3kw6v5gnuwthkm4vxqvx0d82ltedu46v3r56ulllkljs9qesjvtvrxqmm2fp3ykcjg5f04vurlmllsyqz4pq232gs6gz0vskt30a7vxclgtfhc8k6v47jvw6zwzqlej6aegylxu44l6zn27y4guf5kpuggnqqxu270jvqeqfy2kz6l0t7tmd8hm5dztzll0370esx2hwnuatx67mttze8mzwtwh4e8nea9atw9szlh6pzr220cwa63pn8gygdq8mlc86ag3pkc0x3vugsmf8v8wa05409lf2se53patm308pcaa6z4hlzdw9hf3w0ekrc9zhdxmw4x4ur9zpe2cmgrh3ar3fg5w94zphav2207a8wqqh03jrm4pkly2heskhk207v75yprkllapyckqllm6cf4hn0mlksu2u5njrzs6mzh5p3k2xrj66cdm0k2zcvzxukt7wf3uevfyel68yr4n22gnynexwywkh99wdsa9awdehx65gkmqltnlxm37p5hyma97lgsh84atgyepcjcjuzyzh4lllc9znwa6zjl9wvnlt8yp6ffv48t4zvl9582ezaj26s93lhy5hshajvdmlmlgzdvz99n8u26tw8k8cjr0h0hx4g5etpmr73452rtaw3mf6j0j2r25wwcvksaqta3swqrmsc9ulma77cmu2ewn8ed7atct8d8hkmfwkyce6l02mtpclznnnl0legtelqu5jx2qgusa0klut6fle3pn5k5hke6t3epymsewkuh6mhg0x2twn079hl2fa2677ys044qk524ugmep4ws588qfpf8twgrxmzwtl9dzjxnfkrjmn725cjytur6jl74mlkv0h3exjgy9c007d45z8jcme40ddvazarq2l8un3zxumk88ttze9utlqxy7z8vh5cc8f8wa0tcfl5am3rf9d9dcycnxfp9y3fwjevmlegg8d4tt4tq750ajgkhwm4ddtu7qgqsnrkqnq0jyc57
HOA,offer1qqr83wcuu2rykcmqvpsxygqq4ck4ve3uy2afng0u72pe82twt3gjvudad0k7ythen795kr2mujm2sxdxpm0yu8ddl4rkhl73mflmfasl4h75w6lllup4t7urp0mstehm8cnmc6mdxn0rvdejdfpway2ccm6srenn6urvdmgvand96gat25z4tajzajwugwt97v35ytv70wpw0mm77nnw7fwwr6le44twax8egrl084jqhtf2ged3g3r5luvjzvst3nd6au24hcxe3mr9ve600y2fs0mlt8rztwe38wtmtq07tmjmk8hqp59epw62wkzmxjm0fl0kt0c0ejk5jsxgah20wukdnhacd2m8zlrz7llrj666l6mnq0re0zqq3pfq9vh5kmr0nhslyuhlcdstnrwuc6nmmt68emdlem4ng0hm4yycvwhtd0xplnd30ntxjwuh2dyuh56thny3wkev2fu8t5t45fyuzuwt0xave6ft2xx632quwv3u3pr3wryv9cvqp3luazpqrx8qjpvnqqzfmv9754ceqhhm77l3cx7a88rvn0hzfw008eeragflcgj9dh82wmegktf470ljlu848x6uyfyhsv7ce2emtt9wrgakst3nnl5lp4tkvdcahxawmjd5djkstmeljs48jp3yr3y0h9n0knndpu369wa792jnmh4evhzuu6m7fmzpmw26s4wyllgk2z45fvq28jc5smhnyptssf0mpsrh0eufjl7gzgas0qmaha73hx8jmfvj24edfvm9na7rcqlev70jy9vtu28a0as953jff9qmr9d70enyzk43tehxvhjf0f39zjn2ne0xv0jcfqljjvddxg5n2vefeu52623a95j6xvxemryzcvfm8w6nf0fgclwvff9vyq3nttfzywempg3v4u3zm4f5xw7jptwy6juz4ta22f0atk2c6hpze3xrx55r3sp3m38atjzqz7ygk5lnf2q9g3n22y4fqj42qsyj29n8qq5jp53s6n2vhnf0ldl6q9ny80g96qmr8uczgvckn300064lc37v8whhggmhdxzyf789mm9mk8qxp8kn4t4uk72axv36dw07ll0egzcvcfx95pnpde4yjcj2vfy6yhjkw9ldalcrq92qs9g5yvd5p8kgtpc87lwrvt54km5zmdx6lfx8dp83q05cdwu5z0m026ldpfawz257y6rq7yyfjqrw9t8pxpv3yk9tpd8k4l9aknma6x34n0hkcl8u6rd2hf774n9wd443wnas89hm6uneu6j7hh2cptmdz3f59ruhwaq3eh5zyxszamunlw5gsmv83gk0ygdy3kthwn66hjh44vv2gs75auhnsuw7a92ta3whzm5c48umpuz3tkmdh2n6upj3qc4u05p6c63ck52xz73se7k99rl7nhqptncfra6sm0j9tusttl9hax8tzy3tdl73jvtq0l4avy6mmha7mvw4v2pep4gad3r6qum9pp3ddvxahmdpvzpnwt9l8qc7wkvjvmarjpje49yejf5n8x8mfjjhxcwjuhwamnd2yt9s04e0ndclq7tjd7670sgmn6k45xvsufvgw9z3f6hlluzhny7wdxuu6uumk8mdc30azuxxvuuh5mlrlwm5cvpvud7hjs996pzaym74lsrcff634aaj26hhwv7j6tv3nrn98wl4we5mk9ky9w7en03alppzwwkuqtsr34lgz8gvasgjuw9lll0dkxylghmkewdl9tkremdahhzv5a8k54nskweweeuhalu0utj7wgr9qs2czhr8lalczjtc6h6vhyw04dh8e74vznuelye3nrwm0alpw3dmj7mxx0x7mlsx4cz656huq6ep5wk5hxqdqeptw2rwm8vm0ns7tdamqm7nx4a6kxeyf0lu8f4m9vkaq6u52yu66e4dj0fvmkdtrwn8tt8zm95zd0h4gty2h5jqy7x43lj2l8nh0rrtr2dep4ldnwclxmhdhn0kclyt9qdtgdueauvamwdtl2khx9wdlarxa50uk8e8yckheycyqr0z6hf9r4jjz6
HOA,offer1qqr83wcuu2rykcmqvpsxygqq4ck4ve3uy2afng0u72pe82twt3gjvudad0k7ythen795kr2mujm2sxdxpm0yu8ddl4rkhl73mflmfasl4h75w6lllup4t7urp0mstehm8cnmc6mdxn0rvdejdfpway2ccm6srenn6urvdmgvand96gat25z4tajzajwugwt97v35ytv70wpw0mm77nnw7fwwr6le44twax8egrl084jqhtf2ged3g3r5luvjzvst0ewg6hvshsn5g7vd088y7tjlayvekpv5k0wghmh0x80fhcg74k40z99gg3ac4d29vd9a7malqh867nzde8sd3lt5c7f0mrdtvcduwfmka70m8fh90u9u8yu8q7y9qz9j7tey4mcqzdgcuhvwxdaglu2uhf74quw9s6l7t8lwmpmmrh5uxze4nuvals7a2efxdu97lnzc7tm5xz8h4m07j26lvh7rnx43l3g50pjset8m7eks2cxre9hpgy7t5crqwnqsqw8xgutsesqyslxgyq2gmf09p0729pu0lhvtplhfmenymd6z0jta77glxz0azyntrcjkk7f47m9fn8lhlq0hcmlnjtchhh09h03w3de7mw5hs2skh48c34tr7uqnu97ll62e3a00fqhhra9f20qrzg82glwtxad8x6renk246uw448h82jew9me4kuhk5rk544p2utl7svs9mgjcp5t9ptph0xgz8rqj7k8q8vlmenplvjyemq7phm0mur2v08k6ey4tjcjeht8mv8spljeulygzchu5lclnqtdr5jj2pkz2tulmxg9dtqhnwva0ys7mz2p9x48j7vcl9jjfl9yc26vefx5ej3neg454n6tfy5vcd3kxf95cnkw44xj7j33kucjj26gfrxjkjxg4jkz3jeter9n2n2v4ayzkvf49e92h2k56l6nv434xz9hzuydpg88qrrh2w6ny5q9uf3df0yj5q23rk55p2jp92kpggy5txwqpgyrfrp4w4e0xjl7n75qtkgw73t5pky033ysepd8277l4ta3tucwa0ws3kw6v5gnuwthkm4vxqvx0d82ltedu46v3r56ulllkljs9qesjvtvrxqmm2fp3ykcjg5f04vurlmllsyqz4pq232gs6gz0vskt30a7vxclgtfhc8k6v47jvw6zwzqlej6aegylxu44l6zn27y4guf5kpuggnqqxu270zvreqfy2kz6l0t7tmd8hm5dztzll0370esx2hwnuatx67mttze8mzwtwh4e8nea9atw9szlh6pzr220cwa63pn8gygdq8mlc86ag3pkc0x3vugsmf8v8wa05409lf2se53patm308pcaa6z4hlzdw9hf3w0ekrc9zhdxmw4x4ur9zpe2cmgrh3ar3fg5w94zphav2207a8wqqh03jrm4pkly2heskhk207v75yprkllapyckqllm6cf4hn0mlksu2u5njrzs6mzh5p3k2xrj66cdm0k2zcvzxukt7wf3uevfyel68yr4n22gnynexwywkh99wdsa9awdehx65gkmqltnlxm37p5hyma97lgsh84atgyepcjcjuzyzh4lllc95mu8kn3c64dt8ns2hl9dtv7aw7le8azddl26etax64y3489jd4hgnl47uzy4mvr3s06vhvjn9l6lpw54pvnyujj5fp8lml0fek8pgsj7qlkdaluqtsr34lgz8gvasgjuw9lll0dkxylghmkewdl9tkremdahhzv5a8k54nskweweeuhalu0utj7wgr9qs2czhr8lalurevzd68v3mfx6a9660lyfxu2208ertwhl65cmxeh88f8yltw07dh8yq42dt7qdvs6802t3qx3vs488p5utf0hx3npe7vlxkm7dkvvjxm8m8vz8tx8encx9tjwsh74aj504fhnyxnxwg7lj7mq5zeehk07d7hkltlx3f990n8hthqh30wfsum7j758gpnchn0798x5gw6ttmx0nulp36swhymln6ks838ze2m5d6psw7rn58avqcqnw3kgugqagqdy
HOA,offer1qqr83wcuu2rykcmqvps24k4q55wrj2l9nj3ycjwe7cnur5760kakhyjrmt0ch0gj3a4unrtnjful35hgl8lytemhv38tfkm5j9zkhamn34p08km7ut7fvywfgt94jfgcyqqwc3cyxyady0366glr4537v3ra5gtf0dql624rur7hwte7hpme4ymd6wwjfa7agl8z0az8nrzg5k7afeltrftxlmlstljk2645kevw057vtl9c2ehlamtttnlj4mkwet238khsc53np58ff8jc9aclf22ncqcjp6j8mjehtfeks7vaj4whr4dfae65kt3w7ddh9a4qa492s4wgshr73787aru0a68c8e5787lqqjlkpq00lncr9lusy4mquphm0manvv89kke54tj6jekt9m58s9ljeulygwc8c506laqy53jff9qmr9d70enyzk43tehxvhjf0f39zjn2ne0xv0jcfqljjvddxg5n2vea4w4v50ph4ukrlddc4nyzcvahxsajt3fu9kcuswp8x5mj0f7q5nyrg0fak73d929seskrthag9zenqfan2n0a94xc2zhjqtlaluqklyze2ma9gvddu8lllrq9m9ch8408d6lr4huuydnv56a7m4n0mmjw2mhfcav3ku8m87adeh6hfl0lhu5m0a8ls92f57e04vurlmllqy0k47g0v3wv8llljpcu4fhz8ngzq4m3pxyven2ckpk50h00a0l6fycjx7ce3wpmkm8lmkkx5z6wm3s8s6ptcxgf0m4th9tp78l6lj7mfa7arg6ehmmv0n7dpk4t5l02ejhx66chf7crjmaawfu7df0tm4vq4k73ryseg0p48g3ngw3rgnqrmgeng2pkc3sg2tmp6h0a4fe062sxayg0t7ctf6w8ww54dlcm23d6utn7vs6pc4mfhm4fs09nj39hpkkmxw36kver4vejapn4d6xa99dmp2n2g0cdccy8ckfuu2dv94yw9lxhlk34c0pkaffw2hhhzknne2u0s0nyhsqe7c9us7gd8zeddvxaavqrv7zrcd5h8lm9jl7k792d6plvk98kljqlkf0m6tl9xdlae75fc7vhru50k667qu9j84atunrkcdn98u3d6g6yvzjkyqe27hlllq5esxlmddv70sw3fw89dlpfntzlxu9c8tf2ucataevu7mpaacwelj7uhle0mr88u3jslngt6npmh0jjars2dwvhvt89mjuj25kyv5zm7l7d60d0kjnqj7q5dfxqpmlxllrlc8ulma77cmuzewn8e0742c08d8h76f2k56ej702mmpchrnhnldl3gtelqur4pcehjzr07tgvedh3e79lurdxyewxyw3fkxw29uln3x02cc2k2ykhh0tzam5jl7um349sg4hghx3p88ntll0lqhd9urk203fmmgju33v2fh4ltne6u2anyhlmy37nmhl7zm98dsnadv7rxg3sxq2qeprfsw55js6n40ec82lnsw4l8qat7wp6huur40ecyrechypxjtumancfaadphrdhekxcex5s0vjfvutasruaedvpwyas8wmk6lyx4qwts0lccz673z7exw98d3lyf2x9wd8lplxa3l00e0wym8340v769h7eruhphkrkeg24ch5fcfgtu9mp0d9dhxq9x5r3heskrwm36zpffuht3easeya0dcmxdxazr2ead7da6le2ttahlmlmlcxp3hxglp23culel8dzkn8g4fmmtlleepcdy83txhnd4ukq3xzmzftszm0nzptq3v4jalj7cauppl99u89mcuevl7kawmlgvuax9c030t777euetf7n4ke7dx5ku7e3d9uk4q98lkx4mcmg0ttnz94m6jn7jn34fmwakh868j5yhmem3nss83wtglljc8p3n9hnf64m2l936j0adkrlhmuu2myp65vutzuj05qu2k3y3c6fmdqq
HOA,offer1qqr83wcuu2rykcmqvpsxygqq4ck4ve3uy2afng0u72pe82twt3gjvudad0k7ythen795kr2mujm2sxdxpm0yu8ddl4rkhl73mflmfasl4h75w6lllup4t7urp0mstehm8cnmc6mdxn0rvdejdfpway2ccm6srenn6urvdmgvand96gat25z4tajzajwugwt97v35ytv70wpw0mm77nnw7fwwr6le44twax8egrl084jqhtf2ged3g3r5luvjzvstnpxy2gay7l2pfmmthvsmfwxm4d9aemcpea9fhazfpxv50vexchk97pj55g7utk4zkxj7ld7lstn40f4xv3cwcl46v0yla3j4kwx7xyam7l84n5ljh7z7rjwrqdzzspze0xsdh67j8glcd6at3na7060hnaknmdtkdm6auaanmjar40pwfj4aajwh25gw6f4pkv4jw58wkjacc2d02zz7yx4fhvf3dhp56mxr660y9dssumw9cp33j8ky5v9sv3shpjqxxln5cyqycuxg9svgpf8dqh66hryz7l0mm78qme55adjdw7fdcacl8x0aq8mpzg4kuafml8zedxhelutjg8fl4ssu0f7sl2pwzu8vk47v09t0fdfdc3w0d6af768hc3mc0n5wwu9auleg2heqcjpcjrmzmhmgeks72a2kwmz4tfa66ukmnwxvdlyanqak9dg6hz8l5093g6yhqprfw2gvmajs4cqyhasgrmlu7qe0lyp9wc8qd7m7lvmrped4kd92uk5kdjewapup0uk08ezrkp79r7hlcz6gey5jsf3zkl0aejptgc4amnxteyh5cj3ff4puhhx8evys0efxykn92f4xv55729d927j6ffrxrv43j9vkyankdf5h55vwhxy5jk2pge49532xves52k27g4d256tx0fq44zdfw924u4d9h64t8vd2s4vc3pmt2pcgqcacn74frqfwzqt60e54qz5ce49z2ssf24qfzf9zensq2fq2gcdg4xtekhlklaqzmjrk5zasd3n7vpyxvtpchhhd2luflxr8tmu9dmkrpzv7rjaasamrs8qnef6467tl8wnxgex88l0lhu53wxyynx6qesku6jfvf9xyjfztmt8zlj707pcz4qgz52zxx6qreyd3url04pk962macp9hnd0ynr73ncs8cvxhw2phah4v0js57hf92tzars8zzyeqrhz5nsnskgjtz3sknm2lj7mel74zg7ehemv0n7d3k4r4l02fjhwm6chfucrnmeawtukvf0tmhvg5aj3ck6zs7th7sg5669zngpxu7dlhgygdk8c5f869xjgt9mlgaftet66hx9yg02xltacw90xn497ghted6g2n7dclpg4tdkm5fawsmgsv2682zavvgut68rpwgcvlfz63lmfmjqacuq37lgdkex47g9a7jm7np4erg3k0lge89580c77rdfat7ldh8wk9qus652kgnagwdjsqck7kr2mdks7pqeh4sln3vt8txfxd73esevjjjvey6fnnre5ettmv8fwt4w4ek4z4jc8munex70cw9exld00cyfedt26rxvw55y8r3g5dflllpwlx0jzcaf5dw9mjycr067aakhdc6dttrlfn83acxddlw07czhmt3583l7pvt0m8f7vx2krkl0qzu3adwrma250m3mdmakwptjwzacghw9rwqa93y0vxtgx397cg8qfacgz70a7l0vd78vlgncklw4u9nknmmduhtzvua0h5d3su03feelhl75dulsw2fr9qy2gwhm8l9uuv2xsm6dkjzu38ynaqa0780wh8x6e203d4uurvzhcr59psuy7a8qj8gp2cmh6q2epcwwshzzdxc3wwkzwahljfecuuuh547w5y6st0t4swehksydf978xkmhu3sutu20sad02np3a3v3d65h8p8kq57ap5tt0p7ssndpehzan90h0e4taj868xtm8um8ftjnavcmm9tnurjua209v2klarc2r9l6mz8p05swf7n7kkl9lsmzzpxq9ym9wngjcpen9
HOA,offer1qqr83wcuu2rykcmqvpsxygqq4ck4ve3uy2afng0u72pe82twt3gjvudad0k7ythen795kr2mujm2sxdxpm0yu8ddl4rkhl73mflmfasl4h75w6lllup4t7urp0mstehm8cnmc6mdxn0rvdejdfpway2ccm6srenn6urvdmgvand96gat25z4tajzajwugwt97v35ytv70wpw0mm77nnw7fwwr6le44twax8egrl084jqhtf2ged3g3r5luvjzvstj28ruyzaur704fad7e94dlg92ancs07nvmena2xa8a659rl5377sumzqyhd98tpdrfdl5lhm94u8uet2fgrv0m488wtwcm6uxhdns04300lecdfdlad3383u83qggs5sjhexhh2y4d3uxxvu7cay69yf0p0hvu66af2wwrlne6yd7unlvueaxck75hwmk44elrcukhkm0ca4fw65a9yftjle8u0agf6ueqtx8dz60ek9j0a5z5pc7etczz8juxqct5cqprhe6yzsxvxpyxekqqyjkctaftejpt08lalzsda6wwwexmw5jukl0hj8csnls3y6ewx4ahjpwkm2uml47yprkqnx954k05l47xmm79k9l3h4unuk5zldmaxxhu3kfuys7hlulkn00qhhra9f20qrzg82glwtxad8x6renk246uw448h82jew9me4kuhk5rk544p2utl7svs9mgjcp5t9ptph0xgz8rqj7k8q8vlmenplvjyemq7phm0mur2v08k6ey4tjcjeht8mv8spljeulygzchu5lclnqtdr5jj2pkz2tulmxg9dtqhnwva0ys7mz2p9x48j7vcl9jjfl9yc26vefx5ej3neg454n6tfy5vcd3kxf95cnkw44xj7j33kucjj26gfrxjkjxg4jkz3jeter9n2n2v4ayzkvf49e92h2k56l6nv434xz9hzuydpg88qrrh2w6ny5q9uf3df0yj5q23rk55p2jp92kpggy5txwqpgyrfrp4w4e0xjl7n75qtkgw73t5pky033ysepd8277l4ta3tucwa0ws3kw6v5gnuwthkm4vxqvx0d82ltedu46v3r56ulllkljs9qesjvtvrxqmm2fp3ykcjg5f04vurlmllsyqz4pq232gs6gz0vskt30a7vxclgtfhc8k6v47jvw6zwzqlej6aegylxu44l6zn27y4guf5kpuggnqqxu270jvqeqfy2kz6l0t7tmd8hm5dztzll0370esx2hwnuatx67mttze8mzwtwh4e8nea9atw9szlh6pzr220cwa63pn8gygdq8mlc86ag3pkc0x3vugsmf8v8wa05409lf2se53patm308pcaa6z4hlzdw9hf3w0ekrc9zhdxmw4x4ur9zpe2cmgrh3ar3fg5w94zphav2207a8wqqh03jrm4pkly2heskhk207v75yprkllapyckqllm6cf4hn0mlksu2u5njrzs6mzh5p3k2xrj66cdm0k2zcvzxukt7wf3uevfyel68yr4n22gnynexwywkh99wdsa9awdehx65gkmqltnlxm37p5hyma97lgsh84atgyepcjcjuzyzh4lllc9znwa6zjl9wvnlt8yp6ffv48t4zvl9582ezaj26s93lhy5hshajvdmlmlgzdvz99n8u26tw8k8cjr0h0hx4g5etpmr73452rtaw3mf6j0j2r25wwcvksaqta3swqrmsc9ulma77cmu2ewn8ed7atct8d8hkmfwkyce6l02mtpclznnnl0legtelqu5jx2qgusa0klut6fle3pn5k5hke6t3epymsewkuh6mhg0x2twn079hl2fa2677ys044qk524ugmep4ws588qfpf8twgrxmzwtl9dzjxnfkrjmn725cjytur6jl74mlkv0h3exjgy9c007d45z8jcme40ddvazarq2l8un3zxumk88ttze9utlqxy7z8vh5cc8f8wa0tcfl5am3rf9d9dcycnxfp9y3fwjevmlegg8d4tt4tq750ajgkhwm4ddtu7qgqsnrkqnq0jyc58
HOA,offer1qqr83wcuu2rykcmqvpsxygqq4ck4ve3uy2afng0u72pe82twt3gjvudad0k7ythen795kr2mujm2sxdxpm0yu8ddl4rkhl73mflmfasl4h75w6lllup4t7urp0mstehm8cnmc6mdxn0rvdejdfpway2ccm6srenn6urvdmgvand96gat25z4tajzajwugwt97v35ytv70wpw0mm77nnw7fwwr6le44twax8egrl084jqhtf2ged3g3r5luvjzvst3nd6au24hcxe3mr9ve600y2fs0mlt8rztwe38wtmtq07tmjmk8hqp59epw62wkzmxjm0fl0kt0c0ejk5jsxgah20wukdnhacd2m8zlrz7llrj666l6mnq0re0zqq3pfq9vh5kmr0nhslyuhlcdstnrwuc6nmmt68emdlem4ng0hm4yycvwhtd0xplnd30ntxjwuh2dyuh56thny3wkev2fu8t5t45fyuzuwt0xave6ft2xx632quwv3u3pr3wryv9cvqp3luazpqrx8qjpvnqqzfmv9754ceqhhm77l3cx7a88rvn0hzfw008eeragflcgj9dh82wmegktf470ljlu848x6uyfyhsv7ce2emtt9wrgakst3nnl5lp4tkvdcahxawmjd5djkstmeljs48jp3yr3y0h9n0knndpu369wa792jnmh4evhzuu6m7fmzpmw26s4wyllgk2z45fvq28jc5smhnyptssf0mpsrh0eufjl7gzgas0qmaha73hx8jmfvj24edfvm9na7rcqlev70jy9vtu28a0as953jff9qmr9d70enyzk43tehxvhjf0f39zjn2ne0xv0jcfqljjvddxg5n2vefeu52623a95j6xvxemryzcvfm8w6nf0fgclwvff9vyq3nttfzywempg3v4u3zm4f5xw7jptwy6juz4ta22f0atk2c6hpze3xrx55r3sp3m38atjzqz7ygk5lnf2q9g3n22y4fqj42qsyj29n8qq5jp53s6n2vhnf0ldl6q9ny80g96qmr8uczgvckn300064lc37v8whhggmhdxzyf789mm9mk8qxp8kn4t4uk72axv36dw07ll0egzcvcfx95pnpde4yjcj2vfy6yhjkw9ldalcrq92qs9g5yvd5p8kgtpc87lwrvt54km5zmdx6lfx8dp83q05cdwu5z0m026ldpfawz257y6rq7yyfjqrw9t8pxpv3yk9tpd8k4l9aknma6x34n0hkcl8u6rd2hf774n9wd443wnas89hm6uneu6j7hh2cptmdz3f59ruhwaq3eh5zyxszamunlw5gsmv83gk0ygdy3kthwn66hjh44vv2gs75auhnsuw7a92ta3whzm5c48umpuz3tkmdh2n6upj3qc4u05p6c63ck52xz73se7k99rl7nhqptncfra6sm0j9tusttl9hax8tzy3tdl73jvtq0l4avy6mmha7mvw4v2pep4gad3r6qum9pp3ddvxahmdpvzpnwt9l8qc7wkvjvmarjpje49yejf5n8x8mfjjhxcwjuhwamnd2yt9s04e0ndclq7tjd7670sgmn6k45xvsufvgw9z3f6hlluzhny7wdxuu6uumk8mdc30azuxxvuuh5mlrlwm5cvpvud7hjs996pzaym74lsrcff634aaj26hhwv7j6tv3nrn98wl4we5mk9ky9w7en03alppzwwkuqtsr34lgz8gvasgjuw9lll0dkxylghmkewdl9tkremdahhzv5a8k54nskweweeuhalu0utj7wgr9qs2czhr8lalczjtc6h6vhyw04dh8e74vznuelye3nrwm0alpw3dmj7mxx0x7mlsx4cz656huq6ep5wk5hxqdqeptw2rwm8vm0ns7tdamqm7nx4a6kxeyf0lu8f4m9vkaq6u52yu66e4dj0fvmkdtrwn8tt8zm95zd0h4gty2h5jqy7x43lj2l8nh0rrtr2dep4ldnwclxmhdhn0kclyt9qdtgdueauvamwdtl2khx9wdlarxa50uk8e8yckheycyqr0z6hf9r4jjz7
HOA,offer1qqr83wcuu2rykcmqvpsxygqq4ck4ve3uy2afng0u72pe82twt3gjvudad0k7ythen795kr2mujm2sxdxpm0yu8ddl4rkhl73mflmfasl4h75w6lllup4t7urp0mstehm8cnmc6mdxn0rvdejdfpway2ccm6srenn6urvdmgvand96gat25z4tajzajwugwt97v35ytv70wpw0mm77nnw7fwwr6le44twax8egrl084jqhtf2ged3g3r5luvjzvst0ewg6hvshsn5g7vd088y7tjlayvekpv5k0wghmh0x80fhcg74k40z99gg3ac4d29vd9a7malqh867nzde8sd3lt5c7f0mrdtvcduwfmka70m8fh90u9u8yu8q7y9qz9j7tey4mcqzdgcuhvwxdaglu2uhf74quw9s6l7t8lwmpmmrh5uxze4nuvals7a2efxdu97lnzc7tm5xz8h4m07j26lvh7rnx43l3g50pjset8m7eks2cxre9hpgy7t5crqwnqsqw8xgutsesqyslxgyq2gmf09p0729pu0lhvtplhfmenymd6z0jta77glxz0azyntrcjkk7f47m9fn8lhlq0hcmlnjtchhh09h03w3de7mw5hs2skh48c34tr7uqnu97ll62e3a00fqhhra9f20qrzg82glwtxad8x6renk246uw448h82jew9me4kuhk5rk544p2utl7svs9mgjcp5t9ptph0xgz8rqj7k8q8vlmenplvjyemq7phm0mur2v08k6ey4tjcjeht8mv8spljeulygzchu5lclnqtdr5jj2pkz2tulmxg9dtqhnwva0ys7mz2p9x48j7vcl9jjfl9yc26vefx5ej3neg454n6tfy5vcd3kxf95cnkw44xj7j33kucjj26gfrxjkjxg4jkz3jeter9n2n2v4ayzkvf49e92h2k56l6nv434xz9hzuydpg88qrrh2w6ny5q9uf3df0yj5q23rk55p2jp92kpggy5txwqpgyrfrp4w4e0xjl7n75qtkgw73t5pky033ysepd8277l4ta3tucwa0ws3kw6v5gnuwthkm4vxqvx0d82ltedu46v3r56ulllkljs9qesjvtvrxqmm2fp3ykcjg5f04vurlmllsyqz4pq232gs6gz0vskt30a7vxclgtfhc8k6v47jvw6zwzqlej6aegylxu44l6zn27y4guf5kpuggnqqxu270zvreqfy2kz6l0t7tmd8hm5dztzll0370esx2hwnuatx67mttze8mzwtwh4e8nea9atw9szlh6pzr220cwa63pn8gygdq8mlc86ag3pkc0x3vugsmf8v8wa05409lf2se53patm308pcaa6z4hlzdw9hf3w0ekrc9zhdxmw4x4ur9zpe2cmgrh3ar3fg5w94zphav2207a8wqqh03jrm4pkly2heskhk207v75yprkllapyckqllm6cf4hn0mlksu2u5njrzs6mzh5p3k2xrj66cdm0k2zcvzxukt7wf3uevfyel68yr4n22gnynexwywkh99wdsa9awdehx65gkmqltnlxm37p5hyma97lgsh84atgyepcjcjuzyzh4lllc95mu8kn3c64dt8ns2hl9dtv7aw7le8azddl26etax64y3489jd4hgnl47uzy4mvr3s06vhvjn9l6lpw54pvnyujj5fp8lml0fek8pgsj7qlkdaluqtsr34lgz8gvasgjuw9lll0dkxylghmkewdl9tkremdahhzv5a8k54nskweweeuhalu0utj7wgr9qs2czhr8lalurevzd68v3mfx6a9660lyfxu2208ertwhl65cmxeh88f8yltw07dh8yq42dt7qdvs6802t3qx3vs488p5utf0hx3npe7vlxkm7dkvvjxm8m8vz8tx8encx9tjwsh74aj504fhnyxnxwg7lj7mq5zeehk07d7hkltlx3f990n8hthqh30wfsum7j758gpnchn0798x5gw6ttmx0nulp36swhymln6ks838ze2m5d6psw7rn58avqcqnw3kgugqagqdy
HOA,offer1qqr83wcuu2rykcmqvps24k4q55wrj2l9nj3ycjwe7cnur5760kakhyjrmt0ch0gj3a4unrtnjful35hgl8lytemhv38tfkm5j9zkhamn34p08km7ut7fvywfgt94jfgcyqqwc3cyxyady0366glr4537v3ra5gtf0dql624rur7hwte7hpme4ymd6wwjfa7agl8z0az8nrzg5k7afeltrftxlmlstljk2645kevw057vtl9c2ehlamtttnlj4mkwet238khsc53np58ff8jc9aclf22ncqcjp6j8mjehtfeks7vaj4whr4dfae65kt3w7ddh9a4qa492s4wgshr73787aru0a68c8e5787lqqjlkpq00lncr9lusy4mquphm0manvv89kke54tj6jekt9m58s9ljeulygwc8c506laqy53jff9qmr9d70enyzk43tehxvhjf0f39zjn2ne0xv0jcfqljjvddxg5n2vea4w4v50ph4ukrlddc4nyzcvahxsajt3fu9kcuswp8x5mj0f7q5nyrg0fak73d929seskrthag9zenqfan2n0a94xc2zhjqtlaluqklyze2ma9gvddu8lllrq9m9ch8408d6lr4huuydnv56a7m4n0mmjw2mhfcav3ku8m87adeh6hfl0lhu5m0a8ls92f57e04vurlmllqy0k47g0v3wv8llljpcu4fhz8ngzq4m3pxyven2ckpk50h00a0l6fycjx7ce3wpmkm8lmkkx5z6wm3s8s6ptcxgf0m4th9tp78l6lj7mfa7arg6ehmmv0n7dpk4t5l02ejhx66chf7crjmaawfu7df0tm4vq4k73ryseg0p48g3ngw3rgnqrmgeng2pkc3sg2tmp6h0a4fe062sxayg0t7ctf6w8ww54dlcm23d6utn7vs6pc4mfhm4fs09nj39hpkkmxw36kver4vejapn4d6xa99dmp2n2g0cdccy8ckfuu2dv94yw9lxhlk34c0pkaffw2hhhzknne2u0s0nyhsqe7c9us7gd8zeddvxaavqrv7zrcd5h8lm9jl7k792d6plvk98kljqlkf0m6tl9xdlae75fc7vhru50k667qu9j84atunrkcdn98u3d6g6yvzjkyqe27hlllq5esxlmddv70sw3fw89dlpfntzlxu9c8tf2ucataevu7mpaacwelj7uhle0mr88u3jslngt6npmh0jjars2dwvhvt89mjuj25kyv5zm7l7d60d0kjnqj7q5dfxqpmlxllrlc8ulma77cmuzewn8e0742c08d8h76f2k56ej702mmpchrnhnldl3gtelqur4pcehjzr07tgvedh3e79lurdxyewxyw3fkxw29uln3x02cc2k2ykhh0tzam5jl7um349sg4hghx3p88ntll0lqhd9urk203fmmgju33v2fh4ltne6u2anyhlmy37nmhl7zm98dsnadv7rxg3sxq2qeprfsw55js6n40ec82lnsw4l8qat7wp6huur40ecyrechypxjtumancfaadphrdhekxcex5s0vjfvutasruaedvpwyas8wmk6lyx4qwts0lccz673z7exw98d3lyf2x9wd8lplxa3l00e0wym8340v769h7eruhphkrkeg24ch5fcfgtu9mp0d9dhxq9x5r3heskrwm36zpffuht3easeya0dcmxdxazr2ead7da6le2ttahlmlmlcxp3hxglp23culel8dzkn8g4fmmtlleepcdy83txhnd4ukq3xzmzftszm0nzptq3v4jalj7cauppl99u89mcuevl7kawmlgvuax9c030t777euetf7n4ke7dx5ku7e3d9uk4q98lkx4mcmg0ttnz94m6jn7jn34fmwakh868j5yhmem3nss83wtglljc8p3n9hnf64m2l936j0adkrlhmuu2myp65vutzuj05qu2k3y3c6fmdqq