NECKCOIN,offer1qqr83wcuu2rykcmqvpsxygqqctm6v85wjef0qldkylru6ga9m83fwua6y6hlvnfmsh43weld6q596q2nqah60rkkl63mtlmga5l447u06ml28d0ll7q64lwpshas9umanufaadfkrfhekxcex5slwjpvu0aqpuaedvp7xasxwmk6ayw442pz4ya62e7yjl8xe9zj4rp7e0j7w0agm8fee07g0ejmtadr6g4mnhxaxah5r2u26ytq2ywa0arg3nyzh5lpm37lvkwl5fm3nr5k9eshhk0jclztg0jdvnrcln6xfpupl7r0kgjqyhd98tpdrfdl5lhm94u8uet2fgrv0m488wtwcm6uxhdns04300lecdfdl7dsgv5g2qrtyux2n05kkaxh4eslnnd8y8s4k7ewda0lujv36c0gdx4awlf4ndt9ujv9dt6c084ch0yvfthzet2lgmedmlehrfhnznjntkuefe7zvth52wj7hmgrvrpu3mssz096t3s8fwgq8rny09ctcqzg0nrjq9yd5hjshl9zs78lmk9slm5auejdkap8e97l0y0np873zf43uftt0y6ldj5enlmls8h6aw6zuln0lr8ervjeu6hsaasu4gs0pxmpllgahtuxmtnca7wm3e84stm37j548sp3yr4y0h9nwknndpuem92aw826nmn4fvhzau6mwtm2pm226s9w9llgygza5fvq69zs4smhjypr3sf0trsrk0aueslkfzvas0qmaha7p4x8nmdvj24evfvm4nakrcqlev70jypvt720u0es9k36ff9qmp9970anyzk4stehxwhjg0d39qjn2ne0xv0jefyljjv9dxv5n2vegeu5262ea95j2xvxcmryj6vfm826nf0fgcmwvff9dyy3nftfry2etpgev4u3je4f4x27jptxy6juj4t4t2d0afk2c6npzm3wzxs5rnsp3m48dfj2qz7yck5hjf2q9g3m22q4fqj4tq5yz29n8qq5zp53s6h2uhnf0lfl2q9my80g46qmz8ccjgvskn4000647c47v8whhggm8dx2yf789mmd6krqxr8kn404uk72axg36dw0llm0egzsvcfx9kpnqda4yscjtvfy2yh6kwplallczqp2ss9g4ygdyp8kgt9ch7lxrv0595murmdx2lfx8dp8pq0uedwu5z0nw26lapf40z25wy6tq7yyfnlnv908s8vv2fv2kz60dt7tmd8hm5drtxl0d370e5x64wnaatx2umttza8mqwt0h4e8ne49a0w4szhk6yjng28ewa6qnn0gzgdq9mhe87agfpkc0z3v7ys6frvhwa844090t2cc53pafme08pcaa625hmzaw9hf320ekrc9zhdkmw484cr9zp3tclgr434rfdg5d9azpna2228la8wqzh8sj8m4pkly2heqkh7t06vwkyfzkmlaryckqllt6cf4hh0makca2c5rjr236mz85pekfjrz66cdm0x6zcyrxukt7wp3uaveyeh68yr9n22fnynfxwv0kn99wdsa9ewamhx65gktqltjlxm37puhyma4ulq3h84dtgvepcjcs529zn40llc9e4jl2raheu9ead3xle2k745rl2m5hmc5yat43xnlp7dthc7fejvkl6ll9uu8uuuw88pa6yleh8sktn7wtuhax58vty3xan82rskl7dlruumnx3chkr95pg6lvqrsx7uyp08wl0lhxmrx05fat0h27z3mfaak7ta3x2whm6wec28gkuu7mll6x78e89ypjs29yrtanl6lyr60nrkfj0xsc369jelt9xf9a3e8343raval8lc4hl707lnzcp4wrk2hsx4p40up4srq7apwyq6drz5ut5amjm6axcc4h98xanqheulv6eraa4e7e5lwkvx88e0j2hjhl8uvar9en93gc4lkcudtqumk4q4nt0a6hwpj04dt3anu5254kn5axmmalu5damfc89klhqelrh7hastza7875ml42zlejekpdev4p8vu75lyksxk0u2sqceqt69qfs0tvq
NECKCOIN,offer1qqr83wcuu2rykcmqvpsxygqqctm6v85wjef0qldkylru6ga9m83fwua6y6hlvnfmsh43weld6q596q2nqah60rkkl63mtlmga5l447u06ml28d0ll7q64lwpshas9umanufaadfkrfhekxcex5slwjpvu0aqpuaedvp7xasxwmk6ayw442pz4ya62e7yjl8xe9zj4rp7e0j7w0agm8fee07g0ejmtadr6g4mnhxaxah5r2u26ytq2ywa0arg3nyz24djdepvkrhhr4w7vk50g7kmzlxh6chlzfu9tep84pxdztaah67q6xpjpw62wkzmxjm0fl0kt0c0ejk5jsxgah20wukdnhacd2m8zlrz7llrj666lcmsjeqs5yxxfg20e8nh9e2umh205zdwq5gsjk56nkvldnmkk5e889p2l47z099muehmx47as0tr755tvshrytreh2a5lsl4x0plh3lj2u85ukgs90e73qdnyj6q6qu0vduqprewzuv96tsq3muaregzxrqjrv6uqzftv9754ueq4hnl7l3gx7a888vndh2fwt0hmerugflcgjdvhr27meqhtd4wdl6l5p0xg7dn29jl9a9ael0eakxnh952dnva5vk45l8k86fr5msw6ed6xe300rl6z4xfxvswzsx6ka72xdv8jmt4nkg427w75h4hun3r90e9vu8a4tjy45s0arew22s96qsctkjrqlqh9xqp8lyzqkl08s7tl3pedkperrk0hmwmcz2d0n32h949nvkfhg0sdl43ejfsls0jgh5l7q7nxf9y5z524h602vct62902u3n7d9dyyut2ff08apj70q597jf395e2jdfn9yhj3nf2h5kj2geshyuv3nx38van2d9a9znne3xyejs2xdfdy23nxv9z4jhj9tf4xnfn6g9dyj6d3j4092et742emr259nxyy02uswpqx8wzl42gcrt5szunjd9wq4yxffgk55p23fz2jpgkyuqxjqpjxr2rfj7deldnlcrk5sdhq0wrgv0hqfpnxc7pa962lljtesm66730w43cvj85uhvvt0c6pgx7ww9vh2lem4e5xf3eh6lllaxt3spqekjxgy8x56tzff3yjcj7keg4ulnlc0s3gzz4zsp3kgq7fzvdqhmavd3vj7lwgfacmn6y575v7uz7rq4ejcdlfum8u598e6e2jq4gupck37g73h4xug7rwyzc5vy5k6h7hw70m4gk8kd726n7lnwdegdtm2nvamx6kam0zpv670tjh9nxt6aalr99vy096s5rjdl5d9ks35h6qg8pnll6yjnf3xxzd7ed5zqe2l2826l2kh9l3fqrk38ul7p38e5aflj9kltvjzhlnw8c29gmphdx0t4xkyrykpesmtrz8ja3get59r96qh5t720uu8wpq50hjra5f40jf0lskhkcdwg7y93lk8eadpc7rhsm2lflhmdmm4sgtyknz9jymtrhvrpxfk9j67cdc8q2xauv8uutzfee7frf570x8yy5nw2xjvuc7dy2klt96tsa84wd4skvkq7my7thl7n3wp5m8m79z7g2khsant59pqcc24z2rll7tusfmj0wuuj0rpr9vmcc7vh64thj6tw7d4vpl96h70xwsalajk9n2jjdlchm39n3dx6y4l7ydfej6gq0jkh00ku6amse3llv760n0cuy0kkfyh5k9urt5rp4lgz8vvdsg6uwpl0l0dhxylghmkewfl4tkremfahhzv4a8kyhnckwewfeululc0utj70g89qs2szh880aluzmvmdrpfhpehgjtmevadkkvlmcm8tm04htd6wut5t4f4gmwtf037a709q4trx7g9tcype6zcgfk6zye7h44d75rde7wtj6jhllrh28ek6humyuxh4waf6y9ca04sun2l0tv4hds0mmepyx35edxvjek7lclht302pju5ka5v76tjde3l70vfq78xadqtndkmxnw9nx6lnx0g64k0uzdpjduj4zjnyh63ch7l3s6384ueuj0n3z5qq8pzhxupqnmm7
NECKCOIN,offer1qqr83wcuu2rykcmqvpsg5cuvhya8r4mfs5r2rf6hvcwah30q0pxkp8fnlwf32pstqfup7hyc2gtnnmvxcmym2ju5l77fj0lma8ef3vnlh7zwul3w758nsgmq0efgsmtmrcpsfq8a3qsyv376gara5368m2r7cjpmy3kjl2zlv52tellwc5rlwnnnkfkm4ylyhmau37vylcyfxkr340dujtak6nx0l0lqeyffleg6pmj3l9wd658l658kpl0zxyw9jmlh0xm7dz54me0fsp9nuz770u59tusvfqufpa3dma5vmg09w4t8d32457adwtdehrxxljweswmzhg2kyyt3aglrlw3787aru0a6fr00svfleqs9hmeu8jlugwtdswgcana7mk7qjntuu24edfvm9jd6rur0avwvjv8uruj9a8lsx6gey5jst32kltafjptfc4atnxteyh5cj3ff49uh4x0evqslmfxykn92f4xvwjec9zky7nkr9c754txffn92j3k08ryjct9zeuavs2jpfcu2kjf0e9xj93f48ya2njpgc5hnet62fm9u3f286sutlp92xm9as270flc803q6vk0f20ymephllue3dt8mhlk0dggcv9namwh84v9r4m6a27a890hzk7k7rmtarukfjlxnhullmlal9xmlflupf3d85vfhk5jrzfd3y3gjl2ec8lhllqgq9tup93wgq6gzwvsktph0j9chd06tjgnj6w3h2yhpm497wh5lmza4ex0a4jrgd28a38d92f0llum3teupqmzg5jmqfkfqtla6hn7ag9eantjkkllumnw2p2km5l8wek4kwmcsfxln6c4ewe67ht0gmfwgrkw3wskftx3lxs4r7dpqfhpn8ghnfj8xs5sxth736khj44a0v2gqu5dlhlsvg7d820u3vh6m5s4hum37z32xedlfncat388me7uvpckke20qhpe22ut0w7ueana0hu94xwhck6lg33f3y6alxs4phmdd8kq2tzqun4l3n8tlry90xtl5a6azmyrud92xt3nw09huma7vqdr3a7rljw8l3y6h8pruzwdulmjurvcl7dl5r9p4x9lqzwg0083pgwttphd36ytqsvmhfk22kk4telru7mc8unlaa742753r8llrwh0z7pxxeph34epthagngt8llk3mt85hvkvq2whmvjfyclyulvzjkvqet7j08rt0ut6cwr34ak5hdx7hxr36xd277v8uwnsv07707vdnm3yl4q07hcht97gjjpdmps6xuptk7pl78lctemhmlaekcenaz02ma6hs5w600dhjlvfjn477nkwz369h88kll73h37fe8zqp40upxn7yl7dlyp7xl6hpdq5sthm80dedc0zjngkhuwd8d0ex4ha52wu8uuwkp6xay9vsmnedllhlst5a838hq36jct0m60rzq8nydvkf4at23vaelaleg5ezk8levah0a7q6jcg3jzqqggmv949p5j4dzxwg6yvu35geerg3njx3r8ydzxwgqxvcrpp53lx0wl2w0rta569ud4hxf4yyms3mrr8tq0xw0tsd3nd3nk94hdr9vz6urm7xwhpqwkkl3yhcejfck4qc0ktvhnml2ze6wwtlj87u56htg7j4wu4ehdhaaqjkzk3m8x3vsnd4e5rku6pvf8k42f8gthp06lxy4e7jlma9kde8llt7tkaxatazr0wvyl8vgnrzlmlhlsf37mlutgkngwl3v8t4lgm7lnz5j0h8w9emac6jj40w299l3n9eylc0nlc5yg2grtzml3rk3v0jn5969wtf835lckja0jl9e2lk8jg44hf20psu2hzxlu8ukn20m6fhl7rlalxdnatx8n0nu2m47rkdtny6lh7hdp3uau2pxlw4fdhaedh0zhaawv08mfl28hdel0x2ysh6hvtw22rn4je990kz0r3hlt068cqp7pfmtya8he5t
NECKCOIN,offer1qqr83wcuu2rykcmqvpsq444dm8hxxaex8pk6a20uqlw6edltnl2kjlfa95fmdhyx27xd0waugrna9774d7l9ndvcleh4uu77ymnxpm438pmcxvl0pae8gvxl88uvdq59qypvqljyzz3j8mdry0k6xgldgdm2g8vjkctaftejpt08lalzsda6wwwexmw5jukl0hj8csnls3y6ewx4ahjpwkm2uml47c8cgwy5hxrnjm6qn4t49xh30m6geh54hs8g45ww8snr92n8hshhr0ac9aclf22ncqcjp6j8mjehtfeks7vaj4whr4dfae65kt3w7ddh9a4qa492s4wgshr73787aru0a68c8e5787lqqjlkpq00lncr9lusy4mquphm0manvv89kke54tj6jekt9m58s9ljeulygwc8c506laq953jff9qmr9d70enyzk43tehxvhjf0f39zjn2ne0xv0jcfqljjvddxg5n2ver8whn92esyu5j7ta8hq62nvpgk542k0xr6s52wdpl402rs0el9y7m8fx29zenf3fvhykz02wq4skt72ktgn0aq0976g59hteq9l7l7q2ljp54d7j5x2h7rlll3sze8xj7m33pdukdzcffnla046e0afwd0nrnd9gnj5hnjsuk0mc0r9jelrlh75mwa8ls8xd5733xu6jfvf9xyjdztet8zlk7lupsz48syk9fzrfqfajzc58mx8nuv56dqukhhsuc95t6v8nl8juefetspl9626fp943gralkaell4lml2dc3u6zq4juqf43yt8c2lj7mfa7arg6ehmmv0n7dpk4t5l02ejhx66chf7crjmaawfu7df0tm4vg4hx30ysef8p48ghngw30gnqrmglng2pkchsg2tmp6h0a4fe062sxayg0t7ctf6w8ww54dlcm23d6utn7vs6pc4mfhm4fs09mnluvpvkxat0vh9c2sun9wxle0jdwhu847wlnh2ugdn3cykclvjarktgaaksrtz9v350ejlgln9apxrl59mawmvpvn96x24nwe9hh6e7v70rsujql7dle3qlhnptnzjwv866lrc70kv0lzaz9jylrz7g08yp8f6gm844sm5gszdncgwt6649tet9u7ec0almaflawlg4rtuhr0lfj2rk0c3np3me2k3dn7g05ljhmmyu4d6ts2w84d2d5gu5ulsxzkdgm2z5llprrahlc97a05e7r7tejvyp80kp0hveayjm4m5kldxuuaesmzhegmk0eenz6hyr7cvkshq2a3s0l3hlj7w9lll0dkxylghmkewdl9tkremdahhzv5a8k54nskweweeuhalu0utj70cqqdt7qd5hs8ljllqhshk5c0ga9z37flmwfw8e5s6dklrjeetkf4d7axnhpltz4jwe5fft5qukt0lal7z67s45dvfquap0e8vjlvnyendufs6lrvf6kmw5s4267p47h07rs2j6sgtprxggqpprvsj55xj245veepgenjz3n8y9rxwg2xvus5veeqqejqvykj85ealaeeu9wkhgh3k7uez5qnw28vgvawpuceaw3kx9hxwcxkaud4stts08ce7uyp6j67yjlrxf8z75np73vj70llgrxfaelughmjh2adr624lj8ya7lhsz662jxvu64jz9hhxswmnq9vf4xr7a544ly6tw5fl8emxal53u0zddwtktfurs8ec4lkhz6uxjr47llluzu0k8lz795urlatf6df6wlhse4xnd6maw7ewxh532tj3eduye708kqull48zzsqjexaccjmyvn87uuaet4f8hyvz5azw4as9l5j4zrjxgaaeed92jceqwkwk247huknxhf6aa6v9euk4shaylhmqj02mwdc50388ly3k0mzvnrda334cwl5y77kckk0yjvwskrpktgl93jjf7rcje677a6vl23ktau0gj05fcqhc5jlmcnrwll7
NECKCOIN,offer1qqr83wcuu2rykcmqvps89y677fu44932dl8glp8r6ya72dkvxhgh3lx9uxrkn99zt8cdar20k3nx3460xkytjfp5yw4uh7c47v69ake40u4j8hkxfecnas0c6ayd0yulqypvqljyzz3j8mdry0k6xgldgdm2g8vjkctaftejpt08lalzsda6wwwexmw5jukl0hj8csnls3y6ewx4ahjpwkm2uml47yrgl6khtzdw2p6vlaf95czk54w28shj4tdk0n6jn56awe8n0mnpmz2qtmeljs48jp3yr3y0h9n0knndpu369wa792jnmh4evhzuu6m7fmzpmw24p2uspw8aru0a68clm5030hfvda7pp9lvzqkll8sktl3pf0kpcr8klhmx6cx2ddne2h949nvkfhg0q0l43ekfsas0ngh5l7qmfryjj2pxy2malhxg9drzhhwve0yj7nz299x58j7ucl9sjpl9ycj6v4fx5enjke5kzet6jkckjenevfl8z6tp09zhrwn3gedx2enzw9fxzkjphe5e25tx295kzkj32eghr9teg9rgzjt95kl2z6tu54gmvhjptma07qa7yrf6ea9fv30v8lllry9ca2mkcuws3z008ly4yuk22f8v3096k6fyj3vwalyxm90raufmxjjjlmlklj3dl4ljpyuktmxy6t2ff3yjcjw5ev4vanlm0usgqz47gscmyq0y3xxqtrawgexw5mzk8wj2l9uhj2uvct8eykahd6sfu8gd98lxhuhflh4h6mclllaxug7dpqzcwyy6cjdjup0e0dull23y0vmuak8elxcm236lh4yethdavt57vpeau7h97txyh4amky2tnglngg5rj6m5te58gh5gspa5deu9qmvmcy9yasam47j4uha92rxjy840w9uu8rhhg2kluf4ckax9elxc0q52a5md65c8jael7xghtrw94ktnu9gwtjhz0chexhtlr7l8den4wyxe6u22vtkew3n95w7m2paszjg68ue050ej7smpl6zauhdhqkfzlrd2envzmmadlx08ncxgq0lklus30leq4eeg8zra00eu0rmx8l303zezd330yrnjznuuyfn66cdmyvpxeuyx9ed6j454j70u78k7a75l7h04244wf3ll5e93e85fe5cdu4tgkaly968etaajw27a9c9hp6k4x6y7gw8er9tx5d4q2tlsn376luz3u8qm7ed43m8643nkf28588stmgggulxpts09lsmja454mhdkrafhp8kr959czhvvrludluhn30llmmd338697aktn0e2as7wm0dacn98fa49vu9nktkw09l0lrlzuhn7qqr2lsrd9upluhlc9u9a4xr68fg50j07mjt37dyxndhcukw2ajdt0hf5ac06c4vnkdz22aq89jmll0lshuhnnlr44d4eal38eg8e80e0udhkx48ndtfh6m5ncgvuh3skjsze6c49s3nyyqqq3kgg2wre92jxvusyweeqganjq3m8yprkwgz8vusqweqxztfrcvkl7uu7zhtt50cmdwv32yfh9r7yx2hq7vylhvmrqmn8vrt7uxje94c8nuylwxqafd0zf03rxnew2fslgkfw8ll5rnv7um7yta3t4wk3l927e8j7a0nepdd9trxwd2epqmnng8dejzmzgvpz5ezr5uk4w7qkhsja4cj8q4du7vllp9t6dveaw8ltj488nr6t9lllzuwx8l6l9sarmart69g6wllneexrt6t7w7c7xh5n2tj3advye7w8kq5lla8jzss3ezavvm58esl0jcp8gxtvkf6kh55ly0twu3ukac5v5qavm6qzl64hu8fe4umj5t6azxj8xs025l2660d4sf80ewa9te7kyjmh8scdtawt4m8z7ec0wt5l4km9cc5nad4tllytmegq07n0a9gh0llzj043956aqyvwzctsvq8895c7gxskvqt
NECKCOIN,offer1qqr83wcuu2rykcmqvpsd4lrtk0qecvztuw7mx2a4d60f3wt6ukrnvkdwe8l5k83vu2vhdp9nhpgr6cwmsgvxnh6a5aanan05tvad76anczwk0rmlweaegluc0prhrwh0dvrqsq8mz9qcer45378tfruwks8anytkfrd9u59leg583l7a3v87a80xvndhgf7f0hmerucfl5gjdv0z26mexhmv4xvl7l6pa0qaw8f8624nxffxmaya2w57yj4fw6a9ey6gnvm27ve7d55atwf0j9aulag24eqejpczpm2mhmge5s7tawkwez4tfe667kmjwxvaly4nqak4ws4dgghrc3k87aru0a68clm5jx7lqunlspgt0nnc09lesuktzuesmrmahdup9xhe64tj6kexfym48ux0ccueyu0c9evt6tls053jff9q4z4d7n6nxz7j3t6hyvlnftfp8z6j2telgvhnc9p05jvfdx25n2vedxnytzd925jujwwxtxzanxdegk2kt72fcmnzj3wx5kjuvjv9exn2vk0x08np23dxr957d9t9z4u3tzvetx2l4pjx7x25dkt6q4u7nlc0lzpyev7j57f8jr0llanjew8w0l97ae60e56rrv0nk7x45hwueava5l7tu0xjmd5hp8akne7dm0cl7l6ndm5l7quekn6xymn2f93y5cjf5f09vut7mmlsxq257qjc4ygdyp8kgtpc0emkl4ykpk84matcf5hk69duw49kaw69n3tdwx648mnmd86wh9mu9llldu4vuqcd3q2e0sy6ys9luatelw5j7735e0tla79eh9q4td60nhvm2m0dugyndead2uhvl0r5h5d5hyfm8ghcfy4ngmnc23h8s5ytsem5te5fpngtg89tagatta26uh79yqw6ylnlcxylxn487gkmadjg2l7dclpg4rvxa5eaw4crnaulwxquttv485tsu4dw9nh0wvke7hm7z6m8tcta05qe5ujdvlnf2smd5kmmqp93zwf6luer4lejznn9l6xaw4djp7wj4r9geh0jm6dwlxg83c70plexrlcj0tms36p8x78aewpkw0lxl7pzs6mzlsp8y8hjcs5h94s6kcaj9sqxdl5t99t224uln70vu87ea7kl240623n7l3hm438pn8vqec6as4mwkfuynmlm2aaj6tkmyq98tekexjywjw0krftxqv40t8ms4n747crnsd2eml6dex0202gn0kmauhhwc8077l39htp8z77jexw8fgf9n4ykp9upc6kuqrh7dl78ls0elhmaa3hc9jax0jla24s7w600a5j4df4n9u74hkr3w88087mlzshn7pc82r3n0yyxlu5l79uyaaxn68pd5hs0kmz036d5wj4nc5h7wazdtmkekas26uhuak4p2xaq9yjmlmdl7hasgk4xhj3m6ky9kfdxptasmm6yzal0jveduxjyh6p2c52ule3sqsuq0spjygpszsxgg6vr49z5x5aqxwf6qvun5qee8gpnjwsr8yaqxwfqxwgfpe53lxlv7z00tgdcmd7d3kxf4yrmyjt8zlvql8wttqt38vpmkakhep4grjurl7xqhf9wz40398mew2gs4g70wtuljrm27c6wwtajtavkmldg739zualhe4dap2nzw3tf8ptsnv9a4njuwrevfwjf0dauere9f7vx08quurmvtmwr3euwaqjmqemkun253nfaz5l7laluzv0kllz6956rhutp6a06xlhuc4ynaem3wwlwx554tmj3f0uvewf87rul79pzzjq6e66ekpjl80sku9f7yyntjl8fan07jtuaar9af038x562rrnyu9jeu4el7t5nej2sqscf65khc73ueekprnvjn0mym5p4dthfmw0gftn3rr0hffss723aeuh8u6r8lun4ch0v4ey9dky7sv0aldln9lsaewryu8mv0p74q9lawvu8y0mujs
NECKCOIN,offer1qqr83wcuu2rykcmqvpsr47arkpmdd6m2dwl5py6f40e9vhlgtshfr4v7ht07855ulr7ly4h0zam06tl4vq9l5ykr0vnlcjv7uvdw2r8peveekw7kl8tlachphwajles9qvzgplvgypry0kj8gldyw376slkysweyd5h6shm9zj70lmk9qlm5uuajdkaf8e97l0y0np87pzf4sudtm0yjldk5enlmlsz4a34cwlrf7qxc8nukhuvm2nzzk4arljt974v9e8ktclrhqfawar7g9aclf22ncqcjp6j8mjehtfeks7vaj4whr4dfae65kt3w7ddh9a4qa492s4wgshr73787aru0a68c8e5787lqqjlkpq00lncr9lusy4mquphm0manvv89kke54tj6jekt9m58s9ljeulygwc8c506laq953jff9qmr9d70enyzk43tehxvhjf0f39zjn2ne0xv0jcfqljjvddxg5n2v7amqj2h3xg6sjz8he5473rc2f34kk2pg45enwrf3evyweaewpjkxjzydd9yg5m6g3rxwunp2w24rwtejpg2h0aqw976g59hteq9l7l7q2ljp54d7j5x2h7rlll3sznxynmjlxj4a5n6a96nhda4d60h48sl8k49m3uyl0m3huu0l5xkm8d6tlllxmjf0l3lj9y55thx56tzff3yjcj7keg4ulnlc0s3gyz9agccmqq0y3x8qwl3sdnkw59vl5rguu49nn42hr7kp50d9qafa3f7ndm00q48pfalrmd8lllnw90xsqrvtzjtvpxexp87hw70m4gk8kd726n7lnwdegdtm2nvamx6kam0zpv670tjh9nxt6aalr99eywec96re9v69u6r5teyypwuxvazudxfu6zjzewl6822727k4e3fzr63h6lwr3te5af0j967twjz5lnw8c292mdkaz0r4wvalt8t3s8z6m9e7z589ft30am6nrkl47l3k5e6lzn2axx9xym2hc6jkxld4s7cpfyfrkwh7xva0cvshu3w7nhm5ty30354gex8daukln8he5pyv8le07fgl7vj2uu50spchhl7tsdnrlehusv4xsch7qfepeuwx9fedvxak8q3vxprwaxef262408u0nm0zl60lnh64t6nygll7djuutcycmvx7zh58wl5zdpual7m8dvwjajes9f2ldjfyhru3n432wesp906fcud0l30t8s0z3m0l99p7a784y0tatuwtu53twlld75uta2wrcm6l06a5q3e99stwcvx3hq2ahs0l3l7z7wa7llwdkxvlgn6klw4u9rknmmduhmzv5a0h5ans5w3deeahll5du0jwfcsqdtlqf5l38ln0eq03h74ctg9yza7emmwtwrc55694lrnfmt7f4dldznhpl8r4sw3hfptyxu7t0laluzgarayg45yw0wavfk6y5cad238su52kntrelaehuhmu2awhdtxvl7srxt3qxqgqpprds755zj6h5qee8gpnjwsr8yaqxwf6qvun5qeeyqe3qy9xj8umanufauddknfh3kxuex5shwj9vvdagpueeawpkxa5xwekjayw4s2ts0lcejay962e7yjl8xe9zj4rp7e0j7w0agm8fee07g0ejmtadr6g4mnhxaxah5r2u269v569kzd5hxswmncyzudzklrdekctsgwfvmq4uesnte7h64yzku4xf5ah4dulgn20exk787la0hpr8a07c73axs4az50807e5an84dyl0wutrnmf49f2775zgl88msf0nlrlpggg5swhf3vw8vrm5e24tr9j506tdlfau4kr8a0xrmv03jzd9h64l3a03hcsrk0ffczza3m99m3880v4djhn2664963j6llhsyegt5jj2exyjcxh6tu99nfp26tmks6twph7j7te7cynuva9dtepwwva6rsdhf4l7eplayawxsqqrxjansu39823
NECKCOIN,offer1qqr83wcuu2rykcmqvps95ue5k23hyn0wk68ajyct3dwqtr45wzdfllx9y6u95kzf7tdk2669fl05tyn2tafewhncry2jf68l7fh0h4dwg48j0hhhdet87vvpc0yx3nnxqcyqp7c3gxxgady0366glr45plvezajgmf09p0729pu0lhvtplhfmenymd6z0jta77glxz0azyntrcjkk7f47m9fn8lh7sv3a6txls0n2jfnjrwyq585mt0l09tl4l4u6uyuk2ctttejut4e7msdpqhhra9f20qrzg82glwtxad8x6renk246uw448h82jew9me4kuhk5rk542z4ezzu068clm503lhglqlxnclmuqzt7cypal70qvhljqjhvrsxldl0kd3suk6mxj4wt2txevhws7qh7t8nu3pmqlz3ltl5q7jxf9y5rvv4helxvs26k90xuej7f9axy522d209ue37tpyr72f345ezjdfn5wkz3wf58yj6mfp28uhnljfuhxur3sauxt0uewp2hu5vj0pnmhydcdply7maf09scnzr3wfvmk5dptxc932al5xqyzldy2zm4uszll0lqylequ2klt2r9v8plllccpf6paltmjzw0ef8k00sgdnenkxl0armm7d8gjv237rfk3tvex9e55rrguv3t0a07spx957enx66j2vfykyj4zt4t8yl7ll5qqq4hjykyeqreqf3jzm27l9u6tsnmqux8763udfgwwdm9acy2ep0he7cta2d5hsfevs8p8hpnlllxu270qvxcj9ykcydjgzllw4ulh2pw0v6u44hllxumjs24ka8emkd4dnk7yzfhu7k9wtkwh46m6x6t5qan5v59j2m5ve58gengvzdcve6xv6vse5xypjal5w44u4d0tmzjq89r0alurz8nf6nlyt97kay9dlxu0s523kt06v782ufe770hrqw94k2nc9cw2jhzmmhhx0vltalpdfn479kh6yv2vfxh0e59gd7mtfaszjcs8yasyvemqgepgenpa8whskeqlrf23juvmnedlxl0nqrgu00slun3lufx4ecglqnn087uhqmx8ln0aqegdf30cqnjrmeag2rj6cdmv73zcyrxa6djj444270cl8k7plyll0042h4ygellcm4mchsf3kgdudwg2al2y6zella5w6ea9m9nqzn47myjfx8e88mq54nqx2l5nec6mlz7yrq96dwmdnl6whrs8a7dpmdth66syh3tgejmwtck63xjl076lhh4s27cvkseq2a3s0l3hlj7w9lll0dkxylghmkewdl9tkremdahhzv5a8k54nskweweeuhalu0utj70cqqdt7qd5hs8ljllqhshk5c0ga9z37flmwfw8e5s6dklrjeetkf4d7axnhpltz4jwe5fft5qukt0lal7zuynt6pl9xg2hlft007ljk23jvhlknj0jg5nvj5jmvf6hc8e496wm6n7kzxvssqqzxeppfc0y42gmnjq3l8ypr7wgz8uusy0eeqglnjqpmypcfdy0pjmlmnnc2adw3lrd4ej9g3xu50cse2uresn7anvvrwvasd0ms6tykhq70snaccr494uf97yv609efxraze9cll7swdnmn0c30k9w4668u4tmy7tm470y9454vvee4myyrwwdqahxgt3ghze7teclex0dkh6kl2tk0tly046w067m769al3sllamx347hewhvq8lllj7wxxl6l4sar6art69g6wllnfmxt26t77uck8h5n2tj3adgye7w0hqsl0l86zss3fqawma7l7s6z0nwwfmh84jlx7tal2w5xlk9ntducm40mt6wgshzaaldk04lqkerka3fmsv0nf6tu0wutyemq4u6gwzaztkfc7zjmxnsun8hvnvx6ahf8maw382m4xfkgvukc458t3t0t0nmn30nwtw09q7027rgkpf88vq5qq78jpwghn2q7c
NECKCOIN,offer1qqr83wcuu2rykcmqvpst4vv3v94ut44tzwn7lx0ewse3kslg435shj7d0u0qmx0xvkwxv8pvcm8e29dyxtrl7jr94mkfgnc8hlkch8c4e06rp0965p5h4cx7a6vfg3lmrqsqpmz8qscn45378tfruwkj8ejy0k3pd9a5rlf250s06ae086u80x5ndhfe6f8hm4ruufl5g7vvfzjmm488avd9vml07ptt3knwkwgljcl8h88ls28uzchhwa9vlmprmgpnlpa0ag8tpwuewlel4qhhra9f20qrzg82glwtxad8x6renk246uw448h82jew9me4kuhk5rk542z4ezzu068clm503lhglqlxnclmuqzt7cypal70qvhljqjhvrsxldl0kd3suk6mxj4wt2txevhws7qh7t8nu3pmqlz3ltl5qsjxf9y5rvv4hel9ukjfw9yhu5tz0249unnxt6m8uejpt2chu5nztfj4y6nx2fy627tef9uhzlnwvfa8av23t9jhd0jfskghzjj3v9j4y4t2sevkzuted9rx2s26v22mzk2kv9tyj4tz02jma2vps90yzhh6lup4ug9r4n62jc2cc0ll7xgtdmxhehyntm4dtm9r5phprl83urs7jhe4xljm2w0erc9dyv0mnpj687ll0afka60lqwynfa2e2echahhlq009fus6ez6gdlllndey4lcleqsvdhget8junj0egk55djvfymj62pgeskjkteg4zkju2es95enxj359dyjj2e4e56vejf54ymz624we9yzudffejharalkw7ylfnjdf08z6j7s9995jqzut7dq2x6x9y5srydmrcxmhhh4hwtps5wl7l8lzk2lax4t732yxmgujnlmaeu7h5hydtljha0cdwf3vvq40c300uszlrxesgu09ece5kelvhz6x4llfflkekd3yc4wvj2n4t2cpp9svla6hn7af9aarfj7hlmutnw2p2km5l8wek4k7mcsfxmn664ewe778f0gmfwvn7w33skft23e85erz0fsghpnhgcn2jpx5csw2h636kh644e0u2gqa5fl8lsvf7d820u3dh6mys4lum37z32xcdmfn6ats88me7uvpgm0gydu0edupjre49kx05dnney6a7smlp7mm3xqlxx02t0nauvrs0jrgperf77n5qf58gqng6p8sp5dma7uzqg8sjlnjkdj935x0ux0hnchh3dx5vpla88zft530efetls693ecf47qjs6mzdcqnjrmeuctrj6cdmvk3jcyrx7ktywvjvxaw4jfz39u6dndzh9e9u4uwfd0037hxczwvqadhecv9ejl67t9nnmm45j9ahgjec4lsaw85f6dq62e4rdg2nlllzlzpck9zxjsnjtywld8v65v00f5hdp77jzmhv8hvx58065mxawthzxlutusxv0h02t99f808auff58axe2wr9teg6n7ee0kzlp4am32xl7454850cqhqxrvusywlehlcl7p087l0hkxlzkt5e7t0h27zemfaak6t43xxwhm6k6cw8c5uulml72z70c8qagxxdusqmle9luhs3hum0gu95jkp7lveu8ph372xdz6lem5e40x6xlk3ftjlnj658gm5q5jt0l9hl7luq7kn7mvu706u02cwhmzp9wwcvhptgl8r5cv4cu7gefa8r580caavkqyevygepqqyydkz6js6f2k398gdz2ws6y5ap5ff6rgjn5x398gqrxgzs56gln8h04883476dz7x6mny6jzdcga33n4s8n884cxcekcemz6mk3jkpdwpalr8tss8tt0cjtuveyut2sv8m9kteal4pva889lerlw2dt450f2hw2umkm77sftptg7n4gkgfk6u6pmwdq4wh6hchd44x0x479xud76d44p80n3vjwntc0jk08gzrw98d8x2hralllllq59qey4mkl8rky2h6rcw459uh9dmd49ffmw98mnt6nc43t0ufpyy46rp2zspq4qyk2h9mer9nqna76sd3k0fyvlh0ja06qelu35zcm7e5h4alfsmjmgx3f9ew725p6uaajzvf7guhhn9mrudkdvzftjlh44vcgm4e0eg42v00hhhrsceqtfq2hexey7eslvrhaz24fpxkjcum6rvtfh9delepjvupy3tfsq9a9r2nqkmrsuj
NECKCOIN,offer1qqr83wcuu2rykcmqvpsz48qe6sl8n3hyj7e7x87wlal4jjkxa39w44xcqjmdf6gnnecwmwxnk3vxpu55pjtun6ddw7an9g6a8gj6f4rk6sdxlhxc4gumlg68azdrktehqvzgplvgypry0kj8gldyw376slkysweyd5h6shm9zj70lmk9qlm5uuajdkaf8e97l0y0np87pzf4sudtm0yjldk5enlmlgzw0t4xtfuadj26hh0drcw7m6un8m6znrh9v0vhg27xgwm4l876unckes0mp7j548sppyra90h9rwknnd9uem92aw822nmm5fghjluj6wtm6pmzt4p2unpxxaru0a68clm50j0mfutawzp9lvxqwal83xtleqfrkpur0klh6xuc7td9jf2h949nvk0hc0qrl9ne7gs4303gl4ljqgdr5jj2pkz2tuljltdyhqjt72p3842j7fen9adnlveq44vr72f345ezjdfn4xjd909u5j7rs0ehxy7mlk9g4serhhayctyr3fdgkqe2j234cwktpw9uxj3mygpdk89dst9txz46g233h4fdl3xj22hjqtlaluqjlyz32madgv9vu8lllrq9r37keelmhzf3wj04xhxhx7340lhhla5y5n9tms2z3a82vm6s8uj7ll8l0afka60lqwynfa2e2echahhlq009fus6ez6gdlllndey4lcleqsvdhget8junj0egk55djvfymj62pgeskjkteg4zkju2es95enxj359dyjj2e4e56vejf54ymz624we9yzudffejharalkw7ylfnjdf08z6j7s9995jqzut7dq2x6x9y5srydmrc8djx7ewm7ed4spla4m5qlhycs4wrzs0d34prdlh8vvhzz4tc4vn2mqz8yck8q2hvghhlg9033vc9wrju7v62vmkt3dttll55lmy6xujv2hxf9f694vqsjuxl7atelw5zu7e4ett0l7deh9q4td60nhvm2m8dugyn0eav2uhva0t4h5d5hxpl8vcgtya4gcn2w33x5cymsen5vf4eqn2vgr9mlgatte267hk9yqw2xlmlcxy0xn487gktad6g2m7dclpg4rvkl5euw4cnnaulwzqydhurx78vk7gepu6zer8mxaeujdwlgdlsad4eny0rr849ha77xpsxep5q73570f6qy6r5qf5aqncp6xawawpqy8ce0e3txazgcr0lrrmeutnckn2kzlknn4y9cgla5c40cd2euuy6aqfgdf3k7qfepeuww9eedvxaktqevxprwm89dax9klts5f878jttmwkn505a08vjj0va29m7jwx8w4n8nlaravhm6lrcxw80hh6maydft373x0muueuzjkdqe2w4lllq5t4t8mwf6776x0986e7n2prtl3hd2g8p4eka682vmx7rapexkf6n7kaluz7dlvuw0f7grsl7llpdsdpkdj8u6hnec5tvn293ys4m0ttjllmzlsnq9mpj68qpnkwpl7xluteehmlaakcenaz0wmdchc4w600dhj7vfjn477jkwz369l88jll73l37fehqqp40cpkn7p0l9l5r7x76npaz5s2hm8lde9c0xjrgkluwf8d0ex4he56wu8au2kp6x499vstnedllhls2ztkma6576zlzv5z7l95ndalmaw49wx8meuchzhlculxcfng7878hh6xzxv3syqzqeprfsw542s6n5ppm8gzrkwsy8vaqgwe6qsan5ppmypf2py08jrumlncgaad3hrdhejxgexus0gjewurasruamdvpwyas9wmk6mykhqwtstlccz494u297yu709efzzazeaeln7qwdtmnte30kd04jm8u4r6yktmh7lx94592vf64h9y9wxdq4kkwtnq7engu0agc2n8devz58y0fahsrcfjvqlfrcr3xatmee2wrhlpcl0lelalgzq5zuhh6euj0cs2rf0pmx3hwl9evwk439au5lvd8g02h9glp9ysj0gvpg2g9zjq6ekkw7dscjgylc452k7g08jeex4ghjfm85hku50lj8j2l9w8a0jwx87mmnj8w6xteypn49wu4d070ms5tn8ryeu8fnlww24xez5eln4530af0vqfenghkwkp7wx2rsf2yl0x83k8fv4ylmderd47dxp3u8sf54tvwyjsqkxzvjjsph9x6c
NECKCOIN,offer1qqr83wcuu2rykcmqvpsxygqqctm6v85wjef0qldkylru6ga9m83fwua6y6hlvnfmsh43weld6q596q2nqah60rkkl63mtlmga5l447u06ml28d0ll7q64lwpshas9umanufaadfkrfhekxcex5slwjpvu0aqpuaedvp7xasxwmk6ayw442pz4ya62e7yjl8xe9zj4rp7e0j7w0agm8fee07g0ejmtadr6g4mnhxaxah5r2u26ytq2ywa0arg3nyzh5lpm37lvkwl5fm3nr5k9eshhk0jclztg0jdvnrcln6xfpupl7r0kgjqyhd98tpdrfdl5lhm94u8uet2fgrv0m488wtwcm6uxhdns04300lecdfdl7dsgv5g2qrtyux2n05kkaxh4eslnnd8y8s4k7ewda0lujv36c0gdx4awlf4ndt9ujv9dt6c084ch0yvfthzet2lgmedmlehrfhnznjntkuefe7zvth52wj7hmgrvrpu3mssz096t3s8fwgq8rny09ctcqzg0nrjq9yd5hjshl9zs78lmk9slm5auejdkap8e97l0y0np873zf43uftt0y6ldj5enlmls8h6aw6zuln0lr8ervjeu6hsaasu4gs0pxmpllgahtuxmtnca7wm3e84stm37j548sp3yr4y0h9nwknndpuem92aw826nmn4fvhzau6mwtm2pm226s9w9llgygza5fvq69zs4smhjypr3sf0trsrk0aueslkfzvas0qmaha7p4x8nmdvj24evfvm4nakrcqlev70jypvt720u0es9k36ff9qmp9970anyzk4stehxwhjg0d39qjn2ne0xv0jefyljjv9dxv5n2vegeu5262ea95j2xvxcmryj6vfm826nf0fgcmwvff9dyy3nftfry2etpgev4u3je4f4x27jptxy6juj4t4t2d0afk2c6npzm3wzxs5rnsp3m48dfj2qz7yck5hjf2q9g3m22q4fqj4tq5yz29n8qq5zp53s6h2uhnf0lfl2q9my80g46qmz8ccjgvskn4000647c47v8whhggm8dx2yf789mmd6krqxr8kn404uk72axg36dw0llm0egzsvcfx9kpnqda4yscjtvfy2yh6kwplallczqp2ss9g4ygdyp8kgt9ch7lxrv0595murmdx2lfx8dp8pq0uedwu5z0nw26lapf40z25wy6tq7yyfnlnv908s8vv2fv2kz60dt7tmd8hm5drtxl0d370e5x64wnaatx2umttza8mqwt0h4e8ne49a0w4szhk6yjng28ewa6qnn0gzgdq9mhe87agfpkc0z3v7ys6frvhwa844090t2cc53pafme08pcaa625hmzaw9hf320ekrc9zhdkmw484cr9zp3tclgr434rfdg5d9azpna2228la8wqzh8sj8m4pkly2heqkh7t06vwkyfzkmlaryckqllt6cf4hh0makca2c5rjr236mz85pekfjrz66cdm0x6zcyrxukt7wp3uaveyeh68yr9n22fnynfxwv0kn99wdsa9ewamhx65gktqltjlxm37puhyma4ulq3h84dtgvepcjcs529zn40llc9e4jl2raheu9ead3xle2k745rl2m5hmc5yat43xnlp7dthc7fejvkl6ll9uu8uuuw88pa6yleh8sktn7wtuhax58vty3xan82rskl7dlruumnx3chkr95pg6lvqrsx7uyp08wl0lhxmrx05fat0h27z3mfaak7ta3x2whm6wec28gkuu7mll6x78e89ypjs29yrtanl6lyr60nrkfj0xsc369jelt9xf9a3e8343raval8lc4hl707lnzcp4wrk2hsx4p40up4srq7apwyq6drz5ut5amjm6axcc4h98xanqheulv6eraa4e7e5lwkvx88e0j2hjhl8uvar9en93gc4lkcudtqumk4q4nt0a6hwpj04dt3anu5254kn5axmmalu5damfc89klhqelrh7hastza7875ml42zlejekpdev4p8vu75lyksxk0u2sqceqt69qfs0tvq
NECKCOIN,offer1qqr83wcuu2rykcmqvpsxygqqctm6v85wjef0qldkylru6ga9m83fwua6y6hlvnfmsh43weld6q596q2nqah60rkkl63mtlmga5l447u06ml28d0ll7q64lwpshas9umanufaadfkrfhekxcex5slwjpvu0aqpuaedvp7xasxwmk6ayw442pz4ya62e7yjl8xe9zj4rp7e0j7w0agm8fee07g0ejmtadr6g4mnhxaxah5r2u26ytq2ywa0arg3nyz24djdepvkrhhr4w7vk50g7kmzlxh6chlzfu9tep84pxdztaah67q6xpjpw62wkzmxjm0fl0kt0c0ejk5jsxgah20wukdnhacd2m8zlrz7llrj666lcmsjeqs5yxxfg20e8nh9e2umh205zdwq5gsjk56nkvldnmkk5e889p2l47z099muehmx47as0tr755tvshrytreh2a5lsl4x0plh3lj2u85ukgs90e73qdnyj6q6qu0vduqprewzuv96tsq3muaregzxrqjrv6uqzftv9754ueq4hnl7l3gx7a888vndh2fwt0hmerugflcgjdvhr27meqhtd4wdl6l5p0xg7dn29jl9a9ael0eakxnh952dnva5vk45l8k86fr5msw6ed6xe300rl6z4xfxvswzsx6ka72xdv8jmt4nkg427w75h4hun3r90e9vu8a4tjy45s0arew22s96qsctkjrqlqh9xqp8lyzqkl08s7tl3pedkperrk0hmwmcz2d0n32h949nvkfhg0sdl43ejfsls0jgh5l7q7nxf9y5z524h602vct62902u3n7d9dyyut2ff08apj70q597jf395e2jdfn9yhj3nf2h5kj2geshyuv3nx38van2d9a9znne3xyejs2xdfdy23nxv9z4jhj9tf4xnfn6g9dyj6d3j4092et742emr259nxyy02uswpqx8wzl42gcrt5szunjd9wq4yxffgk55p23fz2jpgkyuqxjqpjxr2rfj7deldnlcrk5sdhq0wrgv0hqfpnxc7pa962lljtesm66730w43cvj85uhvvt0c6pgx7ww9vh2lem4e5xf3eh6lllaxt3spqekjxgy8x56tzff3yjcj7keg4ulnlc0s3gzz4zsp3kgq7fzvdqhmavd3vj7lwgfacmn6y575v7uz7rq4ejcdlfum8u598e6e2jq4gupck37g73h4xug7rwyzc5vy5k6h7hw70m4gk8kd726n7lnwdegdtm2nvamx6kam0zpv670tjh9nxt6aalr99vy096s5rjdl5d9ks35h6qg8pnll6yjnf3xxzd7ed5zqe2l2826l2kh9l3fqrk38ul7p38e5aflj9kltvjzhlnw8c29gmphdx0t4xkyrykpesmtrz8ja3get59r96qh5t720uu8wpq50hjra5f40jf0lskhkcdwg7y93lk8eadpc7rhsm2lflhmdmm4sgtyknz9jymtrhvrpxfk9j67cdc8q2xauv8uutzfee7frf570x8yy5nw2xjvuc7dy2klt96tsa84wd4skvkq7my7thl7n3wp5m8m79z7g2khsant59pqcc24z2rll7tusfmj0wuuj0rpr9vmcc7vh64thj6tw7d4vpl96h70xwsalajk9n2jjdlchm39n3dx6y4l7ydfej6gq0jkh00ku6amse3llv760n0cuy0kkfyh5k9urt5rp4lgz8vvdsg6uwpl0l0dhxylghmkewfl4tkremfahhzv4a8kyhnckwewfeululc0utj70g89qs2szh880aluzmvmdrpfhpehgjtmevadkkvlmcm8tm04htd6wut5t4f4gmwtf037a709q4trx7g9tcype6zcgfk6zye7h44d75rde7wtj6jhllrh28ek6humyuxh4waf6y9ca04sun2l0tv4hds0mmepyx35edxvjek7lclht302pju5ka5v76tjde3l70vfq78xadqtndkmxnw9nx6lnx0g64k0uzdpjduj4zjnyh63ch7l3s6384ueuj0n3z5qq8pzhxupqnmm8
NECKCOIN,offer1qqr83wcuu2rykcmqvpsg5cuvhya8r4mfs5r2rf6hvcwah30q0pxkp8fnlwf32pstqfup7hyc2gtnnmvxcmym2ju5l77fj0lma8ef3vnlh7zwul3w758nsgmq0efgsmtmrcpsfq8a3qsyv376gara5368m2r7cjpmy3kjl2zlv52tellwc5rlwnnnkfkm4ylyhmau37vylcyfxkr340dujtak6nx0l0lqeyffleg6pmj3l9wd658l658kpl0zxyw9jmlh0xm7dz54me0fsp9nuz770u59tusvfqufpa3dma5vmg09w4t8d32457adwtdehrxxljweswmzhg2kyyt3aglrlw3787aru0a6fr00svfleqs9hmeu8jlugwtdswgcana7mk7qjntuu24edfvm9jd6rur0avwvjv8uruj9a8lsx6gey5jst32kltafjptfc4atnxteyh5cj3ff49uh4x0evqslmfxykn92f4xvwjec9zky7nkr9c754txffn92j3k08ryjct9zeuavs2jpfcu2kjf0e9xj93f48ya2njpgc5hnet62fm9u3f286sutlp92xm9as270flc803q6vk0f20ymephllue3dt8mhlk0dggcv9namwh84v9r4m6a27a890hzk7k7rmtarukfjlxnhullmlal9xmlflupf3d85vfhk5jrzfd3y3gjl2ec8lhllqgq9tup93wgq6gzwvsktph0j9chd06tjgnj6w3h2yhpm497wh5lmza4ex0a4jrgd28a38d92f0llum3teupqmzg5jmqfkfqtla6hn7ag9eantjkkllumnw2p2km5l8wek4kwmcsfxln6c4ewe67ht0gmfwgrkw3wskftx3lxs4r7dpqfhpn8ghnfj8xs5sxth736khj44a0v2gqu5dlhlsvg7d820u3vh6m5s4hum37z32xedlfncat388me7uvpckke20qhpe22ut0w7ueana0hu94xwhck6lg33f3y6alxs4phmdd8kq2tzqun4l3n8tlry90xtl5a6azmyrud92xt3nw09huma7vqdr3a7rljw8l3y6h8pruzwdulmjurvcl7dl5r9p4x9lqzwg0083pgwttphd36ytqsvmhfk22kk4telru7mc8unlaa742753r8llrwh0z7pxxeph34epthagngt8llk3mt85hvkvq2whmvjfyclyulvzjkvqet7j08rt0ut6cwr34ak5hdx7hxr36xd277v8uwnsv07707vdnm3yl4q07hcht97gjjpdmps6xuptk7pl78lctemhmlaekcenaz02ma6hs5w600dhjlvfjn477nkwz369h88kll73h37fe8zqp40upxn7yl7dlyp7xl6hpdq5sthm80dedc0zjngkhuwd8d0ex4ha52wu8uuwkp6xay9vsmnedllhlst5a838hq36jct0m60rzq8nydvkf4at23vaelaleg5ezk8levah0a7q6jcg3jzqqggmv949p5j4dzxwg6yvu35geerg3njx3r8ydzxwgqxvcrpp53lx0wl2w0rta569ud4hxf4yyms3mrr8tq0xw0tsd3nd3nk94hdr9vz6urm7xwhpqwkkl3yhcejfck4qc0ktvhnml2ze6wwtlj87u56htg7j4wu4ehdhaaqjkzk3m8x3vsnd4e5rku6pvf8k42f8gthp06lxy4e7jlma9kde8llt7tkaxatazr0wvyl8vgnrzlmlhlsf37mlutgkngwl3v8t4lgm7lnz5j0h8w9emac6jj40w299l3n9eylc0nlc5yg2grtzml3rk3v0jn5969wtf835lckja0jl9e2lk8jg44hf20psu2hzxlu8ukn20m6fhl7rlalxdnatx8n0nu2m47rkdtny6lh7hdp3uau2pxlw4fdhaedh0zhaawv08mfl28hdel0x2ysh6hvtw22rn4je990kz0r3hlt068cqp7pfmtya8he5t
NECKCOIN,offer1qqr83wcuu2rykcmqvpsq444dm8hxxaex8pk6a20uqlw6edltnl2kjlfa95fmdhyx27xd0waugrna9774d7l9ndvcleh4uu77ymnxpm438pmcxvl0pae8gvxl88uvdq59qypvqljyzz3j8mdry0k6xgldgdm2g8vjkctaftejpt08lalzsda6wwwexmw5jukl0hj8csnls3y6ewx4ahjpwkm2uml47c8cgwy5hxrnjm6qn4t49xh30m6geh54hs8g45ww8snr92n8hshhr0ac9aclf22ncqcjp6j8mjehtfeks7vaj4whr4dfae65kt3w7ddh9a4qa492s4wgshr73787aru0a68c8e5787lqqjlkpq00lncr9lusy4mquphm0manvv89kke54tj6jekt9m58s9ljeulygwc8c506laq953jff9qmr9d70enyzk43tehxvhjf0f39zjn2ne0xv0jcfqljjvddxg5n2ver8whn92esyu5j7ta8hq62nvpgk542k0xr6s52wdpl402rs0el9y7m8fx29zenf3fvhykz02wq4skt72ktgn0aq0976g59hteq9l7l7q2ljp54d7j5x2h7rlll3sze8xj7m33pdukdzcffnla046e0afwd0nrnd9gnj5hnjsuk0mc0r9jelrlh75mwa8ls8xd5733xu6jfvf9xyjdztet8zlk7lupsz48syk9fzrfqfajzc58mx8nuv56dqukhhsuc95t6v8nl8juefetspl9626fp943gralkaell4lml2dc3u6zq4juqf43yt8c2lj7mfa7arg6ehmmv0n7dpk4t5l02ejhx66chf7crjmaawfu7df0tm4vg4hx30ysef8p48ghngw30gnqrmglng2pkchsg2tmp6h0a4fe062sxayg0t7ctf6w8ww54dlcm23d6utn7vs6pc4mfhm4fs09mnluvpvkxat0vh9c2sun9wxle0jdwhu847wlnh2ugdn3cykclvjarktgaaksrtz9v350ejlgln9apxrl59mawmvpvn96x24nwe9hh6e7v70rsujql7dle3qlhnptnzjwv866lrc70kv0lzaz9jylrz7g08yp8f6gm844sm5gszdncgwt6649tet9u7ec0almaflawlg4rtuhr0lfj2rk0c3np3me2k3dn7g05ljhmmyu4d6ts2w84d2d5gu5ulsxzkdgm2z5llprrahlc97a05e7r7tejvyp80kp0hveayjm4m5kldxuuaesmzhegmk0eenz6hyr7cvkshq2a3s0l3hlj7w9lll0dkxylghmkewdl9tkremdahhzv5a8k54nskweweeuhalu0utj70cqqdt7qd5hs8ljllqhshk5c0ga9z37flmwfw8e5s6dklrjeetkf4d7axnhpltz4jwe5fft5qukt0lal7z67s45dvfquap0e8vjlvnyendufs6lrvf6kmw5s4267p47h07rs2j6sgtprxggqpprvsj55xj245veepgenjz3n8y9rxwg2xvus5veeqqejqvykj85ealaeeu9wkhgh3k7uez5qnw28vgvawpuceaw3kx9hxwcxkaud4stts08ce7uyp6j67yjlrxf8z75np73vj70llgrxfaelughmjh2adr624lj8ya7lhsz662jxvu64jz9hhxswmnq9vf4xr7a544ly6tw5fl8emxal53u0zddwtktfurs8ec4lkhz6uxjr47llluzu0k8lz795urlatf6df6wlhse4xnd6maw7ewxh532tj3eduye708kqull48zzsqjexaccjmyvn87uuaet4f8hyvz5azw4as9l5j4zrjxgaaeed92jceqwkwk247huknxhf6aa6v9euk4shaylhmqj02mwdc50388ly3k0mzvnrda334cwl5y77kckk0yjvwskrpktgl93jjf7rcje677a6vl23ktau0gj05fcqhc5jlmcnrwll8
NECKCOIN,offer1qqr83wcuu2rykcmqvps89y677fu44932dl8glp8r6ya72dkvxhgh3lx9uxrkn99zt8cdar20k3nx3460xkytjfp5yw4uh7c47v69ake40u4j8hkxfecnas0c6ayd0yulqypvqljyzz3j8mdry0k6xgldgdm2g8vjkctaftejpt08lalzsda6wwwexmw5jukl0hj8csnls3y6ewx4ahjpwkm2uml47yrgl6khtzdw2p6vlaf95czk54w28shj4tdk0n6jn56awe8n0mnpmz2qtmeljs48jp3yr3y0h9n0knndpu369wa792jnmh4evhzuu6m7fmzpmw24p2uspw8aru0a68clm5030hfvda7pp9lvzqkll8sktl3pf0kpcr8klhmx6cx2ddne2h949nvkfhg0q0l43ekfsas0ngh5l7qmfryjj2pxy2malhxg9drzhhwve0yj7nz299x58j7ucl9sjpl9ycj6v4fx5enjke5kzet6jkckjenevfl8z6tp09zhrwn3gedx2enzw9fxzkjphe5e25tx295kzkj32eghr9teg9rgzjt95kl2z6tu54gmvhjptma07qa7yrf6ea9fv30v8lllry9ca2mkcuws3z008ly4yuk22f8v3096k6fyj3vwalyxm90raufmxjjjlmlklj3dl4ljpyuktmxy6t2ff3yjcjw5ev4vanlm0usgqz47gscmyq0y3xxqtrawgexw5mzk8wj2l9uhj2uvct8eykahd6sfu8gd98lxhuhflh4h6mclllaxug7dpqzcwyy6cjdjup0e0dull23y0vmuak8elxcm236lh4yethdavt57vpeau7h97txyh4amky2tnglngg5rj6m5te58gh5gspa5deu9qmvmcy9yasam47j4uha92rxjy840w9uu8rhhg2kluf4ckax9elxc0q52a5md65c8jael7xghtrw94ktnu9gwtjhz0chexhtlr7l8den4wyxe6u22vtkew3n95w7m2paszjg68ue050ej7smpl6zauhdhqkfzlrd2envzmmadlx08ncxgq0lklus30leq4eeg8zra00eu0rmx8l303zezd330yrnjznuuyfn66cdmyvpxeuyx9ed6j454j70u78k7a75l7h04244wf3ll5e93e85fe5cdu4tgkaly968etaajw27a9c9hp6k4x6y7gw8er9tx5d4q2tlsn376luz3u8qm7ed43m8643nkf28588stmgggulxpts09lsmja454mhdkrafhp8kr959czhvvrludluhn30llmmd338697aktn0e2as7wm0dacn98fa49vu9nktkw09l0lrlzuhn7qqr2lsrd9upluhlc9u9a4xr68fg50j07mjt37dyxndhcukw2ajdt0hf5ac06c4vnkdz22aq89jmll0lshuhnnlr44d4eal38eg8e80e0udhkx48ndtfh6m5ncgvuh3skjsze6c49s3nyyqqq3kgg2wre92jxvusyweeqganjq3m8yprkwgz8vusqweqxztfrcvkl7uu7zhtt50cmdwv32yfh9r7yx2hq7vylhvmrqmn8vrt7uxje94c8nuylwxqafd0zf03rxnew2fslgkfw8ll5rnv7um7yta3t4wk3l927e8j7a0nepdd9trxwd2epqmnng8dejzmzgvpz5ezr5uk4w7qkhsja4cj8q4du7vllp9t6dveaw8ltj488nr6t9lllzuwx8l6l9sarmart69g6wllneexrt6t7w7c7xh5n2tj3advye7w8kq5lla8jzss3ezavvm58esl0jcp8gxtvkf6kh55ly0twu3ukac5v5qavm6qzl64hu8fe4umj5t6azxj8xs025l2660d4sf80ewa9te7kyjmh8scdtawt4m8z7ec0wt5l4km9cc5nad4tllytmegq07n0a9gh0llzj043956aqyvwzctsvq8895c7gxskvqt
NECKCOIN,offer1qqr83wcuu2rykcmqvpsd4lrtk0qecvztuw7mx2a4d60f3wt6ukrnvkdwe8l5k83vu2vhdp9nhpgr6cwmsgvxnh6a5aanan05tvad76anczwk0rmlweaegluc0prhrwh0dvrqsq8mz9qcer45378tfruwks8anytkfrd9u59leg583l7a3v87a80xvndhgf7f0hmerucfl5gjdv0z26mexhmv4xvl7l6pa0qaw8f8624nxffxmaya2w57yj4fw6a9ey6gnvm27ve7d55atwf0j9aulag24eqejpczpm2mhmge5s7tawkwez4tfe667kmjwxvaly4nqak4ws4dgghrc3k87aru0a68clm5jx7lqunlspgt0nnc09lesuktzuesmrmahdup9xhe64tj6kexfym48ux0ccueyu0c9evt6tls053jff9q4z4d7n6nxz7j3t6hyvlnftfp8z6j2telgvhnc9p05jvfdx25n2vedxnytzd925jujwwxtxzanxdegk2kt72fcmnzj3wx5kjuvjv9exn2vk0x08np23dxr957d9t9z4u3tzvetx2l4pjx7x25dkt6q4u7nlc0lzpyev7j57f8jr0llanjew8w0l97ae60e56rrv0nk7x45hwueava5l7tu0xjmd5hp8akne7dm0cl7l6ndm5l7quekn6xymn2f93y5cjf5f09vut7mmlsxq257qjc4ygdyp8kgtpc0emkl4ykpk84matcf5hk69duw49kaw69n3tdwx648mnmd86wh9mu9llldu4vuqcd3q2e0sy6ys9luatelw5j7735e0tla79eh9q4td60nhvm2m0dugyndead2uhvl0r5h5d5hyfm8ghcfy4ngmnc23h8s5ytsem5te5fpngtg89tagatta26uh79yqw6ylnlcxylxn487gkmadjg2l7dclpg4rvxa5eaw4crnaulwxquttv485tsu4dw9nh0wvke7hm7z6m8tcta05qe5ujdvlnf2smd5kmmqp93zwf6luer4lejznn9l6xaw4djp7wj4r9geh0jm6dwlxg83c70plexrlcj0tms36p8x78aewpkw0lxl7pzs6mzlsp8y8hjcs5h94s6kcaj9sqxdl5t99t224uln70vu87ea7kl240623n7l3hm438pn8vqec6as4mwkfuynmlm2aaj6tkmyq98tekexjywjw0krftxqv40t8ms4n747crnsd2eml6dex0202gn0kmauhhwc8077l39htp8z77jexw8fgf9n4ykp9upc6kuqrh7dl78ls0elhmaa3hc9jax0jla24s7w600a5j4df4n9u74hkr3w88087mlzshn7pc82r3n0yyxlu5l79uyaaxn68pd5hs0kmz036d5wj4nc5h7wazdtmkekas26uhuak4p2xaq9yjmlmdl7hasgk4xhj3m6ky9kfdxptasmm6yzal0jveduxjyh6p2c52ule3sqsuq0spjygpszsxgg6vr49z5x5aqxwf6qvun5qee8gpnjwsr8yaqxwfqxwgfpe53lxlv7z00tgdcmd7d3kxf4yrmyjt8zlvql8wttqt38vpmkakhep4grjurl7xqhf9wz40398mew2gs4g70wtuljrm27c6wwtajtavkmldg739zualhe4dap2nzw3tf8ptsnv9a4njuwrevfwjf0dauere9f7vx08quurmvtmwr3euwaqjmqemkun253nfaz5l7laluzv0kllz6956rhutp6a06xlhuc4ynaem3wwlwx554tmj3f0uvewf87rul79pzzjq6e66ekpjl80sku9f7yyntjl8fan07jtuaar9af038x562rrnyu9jeu4el7t5nej2sqscf65khc73ueekprnvjn0mym5p4dthfmw0gftn3rr0hffss723aeuh8u6r8lun4ch0v4ey9dky7sv0aldln9lsaewryu8mv0p74q9lawvu8y0mujs
NECKCOIN,offer1qqr83wcuu2rykcmqvpsr47arkpmdd6m2dwl5py6f40e9vhlgtshfr4v7ht07855ulr7ly4h0zam06tl4vq9l5ykr0vnlcjv7uvdw2r8peveekw7kl8tlachphwajles9qvzgplvgypry0kj8gldyw376slkysweyd5h6shm9zj70lmk9qlm5uuajdkaf8e97l0y0np87pzf4sudtm0yjldk5enlmlsz4a34cwlrf7qxc8nukhuvm2nzzk4arljt974v9e8ktclrhqfawar7g9aclf22ncqcjp6j8mjehtfeks7vaj4whr4dfae65kt3w7ddh9a4qa492s4wgshr73787aru0a68c8e5787lqqjlkpq00lncr9lusy4mquphm0manvv89kke54tj6jekt9m58s9ljeulygwc8c506laq953jff9qmr9d70enyzk43tehxvhjf0f39zjn2ne0xv0jcfqljjvddxg5n2v7amqj2h3xg6sjz8he5473rc2f34kk2pg45enwrf3evyweaewpjkxjzydd9yg5m6g3rxwunp2w24rwtejpg2h0aqw976g59hteq9l7l7q2ljp54d7j5x2h7rlll3sznxynmjlxj4a5n6a96nhda4d60h48sl8k49m3uyl0m3huu0l5xkm8d6tlllxmjf0l3lj9y55thx56tzff3yjcj7keg4ulnlc0s3gyz9agccmqq0y3x8qwl3sdnkw59vl5rguu49nn42hr7kp50d9qafa3f7ndm00q48pfalrmd8lllnw90xsqrvtzjtvpxexp87hw70m4gk8kd726n7lnwdegdtm2nvamx6kam0zpv670tjh9nxt6aalr99eywec96re9v69u6r5teyypwuxvazudxfu6zjzewl6822727k4e3fzr63h6lwr3te5af0j967twjz5lnw8c292mdkaz0r4wvalt8t3s8z6m9e7z589ft30am6nrkl47l3k5e6lzn2axx9xym2hc6jkxld4s7cpfyfrkwh7xva0cvshu3w7nhm5ty30354gex8daukln8he5pyv8le07fgl7vj2uu50spchhl7tsdnrlehusv4xsch7qfepeuwx9fedvxak8q3vxprwaxef262408u0nm0zl60lnh64t6nygll7djuutcycmvx7zh58wl5zdpual7m8dvwjajes9f2ldjfyhru3n432wesp906fcud0l30t8s0z3m0l99p7a784y0tatuwtu53twlld75uta2wrcm6l06a5q3e99stwcvx3hq2ahs0l3l7z7wa7llwdkxvlgn6klw4u9rknmmduhmzv5a0h5ans5w3deeahll5du0jwfcsqdtlqf5l38ln0eq03h74ctg9yza7emmwtwrc55694lrnfmt7f4dldznhpl8r4sw3hfptyxu7t0laluzgarayg45yw0wavfk6y5cad238su52kntrelaehuhmu2awhdtxvl7srxt3qxqgqpprds755zj6h5qee8gpnjwsr8yaqxwf6qvun5qeeyqe3qy9xj8umanufauddknfh3kxuex5shwj9vvdagpueeawpkxa5xwekjayw4s2ts0lcejay962e7yjl8xe9zj4rp7e0j7w0agm8fee07g0ejmtadr6g4mnhxaxah5r2u269v569kzd5hxswmncyzudzklrdekctsgwfvmq4uesnte7h64yzku4xf5ah4dulgn20exk787la0hpr8a07c73axs4az50807e5an84dyl0wutrnmf49f2775zgl88msf0nlrlpggg5swhf3vw8vrm5e24tr9j506tdlfau4kr8a0xrmv03jzd9h64l3a03hcsrk0ffczza3m99m3880v4djhn2664963j6llhsyegt5jj2exyjcxh6tu99nfp26tmks6twph7j7te7cynuva9dtepwwva6rsdhf4l7eplayawxsqqrxjansu39824
NECKCOIN,offer1qqr83wcuu2rykcmqvps95ue5k23hyn0wk68ajyct3dwqtr45wzdfllx9y6u95kzf7tdk2669fl05tyn2tafewhncry2jf68l7fh0h4dwg48j0hhhdet87vvpc0yx3nnxqcyqp7c3gxxgady0366glr45plvezajgmf09p0729pu0lhvtplhfmenymd6z0jta77glxz0azyntrcjkk7f47m9fn8lh7sv3a6txls0n2jfnjrwyq585mt0l09tl4l4u6uyuk2ctttejut4e7msdpqhhra9f20qrzg82glwtxad8x6renk246uw448h82jew9me4kuhk5rk542z4ezzu068clm503lhglqlxnclmuqzt7cypal70qvhljqjhvrsxldl0kd3suk6mxj4wt2txevhws7qh7t8nu3pmqlz3ltl5q7jxf9y5rvv4helxvs26k90xuej7f9axy522d209ue37tpyr72f345ezjdfn5wkz3wf58yj6mfp28uhnljfuhxur3sauxt0uewp2hu5vj0pnmhydcdply7maf09scnzr3wfvmk5dptxc932al5xqyzldy2zm4uszll0lqylequ2klt2r9v8plllccpf6paltmjzw0ef8k00sgdnenkxl0armm7d8gjv237rfk3tvex9e55rrguv3t0a07spx957enx66j2vfykyj4zt4t8yl7ll5qqq4hjykyeqreqf3jzm27l9u6tsnmqux8763udfgwwdm9acy2ep0he7cta2d5hsfevs8p8hpnlllxu270qvxcj9ykcydjgzllw4ulh2pw0v6u44hllxumjs24ka8emkd4dnk7yzfhu7k9wtkwh46m6x6t5qan5v59j2m5ve58gengvzdcve6xv6vse5xypjal5w44u4d0tmzjq89r0alurz8nf6nlyt97kay9dlxu0s523kt06v782ufe770hrqw94k2nc9cw2jhzmmhhx0vltalpdfn479kh6yv2vfxh0e59gd7mtfaszjcs8yasyvemqgepgenpa8whskeqlrf23juvmnedlxl0nqrgu00slun3lufx4ecglqnn087uhqmx8ln0aqegdf30cqnjrmeag2rj6cdmv73zcyrxa6djj444270cl8k7plyll0042h4ygellcm4mchsf3kgdudwg2al2y6zella5w6ea9m9nqzn47myjfx8e88mq54nqx2l5nec6mlz7yrq96dwmdnl6whrs8a7dpmdth66syh3tgejmwtck63xjl076lhh4s27cvkseq2a3s0l3hlj7w9lll0dkxylghmkewdl9tkremdahhzv5a8k54nskweweeuhalu0utj70cqqdt7qd5hs8ljllqhshk5c0ga9z37flmwfw8e5s6dklrjeetkf4d7axnhpltz4jwe5fft5qukt0lal7zuynt6pl9xg2hlft007ljk23jvhlknj0jg5nvj5jmvf6hc8e496wm6n7kzxvssqqzxeppfc0y42gmnjq3l8ypr7wgz8uusy0eeqglnjqpmypcfdy0pjmlmnnc2adw3lrd4ej9g3xu50cse2uresn7anvvrwvasd0ms6tykhq70snaccr494uf97yv609efxraze9cll7swdnmn0c30k9w4668u4tmy7tm470y9454vvee4myyrwwdqahxgt3ghze7teclex0dkh6kl2tk0tly046w067m769al3sllamx347hewhvq8lllj7wxxl6l4sar6art69g6wllnfmxt26t77uck8h5n2tj3adgye7w0hqsl0l86zss3fqawma7l7s6z0nwwfmh84jlx7tal2w5xlk9ntducm40mt6wgshzaaldk04lqkerka3fmsv0nf6tu0wutyemq4u6gwzaztkfc7zjmxnsun8hvnvx6ahf8maw382m4xfkgvukc458t3t0t0nmn30nwtw09q7027rgkpf88vq5qq78jpwghn2q7c
NECKCOIN,offer1qqr83wcuu2rykcmqvpst4vv3v94ut44tzwn7lx0ewse3kslg435shj7d0u0qmx0xvkwxv8pvcm8e29dyxtrl7jr94mkfgnc8hlkch8c4e06rp0965p5h4cx7a6vfg3lmrqsqpmz8qscn45378tfruwkj8ejy0k3pd9a5rlf250s06ae086u80x5ndhfe6f8hm4ruufl5g7vvfzjmm488avd9vml07ptt3knwkwgljcl8h88ls28uzchhwa9vlmprmgpnlpa0ag8tpwuewlel4qhhra9f20qrzg82glwtxad8x6renk246uw448h82jew9me4kuhk5rk542z4ezzu068clm503lhglqlxnclmuqzt7cypal70qvhljqjhvrsxldl0kd3suk6mxj4wt2txevhws7qh7t8nu3pmqlz3ltl5qsjxf9y5rvv4hel9ukjfw9yhu5tz0249unnxt6m8uejpt2chu5nztfj4y6nx2fy627tef9uhzlnwvfa8av23t9jhd0jfskghzjj3v9j4y4t2sevkzuted9rx2s26v22mzk2kv9tyj4tz02jma2vps90yzhh6lup4ug9r4n62jc2cc0ll7xgtdmxhehyntm4dtm9r5phprl83urs7jhe4xljm2w0erc9dyv0mnpj687ll0afka60lqwynfa2e2echahhlq009fus6ez6gdlllndey4lcleqsvdhget8junj0egk55djvfymj62pgeskjkteg4zkju2es95enxj359dyjj2e4e56vejf54ymz624we9yzudffejharalkw7ylfnjdf08z6j7s9995jqzut7dq2x6x9y5srydmrcxmhhh4hwtps5wl7l8lzk2lax4t732yxmgujnlmaeu7h5hydtljha0cdwf3vvq40c300uszlrxesgu09ece5kelvhz6x4llfflkekd3yc4wvj2n4t2cpp9svla6hn7af9aarfj7hlmutnw2p2km5l8wek4k7mcsfxmn664ewe778f0gmfwvn7w33skft23e85erz0fsghpnhgcn2jpx5csw2h636kh644e0u2gqa5fl8lsvf7d820u3dh6mys4lum37z32xcdmfn6ats88me7uvpgm0gydu0edupjre49kx05dnney6a7smlp7mm3xqlxx02t0nauvrs0jrgperf77n5qf58gqng6p8sp5dma7uzqg8sjlnjkdj935x0ux0hnchh3dx5vpla88zft530efetls693ecf47qjs6mzdcqnjrmeuctrj6cdmvk3jcyrx7ktywvjvxaw4jfz39u6dndzh9e9u4uwfd0037hxczwvqadhecv9ejl67t9nnmm45j9ahgjec4lsaw85f6dq62e4rdg2nlllzlzpck9zxjsnjtywld8v65v00f5hdp77jzmhv8hvx58065mxawthzxlutusxv0h02t99f808auff58axe2wr9teg6n7ee0kzlp4am32xl7454850cqhqxrvusywlehlcl7p087l0hkxlzkt5e7t0h27zemfaak6t43xxwhm6k6cw8c5uulml72z70c8qagxxdusqmle9luhs3hum0gu95jkp7lveu8ph372xdz6lem5e40x6xlk3ftjlnj658gm5q5jt0l9hl7luq7kn7mvu706u02cwhmzp9wwcvhptgl8r5cv4cu7gefa8r580caavkqyevygepqqyydkz6js6f2k398gdz2ws6y5ap5ff6rgjn5x398gqrxgzs56gln8h04883476dz7x6mny6jzdcga33n4s8n884cxcekcemz6mk3jkpdwpalr8tss8tt0cjtuveyut2sv8m9kteal4pva889lerlw2dt450f2hw2umkm77sftptg7n4gkgfk6u6pmwdq4wh6hchd44x0x479xud76d44p80n3vjwntc0jk08gzrw98d8x2hralllllq59qey4mkl8rky2h6rcw459uh9dmd49ffmw98mnt6nc43t0ufpyy46rp2zspq4qyk2h9mer9nqna76sd3k0fyvlh0ja06qelu35zcm7e5h4alfsmjmgx3f9ew725p6uaajzvf7guhhn9mrudkdvzftjlh44vcgm4e0eg42v00hhhrsceqtfq2hexey7eslvrhaz24fpxkjcum6rvtfh9delepjvupy3tfsq9a9r2nqkmrsuj
NECKCOIN,offer1qqr83wcuu2rykcmqvpsz48qe6sl8n3hyj7e7x87wlal4jjkxa39w44xcqjmdf6gnnecwmwxnk3vxpu55pjtun6ddw7an9g6a8gj6f4rk6sdxlhxc4gumlg68azdrktehqvzgplvgypry0kj8gldyw376slkysweyd5h6shm9zj70lmk9qlm5uuajdkaf8e97l0y0np87pzf4sudtm0yjldk5enlmlgzw0t4xtfuadj26hh0drcw7m6un8m6znrh9v0vhg27xgwm4l876unckes0mp7j548sppyra90h9rwknnd9uem92aw822nmm5fghjluj6wtm6pmzt4p2unpxxaru0a68clm50j0mfutawzp9lvxqwal83xtleqfrkpur0klh6xuc7td9jf2h949nvk0hc0qrl9ne7gs4303gl4ljqgdr5jj2pkz2tuljltdyhqjt72p3842j7fen9adnlveq44vr72f345ezjdfn4xjd909u5j7rs0ehxy7mlk9g4serhhayctyr3fdgkqe2j234cwktpw9uxj3mygpdk89dst9txz46g233h4fdl3xj22hjqtlaluqjlyz32madgv9vu8lllrq9r37keelmhzf3wj04xhxhx7340lhhla5y5n9tms2z3a82vm6s8uj7ll8l0afka60lqwynfa2e2echahhlq009fus6ez6gdlllndey4lcleqsvdhget8junj0egk55djvfymj62pgeskjkteg4zkju2es95enxj359dyjj2e4e56vejf54ymz624we9yzudffejharalkw7ylfnjdf08z6j7s9995jqzut7dq2x6x9y5srydmrc8djx7ewm7ed4spla4m5qlhycs4wrzs0d34prdlh8vvhzz4tc4vn2mqz8yck8q2hvghhlg9033vc9wrju7v62vmkt3dttll55lmy6xujv2hxf9f694vqsjuxl7atelw5zu7e4ett0l7deh9q4td60nhvm2m8dugyn0eav2uhva0t4h5d5hxpl8vcgtya4gcn2w33x5cymsen5vf4eqn2vgr9mlgatte267hk9yqw2xlmlcxy0xn487gktad6g2m7dclpg4rvkl5euw4cnnaulwzqydhurx78vk7gepu6zer8mxaeujdwlgdlsad4eny0rr849ha77xpsxep5q73570f6qy6r5qf5aqncp6xawawpqy8ce0e3txazgcr0lrrmeutnckn2kzlknn4y9cgla5c40cd2euuy6aqfgdf3k7qfepeuww9eedvxaktqevxprwm89dax9klts5f878jttmwkn505a08vjj0va29m7jwx8w4n8nlaravhm6lrcxw80hh6maydft373x0muueuzjkdqe2w4lllq5t4t8mwf6776x0986e7n2prtl3hd2g8p4eka682vmx7rapexkf6n7kaluz7dlvuw0f7grsl7llpdsdpkdj8u6hnec5tvn293ys4m0ttjllmzlsnq9mpj68qpnkwpl7xluteehmlaakcenaz0wmdchc4w600dhj7vfjn477jkwz369l88jll73l37fehqqp40cpkn7p0l9l5r7x76npaz5s2hm8lde9c0xjrgkluwf8d0ex4he56wu8au2kp6x499vstnedllhls2ztkma6576zlzv5z7l95ndalmaw49wx8meuchzhlculxcfng7878hh6xzxv3syqzqeprfsw542s6n5ppm8gzrkwsy8vaqgwe6qsan5ppmypf2py08jrumlncgaad3hrdhejxgexus0gjewurasruamdvpwyas9wmk6mykhqwtstlccz494u297yu709efzzazeaeln7qwdtmnte30kd04jm8u4r6yktmh7lx94592vf64h9y9wxdq4kkwtnq7engu0agc2n8devz58y0fahsrcfjvqlfrcr3xatmee2wrhlpcl0lelalgzq5zuhh6euj0cs2rf0pmx3hwl9evwk439au5lvd8g02h9glp9ysj0gvpg2g9zjq6ekkw7dscjgylc452k7g08jeex4ghjfm85hku50lj8j2l9w8a0jwx87mmnj8w6xteypn49wu4d070ms5tn8ryeu8fnlww24xez5eln4530af0vqfenghkwkp7wx2rsf2yl0x83k8fv4ylmderd47dxp3u8sf54tvwyjsqkxzvjjsph9x6c
NECKCOIN,offer1qqr83wcuu2rykcmqvpsxygqqctm6v85wjef0qldkylru6ga9m83fwua6y6hlvnfmsh43weld6q596q2nqah60rkkl63mtlmga5l447u06ml28d0ll7q64lwpshas9umanufaadfkrfhekxcex5slwjpvu0aqpuaedvp7xasxwmk6ayw442pz4ya62e7yjl8xe9zj4rp7e0j7w0agm8fee07g0ejmtadr6g4mnhxaxah5r2u26ytq2ywa0arg3nyzh5lpm37lvkwl5fm3nr5k9eshhk0jclztg0jdvnrcln6xfpupl7r0kgjqyhd98tpdrfdl5lhm94u8uet2fgrv0m488wtwcm6uxhdns04300lecdfdl7dsgv5g2qrtyux2n05kkaxh4eslnnd8y8s4k7ewda0lujv36c0gdx4awlf4ndt9ujv9dt6c084ch0yvfthzet2lgmedmlehrfhnznjntkuefe7zvth52wj7hmgrvrpu3mssz096t3s8fwgq8rny09ctcqzg0nrjq9yd5hjshl9zs78lmk9slm5auejdkap8e97l0y0np873zf43uftt0y6ldj5enlmls8h6aw6zuln0lr8ervjeu6hsaasu4gs0pxmpllgahtuxmtnca7wm3e84stm37j548sp3yr4y0h9nwknndpuem92aw826nmn4fvhzau6mwtm2pm226s9w9llgygza5fvq69zs4smhjypr3sf0trsrk0aueslkfzvas0qmaha7p4x8nmdvj24evfvm4nakrcqlev70jypvt720u0es9k36ff9qmp9970anyzk4stehxwhjg0d39qjn2ne0xv0jefyljjv9dxv5n2vegeu5262ea95j2xvxcmryj6vfm826nf0fgcmwvff9dyy3nftfry2etpgev4u3je4f4x27jptxy6juj4t4t2d0afk2c6npzm3wzxs5rnsp3m48dfj2qz7yck5hjf2q9g3m22q4fqj4tq5yz29n8qq5zp53s6h2uhnf0lfl2q9my80g46qmz8ccjgvskn4000647c47v8whhggm8dx2yf789mmd6krqxr8kn404uk72axg36dw0llm0egzsvcfx9kpnqda4yscjtvfy2yh6kwplallczqp2ss9g4ygdyp8kgt9ch7lxrv0595murmdx2lfx8dp8pq0uedwu5z0nw26lapf40z25wy6tq7yyfnlnv908s8vv2fv2kz60dt7tmd8hm5drtxl0d370e5x64wnaatx2umttza8mqwt0h4e8ne49a0w4szhk6yjng28ewa6qnn0gzgdq9mhe87agfpkc0z3v7ys6frvhwa844090t2cc53pafme08pcaa625hmzaw9hf320ekrc9zhdkmw484cr9zp3tclgr434rfdg5d9azpna2228la8wqzh8sj8m4pkly2heqkh7t06vwkyfzkmlaryckqllt6cf4hh0makca2c5rjr236mz85pekfjrz66cdm0x6zcyrxukt7wp3uaveyeh68yr9n22fnynfxwv0kn99wdsa9ewamhx65gktqltjlxm37puhyma4ulq3h84dtgvepcjcs529zn40llc9e4jl2raheu9ead3xle2k745rl2m5hmc5yat43xnlp7dthc7fejvkl6ll9uu8uuuw88pa6yleh8sktn7wtuhax58vty3xan82rskl7dlruumnx3chkr95pg6lvqrsx7uyp08wl0lhxmrx05fat0h27z3mfaak7ta3x2whm6wec28gkuu7mll6x78e89ypjs29yrtanl6lyr60nrkfj0xsc369jelt9xf9a3e8343raval8lc4hl707lnzcp4wrk2hsx4p40up4srq7apwyq6drz5ut5amjm6axcc4h98xanqheulv6eraa4e7e5lwkvx88e0j2hjhl8uvar9en93gc4lkcudtqumk4q4nt0a6hwpj04dt3anu5254kn5axmmalu5damfc89klhqelrh7hastza7875ml42zlejekpdev4p8vu75lyksxk0u2sqceqt69qfs0tvq
NECKCOIN,offer1qqr83wcuu2rykcmqvpsxygqqctm6v85wjef0qldkylru6ga9m83fwua6y6hlvnfmsh43weld6q596q2nqah60rkkl63mtlmga5l447u06ml28d0ll7q64lwpshas9umanufaadfkrfhekxcex5slwjpvu0aqpuaedvp7xasxwmk6ayw442pz4ya62e7yjl8xe9zj4rp7e0j7w0agm8fee07g0ejmtadr6g4mnhxaxah5r2u26ytq2ywa0arg3nyz24djdepvkrhhr4w7vk50g7kmzlxh6chlzfu9tep84pxdztaah67q6xpjpw62wkzmxjm0fl0kt0c0ejk5jsxgah20wukdnhacd2m8zlrz7llrj666lcmsjeqs5yxxfg20e8nh9e2umh205zdwq5gsjk56nkvldnmkk5e889p2l47z099muehmx47as0tr755tvshrytreh2a5lsl4x0plh3lj2u85ukgs90e73qdnyj6q6qu0vduqprewzuv96tsq3muaregzxrqjrv6uqzftv9754ueq4hnl7l3gx7a888vndh2fwt0hmerugflcgjdvhr27meqhtd4wdl6l5p0xg7dn29jl9a9ael0eakxnh952dnva5vk45l8k86fr5msw6ed6xe300rl6z4xfxvswzsx6ka72xdv8jmt4nkg427w75h4hun3r90e9vu8a4tjy45s0arew22s96qsctkjrqlqh9xqp8lyzqkl08s7tl3pedkperrk0hmwmcz2d0n32h949nvkfhg0sdl43ejfsls0jgh5l7q7nxf9y5z524h602vct62902u3n7d9dyyut2ff08apj70q597jf395e2jdfn9yhj3nf2h5kj2geshyuv3nx38van2d9a9znne3xyejs2xdfdy23nxv9z4jhj9tf4xnfn6g9dyj6d3j4092et742emr259nxyy02uswpqx8wzl42gcrt5szunjd9wq4yxffgk55p23fz2jpgkyuqxjqpjxr2rfj7deldnlcrk5sdhq0wrgv0hqfpnxc7pa962lljtesm66730w43cvj85uhvvt0c6pgx7ww9vh2lem4e5xf3eh6lllaxt3spqekjxgy8x56tzff3yjcj7keg4ulnlc0s3gzz4zsp3kgq7fzvdqhmavd3vj7lwgfacmn6y575v7uz7rq4ejcdlfum8u598e6e2jq4gupck37g73h4xug7rwyzc5vy5k6h7hw70m4gk8kd726n7lnwdegdtm2nvamx6kam0zpv670tjh9nxt6aalr99vy096s5rjdl5d9ks35h6qg8pnll6yjnf3xxzd7ed5zqe2l2826l2kh9l3fqrk38ul7p38e5aflj9kltvjzhlnw8c29gmphdx0t4xkyrykpesmtrz8ja3get59r96qh5t720uu8wpq50hjra5f40jf0lskhkcdwg7y93lk8eadpc7rhsm2lflhmdmm4sgtyknz9jymtrhvrpxfk9j67cdc8q2xauv8uutzfee7frf570x8yy5nw2xjvuc7dy2klt96tsa84wd4skvkq7my7thl7n3wp5m8m79z7g2khsant59pqcc24z2rll7tusfmj0wuuj0rpr9vmcc7vh64thj6tw7d4vpl96h70xwsalajk9n2jjdlchm39n3dx6y4l7ydfej6gq0jkh00ku6amse3llv760n0cuy0kkfyh5k9urt5rp4lgz8vvdsg6uwpl0l0dhxylghmkewfl4tkremfahhzv4a8kyhnckwewfeululc0utj70g89qs2szh880aluzmvmdrpfhpehgjtmevadkkvlmcm8tm04htd6wut5t4f4gmwtf037a709q4trx7g9tcype6zcgfk6zye7h44d75rde7wtj6jhllrh28ek6humyuxh4waf6y9ca04sun2l0tv4hds0mmepyx35edxvjek7lclht302pju5ka5v76tjde3l70vfq78xadqtndkmxnw9nx6lnx0g64k0uzdpjduj4zjnyh63ch7l3s6384ueuj0n3z5qq8pzhxupqnmm9
NECKCOIN,offer1qqr83wcuu2rykcmqvpsg5cuvhya8r4mfs5r2rf6hvcwah30q0pxkp8fnlwf32pstqfup7hyc2gtnnmvxcmym2ju5l77fj0lma8ef3vnlh7zwul3w758nsgmq0efgsmtmrcpsfq8a3qsyv376gara5368m2r7cjpmy3kjl2zlv52tellwc5rlwnnnkfkm4ylyhmau37vylcyfxkr340dujtak6nx0l0lqeyffleg6pmj3l9wd658l658kpl0zxyw9jmlh0xm7dz54me0fsp9nuz770u59tusvfqufpa3dma5vmg09w4t8d32457adwtdehrxxljweswmzhg2kyyt3aglrlw3787aru0a6fr00svfleqs9hmeu8jlugwtdswgcana7mk7qjntuu24edfvm9jd6rur0avwvjv8uruj9a8lsx6gey5jst32kltafjptfc4atnxteyh5cj3ff49uh4x0evqslmfxykn92f4xvwjec9zky7nkr9c754txffn92j3k08ryjct9zeuavs2jpfcu2kjf0e9xj93f48ya2njpgc5hnet62fm9u3f286sutlp92xm9as270flc803q6vk0f20ymephllue3dt8mhlk0dggcv9namwh84v9r4m6a27a890hzk7k7rmtarukfjlxnhullmlal9xmlflupf3d85vfhk5jrzfd3y3gjl2ec8lhllqgq9tup93wgq6gzwvsktph0j9chd06tjgnj6w3h2yhpm497wh5lmza4ex0a4jrgd28a38d92f0llum3teupqmzg5jmqfkfqtla6hn7ag9eantjkkllumnw2p2km5l8wek4kwmcsfxln6c4ewe67ht0gmfwgrkw3wskftx3lxs4r7dpqfhpn8ghnfj8xs5sxth736khj44a0v2gqu5dlhlsvg7d820u3vh6m5s4hum37z32xedlfncat388me7uvpckke20qhpe22ut0w7ueana0hu94xwhck6lg33f3y6alxs4phmdd8kq2tzqun4l3n8tlry90xtl5a6azmyrud92xt3nw09huma7vqdr3a7rljw8l3y6h8pruzwdulmjurvcl7dl5r9p4x9lqzwg0083pgwttphd36ytqsvmhfk22kk4telru7mc8unlaa742753r8llrwh0z7pxxeph34epthagngt8llk3mt85hvkvq2whmvjfyclyulvzjkvqet7j08rt0ut6cwr34ak5hdx7hxr36xd277v8uwnsv07707vdnm3yl4q07hcht97gjjpdmps6xuptk7pl78lctemhmlaekcenaz02ma6hs5w600dhjlvfjn477nkwz369h88kll73h37fe8zqp40upxn7yl7dlyp7xl6hpdq5sthm80dedc0zjngkhuwd8d0ex4ha52wu8uuwkp6xay9vsmnedllhlst5a838hq36jct0m60rzq8nydvkf4at23vaelaleg5ezk8levah0a7q6jcg3jzqqggmv949p5j4dzxwg6yvu35geerg3njx3r8ydzxwgqxvcrpp53lx0wl2w0rta569ud4hxf4yyms3mrr8tq0xw0tsd3nd3nk94hdr9vz6urm7xwhpqwkkl3yhcejfck4qc0ktvhnml2ze6wwtlj87u56htg7j4wu4ehdhaaqjkzk3m8x3vsnd4e5rku6pvf8k42f8gthp06lxy4e7jlma9kde8llt7tkaxatazr0wvyl8vgnrzlmlhlsf37mlutgkngwl3v8t4lgm7lnz5j0h8w9emac6jj40w299l3n9eylc0nlc5yg2grtzml3rk3v0jn5969wtf835lckja0jl9e2lk8jg44hf20psu2hzxlu8ukn20m6fhl7rlalxdnatx8n0nu2m47rkdtny6lh7hdp3uau2pxlw4fdhaedh0zhaawv08mfl28hdel0x2ysh6hvtw22rn4je990kz0r3hlt068cqp7pfmtya8he5t
NECKCOIN,offer1qqr83wcuu2rykcmqvpsq444dm8hxxaex8pk6a20uqlw6edltnl2kjlfa95fmdhyx27xd0waugrna9774d7l9ndvcleh4uu77ymnxpm438pmcxvl0pae8gvxl88uvdq59qypvqljyzz3j8mdry0k6xgldgdm2g8vjkctaftejpt08lalzsda6wwwexmw5jukl0hj8csnls3y6ewx4ahjpwkm2uml47c8cgwy5hxrnjm6qn4t49xh30m6geh54hs8g45ww8snr92n8hshhr0ac9aclf22ncqcjp6j8mjehtfeks7vaj4whr4dfae65kt3w7ddh9a4qa492s4wgshr73787aru0a68c8e5787lqqjlkpq00lncr9lusy4mquphm0manvv89kke54tj6jekt9m58s9ljeulygwc8c506laq953jff9qmr9d70enyzk43tehxvhjf0f39zjn2ne0xv0jcfqljjvddxg5n2ver8whn92esyu5j7ta8hq62nvpgk542k0xr6s52wdpl402rs0el9y7m8fx29zenf3fvhykz02wq4skt72ktgn0aq0976g59hteq9l7l7q2ljp54d7j5x2h7rlll3sze8xj7m33pdukdzcffnla046e0afwd0nrnd9gnj5hnjsuk0mc0r9jelrlh75mwa8ls8xd5733xu6jfvf9xyjdztet8zlk7lupsz48syk9fzrfqfajzc58mx8nuv56dqukhhsuc95t6v8nl8juefetspl9626fp943gralkaell4lml2dc3u6zq4juqf43yt8c2lj7mfa7arg6ehmmv0n7dpk4t5l02ejhx66chf7crjmaawfu7df0tm4vg4hx30ysef8p48ghngw30gnqrmglng2pkchsg2tmp6h0a4fe062sxayg0t7ctf6w8ww54dlcm23d6utn7vs6pc4mfhm4fs09mnluvpvkxat0vh9c2sun9wxle0jdwhu847wlnh2ugdn3cykclvjarktgaaksrtz9v350ejlgln9apxrl59mawmvpvn96x24nwe9hh6e7v70rsujql7dle3qlhnptnzjwv866lrc70kv0lzaz9jylrz7g08yp8f6gm844sm5gszdncgwt6649tet9u7ec0almaflawlg4rtuhr0lfj2rk0c3np3me2k3dn7g05ljhmmyu4d6ts2w84d2d5gu5ulsxzkdgm2z5llprrahlc97a05e7r7tejvyp80kp0hveayjm4m5kldxuuaesmzhegmk0eenz6hyr7cvkshq2a3s0l3hlj7w9lll0dkxylghmkewdl9tkremdahhzv5a8k54nskweweeuhalu0utj70cqqdt7qd5hs8ljllqhshk5c0ga9z37flmwfw8e5s6dklrjeetkf4d7axnhpltz4jwe5fft5qukt0lal7z67s45dvfquap0e8vjlvnyendufs6lrvf6kmw5s4267p47h07rs2j6sgtprxggqpprvsj55xj245veepgenjz3n8y9rxwg2xvus5veeqqejqvykj85ealaeeu9wkhgh3k7uez5qnw28vgvawpuceaw3kx9hxwcxkaud4stts08ce7uyp6j67yjlrxf8z75np73vj70llgrxfaelughmjh2adr624lj8ya7lhsz662jxvu64jz9hhxswmnq9vf4xr7a544ly6tw5fl8emxal53u0zddwtktfurs8ec4lkhz6uxjr47llluzu0k8lz795urlatf6df6wlhse4xnd6maw7ewxh532tj3eduye708kqull48zzsqjexaccjmyvn87uuaet4f8hyvz5azw4as9l5j4zrjxgaaeed92jceqwkwk247huknxhf6aa6v9euk4shaylhmqj02mwdc50388ly3k0mzvnrda334cwl5y77kckk0yjvwskrpktgl93jjf7rcje677a6vl23ktau0gj05fcqhc5jlmcnrwll9
NECKCOIN,offer1qqr83wcuu2rykcmqvps89y677fu44932dl8glp8r6ya72dkvxhgh3lx9uxrkn99zt8cdar20k3nx3460xkytjfp5yw4uh7c47v69ake40u4j8hkxfecnas0c6ayd0yulqypvqljyzz3j8mdry0k6xgldgdm2g8vjkctaftejpt08lalzsda6wwwexmw5jukl0hj8csnls3y6ewx4ahjpwkm2uml47yrgl6khtzdw2p6vlaf95czk54w28shj4tdk0n6jn56awe8n0mnpmz2qtmeljs48jp3yr3y0h9n0knndpu369wa792jnmh4evhzuu6m7fmzpmw24p2uspw8aru0a68clm5030hfvda7pp9lvzqkll8sktl3pf0kpcr8klhmx6cx2ddne2h949nvkfhg0q0l43ekfsas0ngh5l7qmfryjj2pxy2malhxg9drzhhwve0yj7nz299x58j7ucl9sjpl9ycj6v4fx5enjke5kzet6jkckjenevfl8z6tp09zhrwn3gedx2enzw9fxzkjphe5e25tx295kzkj32eghr9teg9rgzjt95kl2z6tu54gmvhjptma07qa7yrf6ea9fv30v8lllry9ca2mkcuws3z008ly4yuk22f8v3096k6fyj3vwalyxm90raufmxjjjlmlklj3dl4ljpyuktmxy6t2ff3yjcjw5ev4vanlm0usgqz47gscmyq0y3xxqtrawgexw5mzk8wj2l9uhj2uvct8eykahd6sfu8gd98lxhuhflh4h6mclllaxug7dpqzcwyy6cjdjup0e0dull23y0vmuak8elxcm236lh4yethdavt57vpeau7h97txyh4amky2tnglngg5rj6m5te58gh5gspa5deu9qmvmcy9yasam47j4uha92rxjy840w9uu8rhhg2kluf4ckax9elxc0q52a5md65c8jael7xghtrw94ktnu9gwtjhz0chexhtlr7l8den4wyxe6u22vtkew3n95w7m2paszjg68ue050ej7smpl6zauhdhqkfzlrd2envzmmadlx08ncxgq0lklus30leq4eeg8zra00eu0rmx8l303zezd330yrnjznuuyfn66cdmyvpxeuyx9ed6j454j70u78k7a75l7h04244wf3ll5e93e85fe5cdu4tgkaly968etaajw27a9c9hp6k4x6y7gw8er9tx5d4q2tlsn376luz3u8qm7ed43m8643nkf28588stmgggulxpts09lsmja454mhdkrafhp8kr959czhvvrludluhn30llmmd338697aktn0e2as7wm0dacn98fa49vu9nktkw09l0lrlzuhn7qqr2lsrd9upluhlc9u9a4xr68fg50j07mjt37dyxndhcukw2ajdt0hf5ac06c4vnkdz22aq89jmll0lshuhnnlr44d4eal38eg8e80e0udhkx48ndtfh6m5ncgvuh3skjsze6c49s3nyyqqq3kgg2wre92jxvusyweeqganjq3m8yprkwgz8vusqweqxztfrcvkl7uu7zhtt50cmdwv32yfh9r7yx2hq7vylhvmrqmn8vrt7uxje94c8nuylwxqafd0zf03rxnew2fslgkfw8ll5rnv7um7yta3t4wk3l927e8j7a0nepdd9trxwd2epqmnng8dejzmzgvpz5ezr5uk4w7qkhsja4cj8q4du7vllp9t6dveaw8ltj488nr6t9lllzuwx8l6l9sarmart69g6wllneexrt6t7w7c7xh5n2tj3advye7w8kq5lla8jzss3ezavvm58esl0jcp8gxtvkf6kh55ly0twu3ukac5v5qavm6qzl64hu8fe4umj5t6azxj8xs025l2660d4sf80ewa9te7kyjmh8scdtawt4m8z7ec0wt5l4km9cc5nad4tllytmegq07n0a9gh0llzj043956aqyvwzctsvq8895c7gxskvqt
NECKCOIN,offer1qqr83wcuu2rykcmqvpsd4lrtk0qecvztuw7mx2a4d60f3wt6ukrnvkdwe8l5k83vu2vhdp9nhpgr6cwmsgvxnh6a5aanan05tvad76anczwk0rmlweaegluc0prhrwh0dvrqsq8mz9qcer45378tfruwks8anytkfrd9u59leg583l7a3v87a80xvndhgf7f0hmerucfl5gjdv0z26mexhmv4xvl7l6pa0qaw8f8624nxffxmaya2w57yj4fw6a9ey6gnvm27ve7d55atwf0j9aulag24eqejpczpm2mhmge5s7tawkwez4tfe667kmjwxvaly4nqak4ws4dgghrc3k87aru0a68clm5jx7lqunlspgt0nnc09lesuktzuesmrmahdup9xhe64tj6kexfym48ux0ccueyu0c9evt6tls053jff9q4z4d7n6nxz7j3t6hyvlnftfp8z6j2telgvhnc9p05jvfdx25n2vedxnytzd925jujwwxtxzanxdegk2kt72fcmnzj3wx5kjuvjv9exn2vk0x08np23dxr957d9t9z4u3tzvetx2l4pjx7x25dkt6q4u7nlc0lzpyev7j57f8jr0llanjew8w0l97ae60e56rrv0nk7x45hwueava5l7tu0xjmd5hp8akne7dm0cl7l6ndm5l7quekn6xymn2f93y5cjf5f09vut7mmlsxq257qjc4ygdyp8kgtpc0emkl4ykpk84matcf5hk69duw49kaw69n3tdwx648mnmd86wh9mu9llldu4vuqcd3q2e0sy6ys9luatelw5j7735e0tla79eh9q4td60nhvm2m0dugyndead2uhvl0r5h5d5hyfm8ghcfy4ngmnc23h8s5ytsem5te5fpngtg89tagatta26uh79yqw6ylnlcxylxn487gkmadjg2l7dclpg4rvxa5eaw4crnaulwxquttv485tsu4dw9nh0wvke7hm7z6m8tcta05qe5ujdvlnf2smd5kmmqp93zwf6luer4lejznn9l6xaw4djp7wj4r9geh0jm6dwlxg83c70plexrlcj0tms36p8x78aewpkw0lxl7pzs6mzlsp8y8hjcs5h94s6kcaj9sqxdl5t99t224uln70vu87ea7kl240623n7l3hm438pn8vqec6as4mwkfuynmlm2aaj6tkmyq98tekexjywjw0krftxqv40t8ms4n747crnsd2eml6dex0202gn0kmauhhwc8077l39htp8z77jexw8fgf9n4ykp9upc6kuqrh7dl78ls0elhmaa3hc9jax0jla24s7w600a5j4df4n9u74hkr3w88087mlzshn7pc82r3n0yyxlu5l79uyaaxn68pd5hs0kmz036d5wj4nc5h7wazdtmkekas26uhuak4p2xaq9yjmlmdl7hasgk4xhj3m6ky9kfdxptasmm6yzal0jveduxjyh6p2c52ule3sqsuq0spjygpszsxgg6vr49z5x5aqxwf6qvun5qee8gpnjwsr8yaqxwfqxwgfpe53lxlv7z00tgdcmd7d3kxf4yrmyjt8zlvql8wttqt38vpmkakhep4grjurl7xqhf9wz40398mew2gs4g70wtuljrm27c6wwtajtavkmldg739zualhe4dap2nzw3tf8ptsnv9a4njuwrevfwjf0dauere9f7vx08quurmvtmwr3euwaqjmqemkun253nfaz5l7laluzv0kllz6956rhutp6a06xlhuc4ynaem3wwlwx554tmj3f0uvewf87rul79pzzjq6e66ekpjl80sku9f7yyntjl8fan07jtuaar9af038x562rrnyu9jeu4el7t5nej2sqscf65khc73ueekprnvjn0mym5p4dthfmw0gftn3rr0hffss723aeuh8u6r8lun4ch0v4ey9dky7sv0aldln9lsaewryu8mv0p74q9lawvu8y0mujs
NECKCOIN,offer1qqr83wcuu2rykcmqvpsr47arkpmdd6m2dwl5py6f40e9vhlgtshfr4v7ht07855ulr7ly4h0zam06tl4vq9l5ykr0vnlcjv7uvdw2r8peveekw7kl8tlachphwajles9qvzgplvgypry0kj8gldyw376slkysweyd5h6shm9zj70lmk9qlm5uuajdkaf8e97l0y0np87pzf4sudtm0yjldk5enlmlsz4a34cwlrf7qxc8nukhuvm2nzzk4arljt974v9e8ktclrhqfawar7g9aclf22ncqcjp6j8mjehtfeks7vaj4whr4dfae65kt3w7ddh9a4qa492s4wgshr73787aru0a68c8e5787lqqjlkpq00lncr9lusy4mquphm0manvv89kke54tj6jekt9m58s9ljeulygwc8c506laq953jff9qmr9d70enyzk43tehxvhjf0f39zjn2ne0xv0jcfqljjvddxg5n2v7amqj2h3xg6sjz8he5473rc2f34kk2pg45enwrf3evyweaewpjkxjzydd9yg5m6g3rxwunp2w24rwtejpg2h0aqw976g59hteq9l7l7q2ljp54d7j5x2h7rlll3sznxynmjlxj4a5n6a96nhda4d60h48sl8k49m3uyl0m3huu0l5xkm8d6tlllxmjf0l3lj9y55thx56tzff3yjcj7keg4ulnlc0s3gyz9agccmqq0y3x8qwl3sdnkw59vl5rguu49nn42hr7kp50d9qafa3f7ndm00q48pfalrmd8lllnw90xsqrvtzjtvpxexp87hw70m4gk8kd726n7lnwdegdtm2nvamx6kam0zpv670tjh9nxt6aalr99eywec96re9v69u6r5teyypwuxvazudxfu6zjzewl6822727k4e3fzr63h6lwr3te5af0j967twjz5lnw8c292mdkaz0r4wvalt8t3s8z6m9e7z589ft30am6nrkl47l3k5e6lzn2axx9xym2hc6jkxld4s7cpfyfrkwh7xva0cvshu3w7nhm5ty30354gex8daukln8he5pyv8le07fgl7vj2uu50spchhl7tsdnrlehusv4xsch7qfepeuwx9fedvxak8q3vxprwaxef262408u0nm0zl60lnh64t6nygll7djuutcycmvx7zh58wl5zdpual7m8dvwjajes9f2ldjfyhru3n432wesp906fcud0l30t8s0z3m0l99p7a784y0tatuwtu53twlld75uta2wrcm6l06a5q3e99stwcvx3hq2ahs0l3l7z7wa7llwdkxvlgn6klw4u9rknmmduhmzv5a0h5ans5w3deeahll5du0jwfcsqdtlqf5l38ln0eq03h74ctg9yza7emmwtwrc55694lrnfmt7f4dldznhpl8r4sw3hfptyxu7t0laluzgarayg45yw0wavfk6y5cad238su52kntrelaehuhmu2awhdtxvl7srxt3qxqgqpprds755zj6h5qee8gpnjwsr8yaqxwf6qvun5qeeyqe3qy9xj8umanufauddknfh3kxuex5shwj9vvdagpueeawpkxa5xwekjayw4s2ts0lcejay962e7yjl8xe9zj4rp7e0j7w0agm8fee07g0ejmtadr6g4mnhxaxah5r2u269v569kzd5hxswmncyzudzklrdekctsgwfvmq4uesnte7h64yzku4xf5ah4dulgn20exk787la0hpr8a07c73axs4az50807e5an84dyl0wutrnmf49f2775zgl88msf0nlrlpggg5swhf3vw8vrm5e24tr9j506tdlfau4kr8a0xrmv03jzd9h64l3a03hcsrk0ffczza3m99m3880v4djhn2664963j6llhsyegt5jj2exyjcxh6tu99nfp26tmks6twph7j7te7cynuva9dtepwwva6rsdhf4l7eplayawxsqqrxjansu39825
NECKCOIN,offer1qqr83wcuu2rykcmqvps95ue5k23hyn0wk68ajyct3dwqtr45wzdfllx9y6u95kzf7tdk2669fl05tyn2tafewhncry2jf68l7fh0h4dwg48j0hhhdet87vvpc0yx3nnxqcyqp7c3gxxgady0366glr45plvezajgmf09p0729pu0lhvtplhfmenymd6z0jta77glxz0azyntrcjkk7f47m9fn8lh7sv3a6txls0n2jfnjrwyq585mt0l09tl4l4u6uyuk2ctttejut4e7msdpqhhra9f20qrzg82glwtxad8x6renk246uw448h82jew9me4kuhk5rk542z4ezzu068clm503lhglqlxnclmuqzt7cypal70qvhljqjhvrsxldl0kd3suk6mxj4wt2txevhws7qh7t8nu3pmqlz3ltl5q7jxf9y5rvv4helxvs26k90xuej7f9axy522d209ue37tpyr72f345ezjdfn5wkz3wf58yj6mfp28uhnljfuhxur3sauxt0uewp2hu5vj0pnmhydcdply7maf09scnzr3wfvmk5dptxc932al5xqyzldy2zm4uszll0lqylequ2klt2r9v8plllccpf6paltmjzw0ef8k00sgdnenkxl0armm7d8gjv237rfk3tvex9e55rrguv3t0a07spx957enx66j2vfykyj4zt4t8yl7ll5qqq4hjykyeqreqf3jzm27l9u6tsnmqux8763udfgwwdm9acy2ep0he7cta2d5hsfevs8p8hpnlllxu270qvxcj9ykcydjgzllw4ulh2pw0v6u44hllxumjs24ka8emkd4dnk7yzfhu7k9wtkwh46m6x6t5qan5v59j2m5ve58gengvzdcve6xv6vse5xypjal5w44u4d0tmzjq89r0alurz8nf6nlyt97kay9dlxu0s523kt06v782ufe770hrqw94k2nc9cw2jhzmmhhx0vltalpdfn479kh6yv2vfxh0e59gd7mtfaszjcs8yasyvemqgepgenpa8whskeqlrf23juvmnedlxl0nqrgu00slun3lufx4ecglqnn087uhqmx8ln0aqegdf30cqnjrmeag2rj6cdmv73zcyrxa6djj444270cl8k7plyll0042h4ygellcm4mchsf3kgdudwg2al2y6zella5w6ea9m9nqzn47myjfx8e88mq54nqx2l5nec6mlz7yrq96dwmdnl6whrs8a7dpmdth66syh3tgejmwtck63xjl076lhh4s27cvkseq2a3s0l3hlj7w9lll0dkxylghmkewdl9tkremdahhzv5a8k54nskweweeuhalu0utj70cqqdt7qd5hs8ljllqhshk5c0ga9z37flmwfw8e5s6dklrjeetkf4d7axnhpltz4jwe5fft5qukt0lal7zuynt6pl9xg2hlft007ljk23jvhlknj0jg5nvj5jmvf6hc8e496wm6n7kzxvssqqzxeppfc0y42gmnjq3l8ypr7wgz8uusy0eeqglnjqpmypcfdy0pjmlmnnc2adw3lrd4ej9g3xu50cse2uresn7anvvrwvasd0ms6tykhq70snaccr494uf97yv609efxraze9cll7swdnmn0c30k9w4668u4tmy7tm470y9454vvee4myyrwwdqahxgt3ghze7teclex0dkh6kl2tk0tly046w067m769al3sllamx347hewhvq8lllj7wxxl6l4sar6art69g6wllnfmxt26t77uck8h5n2tj3adgye7w0hqsl0l86zss3fqawma7l7s6z0nwwfmh84jlx7tal2w5xlk9ntducm40mt6wgshzaaldk04lqkerka3fmsv0nf6tu0wutyemq4u6gwzaztkfc7zjmxnsun8hvnvx6ahf8maw382m4xfkgvukc458t3t0t0nmn30nwtw09q7027rgkpf88vq5qq78jpwghn2q7c
NECKCOIN,offer1qqr83wcuu2rykcmqvpst4vv3v94ut44tzwn7lx0ewse3kslg435shj7d0u0qmx0xvkwxv8pvcm8e29dyxtrl7jr94mkfgnc8hlkch8c4e06rp0965p5h4cx7a6vfg3lmrqsqpmz8qscn45378tfruwkj8ejy0k3pd9a5rlf250s06ae086u80x5ndhfe6f8hm4ruufl5g7vvfzjmm488avd9vml07ptt3knwkwgljcl8h88ls28uzchhwa9vlmprmgpnlpa0ag8tpwuewlel4qhhra9f20qrzg82glwtxad8x6renk246uw448h82jew9me4kuhk5rk542z4ezzu068clm503lhglqlxnclmuqzt7cypal70qvhljqjhvrsxldl0kd3suk6mxj4wt2txevhws7qh7t8nu3pmqlz3ltl5qsjxf9y5rvv4hel9ukjfw9yhu5tz0249unnxt6m8uejpt2chu5nztfj4y6nx2fy627tef9uhzlnwvfa8av23t9jhd0jfskghzjj3v9j4y4t2sevkzuted9rx2s26v22mzk2kv9tyj4tz02jma2vps90yzhh6lup4ug9r4n62jc2cc0ll7xgtdmxhehyntm4dtm9r5phprl83urs7jhe4xljm2w0erc9dyv0mnpj687ll0afka60lqwynfa2e2echahhlq009fus6ez6gdlllndey4lcleqsvdhget8junj0egk55djvfymj62pgeskjkteg4zkju2es95enxj359dyjj2e4e56vejf54ymz624we9yzudffejharalkw7ylfnjdf08z6j7s9995jqzut7dq2x6x9y5srydmrcxmhhh4hwtps5wl7l8lzk2lax4t732yxmgujnlmaeu7h5hydtljha0cdwf3vvq40c300uszlrxesgu09ece5kelvhz6x4llfflkekd3yc4wvj2n4t2cpp9svla6hn7af9aarfj7hlmutnw2p2km5l8wek4k7mcsfxmn664ewe778f0gmfwvn7w33skft23e85erz0fsghpnhgcn2jpx5csw2h636kh644e0u2gqa5fl8lsvf7d820u3dh6mys4lum37z32xcdmfn6ats88me7uvpgm0gydu0edupjre49kx05dnney6a7smlp7mm3xqlxx02t0nauvrs0jrgperf77n5qf58gqng6p8sp5dma7uzqg8sjlnjkdj935x0ux0hnchh3dx5vpla88zft530efetls693ecf47qjs6mzdcqnjrmeuctrj6cdmvk3jcyrx7ktywvjvxaw4jfz39u6dndzh9e9u4uwfd0037hxczwvqadhecv9ejl67t9nnmm45j9ahgjec4lsaw85f6dq62e4rdg2nlllzlzpck9zxjsnjtywld8v65v00f5hdp77jzmhv8hvx58065mxawthzxlutusxv0h02t99f808auff58axe2wr9teg6n7ee0kzlp4am32xl7454850cqhqxrvusywlehlcl7p087l0hkxlzkt5e7t0h27zemfaak6t43xxwhm6k6cw8c5uulml72z70c8qagxxdusqmle9luhs3hum0gu95jkp7lveu8ph372xdz6lem5e40x6xlk3ftjlnj658gm5q5jt0l9hl7luq7kn7mvu706u02cwhmzp9wwcvhptgl8r5cv4cu7gefa8r580caavkqyevygepqqyydkz6js6f2k398gdz2ws6y5ap5ff6rgjn5x398gqrxgzs56gln8h04883476dz7x6mny6jzdcga33n4s8n884cxcekcemz6mk3jkpdwpalr8tss8tt0cjtuveyut2sv8m9kteal4pva889lerlw2dt450f2hw2umkm77sftptg7n4gkgfk6u6pmwdq4wh6hchd44x0x479xud76d44p80n3vjwntc0jk08gzrw98d8x2hralllllq59qey4mkl8rky2h6rcw459uh9dmd49ffmw98mnt6nc43t0ufpyy46rp2zspq4qyk2h9mer9nqna76sd3k0fyvlh0ja06qelu35zcm7e5h4alfsmjmgx3f9ew725p6uaajzvf7guhhn9mrudkdvzftjlh44vcgm4e0eg42v00hhhrsceqtfq2hexey7eslvrhaz24fpxkjcum6rvtfh9delepjvupy3tfsq9a9r2nqkmrsuj
NECKCOIN,offer1qqr83wcuu2rykcmqvpsz48qe6sl8n3hyj7e7x87wlal4jjkxa39w44xcqjmdf6gnnecwmwxnk3vxpu55pjtun6ddw7an9g6a8gj6f4rk6sdxlhxc4gumlg68azdrktehqvzgplvgypry0kj8gldyw376slkysweyd5h6shm9zj70lmk9qlm5uuajdkaf8e97l0y0np87pzf4sudtm0yjldk5enlmlgzw0t4xtfuadj26hh0drcw7m6un8m6znrh9v0vhg27xgwm4l876unckes0mp7j548sppyra90h9rwknnd9uem92aw822nmm5fghjluj6wtm6pmzt4p2unpxxaru0a68clm50j0mfutawzp9lvxqwal83xtleqfrkpur0klh6xuc7td9jf2h949nvk0hc0qrl9ne7gs4303gl4ljqgdr5jj2pkz2tuljltdyhqjt72p3842j7fen9adnlveq44vr72f345ezjdfn4xjd909u5j7rs0ehxy7mlk9g4serhhayctyr3fdgkqe2j234cwktpw9uxj3mygpdk89dst9txz46g233h4fdl3xj22hjqtlaluqjlyz32madgv9vu8lllrq9r37keelmhzf3wj04xhxhx7340lhhla5y5n9tms2z3a82vm6s8uj7ll8l0afka60lqwynfa2e2echahhlq009fus6ez6gdlllndey4lcleqsvdhget8junj0egk55djvfymj62pgeskjkteg4zkju2es95enxj359dyjj2e4e56vejf54ymz624we9yzudffejharalkw7ylfnjdf08z6j7s9995jqzut7dq2x6x9y5srydmrc8djx7ewm7ed4spla4m5qlhycs4wrzs0d34prdlh8vvhzz4tc4vn2mqz8yck8q2hvghhlg9033vc9wrju7v62vmkt3dttll55lmy6xujv2hxf9f694vqsjuxl7atelw5zu7e4ett0l7deh9q4td60nhvm2m8dugyn0eav2uhva0t4h5d5hxpl8vcgtya4gcn2w33x5cymsen5vf4eqn2vgr9mlgatte267hk9yqw2xlmlcxy0xn487gktad6g2m7dclpg4rvkl5euw4cnnaulwzqydhurx78vk7gepu6zer8mxaeujdwlgdlsad4eny0rr849ha77xpsxep5q73570f6qy6r5qf5aqncp6xawawpqy8ce0e3txazgcr0lrrmeutnckn2kzlknn4y9cgla5c40cd2euuy6aqfgdf3k7qfepeuww9eedvxaktqevxprwm89dax9klts5f878jttmwkn505a08vjj0va29m7jwx8w4n8nlaravhm6lrcxw80hh6maydft373x0muueuzjkdqe2w4lllq5t4t8mwf6776x0986e7n2prtl3hd2g8p4eka682vmx7rapexkf6n7kaluz7dlvuw0f7grsl7llpdsdpkdj8u6hnec5tvn293ys4m0ttjllmzlsnq9mpj68qpnkwpl7xluteehmlaakcenaz0wmdchc4w600dhj7vfjn477jkwz369l88jll73l37fehqqp40cpkn7p0l9l5r7x76npaz5s2hm8lde9c0xjrgkluwf8d0ex4he56wu8au2kp6x499vstnedllhls2ztkma6576zlzv5z7l95ndalmaw49wx8meuchzhlculxcfng7878hh6xzxv3syqzqeprfsw542s6n5ppm8gzrkwsy8vaqgwe6qsan5ppmypf2py08jrumlncgaad3hrdhejxgexus0gjewurasruamdvpwyas9wmk6mykhqwtstlccz494u297yu709efzzazeaeln7qwdtmnte30kd04jm8u4r6yktmh7lx94592vf64h9y9wxdq4kkwtnq7engu0agc2n8devz58y0fahsrcfjvqlfrcr3xatmee2wrhlpcl0lelalgzq5zuhh6euj0cs2rf0pmx3hwl9evwk439au5lvd8g02h9glp9ysj0gvpg2g9zjq6ekkw7dscjgylc452k7g08jeex4ghjfm85hku50lj8j2l9w8a0jwx87mmnj8w6xteypn49wu4d070ms5tn8ryeu8fnlww24xez5eln4530af0vqfenghkwkp7wx2rsf2yl0x83k8fv4ylmderd47dxp3u8sf54tvwyjsqkxzvjjsph9x6c