PP,offer1qqr83wcuu2rykcmqvpsyaknv4fal75qtcw4etudt0h0g3tmzex5a692kl9elw44lnzwhwmt85nyh9mxj4c5aflxy94560gadk8n04q6evtjn7ksrw70rvhrrl3zt5eqpqvps8glnu7tq8urkafcflccxrw7xrsaycgmlkh0e0934jgam85hxsfr03tln36cs3ag5cuaxjketmeenuk4k6gswq8kdlr4flhsk270f0xm3dtq4dns8lcllpvyqt6hl2erw02rhpcxlll7mla0hpke2m03m440mcnr2ppuffenwt36zzcnl22ye057ayypxw4vkl3d5dyxllluml3hkrxp3phjr3pllpd2xduvmknx6ermr8lflflkcnule5c4t6nxum9ljn5a4ge9l02pagp6nwpcpt70wputn4dnsvkqardkzt7fkxl6f3ghac8djamz6exyvnx0kcn30trtz5lf60e093mh6fypzkacapqumq0w205cl8r9vrp4ankca8a8kd7rgxdqqqgkxgun4s338tpsxdrzwkqxv6zgkfrd9u59leg583l7a3v87a80xvndhgf7f0hmerucfl5gjdv0z26mexhmv4xvl7l7p5l57k8u6dmu4yh3x2m092ltj3fs052gah07vltnlz5dt9m2wl59pgkhslep6nyn8grpgrdr0l9rxkr3d47emy2aw8t2m6mkfc4jhuj7wr6696zd4p2ulqxya6cvem4senhtzzm26q7wwq9ev7zw37hhxr7evfnkpvr0klhcx5678v4kf2h9eynwkl5c0prm9ne7q3930ftl372xg9q5jj29k6tt57nkv6v45un2d988dxjev9rgv7tzg90ty7jjv4dxy4n2vegh6kvjfxgcnxn6d9cm5hn224m9z5d3wxp9n92f2fn8v3j7del8ryteg938j4t2vejhy5vfw9qhrvjjf9l2ylnehe9xatn2d348jc2x2enyujnx5xk6dq27gfdhl3lelv0qa7s9wndmf84x4ulxmqtq4pxfwejmmv3uuwg2tcm6vegetw24cehullllm72dh7nlczs468gh2kwpl4uqkgu7xst9s9y3l5udcvp0eclvmteaalyc2nlzfhe4u4zeegut5ecxttf5jqdlelll6d8xjlurk9u9e9ucr0jd4crtujfwvelv6w2kfek6a9neg8zju3hpr8setjtpm6772y2plkvctrjxe8sct95krx5v74fyuenjdf08z2j7e9zsjjpfc4uuygpjqj6yyxvnk8stmch7ke27h0q6a5mj78gknkuukdj2nllcu0a4n85fjny9y63kwsz5mp78l6lj7mfa7argjchlmu0n7vpj4m5l82ekhk66ckf7cnjm4awfu70f02m3vshk7s3pqf20p48ggrjwssf8qnmgcnszpxcgss20m36h8u4de0c2cxayglt7s2f7w8wwu4dlcmg39mutn7ws6qc4mfhmafs09rj3dhpkktywe65qmn4gphaqndt6wa9pdfzukm0nwg0skyl7auu0afxwrylvwkmlx4xmdl0pl8nvwlf2kukv7hfepe2dfshuqnjrncye78t7gwllcpuw9c2x5lllsh8r6qg0wal0l06myu47p4fdur0m7qh53gzvkhy7h2hl76rcm3ak4g09079mstza9uj97knc0svkelcv50kz0u7hwx0k6uzdhs78xcnn4v33dnu9pesfwqwx53sv8zl87l0lhxmrx05fat0h27z3mfaak7ta3x2whm6wec28gkuu7mll6x78e8yugqx4lsy60cmm9dq5unkhs0lq7llplz2xphrqahyvsyd48y64z7j6m8tpa96y8aljj8twufcmml09dsdjpn58c520wne8qyfnz8m5wquxvl9kannwhkct4t6ak6rehw7hjfke8mxevkamphxgczqpqvs35c8226gdf64c7n4t3a82hr6w4w85a2u0f64c7jpuk2jqme97dleuyw7kcm3kmueryvnwg85fvhwp7cp7wakkqhzwczhdmddjtts89c9luvpfdjaj34rjfkfejlztewgn7ds97f04ec8ghmjfv6r8s6dgtrjeel50dcfj963k6xu74h3up5hkscmng9au7fum9s34n2myemva2td7clc0fkxm3cv4x7wntymvln9u8a5dnhdt0lzvet6zng7sg4vzdnk0jwtwa5mcn2lwhh704vncvc3ehqgp7dnade2vzrx8pzdl8amd0sh0a779c3yrs5mnd9p5tem3q7lq7vepsk7tapwuxyqh27anep5rndfnfkam0ax9fl03ad5kj4mwh97erv2ekvh9v03sn6k2fupyk2709gt8sstj9qzpxqthv2mczyc
PP,offer1qqr83wcuu2rykcmqvpsxygqq0mnllytqm3swejxdzzcrjd2304va45sejerr7lp0ra572a46l8jk682vrk7f6wj6lw8adl4rkhlk3mflttacl4h7lur64as8zlhqhn8h04883476dz7x6mny6jzdcga33n4s8n884cxcekcemz6mk3jk4v924t89kfxvxv2fwmhz2v20amzpekrhdxwm8cuztwefjqt7rg48vwd8m7d582u26ytq2ywa0arg3nyzemuzw5h4y6t62jck0kuhqs9kx0y2nglvn0z0j2aty4ugy9uynsu0uragysjn904av7669hrza8ejhhala5hre9pvwt6u4mh4c40ejm4al7dfaw840af7yz3zjjqjcr8607zvrtn6hws625n0g9qd8ucl9jynd3mxe6ax3n0d2q3aemhflmnacemdqw8u43xfduuvmmmu6k2lsfx7lkwt0jk5mhc00tfnpyngely66qmqc0ywuyqnewjuvp6tjqpcuerewz7qqjrucuspfrd9u59leg583l7a3v87a80xvndhgf7f0hmerucfl5gjdv0z26mexhmv4xvl7l6p72vujvmmq0exwlaswn4vkatgdsuan545af9vrml8c4w389cx7u7uuh0slep6nyn8grpgrdr0l9rxkr3d47emy2aw8t2m6mkfc4jhuj7wr669mz26g87p7hdygzasgv96fpslstjjqqnlspgt0nnc09lesuktzuesmrmahdup9xhe64tj6kexfym48ux0ccueyu0c9evt6tls00pnff9q4z4d7n6nxz7j3t6n9u7pk3lxqmnywfuhycv9txgtwutctfexdg58g7uekjtftf2fpramvwvxhf2hk9yenw6hk9sm4pm0j6cmr059hxc4us278tg04rq932tjavtjhcknh8v72nazfm0pu0rgaucvt87whfjkmt7lsveawnp2h0lllum72qhd7ksed02echuhjrfqgwq4dnlw7rd84at3e497mgjmsazvxmsfrmlxndlv7k2nla7u56y367ah7g39q42wa8ln6vymjw94yy6txt949ylnwdel8uu27hegh5h4wvefx5ln3ffchavn9f6l8yh4fh6qearn2tf3xuuj7df49a229f9yqds4uu6nzeuzaqfdq8q66rxgcpvwpjm9uff9wwvpg8kmtcgk252vmxafp5lwpt370frjvhlhyhd9evtkqy0n4l9aknma6x34n0hkcl8u6rd2hf774n9wd443wnas89hm6uneu6j7hh2cftqarafx9zyh6a9ae8585yczamunlwk7snv83gk00gf53kthwn66hjh44vv2gs75auhnsuw7a92ta3whzm5c48umpuz3tkmdh2n6upj3qc4u05r6jx37kdjx6akse7n4r0l7nhzmt2sxhwvp40hwmz7z6r3gx9w0e3hecatm5cn8kmd3uwjpsxv8kn92w56tyr9f5xr4vp354k9j66cd6jgfxeuv8nj0vmw30975a4dxrxqj2dsdt3a4tc6kl3lmzlr7405u87ex8w6tjlgxnp6vw70qaztz367jrv2trs4s2yzrwq5dflllpvzg62cnq4l2ttrunhdfh9f46lv8zjtg69nejda8rnadw4l5xjm8c48chas053emcx3x8hxnvtxmwpe8we0p2vp7mkd9htdvejgl2ntdg4kccmcdmpj6pgfzkzpcrhd8qhnl0hmmr03m86y79hm40pva577m096cn88taarvv8ru2ww0all4r08urjjgegpzjr47ele0tpw6mal5n04sgl5ndtsktn7d238vca8fxfa43d89a6hznvlkt5ee2lqx2n2lsrtyx4u9guqp59v5ne8vh27xwn7wl2ee6l4ffnr3atjc0fxh02h3k8h5nukmyt8ylnycvaaw3447pkhe98ldhk7mn20gwt6nrz7ffklutmp59m4tcm9hh6dp3leef4yr6mwrn06rj8m8vexc5relrha6r7lkh9ahe4g0kf9zatw6vvuczn72hfazkq8d650rjynh2c4
PP,offer1qqr83wcuu2rykcmqvpsxygqq0mnllytqm3swejxdzzcrjd2304va45sejerr7lp0ra572a46l8jk682vrk7f6wj6lw8adl4rkhlk3mflttacl4h7lur64as8zlhqhn8h04883476dz7x6mny6jzdcga33n4s8n884cxcekcemz6mk3jk4v924t89kfxvxv2fwmhz2v20amzpekrhdxwm8cuztwefjqt7rg48vwd8m7d582u26ytq2ywa0arg3nyzqfrwmwyjmpzzayuhnc0c8nm94302t7xyx7seluwukdtkle7anxcwwg2s38mpg6utc6ttahm7pw09lxv6jtqmr7lf3cjlkx6he5mgunlvmclkwnwtlunr7pfzjjqjc09k0m4mm35r7laweah7a740a64llnn0hjt304la7zz49p2d395gt472u75l0dj4ng0d5cxk00puj5euh54xlw7tl4rcllgy5a3am4c2zp2mxaqakv8s8zrq0u8gw2qaregzuzvp7hfwqqf3cvktq5sxj76pl5428c8awuhnawrhn2fkm5uaynma637wyl6y0xxy3fda6nn7kxjkdlhlq5f33cmllu9rf93wp4wtk6lj28rsarw64uhs2zu9x79uf0ef7s2ts24sur7cw539e7qggqmfmlegm4sutf0xwe2ht366577aj29uhlykns7k3wcjkkp0s0a6fzqhvztqwjgu9uza5sqyauqtzmuvure07v84jch8vzcwldm0qdf4uwatuj4xtjfxadlp37x8xf8nupxtz7jl7rmcvk2fg9q5t057keck5s27ke0xsd5lmsxujr329g4g9nec4zpjw0e6fsss4lyvey9s9307lfy5l3fgl2kjujey30ms5ljgsqz8vu9ex4rapdfmmq4uwjsw6xgt53lfje54tz70lu0stk3dw7dxdrtzk0edwejm8tla7dm20sc8lc8a7whllahu5p26adxj26an3telxxjqvenzc7zeyz3xnvv4lhja4e67jm04alzea7j399csjt2lh65fl54v09p9da7cp2njftl7lq2en3wffxjcjfvedx5un7deh86h4jt4l99wn7fen8y627w94tyl2j5eh9avd73x0gyljwdfaxynnj0e92jh2fgs9v4f8qh3g3yksrnvlqpxvck8qe9s754znxwr5ncd3a529z9k9jkkskw8v4cc8une22lmjl4j5hd7qz9egl6amelw4zc7ehet20m7deh9p40d2dnhvm2mhdug9nteaw2ukve0thhuv5sz36hr2s2faz3kkn2x67dpqux0llgm2fkyccfhm456gr9tagatta26uh79yqw6ylnlcxylxn487gkmadjg2l7dclpg4rvxa5eaw56csvjc8xrddqcutkenrwnxv0g2lk0cflnea5szth9s6hr4da03fpskr7k8sen7uwkdkve4m94ck8f8chyr3fz486w45qj36mz2sqcmflpfddvxa5hy4vxprwt9l8yc7vkyjvlarjp6e49yfjfun8z8ttjjhxcwj7hxumnd2ytds04elndclq6tjd7jl05gtn6745zvsufvfuqmpt6lllcz56a3am33edwl7n720hslk7kw7xeuzuhhsnle42x6t9yafh0wt53p9arls8gm80vwryr72llytny08nxn24e4kvtnld0mrs6wqy8jxhehqu45czg9hvxrgnqywcctp6a5ur70u7m0vd7pdhdnuhl24v8nknmlvy3t60ve083dajur3elel5lc49ulsw2pz4qyw2wlmlc9j8e7fzeka48qh89k66aw4nxacw6cerknvu4nl96v2pvmd85awunpk6y250c3hjr27zywqqjzxwfv3kt4mkw8npl8938nuvmm70fr08lj4g2g2etef6vymungxk9mmal3cztvddka5ed9kxt67c0h6wjnunrukxvdv9xpnrrhtk0r7ury8ul2rlknn7pdc4cua9c55yt07c7dxlxshpttlnpn9putweazumxm5nh3k54mvduavyqsp69tzc6su3xl6h
PP,offer1qqr83wcuu2rykcmqvpsxygqq0mnllytqm3swejxdzzcrjd2304va45sejerr7lp0ra572a46l8jk682vrk7f6wj6lw8adl4rkhlk3mflttacl4h7lur64as8zlhqhn8h04883476dz7x6mny6jzdcga33n4s8n884cxcekcemz6mk3jk4v924t89kfxvxv2fwmhz2v20amzpekrhdxwm8cuztwefjqt7rg48vwd8m7d582u26ytq2ywa0arg3nyz3w73xhaekm8tr2e48tcz90yma7hw8rxnl3vskncav9jr89lj02dsgnp6pw62wkzmxjm0fl0kt0c0ejk5jsxgah20wukdnhacd2m8zlrz7llrj666lcmjtt3qggvu3sn82wn5uafdhcjtw29rkfaarcn8axk6953j4ye4h9zn2dwfs03g8jkwa8wm9dtwxh9k7kvlwj6pl8ntwd7vkedst87n040wv7xkunveyyelfksk6xrcrnpsx7r5h8qwsuspwrxg7tshsqysax09q2gtf0dq0624ru87hvt3lhpmehymd62wjta7ugl8z0azxnrzckkkufalmpfr8lllsf7m65jk77l87wty630e27l06vew6r2tvn8h9arja4kgnan5m8q6lsdlur7cw539e7qggqmfmlegm4sutf0xwe2ht366577aj29uhlykns7k3wcjkkp0s0a6fzqhvztqwjgu9uza5sqyauqtzmuvure07v84jch8vzcwldm0qdf4uwatuj4xtjfxadlp37x8xf8nupxtz7jl7rlcvj2fg9q5t057keck5s27ke0xsd5lmsxu5n9vplys7jg0qcj8u7pge5327wxdf54y0npncauhlj4tys9rkgywwcz8wdpjlmu24nf8y0mapv9skgaas278fg8ary9lfle2f6v4508dedp37fwfl9hflquzww9hd9d9708vey3eh0ma8200wlll7m72q4dwcje43wec4ulnrfq2ve3vap4tafrz4ahtrzthjajlnj4le2kgv0alk5lfjv34l8h0zh4pxaf7whgp4t9znldlqan82uj3df3yjejedfe8umnw0e0tzhn72xa8unnxwf49uut2k9l99ftwt6etazv7s9lyu6n6vf88ylj24f0yj3gfeznw90px54xjpwsyxj9svdpnvwqj8qad2ayuj8pxshrmv46yty298d3wuj6thshc8x54ekdlt3t7nus9tr20e6lj7ef4largj6hlmutnwwp65m5l82ekhk76c5fkenjm4awfu70f0gmevunswnzsjjnjrawhzv46u2zgq7l737hrsgfknm5t8csy2tmp6h0a4fe062sxayg0t7ctf6w8ww54dlcm23d6utn7vs6pc4mfhm4f4dqefsw2xx68ae8ge2xar9gmsdlwt3nl8tmew9hgtfhwp2nmlw3rpd8cvrzn8ucmvlwea2wfted7cwpfgmrzrt0ja82p9z9jyerpmk9gz2m2cdtv7afgyrw7kr7w93yuvaye4608rpj22fn9nfxwv0xj9f0aja9cw36hx6utktq0dj09malpchy6a3alz30y4ftcwe36jssqdc2s4rll79m52e4qv0lawfylt704napx0xav5vmdvv0lhtyjuet082h7lz457n8ptlch8zwn4h0k2z79606fwmcckjwm8k7c5enehnlfydhaujhc2xdm8jm279sphvxrgkqywcctqqa4ur70u7m0vd7pdhdnuhl24v8nknmlvy3t60ve083dajur3elel5lc49ulsw2pz4qyw2wlmlc9fvhl903ek8gjwu8rxen6rr2x028sfw4wn4u390fcxame0z4ng40s76y65nc3hjr27zuwqqjz7wfv3kd4u0tpe45vev93d3fgh4f0u79ldz9k5l00cs3ektjft434n733lan74j5rhvpedpahg5u0qzw2lkfd4ajwjma6rx7j574f2vlwh4xn3atpewwu6mem0lrnarrch80l3jatkl0z78nl8lw2em4prt9pv47ra7nzawla7ecspz58rcvqzwlym9
PP,offer1qqr83wcuu2rykcmqvps0u0lnanha62lvk32u74ngyj0pzw8ev743pla2ldahltaayy5pp03majuze3ewakdy9n20mjf8vwk6rf46u0ucy4t0age4wrnknse4ce86gjckxqcrqvp60ahrjqr05u80wwtwkrq3kdjv9f7t8hu4numevddjm03cy3hj5muglvcw7yvv2dr8tg5ak7e72wld5fhzzrq0amvcmg04a95hnemkhs26cyr0udl7h7q9pg87dajhfrn6ulg0plallhlstnp3ju2matvhppl4k66l7t6u62lfwu8c4xze9dt8e4l2vxkv3wkthx6wrlmlj0lj6rpn56q3eels0uqa0pjeay4x0nnmraezn0lsxh599yn6lg42zrcuhhw47g6ky5w46u3rpgw9c0ejw0xg9079c38neh9hmnv0t6s2mhwdn9hecf0kf39vdezvjfq4l4967h8fc6tlqj7yx4m780qnl7j6tlh3ks7qsrgst9dn46lytha5w0larqsqqy0r5vfjegcn9scrx338tzrwvpqty3kjl2zlv52tellwc5rlwnnnkfkm4ylyhmau37vylcyfxkr340dujtak6nx0l0mqhf60mssnuklk7zdfym46m0su6nsmadtfgtelm6utk5hy38y773dnjukplv862j57qyys0547u5d66wd5hn8v4t4caf200w39z7tljtfe00g8vfw59tjvycm5tfnhgkn8w3dg0drfr4cgyhascpmhu7ye0lypywc8sd7m7lgmnred5kf92uk5kdje7lpuq0uk08ezzk979r7hlgpy5wj2fgxcff0n7wf3f7hnsdf455uy7ta35pqrlveq44vr72f345ezjdfnxh0ugdph97e6g0944s6t6v4exjlnf2ec8uhmkfp4yu3j2feh4y7d8tpqxx6ngfamxqcm6fp497jufwp289gn70wlysm42decxvhnn4wqyr0vqgp48yhnxkxh6pz27gp0hhsllluvq57e6hlhh0wnl5pcml7l69kn2rrmxzdt2l0tu99ycm68nfm4ufrgwv79llln0evklcl4qjnhq7p0gd5qdn843urkmdedzafmxulep9m3lj2wmh9l0dqsl7erckk2kkcjra0xzc06hr6wnlllf5u6tlc0cns8xcmqd6fxhqd0jd9e38anfa2e9xmt5k04zuz2jxu5w7rywfvhdtneg4ghuenpv2gmx7tqvjjcw6ej63vnnxwf49uut2t6y52j2g98znnlrqwgztgyse6wc6p00zhmm9t2lut2knwmcaz6wmnzekf20llrnlkkv63x2vs4n2xfcq2nv857qhuhk70l4gj8kd7wmrulnvd4ga0m6jv4mk7k960xqu770tjl9nzt67amz9965vfcy2redd6yyur5g2ggq76xyuzq0kvyyzjwcwa6lf27t7j4pnfzr6hhz7wr3mm59t07y6utwnzulnv8s29w6dka2vrewuugacd44fm4w33x6arzdhgyltx3hdemvsxfchgnevjnm8klh6kluu6evdr7m6mlr5e2hevn8a4khnv4443g9qcqtg4v38ustjreeqe79g7rsrugwqwpcxz59l0lhls2q32je6xf78lxey2ek922r47jcltmtdl8nyhxe5a47hnlmxuzxen9uhls256rwet2u6vh0tclp6cufwmd736t2779pm6jufk6e03xk0hkrguv4qxasedqjy5lsv8rl87l0hkxlqkt5e7tl42kremfalkj244xkvhn6k7cw9cuaulm0u2z70c8qagwxdussml66rpdy4v3hl30lzwl73uzwxpmzgehg0qwd4zy74jkjjm8tqd0mu9a0jjftklfu6tmwavs9sp35emuw608ry6tg0nadf7uf8x7ngvk98tkd96d3v8djw3fyqjgha7yyk6hgkrwvssqqzxeppfc0y45gmnew3l8jar70968u7t50euhglnewpmy0cvay33jmlmnnc2adw3lrd4ej9g3xu50cse2uresn7anvvrwvasd0ms6tykhq70snac5rjm9nxrx8yhvm39k98ku3yumpm7j8fnuwpdhvses8lp52nk8yn4lq7m5jyt4m05fcdf0n6rp0d93h9s0ascn4nmn984emhyruchndzpwxcudefn5vd0u5f5nk8k0427ufmm5l5lnr5avjprq7cv4yqajw8lwh37rqvucw00e0m5qst5n4de2ykwes2n0u3hehv4xmgczn3del8pmw8wh220judmqnlphntkrtm8c0l7a9984nxa8gcn3d4d2ejdjs0r82az5zxvruwymhn7yachn06m3dheg5wns084yeru4qupufnvlmgkpwpqqw7srcxg2n24yz
PP,offer1qqr83wcuu2rykcmqvpsyaknv4fal75qtcw4etudt0h0g3tmzex5a692kl9elw44lnzwhwmt85nyh9mxj4c5aflxy94560gadk8n04q6evtjn7ksrw70rvhrrl3zt5eqpqvps8glnu7tq8urkafcflccxrw7xrsaycgmlkh0e0934jgam85hxsfr03tln36cs3ag5cuaxjketmeenuk4k6gswq8kdlr4flhsk270f0xm3dtq4dns8lcllpvyqt6hl2erw02rhpcxlll7mla0hpke2m03m440mcnr2ppuffenwt36zzcnl22ye057ayypxw4vkl3d5dyxllluml3hkrxp3phjr3pllpd2xduvmknx6ermr8lflflkcnule5c4t6nxum9ljn5a4ge9l02pagp6nwpcpt70wputn4dnsvkqardkzt7fkxl6f3ghac8djamz6exyvnx0kcn30trtz5lf60e093mh6fypzkacapqumq0w205cl8r9vrp4ankca8a8kd7rgxdqqqgkxgun4s338tpsxdrzwkqxv6zgkfrd9u59leg583l7a3v87a80xvndhgf7f0hmerucfl5gjdv0z26mexhmv4xvl7l7p5l57k8u6dmu4yh3x2m092ltj3fs052gah07vltnlz5dt9m2wl59pgkhslep6nyn8grpgrdr0l9rxkr3d47emy2aw8t2m6mkfc4jhuj7wr6696zd4p2ulqxya6cvem4senhtzzm26q7wwq9ev7zw37hhxr7evfnkpvr0klhcx5678v4kf2h9eynwkl5c0prm9ne7q3930ftl372xg9q5jj29k6tt57nkv6v45un2d988dxjev9rgv7tzg90ty7jjv4dxy4n2vegh6kvjfxgcnxn6d9cm5hn224m9z5d3wxp9n92f2fn8v3j7del8ryteg938j4t2vejhy5vfw9qhrvjjf9l2ylnehe9xatn2d348jc2x2enyujnx5xk6dq27gfdhl3lelv0qa7s9wndmf84x4ulxmqtq4pxfwejmmv3uuwg2tcm6vegetw24cehullllm72dh7nlczs468gh2kwpl4uqkgu7xst9s9y3l5udcvp0eclvmteaalyc2nlzfhe4u4zeegut5ecxttf5jqdlelll6d8xjlurk9u9e9ucr0jd4crtujfwvelv6w2kfek6a9neg8zju3hpr8setjtpm6772y2plkvctrjxe8sct95krx5v74fyuenjdf08z2j7e9zsjjpfc4uuygpjqj6yyxvnk8stmch7ke27h0q6a5mj78gknkuukdj2nllcu0a4n85fjny9y63kwsz5mp78l6lj7mfa7argjchlmu0n7vpj4m5l82ekhk66ckf7cnjm4awfu70f02m3vshk7s3pqf20p48ggrjwssf8qnmgcnszpxcgss20m36h8u4de0c2cxayglt7s2f7w8wwu4dlcmg39mutn7ws6qc4mfhmafs09rj3dhpkktywe65qmn4gphaqndt6wa9pdfzukm0nwg0skyl7auu0afxwrylvwkmlx4xmdl0pl8nvwlf2kukv7hfepe2dfshuqnjrncye78t7gwllcpuw9c2x5lllsh8r6qg0wal0l06myu47p4fdur0m7qh53gzvkhy7h2hl76rcm3ak4g09079mstza9uj97knc0svkelcv50kz0u7hwx0k6uzdhs78xcnn4v33dnu9pesfwqwx53sv8zl87l0lhxmrx05fat0h27z3mfaak7ta3x2whm6wec28gkuu7mll6x78e8yugqx4lsy60cmm9dq5unkhs0lq7llplz2xphrqahyvsyd48y64z7j6m8tpa96y8aljj8twufcmml09dsdjpn58c520wne8qyfnz8m5wquxvl9kannwhkct4t6ak6rehw7hjfke8mxevkamphxgczqpqvs35c8226gdf64c7n4t3a82hr6w4w85a2u0f64c7jpuk2jqme97dleuyw7kcm3kmueryvnwg85fvhwp7cp7wakkqhzwczhdmddjtts89c9luvpfdjaj34rjfkfejlztewgn7ds97f04ec8ghmjfv6r8s6dgtrjeel50dcfj963k6xu74h3up5hkscmng9au7fum9s34n2myemva2td7clc0fkxm3cv4x7wntymvln9u8a5dnhdt0lzvet6zng7sg4vzdnk0jwtwa5mcn2lwhh704vncvc3ehqgp7dnade2vzrx8pzdl8amd0sh0a779c3yrs5mnd9p5tem3q7lq7vepsk7tapwuxyqh27anep5rndfnfkam0ax9fl03ad5kj4mwh97erv2ekvh9v03sn6k2fupyk2709gt8sstj9qzpxqthv2mczyc
PP,offer1qqr83wcuu2rykcmqvpsxygqq0mnllytqm3swejxdzzcrjd2304va45sejerr7lp0ra572a46l8jk682vrk7f6wj6lw8adl4rkhlk3mflttacl4h7lur64as8zlhqhn8h04883476dz7x6mny6jzdcga33n4s8n884cxcekcemz6mk3jk4v924t89kfxvxv2fwmhz2v20amzpekrhdxwm8cuztwefjqt7rg48vwd8m7d582u26ytq2ywa0arg3nyzemuzw5h4y6t62jck0kuhqs9kx0y2nglvn0z0j2aty4ugy9uynsu0uragysjn904av7669hrza8ejhhala5hre9pvwt6u4mh4c40ejm4al7dfaw840af7yz3zjjqjcr8607zvrtn6hws625n0g9qd8ucl9jynd3mxe6ax3n0d2q3aemhflmnacemdqw8u43xfduuvmmmu6k2lsfx7lkwt0jk5mhc00tfnpyngely66qmqc0ywuyqnewjuvp6tjqpcuerewz7qqjrucuspfrd9u59leg583l7a3v87a80xvndhgf7f0hmerucfl5gjdv0z26mexhmv4xvl7l6p72vujvmmq0exwlaswn4vkatgdsuan545af9vrml8c4w389cx7u7uuh0slep6nyn8grpgrdr0l9rxkr3d47emy2aw8t2m6mkfc4jhuj7wr669mz26g87p7hdygzasgv96fpslstjjqqnlspgt0nnc09lesuktzuesmrmahdup9xhe64tj6kexfym48ux0ccueyu0c9evt6tls00pnff9q4z4d7n6nxz7j3t6n9u7pk3lxqmnywfuhycv9txgtwutctfexdg58g7uekjtftf2fpramvwvxhf2hk9yenw6hk9sm4pm0j6cmr059hxc4us278tg04rq932tjavtjhcknh8v72nazfm0pu0rgaucvt87whfjkmt7lsveawnp2h0lllum72qhd7ksed02echuhjrfqgwq4dnlw7rd84at3e497mgjmsazvxmsfrmlxndlv7k2nla7u56y367ah7g39q42wa8ln6vymjw94yy6txt949ylnwdel8uu27hegh5h4wvefx5ln3ffchavn9f6l8yh4fh6qearn2tf3xuuj7df49a229f9yqds4uu6nzeuzaqfdq8q66rxgcpvwpjm9uff9wwvpg8kmtcgk252vmxafp5lwpt370frjvhlhyhd9evtkqy0n4l9aknma6x34n0hkcl8u6rd2hf774n9wd443wnas89hm6uneu6j7hh2cftqarafx9zyh6a9ae8585yczamunlwk7snv83gk00gf53kthwn66hjh44vv2gs75auhnsuw7a92ta3whzm5c48umpuz3tkmdh2n6upj3qc4u05r6jx37kdjx6akse7n4r0l7nhzmt2sxhwvp40hwmz7z6r3gx9w0e3hecatm5cn8kmd3uwjpsxv8kn92w56tyr9f5xr4vp354k9j66cd6jgfxeuv8nj0vmw30975a4dxrxqj2dsdt3a4tc6kl3lmzlr7405u87ex8w6tjlgxnp6vw70qaztz367jrv2trs4s2yzrwq5dflllpvzg62cnq4l2ttrunhdfh9f46lv8zjtg69nejda8rnadw4l5xjm8c48chas053emcx3x8hxnvtxmwpe8we0p2vp7mkd9htdvejgl2ntdg4kccmcdmpj6pgfzkzpcrhd8qhnl0hmmr03m86y79hm40pva577m096cn88taarvv8ru2ww0all4r08urjjgegpzjr47ele0tpw6mal5n04sgl5ndtsktn7d238vca8fxfa43d89a6hznvlkt5ee2lqx2n2lsrtyx4u9guqp59v5ne8vh27xwn7wl2ee6l4ffnr3atjc0fxh02h3k8h5nukmyt8ylnycvaaw3447pkhe98ldhk7mn20gwt6nrz7ffklutmp59m4tcm9hh6dp3leef4yr6mwrn06rj8m8vexc5relrha6r7lkh9ahe4g0kf9zatw6vvuczn72hfazkq8d650rjynh2c5
PP,offer1qqr83wcuu2rykcmqvpsxygqq0mnllytqm3swejxdzzcrjd2304va45sejerr7lp0ra572a46l8jk682vrk7f6wj6lw8adl4rkhlk3mflttacl4h7lur64as8zlhqhn8h04883476dz7x6mny6jzdcga33n4s8n884cxcekcemz6mk3jk4v924t89kfxvxv2fwmhz2v20amzpekrhdxwm8cuztwefjqt7rg48vwd8m7d582u26ytq2ywa0arg3nyzqfrwmwyjmpzzayuhnc0c8nm94302t7xyx7seluwukdtkle7anxcwwg2s38mpg6utc6ttahm7pw09lxv6jtqmr7lf3cjlkx6he5mgunlvmclkwnwtlunr7pfzjjqjc09k0m4mm35r7laweah7a740a64llnn0hjt304la7zz49p2d395gt472u75l0dj4ng0d5cxk00puj5euh54xlw7tl4rcllgy5a3am4c2zp2mxaqakv8s8zrq0u8gw2qaregzuzvp7hfwqqf3cvktq5sxj76pl5428c8awuhnawrhn2fkm5uaynma637wyl6y0xxy3fda6nn7kxjkdlhlq5f33cmllu9rf93wp4wtk6lj28rsarw64uhs2zu9x79uf0ef7s2ts24sur7cw539e7qggqmfmlegm4sutf0xwe2ht366577aj29uhlykns7k3wcjkkp0s0a6fzqhvztqwjgu9uza5sqyauqtzmuvure07v84jch8vzcwldm0qdf4uwatuj4xtjfxadlp37x8xf8nupxtz7jl7rmcvk2fg9q5t057keck5s27ke0xsd5lmsxujr329g4g9nec4zpjw0e6fsss4lyvey9s9307lfy5l3fgl2kjujey30ms5ljgsqz8vu9ex4rapdfmmq4uwjsw6xgt53lfje54tz70lu0stk3dw7dxdrtzk0edwejm8tla7dm20sc8lc8a7whllahu5p26adxj26an3telxxjqvenzc7zeyz3xnvv4lhja4e67jm04alzea7j399csjt2lh65fl54v09p9da7cp2njftl7lq2en3wffxjcjfvedx5un7deh86h4jt4l99wn7fen8y627w94tyl2j5eh9avd73x0gyljwdfaxynnj0e92jh2fgs9v4f8qh3g3yksrnvlqpxvck8qe9s754znxwr5ncd3a529z9k9jkkskw8v4cc8une22lmjl4j5hd7qz9egl6amelw4zc7ehet20m7deh9p40d2dnhvm2mhdug9nteaw2ukve0thhuv5sz36hr2s2faz3kkn2x67dpqux0llgm2fkyccfhm456gr9tagatta26uh79yqw6ylnlcxylxn487gkmadjg2l7dclpg4rvxa5eaw56csvjc8xrddqcutkenrwnxv0g2lk0cflnea5szth9s6hr4da03fpskr7k8sen7uwkdkve4m94ck8f8chyr3fz486w45qj36mz2sqcmflpfddvxa5hy4vxprwt9l8yc7vkyjvlarjp6e49yfjfun8z8ttjjhxcwj7hxumnd2ytds04elndclq6tjd7jl05gtn6745zvsufvfuqmpt6lllcz56a3am33edwl7n720hslk7kw7xeuzuhhsnle42x6t9yafh0wt53p9arls8gm80vwryr72llytny08nxn24e4kvtnld0mrs6wqy8jxhehqu45czg9hvxrgnqywcctp6a5ur70u7m0vd7pdhdnuhl24v8nknmlvy3t60ve083dajur3elel5lc49ulsw2pz4qyw2wlmlc9j8e7fzeka48qh89k66aw4nxacw6cerknvu4nl96v2pvmd85awunpk6y250c3hjr27zywqqjzxwfv3kt4mkw8npl8938nuvmm70fr08lj4g2g2etef6vymungxk9mmal3cztvddka5ed9kxt67c0h6wjnunrukxvdv9xpnrrhtk0r7ury8ul2rlknn7pdc4cua9c55yt07c7dxlxshpttlnpn9putweazumxm5nh3k54mvduavyqsp69tzc6su3xl6h
PP,offer1qqr83wcuu2rykcmqvpsxygqq0mnllytqm3swejxdzzcrjd2304va45sejerr7lp0ra572a46l8jk682vrk7f6wj6lw8adl4rkhlk3mflttacl4h7lur64as8zlhqhn8h04883476dz7x6mny6jzdcga33n4s8n884cxcekcemz6mk3jk4v924t89kfxvxv2fwmhz2v20amzpekrhdxwm8cuztwefjqt7rg48vwd8m7d582u26ytq2ywa0arg3nyz3w73xhaekm8tr2e48tcz90yma7hw8rxnl3vskncav9jr89lj02dsgnp6pw62wkzmxjm0fl0kt0c0ejk5jsxgah20wukdnhacd2m8zlrz7llrj666lcmjtt3qggvu3sn82wn5uafdhcjtw29rkfaarcn8axk6953j4ye4h9zn2dwfs03g8jkwa8wm9dtwxh9k7kvlwj6pl8ntwd7vkedst87n040wv7xkunveyyelfksk6xrcrnpsx7r5h8qwsuspwrxg7tshsqysax09q2gtf0dq0624ru87hvt3lhpmehymd62wjta7ugl8z0azxnrzckkkufalmpfr8lllsf7m65jk77l87wty630e27l06vew6r2tvn8h9arja4kgnan5m8q6lsdlur7cw539e7qggqmfmlegm4sutf0xwe2ht366577aj29uhlykns7k3wcjkkp0s0a6fzqhvztqwjgu9uza5sqyauqtzmuvure07v84jch8vzcwldm0qdf4uwatuj4xtjfxadlp37x8xf8nupxtz7jl7rlcvj2fg9q5t057keck5s27ke0xsd5lmsxu5n9vplys7jg0qcj8u7pge5327wxdf54y0npncauhlj4tys9rkgywwcz8wdpjlmu24nf8y0mapv9skgaas278fg8ary9lfle2f6v4508dedp37fwfl9hflquzww9hd9d9708vey3eh0ma8200wlll7m72q4dwcje43wec4ulnrfq2ve3vap4tafrz4ahtrzthjajlnj4le2kgv0alk5lfjv34l8h0zh4pxaf7whgp4t9znldlqan82uj3df3yjejedfe8umnw0e0tzhn72xa8unnxwf49uut2k9l99ftwt6etazv7s9lyu6n6vf88ylj24f0yj3gfeznw90px54xjpwsyxj9svdpnvwqj8qad2ayuj8pxshrmv46yty298d3wuj6thshc8x54ekdlt3t7nus9tr20e6lj7ef4largj6hlmutnwwp65m5l82ekhk76c5fkenjm4awfu70f0gmevunswnzsjjnjrawhzv46u2zgq7l737hrsgfknm5t8csy2tmp6h0a4fe062sxayg0t7ctf6w8ww54dlcm23d6utn7vs6pc4mfhm4f4dqefsw2xx68ae8ge2xar9gmsdlwt3nl8tmew9hgtfhwp2nmlw3rpd8cvrzn8ucmvlwea2wfted7cwpfgmrzrt0ja82p9z9jyerpmk9gz2m2cdtv7afgyrw7kr7w93yuvaye4608rpj22fn9nfxwv0xj9f0aja9cw36hx6utktq0dj09malpchy6a3alz30y4ftcwe36jssqdc2s4rll79m52e4qv0lawfylt704napx0xav5vmdvv0lhtyjuet082h7lz457n8ptlch8zwn4h0k2z79606fwmcckjwm8k7c5enehnlfydhaujhc2xdm8jm279sphvxrgkqywcctqqa4ur70u7m0vd7pdhdnuhl24v8nknmlvy3t60ve083dajur3elel5lc49ulsw2pz4qyw2wlmlc9fvhl903ek8gjwu8rxen6rr2x028sfw4wn4u390fcxame0z4ng40s76y65nc3hjr27zuwqqjz7wfv3kd4u0tpe45vev93d3fgh4f0u79ldz9k5l00cs3ektjft434n733lan74j5rhvpedpahg5u0qzw2lkfd4ajwjma6rx7j574f2vlwh4xn3atpewwu6mem0lrnarrch80l3jatkl0z78nl8lw2em4prt9pv47ra7nzawla7ecspz58rcvqzwlym10
PP,offer1qqr83wcuu2rykcmqvps0u0lnanha62lvk32u74ngyj0pzw8ev743pla2ldahltaayy5pp03majuze3ewakdy9n20mjf8vwk6rf46u0ucy4t0age4wrnknse4ce86gjckxqcrqvp60ahrjqr05u80wwtwkrq3kdjv9f7t8hu4numevddjm03cy3hj5muglvcw7yvv2dr8tg5ak7e72wld5fhzzrq0amvcmg04a95hnemkhs26cyr0udl7h7q9pg87dajhfrn6ulg0plallhlstnp3ju2matvhppl4k66l7t6u62lfwu8c4xze9dt8e4l2vxkv3wkthx6wrlmlj0lj6rpn56q3eels0uqa0pjeay4x0nnmraezn0lsxh599yn6lg42zrcuhhw47g6ky5w46u3rpgw9c0ejw0xg9079c38neh9hmnv0t6s2mhwdn9hecf0kf39vdezvjfq4l4967h8fc6tlqj7yx4m780qnl7j6tlh3ks7qsrgst9dn46lytha5w0larqsqqy0r5vfjegcn9scrx338tzrwvpqty3kjl2zlv52tellwc5rlwnnnkfkm4ylyhmau37vylcyfxkr340dujtak6nx0l0mqhf60mssnuklk7zdfym46m0su6nsmadtfgtelm6utk5hy38y773dnjukplv862j57qyys0547u5d66wd5hn8v4t4caf200w39z7tljtfe00g8vfw59tjvycm5tfnhgkn8w3dg0drfr4cgyhascpmhu7ye0lypywc8sd7m7lgmnred5kf92uk5kdje7lpuq0uk08ezzk979r7hlgpy5wj2fgxcff0n7wf3f7hnsdf455uy7ta35pqrlveq44vr72f345ezjdfnxh0ugdph97e6g0944s6t6v4exjlnf2ec8uhmkfp4yu3j2feh4y7d8tpqxx6ngfamxqcm6fp497jufwp289gn70wlysm42decxvhnn4wqyr0vqgp48yhnxkxh6pz27gp0hhsllluvq57e6hlhh0wnl5pcml7l69kn2rrmxzdt2l0tu99ycm68nfm4ufrgwv79llln0evklcl4qjnhq7p0gd5qdn843urkmdedzafmxulep9m3lj2wmh9l0dqsl7erckk2kkcjra0xzc06hr6wnlllf5u6tlc0cns8xcmqd6fxhqd0jd9e38anfa2e9xmt5k04zuz2jxu5w7rywfvhdtneg4ghuenpv2gmx7tqvjjcw6ej63vnnxwf49uut2t6y52j2g98znnlrqwgztgyse6wc6p00zhmm9t2lut2knwmcaz6wmnzekf20llrnlkkv63x2vs4n2xfcq2nv857qhuhk70l4gj8kd7wmrulnvd4ga0m6jv4mk7k960xqu770tjl9nzt67amz9965vfcy2redd6yyur5g2ggq76xyuzq0kvyyzjwcwa6lf27t7j4pnfzr6hhz7wr3mm59t07y6utwnzulnv8s29w6dka2vrewuugacd44fm4w33x6arzdhgyltx3hdemvsxfchgnevjnm8klh6kluu6evdr7m6mlr5e2hevn8a4khnv4443g9qcqtg4v38ustjreeqe79g7rsrugwqwpcxz59l0lhls2q32je6xf78lxey2ek922r47jcltmtdl8nyhxe5a47hnlmxuzxen9uhls256rwet2u6vh0tclp6cufwmd736t2779pm6jufk6e03xk0hkrguv4qxasedqjy5lsv8rl87l0hkxlqkt5e7tl42kremfalkj244xkvhn6k7cw9cuaulm0u2z70c8qagwxdussml66rpdy4v3hl30lzwl73uzwxpmzgehg0qwd4zy74jkjjm8tqd0mu9a0jjftklfu6tmwavs9sp35emuw608ry6tg0nadf7uf8x7ngvk98tkd96d3v8djw3fyqjgha7yyk6hgkrwvssqqzxeppfc0y45gmnew3l8jar70968u7t50euhglnewpmy0cvay33jmlmnnc2adw3lrd4ej9g3xu50cse2uresn7anvvrwvasd0ms6tykhq70snac5rjm9nxrx8yhvm39k98ku3yumpm7j8fnuwpdhvses8lp52nk8yn4lq7m5jyt4m05fcdf0n6rp0d93h9s0ascn4nmn984emhyruchndzpwxcudefn5vd0u5f5nk8k0427ufmm5l5lnr5avjprq7cv4yqajw8lwh37rqvucw00e0m5qst5n4de2ykwes2n0u3hehv4xmgczn3del8pmw8wh220judmqnlphntkrtm8c0l7a9984nxa8gcn3d4d2ejdjs0r82az5zxvruwymhn7yachn06m3dheg5wns084yeru4qupufnvlmgkpwpqqw7srcxg2n24yz
PP,offer1qqr83wcuu2rykcmqvpsyaknv4fal75qtcw4etudt0h0g3tmzex5a692kl9elw44lnzwhwmt85nyh9mxj4c5aflxy94560gadk8n04q6evtjn7ksrw70rvhrrl3zt5eqpqvps8glnu7tq8urkafcflccxrw7xrsaycgmlkh0e0934jgam85hxsfr03tln36cs3ag5cuaxjketmeenuk4k6gswq8kdlr4flhsk270f0xm3dtq4dns8lcllpvyqt6hl2erw02rhpcxlll7mla0hpke2m03m440mcnr2ppuffenwt36zzcnl22ye057ayypxw4vkl3d5dyxllluml3hkrxp3phjr3pllpd2xduvmknx6ermr8lflflkcnule5c4t6nxum9ljn5a4ge9l02pagp6nwpcpt70wputn4dnsvkqardkzt7fkxl6f3ghac8djamz6exyvnx0kcn30trtz5lf60e093mh6fypzkacapqumq0w205cl8r9vrp4ankca8a8kd7rgxdqqqgkxgun4s338tpsxdrzwkqxv6zgkfrd9u59leg583l7a3v87a80xvndhgf7f0hmerucfl5gjdv0z26mexhmv4xvl7l7p5l57k8u6dmu4yh3x2m092ltj3fs052gah07vltnlz5dt9m2wl59pgkhslep6nyn8grpgrdr0l9rxkr3d47emy2aw8t2m6mkfc4jhuj7wr6696zd4p2ulqxya6cvem4senhtzzm26q7wwq9ev7zw37hhxr7evfnkpvr0klhcx5678v4kf2h9eynwkl5c0prm9ne7q3930ftl372xg9q5jj29k6tt57nkv6v45un2d988dxjev9rgv7tzg90ty7jjv4dxy4n2vegh6kvjfxgcnxn6d9cm5hn224m9z5d3wxp9n92f2fn8v3j7del8ryteg938j4t2vejhy5vfw9qhrvjjf9l2ylnehe9xatn2d348jc2x2enyujnx5xk6dq27gfdhl3lelv0qa7s9wndmf84x4ulxmqtq4pxfwejmmv3uuwg2tcm6vegetw24cehullllm72dh7nlczs468gh2kwpl4uqkgu7xst9s9y3l5udcvp0eclvmteaalyc2nlzfhe4u4zeegut5ecxttf5jqdlelll6d8xjlurk9u9e9ucr0jd4crtujfwvelv6w2kfek6a9neg8zju3hpr8setjtpm6772y2plkvctrjxe8sct95krx5v74fyuenjdf08z2j7e9zsjjpfc4uuygpjqj6yyxvnk8stmch7ke27h0q6a5mj78gknkuukdj2nllcu0a4n85fjny9y63kwsz5mp78l6lj7mfa7argjchlmu0n7vpj4m5l82ekhk66ckf7cnjm4awfu70f02m3vshk7s3pqf20p48ggrjwssf8qnmgcnszpxcgss20m36h8u4de0c2cxayglt7s2f7w8wwu4dlcmg39mutn7ws6qc4mfhmafs09rj3dhpkktywe65qmn4gphaqndt6wa9pdfzukm0nwg0skyl7auu0afxwrylvwkmlx4xmdl0pl8nvwlf2kukv7hfepe2dfshuqnjrncye78t7gwllcpuw9c2x5lllsh8r6qg0wal0l06myu47p4fdur0m7qh53gzvkhy7h2hl76rcm3ak4g09079mstza9uj97knc0svkelcv50kz0u7hwx0k6uzdhs78xcnn4v33dnu9pesfwqwx53sv8zl87l0lhxmrx05fat0h27z3mfaak7ta3x2whm6wec28gkuu7mll6x78e8yugqx4lsy60cmm9dq5unkhs0lq7llplz2xphrqahyvsyd48y64z7j6m8tpa96y8aljj8twufcmml09dsdjpn58c520wne8qyfnz8m5wquxvl9kannwhkct4t6ak6rehw7hjfke8mxevkamphxgczqpqvs35c8226gdf64c7n4t3a82hr6w4w85a2u0f64c7jpuk2jqme97dleuyw7kcm3kmueryvnwg85fvhwp7cp7wakkqhzwczhdmddjtts89c9luvpfdjaj34rjfkfejlztewgn7ds97f04ec8ghmjfv6r8s6dgtrjeel50dcfj963k6xu74h3up5hkscmng9au7fum9s34n2myemva2td7clc0fkxm3cv4x7wntymvln9u8a5dnhdt0lzvet6zng7sg4vzdnk0jwtwa5mcn2lwhh704vncvc3ehqgp7dnade2vzrx8pzdl8amd0sh0a779c3yrs5mnd9p5tem3q7lq7vepsk7tapwuxyqh27anep5rndfnfkam0ax9fl03ad5kj4mwh97erv2ekvh9v03sn6k2fupyk2709gt8sstj9qzpxqthv2mczyc
PP,offer1qqr83wcuu2rykcmqvpsxygqq0mnllytqm3swejxdzzcrjd2304va45sejerr7lp0ra572a46l8jk682vrk7f6wj6lw8adl4rkhlk3mflttacl4h7lur64as8zlhqhn8h04883476dz7x6mny6jzdcga33n4s8n884cxcekcemz6mk3jk4v924t89kfxvxv2fwmhz2v20amzpekrhdxwm8cuztwefjqt7rg48vwd8m7d582u26ytq2ywa0arg3nyzemuzw5h4y6t62jck0kuhqs9kx0y2nglvn0z0j2aty4ugy9uynsu0uragysjn904av7669hrza8ejhhala5hre9pvwt6u4mh4c40ejm4al7dfaw840af7yz3zjjqjcr8607zvrtn6hws625n0g9qd8ucl9jynd3mxe6ax3n0d2q3aemhflmnacemdqw8u43xfduuvmmmu6k2lsfx7lkwt0jk5mhc00tfnpyngely66qmqc0ywuyqnewjuvp6tjqpcuerewz7qqjrucuspfrd9u59leg583l7a3v87a80xvndhgf7f0hmerucfl5gjdv0z26mexhmv4xvl7l6p72vujvmmq0exwlaswn4vkatgdsuan545af9vrml8c4w389cx7u7uuh0slep6nyn8grpgrdr0l9rxkr3d47emy2aw8t2m6mkfc4jhuj7wr669mz26g87p7hdygzasgv96fpslstjjqqnlspgt0nnc09lesuktzuesmrmahdup9xhe64tj6kexfym48ux0ccueyu0c9evt6tls00pnff9q4z4d7n6nxz7j3t6n9u7pk3lxqmnywfuhycv9txgtwutctfexdg58g7uekjtftf2fpramvwvxhf2hk9yenw6hk9sm4pm0j6cmr059hxc4us278tg04rq932tjavtjhcknh8v72nazfm0pu0rgaucvt87whfjkmt7lsveawnp2h0lllum72qhd7ksed02echuhjrfqgwq4dnlw7rd84at3e497mgjmsazvxmsfrmlxndlv7k2nla7u56y367ah7g39q42wa8ln6vymjw94yy6txt949ylnwdel8uu27hegh5h4wvefx5ln3ffchavn9f6l8yh4fh6qearn2tf3xuuj7df49a229f9yqds4uu6nzeuzaqfdq8q66rxgcpvwpjm9uff9wwvpg8kmtcgk252vmxafp5lwpt370frjvhlhyhd9evtkqy0n4l9aknma6x34n0hkcl8u6rd2hf774n9wd443wnas89hm6uneu6j7hh2cftqarafx9zyh6a9ae8585yczamunlwk7snv83gk00gf53kthwn66hjh44vv2gs75auhnsuw7a92ta3whzm5c48umpuz3tkmdh2n6upj3qc4u05r6jx37kdjx6akse7n4r0l7nhzmt2sxhwvp40hwmz7z6r3gx9w0e3hecatm5cn8kmd3uwjpsxv8kn92w56tyr9f5xr4vp354k9j66cd6jgfxeuv8nj0vmw30975a4dxrxqj2dsdt3a4tc6kl3lmzlr7405u87ex8w6tjlgxnp6vw70qaztz367jrv2trs4s2yzrwq5dflllpvzg62cnq4l2ttrunhdfh9f46lv8zjtg69nejda8rnadw4l5xjm8c48chas053emcx3x8hxnvtxmwpe8we0p2vp7mkd9htdvejgl2ntdg4kccmcdmpj6pgfzkzpcrhd8qhnl0hmmr03m86y79hm40pva577m096cn88taarvv8ru2ww0all4r08urjjgegpzjr47ele0tpw6mal5n04sgl5ndtsktn7d238vca8fxfa43d89a6hznvlkt5ee2lqx2n2lsrtyx4u9guqp59v5ne8vh27xwn7wl2ee6l4ffnr3atjc0fxh02h3k8h5nukmyt8ylnycvaaw3447pkhe98ldhk7mn20gwt6nrz7ffklutmp59m4tcm9hh6dp3leef4yr6mwrn06rj8m8vexc5relrha6r7lkh9ahe4g0kf9zatw6vvuczn72hfazkq8d650rjynh2c6
PP,offer1qqr83wcuu2rykcmqvpsxygqq0mnllytqm3swejxdzzcrjd2304va45sejerr7lp0ra572a46l8jk682vrk7f6wj6lw8adl4rkhlk3mflttacl4h7lur64as8zlhqhn8h04883476dz7x6mny6jzdcga33n4s8n884cxcekcemz6mk3jk4v924t89kfxvxv2fwmhz2v20amzpekrhdxwm8cuztwefjqt7rg48vwd8m7d582u26ytq2ywa0arg3nyzqfrwmwyjmpzzayuhnc0c8nm94302t7xyx7seluwukdtkle7anxcwwg2s38mpg6utc6ttahm7pw09lxv6jtqmr7lf3cjlkx6he5mgunlvmclkwnwtlunr7pfzjjqjc09k0m4mm35r7laweah7a740a64llnn0hjt304la7zz49p2d395gt472u75l0dj4ng0d5cxk00puj5euh54xlw7tl4rcllgy5a3am4c2zp2mxaqakv8s8zrq0u8gw2qaregzuzvp7hfwqqf3cvktq5sxj76pl5428c8awuhnawrhn2fkm5uaynma637wyl6y0xxy3fda6nn7kxjkdlhlq5f33cmllu9rf93wp4wtk6lj28rsarw64uhs2zu9x79uf0ef7s2ts24sur7cw539e7qggqmfmlegm4sutf0xwe2ht366577aj29uhlykns7k3wcjkkp0s0a6fzqhvztqwjgu9uza5sqyauqtzmuvure07v84jch8vzcwldm0qdf4uwatuj4xtjfxadlp37x8xf8nupxtz7jl7rmcvk2fg9q5t057keck5s27ke0xsd5lmsxujr329g4g9nec4zpjw0e6fsss4lyvey9s9307lfy5l3fgl2kjujey30ms5ljgsqz8vu9ex4rapdfmmq4uwjsw6xgt53lfje54tz70lu0stk3dw7dxdrtzk0edwejm8tla7dm20sc8lc8a7whllahu5p26adxj26an3telxxjqvenzc7zeyz3xnvv4lhja4e67jm04alzea7j399csjt2lh65fl54v09p9da7cp2njftl7lq2en3wffxjcjfvedx5un7deh86h4jt4l99wn7fen8y627w94tyl2j5eh9avd73x0gyljwdfaxynnj0e92jh2fgs9v4f8qh3g3yksrnvlqpxvck8qe9s754znxwr5ncd3a529z9k9jkkskw8v4cc8une22lmjl4j5hd7qz9egl6amelw4zc7ehet20m7deh9p40d2dnhvm2mhdug9nteaw2ukve0thhuv5sz36hr2s2faz3kkn2x67dpqux0llgm2fkyccfhm456gr9tagatta26uh79yqw6ylnlcxylxn487gkmadjg2l7dclpg4rvxa5eaw56csvjc8xrddqcutkenrwnxv0g2lk0cflnea5szth9s6hr4da03fpskr7k8sen7uwkdkve4m94ck8f8chyr3fz486w45qj36mz2sqcmflpfddvxa5hy4vxprwt9l8yc7vkyjvlarjp6e49yfjfun8z8ttjjhxcwj7hxumnd2ytds04elndclq6tjd7jl05gtn6745zvsufvfuqmpt6lllcz56a3am33edwl7n720hslk7kw7xeuzuhhsnle42x6t9yafh0wt53p9arls8gm80vwryr72llytny08nxn24e4kvtnld0mrs6wqy8jxhehqu45czg9hvxrgnqywcctp6a5ur70u7m0vd7pdhdnuhl24v8nknmlvy3t60ve083dajur3elel5lc49ulsw2pz4qyw2wlmlc9j8e7fzeka48qh89k66aw4nxacw6cerknvu4nl96v2pvmd85awunpk6y250c3hjr27zywqqjzxwfv3kt4mkw8npl8938nuvmm70fr08lj4g2g2etef6vymungxk9mmal3cztvddka5ed9kxt67c0h6wjnunrukxvdv9xpnrrhtk0r7ury8ul2rlknn7pdc4cua9c55yt07c7dxlxshpttlnpn9putweazumxm5nh3k54mvduavyqsp69tzc6su3xl6h
PP,offer1qqr83wcuu2rykcmqvpsxygqq0mnllytqm3swejxdzzcrjd2304va45sejerr7lp0ra572a46l8jk682vrk7f6wj6lw8adl4rkhlk3mflttacl4h7lur64as8zlhqhn8h04883476dz7x6mny6jzdcga33n4s8n884cxcekcemz6mk3jk4v924t89kfxvxv2fwmhz2v20amzpekrhdxwm8cuztwefjqt7rg48vwd8m7d582u26ytq2ywa0arg3nyz3w73xhaekm8tr2e48tcz90yma7hw8rxnl3vskncav9jr89lj02dsgnp6pw62wkzmxjm0fl0kt0c0ejk5jsxgah20wukdnhacd2m8zlrz7llrj666lcmjtt3qggvu3sn82wn5uafdhcjtw29rkfaarcn8axk6953j4ye4h9zn2dwfs03g8jkwa8wm9dtwxh9k7kvlwj6pl8ntwd7vkedst87n040wv7xkunveyyelfksk6xrcrnpsx7r5h8qwsuspwrxg7tshsqysax09q2gtf0dq0624ru87hvt3lhpmehymd62wjta7ugl8z0azxnrzckkkufalmpfr8lllsf7m65jk77l87wty630e27l06vew6r2tvn8h9arja4kgnan5m8q6lsdlur7cw539e7qggqmfmlegm4sutf0xwe2ht366577aj29uhlykns7k3wcjkkp0s0a6fzqhvztqwjgu9uza5sqyauqtzmuvure07v84jch8vzcwldm0qdf4uwatuj4xtjfxadlp37x8xf8nupxtz7jl7rlcvj2fg9q5t057keck5s27ke0xsd5lmsxu5n9vplys7jg0qcj8u7pge5327wxdf54y0npncauhlj4tys9rkgywwcz8wdpjlmu24nf8y0mapv9skgaas278fg8ary9lfle2f6v4508dedp37fwfl9hflquzww9hd9d9708vey3eh0ma8200wlll7m72q4dwcje43wec4ulnrfq2ve3vap4tafrz4ahtrzthjajlnj4le2kgv0alk5lfjv34l8h0zh4pxaf7whgp4t9znldlqan82uj3df3yjejedfe8umnw0e0tzhn72xa8unnxwf49uut2k9l99ftwt6etazv7s9lyu6n6vf88ylj24f0yj3gfeznw90px54xjpwsyxj9svdpnvwqj8qad2ayuj8pxshrmv46yty298d3wuj6thshc8x54ekdlt3t7nus9tr20e6lj7ef4largj6hlmutnwwp65m5l82ekhk76c5fkenjm4awfu70f0gmevunswnzsjjnjrawhzv46u2zgq7l737hrsgfknm5t8csy2tmp6h0a4fe062sxayg0t7ctf6w8ww54dlcm23d6utn7vs6pc4mfhm4f4dqefsw2xx68ae8ge2xar9gmsdlwt3nl8tmew9hgtfhwp2nmlw3rpd8cvrzn8ucmvlwea2wfted7cwpfgmrzrt0ja82p9z9jyerpmk9gz2m2cdtv7afgyrw7kr7w93yuvaye4608rpj22fn9nfxwv0xj9f0aja9cw36hx6utktq0dj09malpchy6a3alz30y4ftcwe36jssqdc2s4rll79m52e4qv0lawfylt704napx0xav5vmdvv0lhtyjuet082h7lz457n8ptlch8zwn4h0k2z79606fwmcckjwm8k7c5enehnlfydhaujhc2xdm8jm279sphvxrgkqywcctqqa4ur70u7m0vd7pdhdnuhl24v8nknmlvy3t60ve083dajur3elel5lc49ulsw2pz4qyw2wlmlc9fvhl903ek8gjwu8rxen6rr2x028sfw4wn4u390fcxame0z4ng40s76y65nc3hjr27zuwqqjz7wfv3kd4u0tpe45vev93d3fgh4f0u79ldz9k5l00cs3ektjft434n733lan74j5rhvpedpahg5u0qzw2lkfd4ajwjma6rx7j574f2vlwh4xn3atpewwu6mem0lrnarrch80l3jatkl0z78nl8lw2em4prt9pv47ra7nzawla7ecspz58rcvqzwlym11
PP,offer1qqr83wcuu2rykcmqvps0u0lnanha62lvk32u74ngyj0pzw8ev743pla2ldahltaayy5pp03majuze3ewakdy9n20mjf8vwk6rf46u0ucy4t0age4wrnknse4ce86gjckxqcrqvp60ahrjqr05u80wwtwkrq3kdjv9f7t8hu4numevddjm03cy3hj5muglvcw7yvv2dr8tg5ak7e72wld5fhzzrq0amvcmg04a95hnemkhs26cyr0udl7h7q9pg87dajhfrn6ulg0plallhlstnp3ju2matvhppl4k66l7t6u62lfwu8c4xze9dt8e4l2vxkv3wkthx6wrlmlj0lj6rpn56q3eels0uqa0pjeay4x0nnmraezn0lsxh599yn6lg42zrcuhhw47g6ky5w46u3rpgw9c0ejw0xg9079c38neh9hmnv0t6s2mhwdn9hecf0kf39vdezvjfq4l4967h8fc6tlqj7yx4m780qnl7j6tlh3ks7qsrgst9dn46lytha5w0larqsqqy0r5vfjegcn9scrx338tzrwvpqty3kjl2zlv52tellwc5rlwnnnkfkm4ylyhmau37vylcyfxkr340dujtak6nx0l0mqhf60mssnuklk7zdfym46m0su6nsmadtfgtelm6utk5hy38y773dnjukplv862j57qyys0547u5d66wd5hn8v4t4caf200w39z7tljtfe00g8vfw59tjvycm5tfnhgkn8w3dg0drfr4cgyhascpmhu7ye0lypywc8sd7m7lgmnred5kf92uk5kdje7lpuq0uk08ezzk979r7hlgpy5wj2fgxcff0n7wf3f7hnsdf455uy7ta35pqrlveq44vr72f345ezjdfnxh0ugdph97e6g0944s6t6v4exjlnf2ec8uhmkfp4yu3j2feh4y7d8tpqxx6ngfamxqcm6fp497jufwp289gn70wlysm42decxvhnn4wqyr0vqgp48yhnxkxh6pz27gp0hhsllluvq57e6hlhh0wnl5pcml7l69kn2rrmxzdt2l0tu99ycm68nfm4ufrgwv79llln0evklcl4qjnhq7p0gd5qdn843urkmdedzafmxulep9m3lj2wmh9l0dqsl7erckk2kkcjra0xzc06hr6wnlllf5u6tlc0cns8xcmqd6fxhqd0jd9e38anfa2e9xmt5k04zuz2jxu5w7rywfvhdtneg4ghuenpv2gmx7tqvjjcw6ej63vnnxwf49uut2t6y52j2g98znnlrqwgztgyse6wc6p00zhmm9t2lut2knwmcaz6wmnzekf20llrnlkkv63x2vs4n2xfcq2nv857qhuhk70l4gj8kd7wmrulnvd4ga0m6jv4mk7k960xqu770tjl9nzt67amz9965vfcy2redd6yyur5g2ggq76xyuzq0kvyyzjwcwa6lf27t7j4pnfzr6hhz7wr3mm59t07y6utwnzulnv8s29w6dka2vrewuugacd44fm4w33x6arzdhgyltx3hdemvsxfchgnevjnm8klh6kluu6evdr7m6mlr5e2hevn8a4khnv4443g9qcqtg4v38ustjreeqe79g7rsrugwqwpcxz59l0lhls2q32je6xf78lxey2ek922r47jcltmtdl8nyhxe5a47hnlmxuzxen9uhls256rwet2u6vh0tclp6cufwmd736t2779pm6jufk6e03xk0hkrguv4qxasedqjy5lsv8rl87l0hkxlqkt5e7tl42kremfalkj244xkvhn6k7cw9cuaulm0u2z70c8qagwxdussml66rpdy4v3hl30lzwl73uzwxpmzgehg0qwd4zy74jkjjm8tqd0mu9a0jjftklfu6tmwavs9sp35emuw608ry6tg0nadf7uf8x7ngvk98tkd96d3v8djw3fyqjgha7yyk6hgkrwvssqqzxeppfc0y45gmnew3l8jar70968u7t50euhglnewpmy0cvay33jmlmnnc2adw3lrd4ej9g3xu50cse2uresn7anvvrwvasd0ms6tykhq70snac5rjm9nxrx8yhvm39k98ku3yumpm7j8fnuwpdhvses8lp52nk8yn4lq7m5jyt4m05fcdf0n6rp0d93h9s0ascn4nmn984emhyruchndzpwxcudefn5vd0u5f5nk8k0427ufmm5l5lnr5avjprq7cv4yqajw8lwh37rqvucw00e0m5qst5n4de2ykwes2n0u3hehv4xmgczn3del8pmw8wh220judmqnlphntkrtm8c0l7a9984nxa8gcn3d4d2ejdjs0r82az5zxvruwymhn7yachn06m3dheg5wns084yeru4qupufnvlmgkpwpqqw7srcxg2n24yz
PP,offer1qqr83wcuu2rykcmqvpsyaknv4fal75qtcw4etudt0h0g3tmzex5a692kl9elw44lnzwhwmt85nyh9mxj4c5aflxy94560gadk8n04q6evtjn7ksrw70rvhrrl3zt5eqpqvps8glnu7tq8urkafcflccxrw7xrsaycgmlkh0e0934jgam85hxsfr03tln36cs3ag5cuaxjketmeenuk4k6gswq8kdlr4flhsk270f0xm3dtq4dns8lcllpvyqt6hl2erw02rhpcxlll7mla0hpke2m03m440mcnr2ppuffenwt36zzcnl22ye057ayypxw4vkl3d5dyxllluml3hkrxp3phjr3pllpd2xduvmknx6ermr8lflflkcnule5c4t6nxum9ljn5a4ge9l02pagp6nwpcpt70wputn4dnsvkqardkzt7fkxl6f3ghac8djamz6exyvnx0kcn30trtz5lf60e093mh6fypzkacapqumq0w205cl8r9vrp4ankca8a8kd7rgxdqqqgkxgun4s338tpsxdrzwkqxv6zgkfrd9u59leg583l7a3v87a80xvndhgf7f0hmerucfl5gjdv0z26mexhmv4xvl7l7p5l57k8u6dmu4yh3x2m092ltj3fs052gah07vltnlz5dt9m2wl59pgkhslep6nyn8grpgrdr0l9rxkr3d47emy2aw8t2m6mkfc4jhuj7wr6696zd4p2ulqxya6cvem4senhtzzm26q7wwq9ev7zw37hhxr7evfnkpvr0klhcx5678v4kf2h9eynwkl5c0prm9ne7q3930ftl372xg9q5jj29k6tt57nkv6v45un2d988dxjev9rgv7tzg90ty7jjv4dxy4n2vegh6kvjfxgcnxn6d9cm5hn224m9z5d3wxp9n92f2fn8v3j7del8ryteg938j4t2vejhy5vfw9qhrvjjf9l2ylnehe9xatn2d348jc2x2enyujnx5xk6dq27gfdhl3lelv0qa7s9wndmf84x4ulxmqtq4pxfwejmmv3uuwg2tcm6vegetw24cehullllm72dh7nlczs468gh2kwpl4uqkgu7xst9s9y3l5udcvp0eclvmteaalyc2nlzfhe4u4zeegut5ecxttf5jqdlelll6d8xjlurk9u9e9ucr0jd4crtujfwvelv6w2kfek6a9neg8zju3hpr8setjtpm6772y2plkvctrjxe8sct95krx5v74fyuenjdf08z2j7e9zsjjpfc4uuygpjqj6yyxvnk8stmch7ke27h0q6a5mj78gknkuukdj2nllcu0a4n85fjny9y63kwsz5mp78l6lj7mfa7argjchlmu0n7vpj4m5l82ekhk66ckf7cnjm4awfu70f02m3vshk7s3pqf20p48ggrjwssf8qnmgcnszpxcgss20m36h8u4de0c2cxayglt7s2f7w8wwu4dlcmg39mutn7ws6qc4mfhmafs09rj3dhpkktywe65qmn4gphaqndt6wa9pdfzukm0nwg0skyl7auu0afxwrylvwkmlx4xmdl0pl8nvwlf2kukv7hfepe2dfshuqnjrncye78t7gwllcpuw9c2x5lllsh8r6qg0wal0l06myu47p4fdur0m7qh53gzvkhy7h2hl76rcm3ak4g09079mstza9uj97knc0svkelcv50kz0u7hwx0k6uzdhs78xcnn4v33dnu9pesfwqwx53sv8zl87l0lhxmrx05fat0h27z3mfaak7ta3x2whm6wec28gkuu7mll6x78e8yugqx4lsy60cmm9dq5unkhs0lq7llplz2xphrqahyvsyd48y64z7j6m8tpa96y8aljj8twufcmml09dsdjpn58c520wne8qyfnz8m5wquxvl9kannwhkct4t6ak6rehw7hjfke8mxevkamphxgczqpqvs35c8226gdf64c7n4t3a82hr6w4w85a2u0f64c7jpuk2jqme97dleuyw7kcm3kmueryvnwg85fvhwp7cp7wakkqhzwczhdmddjtts89c9luvpfdjaj34rjfkfejlztewgn7ds97f04ec8ghmjfv6r8s6dgtrjeel50dcfj963k6xu74h3up5hkscmng9au7fum9s34n2myemva2td7clc0fkxm3cv4x7wntymvln9u8a5dnhdt0lzvet6zng7sg4vzdnk0jwtwa5mcn2lwhh704vncvc3ehqgp7dnade2vzrx8pzdl8amd0sh0a779c3yrs5mnd9p5tem3q7lq7vepsk7tapwuxyqh27anep5rndfnfkam0ax9fl03ad5kj4mwh97erv2ekvh9v03sn6k2fupyk2709gt8sstj9qzpxqthv2mczyc
PP,offer1qqr83wcuu2rykcmqvpsxygqq0mnllytqm3swejxdzzcrjd2304va45sejerr7lp0ra572a46l8jk682vrk7f6wj6lw8adl4rkhlk3mflttacl4h7lur64as8zlhqhn8h04883476dz7x6mny6jzdcga33n4s8n884cxcekcemz6mk3jk4v924t89kfxvxv2fwmhz2v20amzpekrhdxwm8cuztwefjqt7rg48vwd8m7d582u26ytq2ywa0arg3nyzemuzw5h4y6t62jck0kuhqs9kx0y2nglvn0z0j2aty4ugy9uynsu0uragysjn904av7669hrza8ejhhala5hre9pvwt6u4mh4c40ejm4al7dfaw840af7yz3zjjqjcr8607zvrtn6hws625n0g9qd8ucl9jynd3mxe6ax3n0d2q3aemhflmnacemdqw8u43xfduuvmmmu6k2lsfx7lkwt0jk5mhc00tfnpyngely66qmqc0ywuyqnewjuvp6tjqpcuerewz7qqjrucuspfrd9u59leg583l7a3v87a80xvndhgf7f0hmerucfl5gjdv0z26mexhmv4xvl7l6p72vujvmmq0exwlaswn4vkatgdsuan545af9vrml8c4w389cx7u7uuh0slep6nyn8grpgrdr0l9rxkr3d47emy2aw8t2m6mkfc4jhuj7wr669mz26g87p7hdygzasgv96fpslstjjqqnlspgt0nnc09lesuktzuesmrmahdup9xhe64tj6kexfym48ux0ccueyu0c9evt6tls00pnff9q4z4d7n6nxz7j3t6n9u7pk3lxqmnywfuhycv9txgtwutctfexdg58g7uekjtftf2fpramvwvxhf2hk9yenw6hk9sm4pm0j6cmr059hxc4us278tg04rq932tjavtjhcknh8v72nazfm0pu0rgaucvt87whfjkmt7lsveawnp2h0lllum72qhd7ksed02echuhjrfqgwq4dnlw7rd84at3e497mgjmsazvxmsfrmlxndlv7k2nla7u56y367ah7g39q42wa8ln6vymjw94yy6txt949ylnwdel8uu27hegh5h4wvefx5ln3ffchavn9f6l8yh4fh6qearn2tf3xuuj7df49a229f9yqds4uu6nzeuzaqfdq8q66rxgcpvwpjm9uff9wwvpg8kmtcgk252vmxafp5lwpt370frjvhlhyhd9evtkqy0n4l9aknma6x34n0hkcl8u6rd2hf774n9wd443wnas89hm6uneu6j7hh2cftqarafx9zyh6a9ae8585yczamunlwk7snv83gk00gf53kthwn66hjh44vv2gs75auhnsuw7a92ta3whzm5c48umpuz3tkmdh2n6upj3qc4u05r6jx37kdjx6akse7n4r0l7nhzmt2sxhwvp40hwmz7z6r3gx9w0e3hecatm5cn8kmd3uwjpsxv8kn92w56tyr9f5xr4vp354k9j66cd6jgfxeuv8nj0vmw30975a4dxrxqj2dsdt3a4tc6kl3lmzlr7405u87ex8w6tjlgxnp6vw70qaztz367jrv2trs4s2yzrwq5dflllpvzg62cnq4l2ttrunhdfh9f46lv8zjtg69nejda8rnadw4l5xjm8c48chas053emcx3x8hxnvtxmwpe8we0p2vp7mkd9htdvejgl2ntdg4kccmcdmpj6pgfzkzpcrhd8qhnl0hmmr03m86y79hm40pva577m096cn88taarvv8ru2ww0all4r08urjjgegpzjr47ele0tpw6mal5n04sgl5ndtsktn7d238vca8fxfa43d89a6hznvlkt5ee2lqx2n2lsrtyx4u9guqp59v5ne8vh27xwn7wl2ee6l4ffnr3atjc0fxh02h3k8h5nukmyt8ylnycvaaw3447pkhe98ldhk7mn20gwt6nrz7ffklutmp59m4tcm9hh6dp3leef4yr6mwrn06rj8m8vexc5relrha6r7lkh9ahe4g0kf9zatw6vvuczn72hfazkq8d650rjynh2c7
PP,offer1qqr83wcuu2rykcmqvpsxygqq0mnllytqm3swejxdzzcrjd2304va45sejerr7lp0ra572a46l8jk682vrk7f6wj6lw8adl4rkhlk3mflttacl4h7lur64as8zlhqhn8h04883476dz7x6mny6jzdcga33n4s8n884cxcekcemz6mk3jk4v924t89kfxvxv2fwmhz2v20amzpekrhdxwm8cuztwefjqt7rg48vwd8m7d582u26ytq2ywa0arg3nyzqfrwmwyjmpzzayuhnc0c8nm94302t7xyx7seluwukdtkle7anxcwwg2s38mpg6utc6ttahm7pw09lxv6jtqmr7lf3cjlkx6he5mgunlvmclkwnwtlunr7pfzjjqjc09k0m4mm35r7laweah7a740a64llnn0hjt304la7zz49p2d395gt472u75l0dj4ng0d5cxk00puj5euh54xlw7tl4rcllgy5a3am4c2zp2mxaqakv8s8zrq0u8gw2qaregzuzvp7hfwqqf3cvktq5sxj76pl5428c8awuhnawrhn2fkm5uaynma637wyl6y0xxy3fda6nn7kxjkdlhlq5f33cmllu9rf93wp4wtk6lj28rsarw64uhs2zu9x79uf0ef7s2ts24sur7cw539e7qggqmfmlegm4sutf0xwe2ht366577aj29uhlykns7k3wcjkkp0s0a6fzqhvztqwjgu9uza5sqyauqtzmuvure07v84jch8vzcwldm0qdf4uwatuj4xtjfxadlp37x8xf8nupxtz7jl7rmcvk2fg9q5t057keck5s27ke0xsd5lmsxujr329g4g9nec4zpjw0e6fsss4lyvey9s9307lfy5l3fgl2kjujey30ms5ljgsqz8vu9ex4rapdfmmq4uwjsw6xgt53lfje54tz70lu0stk3dw7dxdrtzk0edwejm8tla7dm20sc8lc8a7whllahu5p26adxj26an3telxxjqvenzc7zeyz3xnvv4lhja4e67jm04alzea7j399csjt2lh65fl54v09p9da7cp2njftl7lq2en3wffxjcjfvedx5un7deh86h4jt4l99wn7fen8y627w94tyl2j5eh9avd73x0gyljwdfaxynnj0e92jh2fgs9v4f8qh3g3yksrnvlqpxvck8qe9s754znxwr5ncd3a529z9k9jkkskw8v4cc8une22lmjl4j5hd7qz9egl6amelw4zc7ehet20m7deh9p40d2dnhvm2mhdug9nteaw2ukve0thhuv5sz36hr2s2faz3kkn2x67dpqux0llgm2fkyccfhm456gr9tagatta26uh79yqw6ylnlcxylxn487gkmadjg2l7dclpg4rvxa5eaw56csvjc8xrddqcutkenrwnxv0g2lk0cflnea5szth9s6hr4da03fpskr7k8sen7uwkdkve4m94ck8f8chyr3fz486w45qj36mz2sqcmflpfddvxa5hy4vxprwt9l8yc7vkyjvlarjp6e49yfjfun8z8ttjjhxcwj7hxumnd2ytds04elndclq6tjd7jl05gtn6745zvsufvfuqmpt6lllcz56a3am33edwl7n720hslk7kw7xeuzuhhsnle42x6t9yafh0wt53p9arls8gm80vwryr72llytny08nxn24e4kvtnld0mrs6wqy8jxhehqu45czg9hvxrgnqywcctp6a5ur70u7m0vd7pdhdnuhl24v8nknmlvy3t60ve083dajur3elel5lc49ulsw2pz4qyw2wlmlc9j8e7fzeka48qh89k66aw4nxacw6cerknvu4nl96v2pvmd85awunpk6y250c3hjr27zywqqjzxwfv3kt4mkw8npl8938nuvmm70fr08lj4g2g2etef6vymungxk9mmal3cztvddka5ed9kxt67c0h6wjnunrukxvdv9xpnrrhtk0r7ury8ul2rlknn7pdc4cua9c55yt07c7dxlxshpttlnpn9putweazumxm5nh3k54mvduavyqsp69tzc6su3xl6h
PP,offer1qqr83wcuu2rykcmqvpsxygqq0mnllytqm3swejxdzzcrjd2304va45sejerr7lp0ra572a46l8jk682vrk7f6wj6lw8adl4rkhlk3mflttacl4h7lur64as8zlhqhn8h04883476dz7x6mny6jzdcga33n4s8n884cxcekcemz6mk3jk4v924t89kfxvxv2fwmhz2v20amzpekrhdxwm8cuztwefjqt7rg48vwd8m7d582u26ytq2ywa0arg3nyz3w73xhaekm8tr2e48tcz90yma7hw8rxnl3vskncav9jr89lj02dsgnp6pw62wkzmxjm0fl0kt0c0ejk5jsxgah20wukdnhacd2m8zlrz7llrj666lcmjtt3qggvu3sn82wn5uafdhcjtw29rkfaarcn8axk6953j4ye4h9zn2dwfs03g8jkwa8wm9dtwxh9k7kvlwj6pl8ntwd7vkedst87n040wv7xkunveyyelfksk6xrcrnpsx7r5h8qwsuspwrxg7tshsqysax09q2gtf0dq0624ru87hvt3lhpmehymd62wjta7ugl8z0azxnrzckkkufalmpfr8lllsf7m65jk77l87wty630e27l06vew6r2tvn8h9arja4kgnan5m8q6lsdlur7cw539e7qggqmfmlegm4sutf0xwe2ht366577aj29uhlykns7k3wcjkkp0s0a6fzqhvztqwjgu9uza5sqyauqtzmuvure07v84jch8vzcwldm0qdf4uwatuj4xtjfxadlp37x8xf8nupxtz7jl7rlcvj2fg9q5t057keck5s27ke0xsd5lmsxu5n9vplys7jg0qcj8u7pge5327wxdf54y0npncauhlj4tys9rkgywwcz8wdpjlmu24nf8y0mapv9skgaas278fg8ary9lfle2f6v4508dedp37fwfl9hflquzww9hd9d9708vey3eh0ma8200wlll7m72q4dwcje43wec4ulnrfq2ve3vap4tafrz4ahtrzthjajlnj4le2kgv0alk5lfjv34l8h0zh4pxaf7whgp4t9znldlqan82uj3df3yjejedfe8umnw0e0tzhn72xa8unnxwf49uut2k9l99ftwt6etazv7s9lyu6n6vf88ylj24f0yj3gfeznw90px54xjpwsyxj9svdpnvwqj8qad2ayuj8pxshrmv46yty298d3wuj6thshc8x54ekdlt3t7nus9tr20e6lj7ef4largj6hlmutnwwp65m5l82ekhk76c5fkenjm4awfu70f0gmevunswnzsjjnjrawhzv46u2zgq7l737hrsgfknm5t8csy2tmp6h0a4fe062sxayg0t7ctf6w8ww54dlcm23d6utn7vs6pc4mfhm4f4dqefsw2xx68ae8ge2xar9gmsdlwt3nl8tmew9hgtfhwp2nmlw3rpd8cvrzn8ucmvlwea2wfted7cwpfgmrzrt0ja82p9z9jyerpmk9gz2m2cdtv7afgyrw7kr7w93yuvaye4608rpj22fn9nfxwv0xj9f0aja9cw36hx6utktq0dj09malpchy6a3alz30y4ftcwe36jssqdc2s4rll79m52e4qv0lawfylt704napx0xav5vmdvv0lhtyjuet082h7lz457n8ptlch8zwn4h0k2z79606fwmcckjwm8k7c5enehnlfydhaujhc2xdm8jm279sphvxrgkqywcctqqa4ur70u7m0vd7pdhdnuhl24v8nknmlvy3t60ve083dajur3elel5lc49ulsw2pz4qyw2wlmlc9fvhl903ek8gjwu8rxen6rr2x028sfw4wn4u390fcxame0z4ng40s76y65nc3hjr27zuwqqjz7wfv3kd4u0tpe45vev93d3fgh4f0u79ldz9k5l00cs3ektjft434n733lan74j5rhvpedpahg5u0qzw2lkfd4ajwjma6rx7j574f2vlwh4xn3atpewwu6mem0lrnarrch80l3jatkl0z78nl8lw2em4prt9pv47ra7nzawla7ecspz58rcvqzwlym12
PP,offer1qqr83wcuu2rykcmqvps0u0lnanha62lvk32u74ngyj0pzw8ev743pla2ldahltaayy5pp03majuze3ewakdy9n20mjf8vwk6rf46u0ucy4t0age4wrnknse4ce86gjckxqcrqvp60ahrjqr05u80wwtwkrq3kdjv9f7t8hu4numevddjm03cy3hj5muglvcw7yvv2dr8tg5ak7e72wld5fhzzrq0amvcmg04a95hnemkhs26cyr0udl7h7q9pg87dajhfrn6ulg0plallhlstnp3ju2matvhppl4k66l7t6u62lfwu8c4xze9dt8e4l2vxkv3wkthx6wrlmlj0lj6rpn56q3eels0uqa0pjeay4x0nnmraezn0lsxh599yn6lg42zrcuhhw47g6ky5w46u3rpgw9c0ejw0xg9079c38neh9hmnv0t6s2mhwdn9hecf0kf39vdezvjfq4l4967h8fc6tlqj7yx4m780qnl7j6tlh3ks7qsrgst9dn46lytha5w0larqsqqy0r5vfjegcn9scrx338tzrwvpqty3kjl2zlv52tellwc5rlwnnnkfkm4ylyhmau37vylcyfxkr340dujtak6nx0l0mqhf60mssnuklk7zdfym46m0su6nsmadtfgtelm6utk5hy38y773dnjukplv862j57qyys0547u5d66wd5hn8v4t4caf200w39z7tljtfe00g8vfw59tjvycm5tfnhgkn8w3dg0drfr4cgyhascpmhu7ye0lypywc8sd7m7lgmnred5kf92uk5kdje7lpuq0uk08ezzk979r7hlgpy5wj2fgxcff0n7wf3f7hnsdf455uy7ta35pqrlveq44vr72f345ezjdfnxh0ugdph97e6g0944s6t6v4exjlnf2ec8uhmkfp4yu3j2feh4y7d8tpqxx6ngfamxqcm6fp497jufwp289gn70wlysm42decxvhnn4wqyr0vqgp48yhnxkxh6pz27gp0hhsllluvq57e6hlhh0wnl5pcml7l69kn2rrmxzdt2l0tu99ycm68nfm4ufrgwv79llln0evklcl4qjnhq7p0gd5qdn843urkmdedzafmxulep9m3lj2wmh9l0dqsl7erckk2kkcjra0xzc06hr6wnlllf5u6tlc0cns8xcmqd6fxhqd0jd9e38anfa2e9xmt5k04zuz2jxu5w7rywfvhdtneg4ghuenpv2gmx7tqvjjcw6ej63vnnxwf49uut2t6y52j2g98znnlrqwgztgyse6wc6p00zhmm9t2lut2knwmcaz6wmnzekf20llrnlkkv63x2vs4n2xfcq2nv857qhuhk70l4gj8kd7wmrulnvd4ga0m6jv4mk7k960xqu770tjl9nzt67amz9965vfcy2redd6yyur5g2ggq76xyuzq0kvyyzjwcwa6lf27t7j4pnfzr6hhz7wr3mm59t07y6utwnzulnv8s29w6dka2vrewuugacd44fm4w33x6arzdhgyltx3hdemvsxfchgnevjnm8klh6kluu6evdr7m6mlr5e2hevn8a4khnv4443g9qcqtg4v38ustjreeqe79g7rsrugwqwpcxz59l0lhls2q32je6xf78lxey2ek922r47jcltmtdl8nyhxe5a47hnlmxuzxen9uhls256rwet2u6vh0tclp6cufwmd736t2779pm6jufk6e03xk0hkrguv4qxasedqjy5lsv8rl87l0hkxlqkt5e7tl42kremfalkj244xkvhn6k7cw9cuaulm0u2z70c8qagwxdussml66rpdy4v3hl30lzwl73uzwxpmzgehg0qwd4zy74jkjjm8tqd0mu9a0jjftklfu6tmwavs9sp35emuw608ry6tg0nadf7uf8x7ngvk98tkd96d3v8djw3fyqjgha7yyk6hgkrwvssqqzxeppfc0y45gmnew3l8jar70968u7t50euhglnewpmy0cvay33jmlmnnc2adw3lrd4ej9g3xu50cse2uresn7anvvrwvasd0ms6tykhq70snac5rjm9nxrx8yhvm39k98ku3yumpm7j8fnuwpdhvses8lp52nk8yn4lq7m5jyt4m05fcdf0n6rp0d93h9s0ascn4nmn984emhyruchndzpwxcudefn5vd0u5f5nk8k0427ufmm5l5lnr5avjprq7cv4yqajw8lwh37rqvucw00e0m5qst5n4de2ykwes2n0u3hehv4xmgczn3del8pmw8wh220judmqnlphntkrtm8c0l7a9984nxa8gcn3d4d2ejdjs0r82az5zxvruwymhn7yachn06m3dheg5wns084yeru4qupufnvlmgkpwpqqw7srcxg2n24yz
PP,offer1qqr83wcuu2rykcmqvpsyaknv4fal75qtcw4etudt0h0g3tmzex5a692kl9elw44lnzwhwmt85nyh9mxj4c5aflxy94560gadk8n04q6evtjn7ksrw70rvhrrl3zt5eqpqvps8glnu7tq8urkafcflccxrw7xrsaycgmlkh0e0934jgam85hxsfr03tln36cs3ag5cuaxjketmeenuk4k6gswq8kdlr4flhsk270f0xm3dtq4dns8lcllpvyqt6hl2erw02rhpcxlll7mla0hpke2m03m440mcnr2ppuffenwt36zzcnl22ye057ayypxw4vkl3d5dyxllluml3hkrxp3phjr3pllpd2xduvmknx6ermr8lflflkcnule5c4t6nxum9ljn5a4ge9l02pagp6nwpcpt70wputn4dnsvkqardkzt7fkxl6f3ghac8djamz6exyvnx0kcn30trtz5lf60e093mh6fypzkacapqumq0w205cl8r9vrp4ankca8a8kd7rgxdqqqgkxgun4s338tpsxdrzwkqxv6zgkfrd9u59leg583l7a3v87a80xvndhgf7f0hmerucfl5gjdv0z26mexhmv4xvl7l7p5l57k8u6dmu4yh3x2m092ltj3fs052gah07vltnlz5dt9m2wl59pgkhslep6nyn8grpgrdr0l9rxkr3d47emy2aw8t2m6mkfc4jhuj7wr6696zd4p2ulqxya6cvem4senhtzzm26q7wwq9ev7zw37hhxr7evfnkpvr0klhcx5678v4kf2h9eynwkl5c0prm9ne7q3930ftl372xg9q5jj29k6tt57nkv6v45un2d988dxjev9rgv7tzg90ty7jjv4dxy4n2vegh6kvjfxgcnxn6d9cm5hn224m9z5d3wxp9n92f2fn8v3j7del8ryteg938j4t2vejhy5vfw9qhrvjjf9l2ylnehe9xatn2d348jc2x2enyujnx5xk6dq27gfdhl3lelv0qa7s9wndmf84x4ulxmqtq4pxfwejmmv3uuwg2tcm6vegetw24cehullllm72dh7nlczs468gh2kwpl4uqkgu7xst9s9y3l5udcvp0eclvmteaalyc2nlzfhe4u4zeegut5ecxttf5jqdlelll6d8xjlurk9u9e9ucr0jd4crtujfwvelv6w2kfek6a9neg8zju3hpr8setjtpm6772y2plkvctrjxe8sct95krx5v74fyuenjdf08z2j7e9zsjjpfc4uuygpjqj6yyxvnk8stmch7ke27h0q6a5mj78gknkuukdj2nllcu0a4n85fjny9y63kwsz5mp78l6lj7mfa7argjchlmu0n7vpj4m5l82ekhk66ckf7cnjm4awfu70f02m3vshk7s3pqf20p48ggrjwssf8qnmgcnszpxcgss20m36h8u4de0c2cxayglt7s2f7w8wwu4dlcmg39mutn7ws6qc4mfhmafs09rj3dhpkktywe65qmn4gphaqndt6wa9pdfzukm0nwg0skyl7auu0afxwrylvwkmlx4xmdl0pl8nvwlf2kukv7hfepe2dfshuqnjrncye78t7gwllcpuw9c2x5lllsh8r6qg0wal0l06myu47p4fdur0m7qh53gzvkhy7h2hl76rcm3ak4g09079mstza9uj97knc0svkelcv50kz0u7hwx0k6uzdhs78xcnn4v33dnu9pesfwqwx53sv8zl87l0lhxmrx05fat0h27z3mfaak7ta3x2whm6wec28gkuu7mll6x78e8yugqx4lsy60cmm9dq5unkhs0lq7llplz2xphrqahyvsyd48y64z7j6m8tpa96y8aljj8twufcmml09dsdjpn58c520wne8qyfnz8m5wquxvl9kannwhkct4t6ak6rehw7hjfke8mxevkamphxgczqpqvs35c8226gdf64c7n4t3a82hr6w4w85a2u0f64c7jpuk2jqme97dleuyw7kcm3kmueryvnwg85fvhwp7cp7wakkqhzwczhdmddjtts89c9luvpfdjaj34rjfkfejlztewgn7ds97f04ec8ghmjfv6r8s6dgtrjeel50dcfj963k6xu74h3up5hkscmng9au7fum9s34n2myemva2td7clc0fkxm3cv4x7wntymvln9u8a5dnhdt0lzvet6zng7sg4vzdnk0jwtwa5mcn2lwhh704vncvc3ehqgp7dnade2vzrx8pzdl8amd0sh0a779c3yrs5mnd9p5tem3q7lq7vepsk7tapwuxyqh27anep5rndfnfkam0ax9fl03ad5kj4mwh97erv2ekvh9v03sn6k2fupyk2709gt8sstj9qzpxqthv2mczyc
PP,offer1qqr83wcuu2rykcmqvpsxygqq0mnllytqm3swejxdzzcrjd2304va45sejerr7lp0ra572a46l8jk682vrk7f6wj6lw8adl4rkhlk3mflttacl4h7lur64as8zlhqhn8h04883476dz7x6mny6jzdcga33n4s8n884cxcekcemz6mk3jk4v924t89kfxvxv2fwmhz2v20amzpekrhdxwm8cuztwefjqt7rg48vwd8m7d582u26ytq2ywa0arg3nyzemuzw5h4y6t62jck0kuhqs9kx0y2nglvn0z0j2aty4ugy9uynsu0uragysjn904av7669hrza8ejhhala5hre9pvwt6u4mh4c40ejm4al7dfaw840af7yz3zjjqjcr8607zvrtn6hws625n0g9qd8ucl9jynd3mxe6ax3n0d2q3aemhflmnacemdqw8u43xfduuvmmmu6k2lsfx7lkwt0jk5mhc00tfnpyngely66qmqc0ywuyqnewjuvp6tjqpcuerewz7qqjrucuspfrd9u59leg583l7a3v87a80xvndhgf7f0hmerucfl5gjdv0z26mexhmv4xvl7l6p72vujvmmq0exwlaswn4vkatgdsuan545af9vrml8c4w389cx7u7uuh0slep6nyn8grpgrdr0l9rxkr3d47emy2aw8t2m6mkfc4jhuj7wr669mz26g87p7hdygzasgv96fpslstjjqqnlspgt0nnc09lesuktzuesmrmahdup9xhe64tj6kexfym48ux0ccueyu0c9evt6tls00pnff9q4z4d7n6nxz7j3t6n9u7pk3lxqmnywfuhycv9txgtwutctfexdg58g7uekjtftf2fpramvwvxhf2hk9yenw6hk9sm4pm0j6cmr059hxc4us278tg04rq932tjavtjhcknh8v72nazfm0pu0rgaucvt87whfjkmt7lsveawnp2h0lllum72qhd7ksed02echuhjrfqgwq4dnlw7rd84at3e497mgjmsazvxmsfrmlxndlv7k2nla7u56y367ah7g39q42wa8ln6vymjw94yy6txt949ylnwdel8uu27hegh5h4wvefx5ln3ffchavn9f6l8yh4fh6qearn2tf3xuuj7df49a229f9yqds4uu6nzeuzaqfdq8q66rxgcpvwpjm9uff9wwvpg8kmtcgk252vmxafp5lwpt370frjvhlhyhd9evtkqy0n4l9aknma6x34n0hkcl8u6rd2hf774n9wd443wnas89hm6uneu6j7hh2cftqarafx9zyh6a9ae8585yczamunlwk7snv83gk00gf53kthwn66hjh44vv2gs75auhnsuw7a92ta3whzm5c48umpuz3tkmdh2n6upj3qc4u05r6jx37kdjx6akse7n4r0l7nhzmt2sxhwvp40hwmz7z6r3gx9w0e3hecatm5cn8kmd3uwjpsxv8kn92w56tyr9f5xr4vp354k9j66cd6jgfxeuv8nj0vmw30975a4dxrxqj2dsdt3a4tc6kl3lmzlr7405u87ex8w6tjlgxnp6vw70qaztz367jrv2trs4s2yzrwq5dflllpvzg62cnq4l2ttrunhdfh9f46lv8zjtg69nejda8rnadw4l5xjm8c48chas053emcx3x8hxnvtxmwpe8we0p2vp7mkd9htdvejgl2ntdg4kccmcdmpj6pgfzkzpcrhd8qhnl0hmmr03m86y79hm40pva577m096cn88taarvv8ru2ww0all4r08urjjgegpzjr47ele0tpw6mal5n04sgl5ndtsktn7d238vca8fxfa43d89a6hznvlkt5ee2lqx2n2lsrtyx4u9guqp59v5ne8vh27xwn7wl2ee6l4ffnr3atjc0fxh02h3k8h5nukmyt8ylnycvaaw3447pkhe98ldhk7mn20gwt6nrz7ffklutmp59m4tcm9hh6dp3leef4yr6mwrn06rj8m8vexc5relrha6r7lkh9ahe4g0kf9zatw6vvuczn72hfazkq8d650rjynh2c8
PP,offer1qqr83wcuu2rykcmqvpsxygqq0mnllytqm3swejxdzzcrjd2304va45sejerr7lp0ra572a46l8jk682vrk7f6wj6lw8adl4rkhlk3mflttacl4h7lur64as8zlhqhn8h04883476dz7x6mny6jzdcga33n4s8n884cxcekcemz6mk3jk4v924t89kfxvxv2fwmhz2v20amzpekrhdxwm8cuztwefjqt7rg48vwd8m7d582u26ytq2ywa0arg3nyzqfrwmwyjmpzzayuhnc0c8nm94302t7xyx7seluwukdtkle7anxcwwg2s38mpg6utc6ttahm7pw09lxv6jtqmr7lf3cjlkx6he5mgunlvmclkwnwtlunr7pfzjjqjc09k0m4mm35r7laweah7a740a64llnn0hjt304la7zz49p2d395gt472u75l0dj4ng0d5cxk00puj5euh54xlw7tl4rcllgy5a3am4c2zp2mxaqakv8s8zrq0u8gw2qaregzuzvp7hfwqqf3cvktq5sxj76pl5428c8awuhnawrhn2fkm5uaynma637wyl6y0xxy3fda6nn7kxjkdlhlq5f33cmllu9rf93wp4wtk6lj28rsarw64uhs2zu9x79uf0ef7s2ts24sur7cw539e7qggqmfmlegm4sutf0xwe2ht366577aj29uhlykns7k3wcjkkp0s0a6fzqhvztqwjgu9uza5sqyauqtzmuvure07v84jch8vzcwldm0qdf4uwatuj4xtjfxadlp37x8xf8nupxtz7jl7rmcvk2fg9q5t057keck5s27ke0xsd5lmsxujr329g4g9nec4zpjw0e6fsss4lyvey9s9307lfy5l3fgl2kjujey30ms5ljgsqz8vu9ex4rapdfmmq4uwjsw6xgt53lfje54tz70lu0stk3dw7dxdrtzk0edwejm8tla7dm20sc8lc8a7whllahu5p26adxj26an3telxxjqvenzc7zeyz3xnvv4lhja4e67jm04alzea7j399csjt2lh65fl54v09p9da7cp2njftl7lq2en3wffxjcjfvedx5un7deh86h4jt4l99wn7fen8y627w94tyl2j5eh9avd73x0gyljwdfaxynnj0e92jh2fgs9v4f8qh3g3yksrnvlqpxvck8qe9s754znxwr5ncd3a529z9k9jkkskw8v4cc8une22lmjl4j5hd7qz9egl6amelw4zc7ehet20m7deh9p40d2dnhvm2mhdug9nteaw2ukve0thhuv5sz36hr2s2faz3kkn2x67dpqux0llgm2fkyccfhm456gr9tagatta26uh79yqw6ylnlcxylxn487gkmadjg2l7dclpg4rvxa5eaw56csvjc8xrddqcutkenrwnxv0g2lk0cflnea5szth9s6hr4da03fpskr7k8sen7uwkdkve4m94ck8f8chyr3fz486w45qj36mz2sqcmflpfddvxa5hy4vxprwt9l8yc7vkyjvlarjp6e49yfjfun8z8ttjjhxcwj7hxumnd2ytds04elndclq6tjd7jl05gtn6745zvsufvfuqmpt6lllcz56a3am33edwl7n720hslk7kw7xeuzuhhsnle42x6t9yafh0wt53p9arls8gm80vwryr72llytny08nxn24e4kvtnld0mrs6wqy8jxhehqu45czg9hvxrgnqywcctp6a5ur70u7m0vd7pdhdnuhl24v8nknmlvy3t60ve083dajur3elel5lc49ulsw2pz4qyw2wlmlc9j8e7fzeka48qh89k66aw4nxacw6cerknvu4nl96v2pvmd85awunpk6y250c3hjr27zywqqjzxwfv3kt4mkw8npl8938nuvmm70fr08lj4g2g2etef6vymungxk9mmal3cztvddka5ed9kxt67c0h6wjnunrukxvdv9xpnrrhtk0r7ury8ul2rlknn7pdc4cua9c55yt07c7dxlxshpttlnpn9putweazumxm5nh3k54mvduavyqsp69tzc6su3xl6h
PP,offer1qqr83wcuu2rykcmqvpsxygqq0mnllytqm3swejxdzzcrjd2304va45sejerr7lp0ra572a46l8jk682vrk7f6wj6lw8adl4rkhlk3mflttacl4h7lur64as8zlhqhn8h04883476dz7x6mny6jzdcga33n4s8n884cxcekcemz6mk3jk4v924t89kfxvxv2fwmhz2v20amzpekrhdxwm8cuztwefjqt7rg48vwd8m7d582u26ytq2ywa0arg3nyz3w73xhaekm8tr2e48tcz90yma7hw8rxnl3vskncav9jr89lj02dsgnp6pw62wkzmxjm0fl0kt0c0ejk5jsxgah20wukdnhacd2m8zlrz7llrj666lcmjtt3qggvu3sn82wn5uafdhcjtw29rkfaarcn8axk6953j4ye4h9zn2dwfs03g8jkwa8wm9dtwxh9k7kvlwj6pl8ntwd7vkedst87n040wv7xkunveyyelfksk6xrcrnpsx7r5h8qwsuspwrxg7tshsqysax09q2gtf0dq0624ru87hvt3lhpmehymd62wjta7ugl8z0azxnrzckkkufalmpfr8lllsf7m65jk77l87wty630e27l06vew6r2tvn8h9arja4kgnan5m8q6lsdlur7cw539e7qggqmfmlegm4sutf0xwe2ht366577aj29uhlykns7k3wcjkkp0s0a6fzqhvztqwjgu9uza5sqyauqtzmuvure07v84jch8vzcwldm0qdf4uwatuj4xtjfxadlp37x8xf8nupxtz7jl7rlcvj2fg9q5t057keck5s27ke0xsd5lmsxu5n9vplys7jg0qcj8u7pge5327wxdf54y0npncauhlj4tys9rkgywwcz8wdpjlmu24nf8y0mapv9skgaas278fg8ary9lfle2f6v4508dedp37fwfl9hflquzww9hd9d9708vey3eh0ma8200wlll7m72q4dwcje43wec4ulnrfq2ve3vap4tafrz4ahtrzthjajlnj4le2kgv0alk5lfjv34l8h0zh4pxaf7whgp4t9znldlqan82uj3df3yjejedfe8umnw0e0tzhn72xa8unnxwf49uut2k9l99ftwt6etazv7s9lyu6n6vf88ylj24f0yj3gfeznw90px54xjpwsyxj9svdpnvwqj8qad2ayuj8pxshrmv46yty298d3wuj6thshc8x54ekdlt3t7nus9tr20e6lj7ef4largj6hlmutnwwp65m5l82ekhk76c5fkenjm4awfu70f0gmevunswnzsjjnjrawhzv46u2zgq7l737hrsgfknm5t8csy2tmp6h0a4fe062sxayg0t7ctf6w8ww54dlcm23d6utn7vs6pc4mfhm4f4dqefsw2xx68ae8ge2xar9gmsdlwt3nl8tmew9hgtfhwp2nmlw3rpd8cvrzn8ucmvlwea2wfted7cwpfgmrzrt0ja82p9z9jyerpmk9gz2m2cdtv7afgyrw7kr7w93yuvaye4608rpj22fn9nfxwv0xj9f0aja9cw36hx6utktq0dj09malpchy6a3alz30y4ftcwe36jssqdc2s4rll79m52e4qv0lawfylt704napx0xav5vmdvv0lhtyjuet082h7lz457n8ptlch8zwn4h0k2z79606fwmcckjwm8k7c5enehnlfydhaujhc2xdm8jm279sphvxrgkqywcctqqa4ur70u7m0vd7pdhdnuhl24v8nknmlvy3t60ve083dajur3elel5lc49ulsw2pz4qyw2wlmlc9fvhl903ek8gjwu8rxen6rr2x028sfw4wn4u390fcxame0z4ng40s76y65nc3hjr27zuwqqjz7wfv3kd4u0tpe45vev93d3fgh4f0u79ldz9k5l00cs3ektjft434n733lan74j5rhvpedpahg5u0qzw2lkfd4ajwjma6rx7j574f2vlwh4xn3atpewwu6mem0lrnarrch80l3jatkl0z78nl8lw2em4prt9pv47ra7nzawla7ecspz58rcvqzwlym13
PP,offer1qqr83wcuu2rykcmqvps0u0lnanha62lvk32u74ngyj0pzw8ev743pla2ldahltaayy5pp03majuze3ewakdy9n20mjf8vwk6rf46u0ucy4t0age4wrnknse4ce86gjckxqcrqvp60ahrjqr05u80wwtwkrq3kdjv9f7t8hu4numevddjm03cy3hj5muglvcw7yvv2dr8tg5ak7e72wld5fhzzrq0amvcmg04a95hnemkhs26cyr0udl7h7q9pg87dajhfrn6ulg0plallhlstnp3ju2matvhppl4k66l7t6u62lfwu8c4xze9dt8e4l2vxkv3wkthx6wrlmlj0lj6rpn56q3eels0uqa0pjeay4x0nnmraezn0lsxh599yn6lg42zrcuhhw47g6ky5w46u3rpgw9c0ejw0xg9079c38neh9hmnv0t6s2mhwdn9hecf0kf39vdezvjfq4l4967h8fc6tlqj7yx4m780qnl7j6tlh3ks7qsrgst9dn46lytha5w0larqsqqy0r5vfjegcn9scrx338tzrwvpqty3kjl2zlv52tellwc5rlwnnnkfkm4ylyhmau37vylcyfxkr340dujtak6nx0l0mqhf60mssnuklk7zdfym46m0su6nsmadtfgtelm6utk5hy38y773dnjukplv862j57qyys0547u5d66wd5hn8v4t4caf200w39z7tljtfe00g8vfw59tjvycm5tfnhgkn8w3dg0drfr4cgyhascpmhu7ye0lypywc8sd7m7lgmnred5kf92uk5kdje7lpuq0uk08ezzk979r7hlgpy5wj2fgxcff0n7wf3f7hnsdf455uy7ta35pqrlveq44vr72f345ezjdfnxh0ugdph97e6g0944s6t6v4exjlnf2ec8uhmkfp4yu3j2feh4y7d8tpqxx6ngfamxqcm6fp497jufwp289gn70wlysm42decxvhnn4wqyr0vqgp48yhnxkxh6pz27gp0hhsllluvq57e6hlhh0wnl5pcml7l69kn2rrmxzdt2l0tu99ycm68nfm4ufrgwv79llln0evklcl4qjnhq7p0gd5qdn843urkmdedzafmxulep9m3lj2wmh9l0dqsl7erckk2kkcjra0xzc06hr6wnlllf5u6tlc0cns8xcmqd6fxhqd0jd9e38anfa2e9xmt5k04zuz2jxu5w7rywfvhdtneg4ghuenpv2gmx7tqvjjcw6ej63vnnxwf49uut2t6y52j2g98znnlrqwgztgyse6wc6p00zhmm9t2lut2knwmcaz6wmnzekf20llrnlkkv63x2vs4n2xfcq2nv857qhuhk70l4gj8kd7wmrulnvd4ga0m6jv4mk7k960xqu770tjl9nzt67amz9965vfcy2redd6yyur5g2ggq76xyuzq0kvyyzjwcwa6lf27t7j4pnfzr6hhz7wr3mm59t07y6utwnzulnv8s29w6dka2vrewuugacd44fm4w33x6arzdhgyltx3hdemvsxfchgnevjnm8klh6kluu6evdr7m6mlr5e2hevn8a4khnv4443g9qcqtg4v38ustjreeqe79g7rsrugwqwpcxz59l0lhls2q32je6xf78lxey2ek922r47jcltmtdl8nyhxe5a47hnlmxuzxen9uhls256rwet2u6vh0tclp6cufwmd736t2779pm6jufk6e03xk0hkrguv4qxasedqjy5lsv8rl87l0hkxlqkt5e7tl42kremfalkj244xkvhn6k7cw9cuaulm0u2z70c8qagwxdussml66rpdy4v3hl30lzwl73uzwxpmzgehg0qwd4zy74jkjjm8tqd0mu9a0jjftklfu6tmwavs9sp35emuw608ry6tg0nadf7uf8x7ngvk98tkd96d3v8djw3fyqjgha7yyk6hgkrwvssqqzxeppfc0y45gmnew3l8jar70968u7t50euhglnewpmy0cvay33jmlmnnc2adw3lrd4ej9g3xu50cse2uresn7anvvrwvasd0ms6tykhq70snac5rjm9nxrx8yhvm39k98ku3yumpm7j8fnuwpdhvses8lp52nk8yn4lq7m5jyt4m05fcdf0n6rp0d93h9s0ascn4nmn984emhyruchndzpwxcudefn5vd0u5f5nk8k0427ufmm5l5lnr5avjprq7cv4yqajw8lwh37rqvucw00e0m5qst5n4de2ykwes2n0u3hehv4xmgczn3del8pmw8wh220judmqnlphntkrtm8c0l7a9984nxa8gcn3d4d2ejdjs0r82az5zxvruwymhn7yachn06m3dheg5wns084yeru4qupufnvlmgkpwpqqw7srcxg2n24yz
PP,offer1qqr83wcuu2rykcmqvpsyaknv4fal75qtcw4etudt0h0g3tmzex5a692kl9elw44lnzwhwmt85nyh9mxj4c5aflxy94560gadk8n04q6evtjn7ksrw70rvhrrl3zt5eqpqvps8glnu7tq8urkafcflccxrw7xrsaycgmlkh0e0934jgam85hxsfr03tln36cs3ag5cuaxjketmeenuk4k6gswq8kdlr4flhsk270f0xm3dtq4dns8lcllpvyqt6hl2erw02rhpcxlll7mla0hpke2m03m440mcnr2ppuffenwt36zzcnl22ye057ayypxw4vkl3d5dyxllluml3hkrxp3phjr3pllpd2xduvmknx6ermr8lflflkcnule5c4t6nxum9ljn5a4ge9l02pagp6nwpcpt70wputn4dnsvkqardkzt7fkxl6f3ghac8djamz6exyvnx0kcn30trtz5lf60e093mh6fypzkacapqumq0w205cl8r9vrp4ankca8a8kd7rgxdqqqgkxgun4s338tpsxdrzwkqxv6zgkfrd9u59leg583l7a3v87a80xvndhgf7f0hmerucfl5gjdv0z26mexhmv4xvl7l7p5l57k8u6dmu4yh3x2m092ltj3fs052gah07vltnlz5dt9m2wl59pgkhslep6nyn8grpgrdr0l9rxkr3d47emy2aw8t2m6mkfc4jhuj7wr6696zd4p2ulqxya6cvem4senhtzzm26q7wwq9ev7zw37hhxr7evfnkpvr0klhcx5678v4kf2h9eynwkl5c0prm9ne7q3930ftl372xg9q5jj29k6tt57nkv6v45un2d988dxjev9rgv7tzg90ty7jjv4dxy4n2vegh6kvjfxgcnxn6d9cm5hn224m9z5d3wxp9n92f2fn8v3j7del8ryteg938j4t2vejhy5vfw9qhrvjjf9l2ylnehe9xatn2d348jc2x2enyujnx5xk6dq27gfdhl3lelv0qa7s9wndmf84x4ulxmqtq4pxfwejmmv3uuwg2tcm6vegetw24cehullllm72dh7nlczs468gh2kwpl4uqkgu7xst9s9y3l5udcvp0eclvmteaalyc2nlzfhe4u4zeegut5ecxttf5jqdlelll6d8xjlurk9u9e9ucr0jd4crtujfwvelv6w2kfek6a9neg8zju3hpr8setjtpm6772y2plkvctrjxe8sct95krx5v74fyuenjdf08z2j7e9zsjjpfc4uuygpjqj6yyxvnk8stmch7ke27h0q6a5mj78gknkuukdj2nllcu0a4n85fjny9y63kwsz5mp78l6lj7mfa7argjchlmu0n7vpj4m5l82ekhk66ckf7cnjm4awfu70f02m3vshk7s3pqf20p48ggrjwssf8qnmgcnszpxcgss20m36h8u4de0c2cxayglt7s2f7w8wwu4dlcmg39mutn7ws6qc4mfhmafs09rj3dhpkktywe65qmn4gphaqndt6wa9pdfzukm0nwg0skyl7auu0afxwrylvwkmlx4xmdl0pl8nvwlf2kukv7hfepe2dfshuqnjrncye78t7gwllcpuw9c2x5lllsh8r6qg0wal0l06myu47p4fdur0m7qh53gzvkhy7h2hl76rcm3ak4g09079mstza9uj97knc0svkelcv50kz0u7hwx0k6uzdhs78xcnn4v33dnu9pesfwqwx53sv8zl87l0lhxmrx05fat0h27z3mfaak7ta3x2whm6wec28gkuu7mll6x78e8yugqx4lsy60cmm9dq5unkhs0lq7llplz2xphrqahyvsyd48y64z7j6m8tpa96y8aljj8twufcmml09dsdjpn58c520wne8qyfnz8m5wquxvl9kannwhkct4t6ak6rehw7hjfke8mxevkamphxgczqpqvs35c8226gdf64c7n4t3a82hr6w4w85a2u0f64c7jpuk2jqme97dleuyw7kcm3kmueryvnwg85fvhwp7cp7wakkqhzwczhdmddjtts89c9luvpfdjaj34rjfkfejlztewgn7ds97f04ec8ghmjfv6r8s6dgtrjeel50dcfj963k6xu74h3up5hkscmng9au7fum9s34n2myemva2td7clc0fkxm3cv4x7wntymvln9u8a5dnhdt0lzvet6zng7sg4vzdnk0jwtwa5mcn2lwhh704vncvc3ehqgp7dnade2vzrx8pzdl8amd0sh0a779c3yrs5mnd9p5tem3q7lq7vepsk7tapwuxyqh27anep5rndfnfkam0ax9fl03ad5kj4mwh97erv2ekvh9v03sn6k2fupyk2709gt8sstj9qzpxqthv2mczyc
PP,offer1qqr83wcuu2rykcmqvpsxygqq0mnllytqm3swejxdzzcrjd2304va45sejerr7lp0ra572a46l8jk682vrk7f6wj6lw8adl4rkhlk3mflttacl4h7lur64as8zlhqhn8h04883476dz7x6mny6jzdcga33n4s8n884cxcekcemz6mk3jk4v924t89kfxvxv2fwmhz2v20amzpekrhdxwm8cuztwefjqt7rg48vwd8m7d582u26ytq2ywa0arg3nyzemuzw5h4y6t62jck0kuhqs9kx0y2nglvn0z0j2aty4ugy9uynsu0uragysjn904av7669hrza8ejhhala5hre9pvwt6u4mh4c40ejm4al7dfaw840af7yz3zjjqjcr8607zvrtn6hws625n0g9qd8ucl9jynd3mxe6ax3n0d2q3aemhflmnacemdqw8u43xfduuvmmmu6k2lsfx7lkwt0jk5mhc00tfnpyngely66qmqc0ywuyqnewjuvp6tjqpcuerewz7qqjrucuspfrd9u59leg583l7a3v87a80xvndhgf7f0hmerucfl5gjdv0z26mexhmv4xvl7l6p72vujvmmq0exwlaswn4vkatgdsuan545af9vrml8c4w389cx7u7uuh0slep6nyn8grpgrdr0l9rxkr3d47emy2aw8t2m6mkfc4jhuj7wr669mz26g87p7hdygzasgv96fpslstjjqqnlspgt0nnc09lesuktzuesmrmahdup9xhe64tj6kexfym48ux0ccueyu0c9evt6tls00pnff9q4z4d7n6nxz7j3t6n9u7pk3lxqmnywfuhycv9txgtwutctfexdg58g7uekjtftf2fpramvwvxhf2hk9yenw6hk9sm4pm0j6cmr059hxc4us278tg04rq932tjavtjhcknh8v72nazfm0pu0rgaucvt87whfjkmt7lsveawnp2h0lllum72qhd7ksed02echuhjrfqgwq4dnlw7rd84at3e497mgjmsazvxmsfrmlxndlv7k2nla7u56y367ah7g39q42wa8ln6vymjw94yy6txt949ylnwdel8uu27hegh5h4wvefx5ln3ffchavn9f6l8yh4fh6qearn2tf3xuuj7df49a229f9yqds4uu6nzeuzaqfdq8q66rxgcpvwpjm9uff9wwvpg8kmtcgk252vmxafp5lwpt370frjvhlhyhd9evtkqy0n4l9aknma6x34n0hkcl8u6rd2hf774n9wd443wnas89hm6uneu6j7hh2cftqarafx9zyh6a9ae8585yczamunlwk7snv83gk00gf53kthwn66hjh44vv2gs75auhnsuw7a92ta3whzm5c48umpuz3tkmdh2n6upj3qc4u05r6jx37kdjx6akse7n4r0l7nhzmt2sxhwvp40hwmz7z6r3gx9w0e3hecatm5cn8kmd3uwjpsxv8kn92w56tyr9f5xr4vp354k9j66cd6jgfxeuv8nj0vmw30975a4dxrxqj2dsdt3a4tc6kl3lmzlr7405u87ex8w6tjlgxnp6vw70qaztz367jrv2trs4s2yzrwq5dflllpvzg62cnq4l2ttrunhdfh9f46lv8zjtg69nejda8rnadw4l5xjm8c48chas053emcx3x8hxnvtxmwpe8we0p2vp7mkd9htdvejgl2ntdg4kccmcdmpj6pgfzkzpcrhd8qhnl0hmmr03m86y79hm40pva577m096cn88taarvv8ru2ww0all4r08urjjgegpzjr47ele0tpw6mal5n04sgl5ndtsktn7d238vca8fxfa43d89a6hznvlkt5ee2lqx2n2lsrtyx4u9guqp59v5ne8vh27xwn7wl2ee6l4ffnr3atjc0fxh02h3k8h5nukmyt8ylnycvaaw3447pkhe98ldhk7mn20gwt6nrz7ffklutmp59m4tcm9hh6dp3leef4yr6mwrn06rj8m8vexc5relrha6r7lkh9ahe4g0kf9zatw6vvuczn72hfazkq8d650rjynh2c9
PP,offer1qqr83wcuu2rykcmqvpsxygqq0mnllytqm3swejxdzzcrjd2304va45sejerr7lp0ra572a46l8jk682vrk7f6wj6lw8adl4rkhlk3mflttacl4h7lur64as8zlhqhn8h04883476dz7x6mny6jzdcga33n4s8n884cxcekcemz6mk3jk4v924t89kfxvxv2fwmhz2v20amzpekrhdxwm8cuztwefjqt7rg48vwd8m7d582u26ytq2ywa0arg3nyzqfrwmwyjmpzzayuhnc0c8nm94302t7xyx7seluwukdtkle7anxcwwg2s38mpg6utc6ttahm7pw09lxv6jtqmr7lf3cjlkx6he5mgunlvmclkwnwtlunr7pfzjjqjc09k0m4mm35r7laweah7a740a64llnn0hjt304la7zz49p2d395gt472u75l0dj4ng0d5cxk00puj5euh54xlw7tl4rcllgy5a3am4c2zp2mxaqakv8s8zrq0u8gw2qaregzuzvp7hfwqqf3cvktq5sxj76pl5428c8awuhnawrhn2fkm5uaynma637wyl6y0xxy3fda6nn7kxjkdlhlq5f33cmllu9rf93wp4wtk6lj28rsarw64uhs2zu9x79uf0ef7s2ts24sur7cw539e7qggqmfmlegm4sutf0xwe2ht366577aj29uhlykns7k3wcjkkp0s0a6fzqhvztqwjgu9uza5sqyauqtzmuvure07v84jch8vzcwldm0qdf4uwatuj4xtjfxadlp37x8xf8nupxtz7jl7rmcvk2fg9q5t057keck5s27ke0xsd5lmsxujr329g4g9nec4zpjw0e6fsss4lyvey9s9307lfy5l3fgl2kjujey30ms5ljgsqz8vu9ex4rapdfmmq4uwjsw6xgt53lfje54tz70lu0stk3dw7dxdrtzk0edwejm8tla7dm20sc8lc8a7whllahu5p26adxj26an3telxxjqvenzc7zeyz3xnvv4lhja4e67jm04alzea7j399csjt2lh65fl54v09p9da7cp2njftl7lq2en3wffxjcjfvedx5un7deh86h4jt4l99wn7fen8y627w94tyl2j5eh9avd73x0gyljwdfaxynnj0e92jh2fgs9v4f8qh3g3yksrnvlqpxvck8qe9s754znxwr5ncd3a529z9k9jkkskw8v4cc8une22lmjl4j5hd7qz9egl6amelw4zc7ehet20m7deh9p40d2dnhvm2mhdug9nteaw2ukve0thhuv5sz36hr2s2faz3kkn2x67dpqux0llgm2fkyccfhm456gr9tagatta26uh79yqw6ylnlcxylxn487gkmadjg2l7dclpg4rvxa5eaw56csvjc8xrddqcutkenrwnxv0g2lk0cflnea5szth9s6hr4da03fpskr7k8sen7uwkdkve4m94ck8f8chyr3fz486w45qj36mz2sqcmflpfddvxa5hy4vxprwt9l8yc7vkyjvlarjp6e49yfjfun8z8ttjjhxcwj7hxumnd2ytds04elndclq6tjd7jl05gtn6745zvsufvfuqmpt6lllcz56a3am33edwl7n720hslk7kw7xeuzuhhsnle42x6t9yafh0wt53p9arls8gm80vwryr72llytny08nxn24e4kvtnld0mrs6wqy8jxhehqu45czg9hvxrgnqywcctp6a5ur70u7m0vd7pdhdnuhl24v8nknmlvy3t60ve083dajur3elel5lc49ulsw2pz4qyw2wlmlc9j8e7fzeka48qh89k66aw4nxacw6cerknvu4nl96v2pvmd85awunpk6y250c3hjr27zywqqjzxwfv3kt4mkw8npl8938nuvmm70fr08lj4g2g2etef6vymungxk9mmal3cztvddka5ed9kxt67c0h6wjnunrukxvdv9xpnrrhtk0r7ury8ul2rlknn7pdc4cua9c55yt07c7dxlxshpttlnpn9putweazumxm5nh3k54mvduavyqsp69tzc6su3xl6h
PP,offer1qqr83wcuu2rykcmqvpsxygqq0mnllytqm3swejxdzzcrjd2304va45sejerr7lp0ra572a46l8jk682vrk7f6wj6lw8adl4rkhlk3mflttacl4h7lur64as8zlhqhn8h04883476dz7x6mny6jzdcga33n4s8n884cxcekcemz6mk3jk4v924t89kfxvxv2fwmhz2v20amzpekrhdxwm8cuztwefjqt7rg48vwd8m7d582u26ytq2ywa0arg3nyz3w73xhaekm8tr2e48tcz90yma7hw8rxnl3vskncav9jr89lj02dsgnp6pw62wkzmxjm0fl0kt0c0ejk5jsxgah20wukdnhacd2m8zlrz7llrj666lcmjtt3qggvu3sn82wn5uafdhcjtw29rkfaarcn8axk6953j4ye4h9zn2dwfs03g8jkwa8wm9dtwxh9k7kvlwj6pl8ntwd7vkedst87n040wv7xkunveyyelfksk6xrcrnpsx7r5h8qwsuspwrxg7tshsqysax09q2gtf0dq0624ru87hvt3lhpmehymd62wjta7ugl8z0azxnrzckkkufalmpfr8lllsf7m65jk77l87wty630e27l06vew6r2tvn8h9arja4kgnan5m8q6lsdlur7cw539e7qggqmfmlegm4sutf0xwe2ht366577aj29uhlykns7k3wcjkkp0s0a6fzqhvztqwjgu9uza5sqyauqtzmuvure07v84jch8vzcwldm0qdf4uwatuj4xtjfxadlp37x8xf8nupxtz7jl7rlcvj2fg9q5t057keck5s27ke0xsd5lmsxu5n9vplys7jg0qcj8u7pge5327wxdf54y0npncauhlj4tys9rkgywwcz8wdpjlmu24nf8y0mapv9skgaas278fg8ary9lfle2f6v4508dedp37fwfl9hflquzww9hd9d9708vey3eh0ma8200wlll7m72q4dwcje43wec4ulnrfq2ve3vap4tafrz4ahtrzthjajlnj4le2kgv0alk5lfjv34l8h0zh4pxaf7whgp4t9znldlqan82uj3df3yjejedfe8umnw0e0tzhn72xa8unnxwf49uut2k9l99ftwt6etazv7s9lyu6n6vf88ylj24f0yj3gfeznw90px54xjpwsyxj9svdpnvwqj8qad2ayuj8pxshrmv46yty298d3wuj6thshc8x54ekdlt3t7nus9tr20e6lj7ef4largj6hlmutnwwp65m5l82ekhk76c5fkenjm4awfu70f0gmevunswnzsjjnjrawhzv46u2zgq7l737hrsgfknm5t8csy2tmp6h0a4fe062sxayg0t7ctf6w8ww54dlcm23d6utn7vs6pc4mfhm4f4dqefsw2xx68ae8ge2xar9gmsdlwt3nl8tmew9hgtfhwp2nmlw3rpd8cvrzn8ucmvlwea2wfted7cwpfgmrzrt0ja82p9z9jyerpmk9gz2m2cdtv7afgyrw7kr7w93yuvaye4608rpj22fn9nfxwv0xj9f0aja9cw36hx6utktq0dj09malpchy6a3alz30y4ftcwe36jssqdc2s4rll79m52e4qv0lawfylt704napx0xav5vmdvv0lhtyjuet082h7lz457n8ptlch8zwn4h0k2z79606fwmcckjwm8k7c5enehnlfydhaujhc2xdm8jm279sphvxrgkqywcctqqa4ur70u7m0vd7pdhdnuhl24v8nknmlvy3t60ve083dajur3elel5lc49ulsw2pz4qyw2wlmlc9fvhl903ek8gjwu8rxen6rr2x028sfw4wn4u390fcxame0z4ng40s76y65nc3hjr27zuwqqjz7wfv3kd4u0tpe45vev93d3fgh4f0u79ldz9k5l00cs3ektjft434n733lan74j5rhvpedpahg5u0qzw2lkfd4ajwjma6rx7j574f2vlwh4xn3atpewwu6mem0lrnarrch80l3jatkl0z78nl8lw2em4prt9pv47ra7nzawla7ecspz58rcvqzwlym14
PP,offer1qqr83wcuu2rykcmqvps0u0lnanha62lvk32u74ngyj0pzw8ev743pla2ldahltaayy5pp03majuze3ewakdy9n20mjf8vwk6rf46u0ucy4t0age4wrnknse4ce86gjckxqcrqvp60ahrjqr05u80wwtwkrq3kdjv9f7t8hu4numevddjm03cy3hj5muglvcw7yvv2dr8tg5ak7e72wld5fhzzrq0amvcmg04a95hnemkhs26cyr0udl7h7q9pg87dajhfrn6ulg0plallhlstnp3ju2matvhppl4k66l7t6u62lfwu8c4xze9dt8e4l2vxkv3wkthx6wrlmlj0lj6rpn56q3eels0uqa0pjeay4x0nnmraezn0lsxh599yn6lg42zrcuhhw47g6ky5w46u3rpgw9c0ejw0xg9079c38neh9hmnv0t6s2mhwdn9hecf0kf39vdezvjfq4l4967h8fc6tlqj7yx4m780qnl7j6tlh3ks7qsrgst9dn46lytha5w0larqsqqy0r5vfjegcn9scrx338tzrwvpqty3kjl2zlv52tellwc5rlwnnnkfkm4ylyhmau37vylcyfxkr340dujtak6nx0l0mqhf60mssnuklk7zdfym46m0su6nsmadtfgtelm6utk5hy38y773dnjukplv862j57qyys0547u5d66wd5hn8v4t4caf200w39z7tljtfe00g8vfw59tjvycm5tfnhgkn8w3dg0drfr4cgyhascpmhu7ye0lypywc8sd7m7lgmnred5kf92uk5kdje7lpuq0uk08ezzk979r7hlgpy5wj2fgxcff0n7wf3f7hnsdf455uy7ta35pqrlveq44vr72f345ezjdfnxh0ugdph97e6g0944s6t6v4exjlnf2ec8uhmkfp4yu3j2feh4y7d8tpqxx6ngfamxqcm6fp497jufwp289gn70wlysm42decxvhnn4wqyr0vqgp48yhnxkxh6pz27gp0hhsllluvq57e6hlhh0wnl5pcml7l69kn2rrmxzdt2l0tu99ycm68nfm4ufrgwv79llln0evklcl4qjnhq7p0gd5qdn843urkmdedzafmxulep9m3lj2wmh9l0dqsl7erckk2kkcjra0xzc06hr6wnlllf5u6tlc0cns8xcmqd6fxhqd0jd9e38anfa2e9xmt5k04zuz2jxu5w7rywfvhdtneg4ghuenpv2gmx7tqvjjcw6ej63vnnxwf49uut2t6y52j2g98znnlrqwgztgyse6wc6p00zhmm9t2lut2knwmcaz6wmnzekf20llrnlkkv63x2vs4n2xfcq2nv857qhuhk70l4gj8kd7wmrulnvd4ga0m6jv4mk7k960xqu770tjl9nzt67amz9965vfcy2redd6yyur5g2ggq76xyuzq0kvyyzjwcwa6lf27t7j4pnfzr6hhz7wr3mm59t07y6utwnzulnv8s29w6dka2vrewuugacd44fm4w33x6arzdhgyltx3hdemvsxfchgnevjnm8klh6kluu6evdr7m6mlr5e2hevn8a4khnv4443g9qcqtg4v38ustjreeqe79g7rsrugwqwpcxz59l0lhls2q32je6xf78lxey2ek922r47jcltmtdl8nyhxe5a47hnlmxuzxen9uhls256rwet2u6vh0tclp6cufwmd736t2779pm6jufk6e03xk0hkrguv4qxasedqjy5lsv8rl87l0hkxlqkt5e7tl42kremfalkj244xkvhn6k7cw9cuaulm0u2z70c8qagwxdussml66rpdy4v3hl30lzwl73uzwxpmzgehg0qwd4zy74jkjjm8tqd0mu9a0jjftklfu6tmwavs9sp35emuw608ry6tg0nadf7uf8x7ngvk98tkd96d3v8djw3fyqjgha7yyk6hgkrwvssqqzxeppfc0y45gmnew3l8jar70968u7t50euhglnewpmy0cvay33jmlmnnc2adw3lrd4ej9g3xu50cse2uresn7anvvrwvasd0ms6tykhq70snac5rjm9nxrx8yhvm39k98ku3yumpm7j8fnuwpdhvses8lp52nk8yn4lq7m5jyt4m05fcdf0n6rp0d93h9s0ascn4nmn984emhyruchndzpwxcudefn5vd0u5f5nk8k0427ufmm5l5lnr5avjprq7cv4yqajw8lwh37rqvucw00e0m5qst5n4de2ykwes2n0u3hehv4xmgczn3del8pmw8wh220judmqnlphntkrtm8c0l7a9984nxa8gcn3d4d2ejdjs0r82az5zxvruwymhn7yachn06m3dheg5wns084yeru4qupufnvlmgkpwpqqw7srcxg2n24yz