SP,offer1qqr83wcuu2rykcmqvpstytfkhud0clkl64k4l54xx6ddmdallruls993uc0fnr5h59xjjd6uw405t8dmwxxl0agff753mnvh6clx6c6m7tcdwplw92k73n2ndl70nc9u3gqs9sr7gsg2xgld5v37mgera4phdfqaj2mp0490xg9dullhu2phhfeemymd6jtjma77glzz07zynt9c6hk7g96mdtn07heswh35hcu27klkmh3ul8dw4amg7a88m9g0kele7kuft20c3lemdhsaz8ctmeljs40jp3yr3y8k9h0k3ndpu464vak92knm44edhxuvcm7fmxpmv2ap2cs3w84ru0a68clm503lhfyda7p38lyzqkl08s7tl3pedkperrk0hmwmcz2d0n32h949nvkfhg0sdl43ejfsls0jgh5l7q6fryjj2pw92ma04xg9d8zh4wve0yj7nz299x5hj75el9szrldycj6v4fx5e3jf8d9zu2egefp5uwpyeg7jcnwx9vajkt90fq4u6gx08hxuetjx9ylv5s4z8uev20flcu4r323vyr9r9j34gl2tgw7c9085lurncsfxt8548sdvsmll7vcka3srp00cc9kcds84xwn6w3nc9k7taf8jh89t7t5tuw7ude7m77ldylhllal4xmhflupend85tfhx5jtzff3yngj72echahhlqvq4fupp32gs6gz0vsk2sh8wlnm3wultmyd5vh7490kag9lsgkhxa693p3d74frwuzeww2xn50lllxu27dqqxcw9ykc2djyz0awaulh23v0vmu448alxumjs6hk4xemkd4dmk7yze4u7h9wtxvh4mm7x2t2gans858j2350e5rgljgqzacve6rc6vne5ry9jal5w54u4adtnzjy84r047u8zhnf6jlyt4ukay9flxu0s524kmd6y782uem7kwhys4pe9k5n7d4yarl8kny7y9rtlzhzxuhnqerw4yme4vxx74wf9fcvazky2erghn9730xt6zv80gthjakuz4glgjnpnv0lkw2shn5px4fj0aplf4w0rtrz3vhamnlsjzc4fdk3fp5t5ccnvvtequus5lxpzv7kkrwcnqfk0ppj9da0jt3y2ephm028rtymu0z4twhy3nfluqd3zlrz704yafxace8aa8k48e6shjrxe7a8ffmjam9lj97g04n2xcs99lcfcad0lpd387eesqs7w9eg5hccf8m0eq6p4tg30v6char3u7rlpvvatukk4xph9vztcr34tcq80umlu0lqlnl0hmmr0st96vl9l64tpua57lmf926ntxteat0v8zuww70ah79p08ursw58rx7ggdl7dwgksmlchmja8xla6aptc2gax00thjkl0x52qkmmvvsan37lppkdcmvar5ktghqk62qsd0khltugxmlmq8x4up8ff8y24xv5098tdgnmk0el5wgeghm7x0sl8my3p42uzv9uerqgqypjzxnqaftpp48turjwhc8ya0swf6lqun47pe8turjgvj36gp0yhehl8s3m6mrwxm0nyv3jdeq739jac8mq8emk6czufmq2ahd4kfdwquhqhl3s94u25x9ukda3kxddamdtlfvhhxe8lnwj9724c8zmtru0rcaleknzexg7s4f38gs5ns4ctxz7663w8puwc7xaaw44wlp487a88j0tl753hkwl94gr7arywf9rnzu0q5aee0av0mlllsf8jt06t0ennahfg0lj6tw9vcha0fzam00dwwzl7jc2tn30640k675et5ny5xkqaerrddluepwl9j75htklhwkwdv5rc8sluuatyvk7wfjxprh8vxre7090m7ddgg0e80hmex703f0clmxsjgvq4tsvft0zts8y9a6lpyz74mfaaw6p3c7fx88crxu5amtf7rldud4hngnerfheu6dwp0dvnua3jvtlmzf66j9qq8rhyezcwam4vs
SP,offer1qqr83wcuu2rykcmqvps248anjtmcsssg0wrwdrgt72rxecsl75nevzc5etcxg0wu6vmr2amzcm6qk37dr5z3fu56pak0my9nhe889w0tqh88wae23wl8u5pvddamzn59qypvqljyzz3j8mdry0k6xgldgdm2g8vjkctaftejpt08lalzsda6wwwexmw5jukl0hj8csnls3y6ewx4ahjpwkm2uml475xlrmechqw3ele9tna7a8tue5kd82hl7d3m5wvnalw4433chewas5mz678l592vjvequ9qd4dmu5v6c09kht8v324uaaf0t0e8zx2lj2ec0m2hggk59t3ugerh0378wlruwa7fnd0s0fmcqk9hcec8jluc0t93wwc9sa7mk7q6ntca6he92vhyjd6m7rruvwvj08czvk9a9lu8jgev5js2pgklfadn3dfq4a0jkde545sn3dfdyum5kte5rsh6fxykn92f4yvunj2fhxv4j2wx252njfj9h8znjz2x55vuvwdfs42jjztxhyj4jwv9gcj5t3se8y5kj929h8ya24ff09rtn9t6jmr05pted9lcl7qzfje99fuzmxxh7ll843yr5lzp0f47taw686xm8dmat2ma6lujnnhm0w5mfrnlcs2l6kpmj0ky0mlal9xmlflupf3d85tfhk5jrzfd3y3gjl2ec8lhllqgq9tupp3wgq6gzwvskfq9l6uf2mty77yjjwfehxlwjlcqtta3d8vawh5ehxz0he86kukmjhllll7nwy0xsgpv8zzdv9xewqhuhk70l4gj8kd7wmrulnvd4ga0m6jv4mk7k960xqu770tjl9nzt67amz99450e5z2pedf6ru6r586ygq76xu7psdktuzzjwcwa6lf27t7j4pnfzr6hhz7wr3mm59t07y6utwnzulnv8s29w6dka2vrewullrytjf2kuj6297k6jxjlh6f502r347pd3nvt3su4h63d56k9r0fhgj56xxjtzyun5mejhfhn99rxth59mewm2p2j0ytfuek8ln89ytfuqnt538w5lvmhrs443cht7uemc3pvx4xegvs6fmvvf7y9us7wgzwnvskttmrhggqqmh3sark6hpxcj9ukm9h4834kdk83x5htjcc5llqxcpw34whcj75nxauh7knm2jumgrepld0gn54a40a5lfrlqx2e4rdg2nluyv0kl7qn7rlm2jsd0ysd8h9jla30p6l2juphar4g7qm8wfnnlxt885ldvf70gyhgxr2hsywlchlcl7p087l0hkxlrk05fut0h27zemfaak7t43xwwhm6xccw8c5uulmll2x70c8qugzxa7sq6lcmuhdf5l30hp67wlh56yhc436vwuh08dk7aw5pvhjcerm0qajrnwmpke68fvk3wpf4y8q2ud0lhls0jr2hgw8mzrwfcanl54r6tfta4t30jr8xvvhtecd8pm0qk2hrandqgxwmqluc3qqyydjz2js6ftz3e8rarjw868yu05wfclgun373e8rcrxtuss6fpn8hlh88s466az7xmmny2szdega3pn4c8nr846xcckuemq6mh3kkpdwpulr8m3c94vt5v9unddjk2valm3f00dhhx990mwjr7w4c8rmwrs0nja8ak0peqgkj4338x3vssdemyrxu6p080jt5l7m4h0qkp697djezxqyd6r0tn8cjnklecw32y67frhw9w0thrllljl7z572a7galx6wxly4673t944tz0h7uthfmahmsx7jv3twktlkh782659x3usn2czmzu6867lnwxapw27ncuqem5uh0tzd7teelkqd56a72a3dtu07ex022s5kg6tgvulkt65sazhu4yh9ut8uzvtmv60g3xlyh6g05u6tyv5w9cv7dk2gqtuwgnenw28fmv049apajaheufwrcnge267artf8ral0q0p33kqrzkjvc2x8zswd
SP,offer1qqr83wcuu2rykcmqvpsr9tulxae4hlsvz8emm27klma2gmmsydh9wh8q7gyc2tq98tptvjlcrv0taak5k2dk4jfmwhdfk7f67uj6me3vlehlmal9asfm4vn6mg8kwjx7v2qqpvqlz8zwsj8mapy0h6zglwgp66v85nkstadt3jp00haalrsdu62wkexh0ykuwu0nn87sras3y2mww5aln3vkntul79cutxehj4065ywuuawtfcwckutlvje0f2hnzl6h4luty9wm8pzmmmre6khslep6nyn8grpgrdr0l9rxkr3d47emy2aw8t2m6mkfc4jhuj7wr6696zd4p2ulqxqamu03mhclrh0jwmtur7wwq9ev7zw37hhxr7evfnkpvr0klhcx5678v4kf2h9eynwkl5c0prm9ne7q3930ftl37jx29q5jj29k6ttu7tzg90tvhnwv9dy57tz2f8xa8j7vqu97jfe95e2jdftxyetxvevhvmn30xnx5jn209n9ju26v9um2kvew9d9nrnev45eykvk2egmvu2f4x56ymj72e9yvjdetesk23tw5ku6aq27ff0l8lsqjvkff20s5e34lnlelvwqy3wyqs3e6v4484lqs952rnyx5tr4k9ldm00wg8429fjddhtx9ne7elll5mwd9lc8xf57ndwu6jfvf9xyjfztmt8zlj707pcz4rsyx9prrdqfajzcjrkwfd633xx5ml7lq88djmkfa7m4cn5e8xx7mndeeuz67lfmmql55f0all04f8q8rgyzkt5px4z3dl8t7tm9xhl5dzt2ll03wdec82nwnuatx67mmtz3xmxwtwh4e8nea9ar094zwe6ruzp9g7xuupudecr3zux0ap7dqgymp7pfgl2827l65h9l3fqn538al6pp8euafmj4klrdjxh03w0e2pgtrhdx004wquhw8l3cy3y4mwf0y66t3tnt0nlyz940e2eqwmesyslwjea2kztt2n8j6uw23rr9y3ywe6acen4mpjzhj9m6wlv3v484f9jf5x0m8afmn6q52qeh6shh60xpm3e2kmud4lgvpug5kmgnskx2vvekx9lqzwg008ppgwttphde6yrqsvmjc7hm9gs4v3r7hdz3mna689t9et2tecuw28cs0dslf6jt5t0vgnw7nltruagwe43u30nh5f6wljh7z0yh7c99vcpj4avlwzk06haqylu0maa7ncvknh02a2p9xnjv69l3q0wll3we72785e4wdm2056hwsp4mps69uptk7pl78lctemhmlaekcenaz02ma6hs5w600dhjlvfjn477nkwz369h88kll73h37fe8zqp40upxn7xl9ntd8utlcxknhaax3dl9gwrrhdmemdh4taptpuxxg7mc8vs7m7cdjwp6td4ts2dfpszh8t0alczsw20w2ttaknncz638w5rghwu2t5uhydwh4l6ff5a0hsea963w0h0utzctejzqqqgmyy98pujkprzw868yu05wfclgun373e8rarjw8c8vnepr5jzxt0lww0pt4468udkhxg4zymj3lzr9ts0xz0mkd3sdenkp4lwrfvj6ure7z0hrsttchggtewmmpvymmlkzk77e0wd2wlxay0uatsw9k58ql8460nd78jq3d92rzwaqeppmnkgyd34zuww37m3g4yk9dl3p0v6kvu9gted08wu7ndwa6jz0krcl47mjcu4ehrt78lllqj0ykl5kln88mwjsll95ku2e3067j9mk776uu9la9s5h8zl42ld4afjhfxfgdvpmjxx75ck46ljalhrphz452uzxa8dl8kcmqkzre0jun62wf0m5wkx8ep5s20r38eddtdvfu8hlct6w9sxmek55kkw7lja43u9y89d4qn7puzpv4nea94dhn56jazdlmtme0j2ru7xdaqake9hmllp4g7f05zw6wcy2fmxjcpspysg8vrqmcpgp2
SP,offer1qqr83wcuu2rykcmqvpsy573k9885m679cym4mggtyg38jvscudmam6f7mpaxnah9c3t7j7ckw05jjjwx0mwx4wdmdt3xjjgr2w742uv3h8auc462djvw4cqk8twjgaczqvzgplvgypry0kj8gldyw376slkysweyd5h6shm9zj70lmk9qlm5uuajdkaf8e97l0y0np87pzf4sudtm0yjldk5enlmlszzg8j5walznav42jg7q2lhk7zhk6ew5wu7hk37lv80uknqjx347er3008l2z4wgxvswqsw6ka76xdy8jlt4nkg426wwkh4kun3n80e9vc8d4t59t2z9c7yd3lhglrlw3787ay3hhc8yluq2zmuu7re07v89jchxvxc7ldm0qff47w42uk4kfjfxaflpn7x8xf8r7pwtz7jlureyvj2fg9g4t0575esh55274er8u626gfck5jj706r9u7pgtaynztfj4y6nxtfq5nzd6f95er2d2tf54vjvfdx39umnp2fgcj7dwg9fxyutz2fh9van909s4vmnw0ez4jctzdfu55ajw0938afdfn6q4u7nlc00zpyevkj57p9jr0llanjcc80nxsuc2qu9n0mml0pp687n0qt82tkdl3nvljmcmyaxhl434hpa4flalm0egkl6leqjwt9aj6d94y5cjfvf82vk2kwelah7gyqpglygvdjq8jgnrq9fanzuv8az27m6m88387en0ga3dn44jev8nl2f23hxeme9ey3w0cu43l7lahj4nsrpkzpt97qng3qhln408a6jtm6xn9a0lhchxu5z4dhf7wandtdah3qjdh844tjanauwj73kj638vaplpyj5drw0q6xu7ps3wr8wslx3yxdqaqu404r4d04ttjlc5spmgn70lqcnu6w5lezm04kfptlehru9z5dsmkn846hqw0hnac5rgk2d4ylndf9gheakeljpq6lu4gshduczgthfw7atpp44tnevwr9g33jjgj8uaw5de6asmptczaahdkqh2h6ysevmr8an754caq24zvnag0md8ngucc4td7w6l5xs7y2td5fgfrdxxvmrzlcp8y883sc4894smk5uz9scyd3d0taj5gzkg4lmk3gue7ars46a439v7w0yrugh5c84af929h7yfh0fa4e7w58ucckfhem2xa8we0l38jrlvzjkvqet7j08rt0utmc0ndmla8pc3tn0wxyr8thp0la2aar9u07q4wsd879mgh27fnnnltpzpdmps69uptk7pl78lctemhmlaekcenaz02ma6hs5w600dhjlvfjn477nkwz369h88kll73h37fe8zqp40upxn7xl9ntd8utlcxknhaax3dl9gwrrhdmemdh4taptpuxxg7mc8vs7m7cdjwp6td4ts2dfpszh8t0aluzzd0h27lhemu6w5alffk2nmkrlg3fhfclcshmtk5fdwkd2zde2d7zqrykzuvssqzzxmpdfgfy4ngun373e8rarjw868yu05wfclgun3cpn97gfdysenmh6nnc6ldx30rddejdfpxuywcce6crenn6urvvmvva3ddmgetqkhq7l3n4euz6x96xr7fkxetd8wmag5hhkmlnjjh4kf9l82ut3ahpc9eewn6m8sus9tf2gcnngkggx7a6qnwdqkepktha8f3an0w4a07zm9jnk088qh6d852fw4zuwth83dhvmm8tdfallll4lu9fu3munm7v5ud7ttauzjtm2kyl0echwnlm0nqaly3zkav8ld0aw44g2drepz4s8kwc0ax2lc2h679gf3u3kfa5lmhtwxullgma3lchmtn77anjw7ekn8yjvwev7r5dz4mjxpdfhkn4gfjl52j9ce7vhlhgjtwe8e4u3zvz7eyewljmq5094mn4mnfjsa08nzpexs54jhzcxdaej58462s9fxa7mh7yjr70qqq84rehvyw774du
SP,offer1qqr83wcuu2rykcmqvpsxyz7me2dtuszhlwh8d79zrh9a8tn7et2r5yhasjp4mykehpz0vhypektlj0ml2m5mxfxcjukee7n8cmtgjvw0m2hrlkexw05h93flc5ds00hyxpqqpky0pp38ffrawjj86a9y0hygadzr6tmg97j4gmqlhm6703cw7dp8mwnrkj0whw8ecnlg3ucgj9dhh2wlccjteh707ze6s2xq4uecme44c4p7kaeey2dtz6mcnu6e6uw47rn3cmrhat76u07h4s0mp7j548sppyra90h9rwknnd9uem92aw822nmm5fghjluj6wtm6pmzt4p2unpxxaru0a68clm50j0mfutawzp9lvxqwal83xtleqfrkpur0klh6xuc7td9jf2h949nvk0hc0qrl9ne7gs4303gl4ljq2dr5jj2pkz2tulmxg9dtqhnwva0ys7mz2p9x48j7vcl9jjfl9yc26vefx5ed6wfy6z6j9fxvmjjvfnxf9y3va29z6ykjd0fr8y5tev9j555t7ge8y25vfk9ge2jn2f47k24newfa92en65k76dx27gf0lhlsqnusfpt054f340slaludqsr5gl927gxe0nlelad5xk4u8u67n9yyu0r38lgcatkffhhvas8rxp2v2mjf0l3lj9y5hthy56tzff3yjcj7keg4ulnlc0s3gyzpagccmqq0y3xxst7lh6rwx6tugueul7jk6033djv0mc68d0jv7a92m5784th87w08d5etlllnw90xsqrv8zjtv9xezp87hw70m4gk8kd726n7lnwdegdtm2nvamx6kam0zpv670tjh9nxt6aalr994ywecr6re9g68u6p50eyqpwuxvapudxfu6pjzewl6822727k4e3fzr63h6lwr3te5af0j967twjz5lnw8c292mdkaz0r4wvalt8tjg2sujm2flx6jw3lnmfj0zz34l3t3rwtesv3h2jdu6krr02hyj5uxw3tz9v35tejlghn9apxrh59mewmwp2505ffsek8lm89gte6qn25e87sl56h83433gkt7aelcfpv25kmg5s696vvfkx9uswwg20nq3x0ttphvfsym8ssezk7he9cj9vsmah4r34jd78324htjge5l7qxc3033086jw5nwuvn77nm2nuagtepnvlwn55aewajlezly86e4rvgzjluyuwkhlsh8j9qel4tcvuwtgrpr64vhtqe0nqr86keudzul4q2mytljnf77lruqy8vxtghs9wec8lcml308xl0lhkmrx05famdhzlz4mfaak7te3x2whm62ec28ghuu7tll6878e8xuqqx4lqx60cmukd05hs0lq66wlh579hu4fcv2a808dh740y8v0scertdqanrl0tpkfc8ddx4wfg4qxs2u4dlhls2twd3uaku6rdxmkaht79hluhvctaslce98jnldzc9fqw83evahff2spvhzcvqsqzzxmpafgp94hgun373e8rarjw868yu05wfclgun3cqnp7gfdy3ehm8cnmc6mdxn0rvdejdfpway2ccm6srenn6urvdmgvand96gatq5hqll3n9eu26x96kp7pkxata8wmag5hhkmhnjkh9kf9782utnalpc9eewnjm8sus9tptgcnngkgfx6a6znwvq4dnhh4v8yjzdngk95d0w3mvmlnhkp2663j0j26lhjx535a7yzcuwm0llllqk055l5hln88ewj3lm9yku2e3067j9mh776v79lu955h9zl42ld4lf6kfzfc0vp6jzx5mlllr6gp9zvaenv80mhx54unntxuhnfzvx23e39z4zuerlx4r4tuwk6kpvk3xkmrj0m0hw69fupmx74hzmd49j2tlwrshm2tve6ps7eh80n28z09ndd0t338jeyd72849a6r6u0f0hle0j3n938zs5e204lx2vrckqz6jvcf5scs73a
SP,offer1qqr83wcuu2rykcmqvpstytfkhud0clkl64k4l54xx6ddmdallruls993uc0fnr5h59xjjd6uw405t8dmwxxl0agff753mnvh6clx6c6m7tcdwplw92k73n2ndl70nc9u3gqs9sr7gsg2xgld5v37mgera4phdfqaj2mp0490xg9dullhu2phhfeemymd6jtjma77glzz07zynt9c6hk7g96mdtn07heswh35hcu27klkmh3ul8dw4amg7a88m9g0kele7kuft20c3lemdhsaz8ctmeljs40jp3yr3y8k9h0k3ndpu464vak92knm44edhxuvcm7fmxpmv2ap2cs3w84ru0a68clm503lhfyda7p38lyzqkl08s7tl3pedkperrk0hmwmcz2d0n32h949nvkfhg0sdl43ejfsls0jgh5l7q6fryjj2pw92ma04xg9d8zh4wve0yj7nz299x5hj75el9szrldycj6v4fx5e3jf8d9zu2egefp5uwpyeg7jcnwx9vajkt90fq4u6gx08hxuetjx9ylv5s4z8uev20flcu4r323vyr9r9j34gl2tgw7c9085lurncsfxt8548sdvsmll7vcka3srp00cc9kcds84xwn6w3nc9k7taf8jh89t7t5tuw7ude7m77ldylhllal4xmhflupend85tfhx5jtzff3yngj72echahhlqvq4fupp32gs6gz0vsk2sh8wlnm3wultmyd5vh7490kag9lsgkhxa693p3d74frwuzeww2xn50lllxu27dqqxcw9ykc2djyz0awaulh23v0vmu448alxumjs6hk4xemkd4dmk7yze4u7h9wtxvh4mm7x2t2gans858j2350e5rgljgqzacve6rc6vne5ry9jal5w54u4adtnzjy84r047u8zhnf6jlyt4ukay9flxu0s524kmd6y782uem7kwhys4pe9k5n7d4yarl8kny7y9rtlzhzxuhnqerw4yme4vxx74wf9fcvazky2erghn9730xt6zv80gthjakuz4glgjnpnv0lkw2shn5px4fj0aplf4w0rtrz3vhamnlsjzc4fdk3fp5t5ccnvvtequus5lxpzv7kkrwcnqfk0ppj9da0jt3y2ephm028rtymu0z4twhy3nfluqd3zlrz704yafxace8aa8k48e6shjrxe7a8ffmjam9lj97g04n2xcs99lcfcad0lpd387eesqs7w9eg5hccf8m0eq6p4tg30v6char3u7rlpvvatukk4xph9vztcr34tcq80umlu0lqlnl0hmmr0st96vl9l64tpua57lmf926ntxteat0v8zuww70ah79p08ursw58rx7ggdl7dwgksmlchmja8xla6aptc2gax00thjkl0x52qkmmvvsan37lppkdcmvar5ktghqk62qsd0khltugxmlmq8x4up8ff8y24xv5098tdgnmk0el5wgeghm7x0sl8my3p42uzv9uerqgqypjzxnqaftpp48turjwhc8ya0swf6lqun47pe8turjgvj36gp0yhehl8s3m6mrwxm0nyv3jdeq739jac8mq8emk6czufmq2ahd4kfdwquhqhl3s94u25x9ukda3kxddamdtlfvhhxe8lnwj9724c8zmtru0rcaleknzexg7s4f38gs5ns4ctxz7663w8puwc7xaaw44wlp487a88j0tl753hkwl94gr7arywf9rnzu0q5aee0av0mlllsf8jt06t0ennahfg0lj6tw9vcha0fzam00dwwzl7jc2tn30640k675et5ny5xkqaerrddluepwl9j75htklhwkwdv5rc8sluuatyvk7wfjxprh8vxre7090m7ddgg0e80hmex703f0clmxsjgvq4tsvft0zts8y9a6lpyz74mfaaw6p3c7fx88crxu5amtf7rldud4hngnerfheu6dwp0dvnua3jvtlmzf66j9qq8rhyezcwam4vs
SP,offer1qqr83wcuu2rykcmqvps248anjtmcsssg0wrwdrgt72rxecsl75nevzc5etcxg0wu6vmr2amzcm6qk37dr5z3fu56pak0my9nhe889w0tqh88wae23wl8u5pvddamzn59qypvqljyzz3j8mdry0k6xgldgdm2g8vjkctaftejpt08lalzsda6wwwexmw5jukl0hj8csnls3y6ewx4ahjpwkm2uml475xlrmechqw3ele9tna7a8tue5kd82hl7d3m5wvnalw4433chewas5mz678l592vjvequ9qd4dmu5v6c09kht8v324uaaf0t0e8zx2lj2ec0m2hggk59t3ugerh0378wlruwa7fnd0s0fmcqk9hcec8jluc0t93wwc9sa7mk7q6ntca6he92vhyjd6m7rruvwvj08czvk9a9lu8jgev5js2pgklfadn3dfq4a0jkde545sn3dfdyum5kte5rsh6fxykn92f4yvunj2fhxv4j2wx252njfj9h8znjz2x55vuvwdfs42jjztxhyj4jwv9gcj5t3se8y5kj929h8ya24ff09rtn9t6jmr05pted9lcl7qzfje99fuzmxxh7ll843yr5lzp0f47taw686xm8dmat2ma6lujnnhm0w5mfrnlcs2l6kpmj0ky0mlal9xmlflupf3d85tfhk5jrzfd3y3gjl2ec8lhllqgq9tupp3wgq6gzwvskfq9l6uf2mty77yjjwfehxlwjlcqtta3d8vawh5ehxz0he86kukmjhllll7nwy0xsgpv8zzdv9xewqhuhk70l4gj8kd7wmrulnvd4ga0m6jv4mk7k960xqu770tjl9nzt67amz99450e5z2pedf6ru6r586ygq76xu7psdktuzzjwcwa6lf27t7j4pnfzr6hhz7wr3mm59t07y6utwnzulnv8s29w6dka2vrewullrytjf2kuj6297k6jxjlh6f502r347pd3nvt3su4h63d56k9r0fhgj56xxjtzyun5mejhfhn99rxth59mewm2p2j0ytfuek8ln89ytfuqnt538w5lvmhrs443cht7uemc3pvx4xegvs6fmvvf7y9us7wgzwnvskttmrhggqqmh3sark6hpxcj9ukm9h4834kdk83x5htjcc5llqxcpw34whcj75nxauh7knm2jumgrepld0gn54a40a5lfrlqx2e4rdg2nluyv0kl7qn7rlm2jsd0ysd8h9jla30p6l2juphar4g7qm8wfnnlxt885ldvf70gyhgxr2hsywlchlcl7p087l0hkxlrk05fut0h27zemfaak7t43xwwhm6xccw8c5uulmll2x70c8qugzxa7sq6lcmuhdf5l30hp67wlh56yhc436vwuh08dk7aw5pvhjcerm0qajrnwmpke68fvk3wpf4y8q2ud0lhls0jr2hgw8mzrwfcanl54r6tfta4t30jr8xvvhtecd8pm0qk2hrandqgxwmqluc3qqyydjz2js6ftz3e8rarjw868yu05wfclgun373e8rcrxtuss6fpn8hlh88s466az7xmmny2szdega3pn4c8nr846xcckuemq6mh3kkpdwpulr8m3c94vt5v9unddjk2valm3f00dhhx990mwjr7w4c8rmwrs0nja8ak0peqgkj4338x3vssdemyrxu6p080jt5l7m4h0qkp697djezxqyd6r0tn8cjnklecw32y67frhw9w0thrllljl7z572a7galx6wxly4673t944tz0h7uthfmahmsx7jv3twktlkh782659x3usn2czmzu6867lnwxapw27ncuqem5uh0tzd7teelkqd56a72a3dtu07ex022s5kg6tgvulkt65sazhu4yh9ut8uzvtmv60g3xlyh6g05u6tyv5w9cv7dk2gqtuwgnenw28fmv049apajaheufwrcnge267artf8ral0q0p33kqrzkjvc2x8zswd
SP,offer1qqr83wcuu2rykcmqvpsr9tulxae4hlsvz8emm27klma2gmmsydh9wh8q7gyc2tq98tptvjlcrv0taak5k2dk4jfmwhdfk7f67uj6me3vlehlmal9asfm4vn6mg8kwjx7v2qqpvqlz8zwsj8mapy0h6zglwgp66v85nkstadt3jp00haalrsdu62wkexh0ykuwu0nn87sras3y2mww5aln3vkntul79cutxehj4065ywuuawtfcwckutlvje0f2hnzl6h4luty9wm8pzmmmre6khslep6nyn8grpgrdr0l9rxkr3d47emy2aw8t2m6mkfc4jhuj7wr6696zd4p2ulqxqamu03mhclrh0jwmtur7wwq9ev7zw37hhxr7evfnkpvr0klhcx5678v4kf2h9eynwkl5c0prm9ne7q3930ftl37jx29q5jj29k6ttu7tzg90tvhnwv9dy57tz2f8xa8j7vqu97jfe95e2jdftxyetxvevhvmn30xnx5jn209n9ju26v9um2kvew9d9nrnev45eykvk2egmvu2f4x56ymj72e9yvjdetesk23tw5ku6aq27ff0l8lsqjvkff20s5e34lnlelvwqy3wyqs3e6v4484lqs952rnyx5tr4k9ldm00wg8429fjddhtx9ne7elll5mwd9lc8xf57ndwu6jfvf9xyjfztmt8zlj707pcz4rsyx9prrdqfajzcjrkwfd633xx5ml7lq88djmkfa7m4cn5e8xx7mndeeuz67lfmmql55f0all04f8q8rgyzkt5px4z3dl8t7tm9xhl5dzt2ll03wdec82nwnuatx67mmtz3xmxwtwh4e8nea9ar094zwe6ruzp9g7xuupudecr3zux0ap7dqgymp7pfgl2827l65h9l3fqn538al6pp8euafmj4klrdjxh03w0e2pgtrhdx004wquhw8l3cy3y4mwf0y66t3tnt0nlyz940e2eqwmesyslwjea2kztt2n8j6uw23rr9y3ywe6acen4mpjzhj9m6wlv3v484f9jf5x0m8afmn6q52qeh6shh60xpm3e2kmud4lgvpug5kmgnskx2vvekx9lqzwg008ppgwttphde6yrqsvmjc7hm9gs4v3r7hdz3mna689t9et2tecuw28cs0dslf6jt5t0vgnw7nltruagwe43u30nh5f6wljh7z0yh7c99vcpj4avlwzk06haqylu0maa7ncvknh02a2p9xnjv69l3q0wll3we72785e4wdm2056hwsp4mps69uptk7pl78lctemhmlaekcenaz02ma6hs5w600dhjlvfjn477nkwz369h88kll73h37fe8zqp40upxn7xl9ntd8utlcxknhaax3dl9gwrrhdmemdh4taptpuxxg7mc8vs7m7cdjwp6td4ts2dfpszh8t0alczsw20w2ttaknncz638w5rghwu2t5uhydwh4l6ff5a0hsea963w0h0utzctejzqqqgmyy98pujkprzw868yu05wfclgun373e8rarjw8c8vnepr5jzxt0lww0pt4468udkhxg4zymj3lzr9ts0xz0mkd3sdenkp4lwrfvj6ure7z0hrsttchggtewmmpvymmlkzk77e0wd2wlxay0uatsw9k58ql8460nd78jq3d92rzwaqeppmnkgyd34zuww37m3g4yk9dl3p0v6kvu9gted08wu7ndwa6jz0krcl47mjcu4ehrt78lllqj0ykl5kln88mwjsll95ku2e3067j9mk776uu9la9s5h8zl42ld4afjhfxfgdvpmjxx75ck46ljalhrphz452uzxa8dl8kcmqkzre0jun62wf0m5wkx8ep5s20r38eddtdvfu8hlct6w9sxmek55kkw7lja43u9y89d4qn7puzpv4nea94dhn56jazdlmtme0j2ru7xdaqake9hmllp4g7f05zw6wcy2fmxjcpspysg8vrqmcpgp3
SP,offer1qqr83wcuu2rykcmqvpsy573k9885m679cym4mggtyg38jvscudmam6f7mpaxnah9c3t7j7ckw05jjjwx0mwx4wdmdt3xjjgr2w742uv3h8auc462djvw4cqk8twjgaczqvzgplvgypry0kj8gldyw376slkysweyd5h6shm9zj70lmk9qlm5uuajdkaf8e97l0y0np87pzf4sudtm0yjldk5enlmlszzg8j5walznav42jg7q2lhk7zhk6ew5wu7hk37lv80uknqjx347er3008l2z4wgxvswqsw6ka76xdy8jlt4nkg426wwkh4kun3n80e9vc8d4t59t2z9c7yd3lhglrlw3787ay3hhc8yluq2zmuu7re07v89jchxvxc7ldm0qff47w42uk4kfjfxaflpn7x8xf8r7pwtz7jlureyvj2fg9g4t0575esh55274er8u626gfck5jj706r9u7pgtaynztfj4y6nxtfq5nzd6f95er2d2tf54vjvfdx39umnp2fgcj7dwg9fxyutz2fh9van909s4vmnw0ez4jctzdfu55ajw0938afdfn6q4u7nlc00zpyevkj57p9jr0llanjcc80nxsuc2qu9n0mml0pp687n0qt82tkdl3nvljmcmyaxhl434hpa4flalm0egkl6leqjwt9aj6d94y5cjfvf82vk2kwelah7gyqpglygvdjq8jgnrq9fanzuv8az27m6m88387en0ga3dn44jev8nl2f23hxeme9ey3w0cu43l7lahj4nsrpkzpt97qng3qhln408a6jtm6xn9a0lhchxu5z4dhf7wandtdah3qjdh844tjanauwj73kj638vaplpyj5drw0q6xu7ps3wr8wslx3yxdqaqu404r4d04ttjlc5spmgn70lqcnu6w5lezm04kfptlehru9z5dsmkn846hqw0hnac5rgk2d4ylndf9gheakeljpq6lu4gshduczgthfw7atpp44tnevwr9g33jjgj8uaw5de6asmptczaahdkqh2h6ysevmr8an754caq24zvnag0md8ngucc4td7w6l5xs7y2td5fgfrdxxvmrzlcp8y883sc4894smk5uz9scyd3d0taj5gzkg4lmk3gue7ars46a439v7w0yrugh5c84af929h7yfh0fa4e7w58ucckfhem2xa8we0l38jrlvzjkvqet7j08rt0utmc0ndmla8pc3tn0wxyr8thp0la2aar9u07q4wsd879mgh27fnnnltpzpdmps69uptk7pl78lctemhmlaekcenaz02ma6hs5w600dhjlvfjn477nkwz369h88kll73h37fe8zqp40upxn7xl9ntd8utlcxknhaax3dl9gwrrhdmemdh4taptpuxxg7mc8vs7m7cdjwp6td4ts2dfpszh8t0aluzzd0h27lhemu6w5alffk2nmkrlg3fhfclcshmtk5fdwkd2zde2d7zqrykzuvssqzzxmpdfgfy4ngun373e8rarjw868yu05wfclgun3cpn97gfdysenmh6nnc6ldx30rddejdfpxuywcce6crenn6urvvmvva3ddmgetqkhq7l3n4euz6x96xr7fkxetd8wmag5hhkmlnjjh4kf9l82ut3ahpc9eewn6m8sus9tf2gcnngkggx7a6qnwdqkepktha8f3an0w4a07zm9jnk088qh6d852fw4zuwth83dhvmm8tdfallll4lu9fu3munm7v5ud7ttauzjtm2kyl0echwnlm0nqaly3zkav8ld0aw44g2drepz4s8kwc0ax2lc2h679gf3u3kfa5lmhtwxullgma3lchmtn77anjw7ekn8yjvwev7r5dz4mjxpdfhkn4gfjl52j9ce7vhlhgjtwe8e4u3zvz7eyewljmq5094mn4mnfjsa08nzpexs54jhzcxdaej58462s9fxa7mh7yjr70qqq84rehvyw774du
SP,offer1qqr83wcuu2rykcmqvpsxyz7me2dtuszhlwh8d79zrh9a8tn7et2r5yhasjp4mykehpz0vhypektlj0ml2m5mxfxcjukee7n8cmtgjvw0m2hrlkexw05h93flc5ds00hyxpqqpky0pp38ffrawjj86a9y0hygadzr6tmg97j4gmqlhm6703cw7dp8mwnrkj0whw8ecnlg3ucgj9dhh2wlccjteh707ze6s2xq4uecme44c4p7kaeey2dtz6mcnu6e6uw47rn3cmrhat76u07h4s0mp7j548sppyra90h9rwknnd9uem92aw822nmm5fghjluj6wtm6pmzt4p2unpxxaru0a68clm50j0mfutawzp9lvxqwal83xtleqfrkpur0klh6xuc7td9jf2h949nvk0hc0qrl9ne7gs4303gl4ljq2dr5jj2pkz2tulmxg9dtqhnwva0ys7mz2p9x48j7vcl9jjfl9yc26vefx5ed6wfy6z6j9fxvmjjvfnxf9y3va29z6ykjd0fr8y5tev9j555t7ge8y25vfk9ge2jn2f47k24newfa92en65k76dx27gf0lhlsqnusfpt054f340slaludqsr5gl927gxe0nlelad5xk4u8u67n9yyu0r38lgcatkffhhvas8rxp2v2mjf0l3lj9y5hthy56tzff3yjcj7keg4ulnlc0s3gyzpagccmqq0y3xxst7lh6rwx6tugueul7jk6033djv0mc68d0jv7a92m5784th87w08d5etlllnw90xsqrv8zjtv9xezp87hw70m4gk8kd726n7lnwdegdtm2nvamx6kam0zpv670tjh9nxt6aalr994ywecr6re9g68u6p50eyqpwuxvapudxfu6pjzewl6822727k4e3fzr63h6lwr3te5af0j967twjz5lnw8c292mdkaz0r4wvalt8tjg2sujm2flx6jw3lnmfj0zz34l3t3rwtesv3h2jdu6krr02hyj5uxw3tz9v35tejlghn9apxrh59mewmwp2505ffsek8lm89gte6qn25e87sl56h83433gkt7aelcfpv25kmg5s696vvfkx9uswwg20nq3x0ttphvfsym8ssezk7he9cj9vsmah4r34jd78324htjge5l7qxc3033086jw5nwuvn77nm2nuagtepnvlwn55aewajlezly86e4rvgzjluyuwkhlsh8j9qel4tcvuwtgrpr64vhtqe0nqr86keudzul4q2mytljnf77lruqy8vxtghs9wec8lcml308xl0lhkmrx05famdhzlz4mfaak7te3x2whm62ec28ghuu7tll6878e8xuqqx4lqx60cmukd05hs0lq66wlh579hu4fcv2a808dh740y8v0scertdqanrl0tpkfc8ddx4wfg4qxs2u4dlhls2twd3uaku6rdxmkaht79hluhvctaslce98jnldzc9fqw83evahff2spvhzcvqsqzzxmpafgp94hgun373e8rarjw868yu05wfclgun3cqnp7gfdy3ehm8cnmc6mdxn0rvdejdfpway2ccm6srenn6urvdmgvand96gatq5hqll3n9eu26x96kp7pkxata8wmag5hhkmhnjkh9kf9782utnalpc9eewnjm8sus9tptgcnngkgfx6a6znwvq4dnhh4v8yjzdngk95d0w3mvmlnhkp2663j0j26lhjx535a7yzcuwm0llllqk055l5hln88ewj3lm9yku2e3067j9mh776v79lu955h9zl42ld4lf6kfzfc0vp6jzx5mlllr6gp9zvaenv80mhx54unntxuhnfzvx23e39z4zuerlx4r4tuwk6kpvk3xkmrj0m0hw69fupmx74hzmd49j2tlwrshm2tve6ps7eh80n28z09ndd0t338jeyd72849a6r6u0f0hle0j3n938zs5e204lx2vrckqz6jvcf5scs73a
SP,offer1qqr83wcuu2rykcmqvpstytfkhud0clkl64k4l54xx6ddmdallruls993uc0fnr5h59xjjd6uw405t8dmwxxl0agff753mnvh6clx6c6m7tcdwplw92k73n2ndl70nc9u3gqs9sr7gsg2xgld5v37mgera4phdfqaj2mp0490xg9dullhu2phhfeemymd6jtjma77glzz07zynt9c6hk7g96mdtn07heswh35hcu27klkmh3ul8dw4amg7a88m9g0kele7kuft20c3lemdhsaz8ctmeljs40jp3yr3y8k9h0k3ndpu464vak92knm44edhxuvcm7fmxpmv2ap2cs3w84ru0a68clm503lhfyda7p38lyzqkl08s7tl3pedkperrk0hmwmcz2d0n32h949nvkfhg0sdl43ejfsls0jgh5l7q6fryjj2pw92ma04xg9d8zh4wve0yj7nz299x5hj75el9szrldycj6v4fx5e3jf8d9zu2egefp5uwpyeg7jcnwx9vajkt90fq4u6gx08hxuetjx9ylv5s4z8uev20flcu4r323vyr9r9j34gl2tgw7c9085lurncsfxt8548sdvsmll7vcka3srp00cc9kcds84xwn6w3nc9k7taf8jh89t7t5tuw7ude7m77ldylhllal4xmhflupend85tfhx5jtzff3yngj72echahhlqvq4fupp32gs6gz0vsk2sh8wlnm3wultmyd5vh7490kag9lsgkhxa693p3d74frwuzeww2xn50lllxu27dqqxcw9ykc2djyz0awaulh23v0vmu448alxumjs6hk4xemkd4dmk7yze4u7h9wtxvh4mm7x2t2gans858j2350e5rgljgqzacve6rc6vne5ry9jal5w54u4adtnzjy84r047u8zhnf6jlyt4ukay9flxu0s524kmd6y782uem7kwhys4pe9k5n7d4yarl8kny7y9rtlzhzxuhnqerw4yme4vxx74wf9fcvazky2erghn9730xt6zv80gthjakuz4glgjnpnv0lkw2shn5px4fj0aplf4w0rtrz3vhamnlsjzc4fdk3fp5t5ccnvvtequus5lxpzv7kkrwcnqfk0ppj9da0jt3y2ephm028rtymu0z4twhy3nfluqd3zlrz704yafxace8aa8k48e6shjrxe7a8ffmjam9lj97g04n2xcs99lcfcad0lpd387eesqs7w9eg5hccf8m0eq6p4tg30v6char3u7rlpvvatukk4xph9vztcr34tcq80umlu0lqlnl0hmmr0st96vl9l64tpua57lmf926ntxteat0v8zuww70ah79p08ursw58rx7ggdl7dwgksmlchmja8xla6aptc2gax00thjkl0x52qkmmvvsan37lppkdcmvar5ktghqk62qsd0khltugxmlmq8x4up8ff8y24xv5098tdgnmk0el5wgeghm7x0sl8my3p42uzv9uerqgqypjzxnqaftpp48turjwhc8ya0swf6lqun47pe8turjgvj36gp0yhehl8s3m6mrwxm0nyv3jdeq739jac8mq8emk6czufmq2ahd4kfdwquhqhl3s94u25x9ukda3kxddamdtlfvhhxe8lnwj9724c8zmtru0rcaleknzexg7s4f38gs5ns4ctxz7663w8puwc7xaaw44wlp487a88j0tl753hkwl94gr7arywf9rnzu0q5aee0av0mlllsf8jt06t0ennahfg0lj6tw9vcha0fzam00dwwzl7jc2tn30640k675et5ny5xkqaerrddluepwl9j75htklhwkwdv5rc8sluuatyvk7wfjxprh8vxre7090m7ddgg0e80hmex703f0clmxsjgvq4tsvft0zts8y9a6lpyz74mfaaw6p3c7fx88crxu5amtf7rldud4hngnerfheu6dwp0dvnua3jvtlmzf66j9qq8rhyezcwam4vs
SP,offer1qqr83wcuu2rykcmqvps248anjtmcsssg0wrwdrgt72rxecsl75nevzc5etcxg0wu6vmr2amzcm6qk37dr5z3fu56pak0my9nhe889w0tqh88wae23wl8u5pvddamzn59qypvqljyzz3j8mdry0k6xgldgdm2g8vjkctaftejpt08lalzsda6wwwexmw5jukl0hj8csnls3y6ewx4ahjpwkm2uml475xlrmechqw3ele9tna7a8tue5kd82hl7d3m5wvnalw4433chewas5mz678l592vjvequ9qd4dmu5v6c09kht8v324uaaf0t0e8zx2lj2ec0m2hggk59t3ugerh0378wlruwa7fnd0s0fmcqk9hcec8jluc0t93wwc9sa7mk7q6ntca6he92vhyjd6m7rruvwvj08czvk9a9lu8jgev5js2pgklfadn3dfq4a0jkde545sn3dfdyum5kte5rsh6fxykn92f4yvunj2fhxv4j2wx252njfj9h8znjz2x55vuvwdfs42jjztxhyj4jwv9gcj5t3se8y5kj929h8ya24ff09rtn9t6jmr05pted9lcl7qzfje99fuzmxxh7ll843yr5lzp0f47taw686xm8dmat2ma6lujnnhm0w5mfrnlcs2l6kpmj0ky0mlal9xmlflupf3d85tfhk5jrzfd3y3gjl2ec8lhllqgq9tupp3wgq6gzwvskfq9l6uf2mty77yjjwfehxlwjlcqtta3d8vawh5ehxz0he86kukmjhllll7nwy0xsgpv8zzdv9xewqhuhk70l4gj8kd7wmrulnvd4ga0m6jv4mk7k960xqu770tjl9nzt67amz99450e5z2pedf6ru6r586ygq76xu7psdktuzzjwcwa6lf27t7j4pnfzr6hhz7wr3mm59t07y6utwnzulnv8s29w6dka2vrewullrytjf2kuj6297k6jxjlh6f502r347pd3nvt3su4h63d56k9r0fhgj56xxjtzyun5mejhfhn99rxth59mewm2p2j0ytfuek8ln89ytfuqnt538w5lvmhrs443cht7uemc3pvx4xegvs6fmvvf7y9us7wgzwnvskttmrhggqqmh3sark6hpxcj9ukm9h4834kdk83x5htjcc5llqxcpw34whcj75nxauh7knm2jumgrepld0gn54a40a5lfrlqx2e4rdg2nluyv0kl7qn7rlm2jsd0ysd8h9jla30p6l2juphar4g7qm8wfnnlxt885ldvf70gyhgxr2hsywlchlcl7p087l0hkxlrk05fut0h27zemfaak7t43xwwhm6xccw8c5uulmll2x70c8qugzxa7sq6lcmuhdf5l30hp67wlh56yhc436vwuh08dk7aw5pvhjcerm0qajrnwmpke68fvk3wpf4y8q2ud0lhls0jr2hgw8mzrwfcanl54r6tfta4t30jr8xvvhtecd8pm0qk2hrandqgxwmqluc3qqyydjz2js6ftz3e8rarjw868yu05wfclgun373e8rcrxtuss6fpn8hlh88s466az7xmmny2szdega3pn4c8nr846xcckuemq6mh3kkpdwpulr8m3c94vt5v9unddjk2valm3f00dhhx990mwjr7w4c8rmwrs0nja8ak0peqgkj4338x3vssdemyrxu6p080jt5l7m4h0qkp697djezxqyd6r0tn8cjnklecw32y67frhw9w0thrllljl7z572a7galx6wxly4673t944tz0h7uthfmahmsx7jv3twktlkh782659x3usn2czmzu6867lnwxapw27ncuqem5uh0tzd7teelkqd56a72a3dtu07ex022s5kg6tgvulkt65sazhu4yh9ut8uzvtmv60g3xlyh6g05u6tyv5w9cv7dk2gqtuwgnenw28fmv049apajaheufwrcnge267artf8ral0q0p33kqrzkjvc2x8zswd
SP,offer1qqr83wcuu2rykcmqvpsr9tulxae4hlsvz8emm27klma2gmmsydh9wh8q7gyc2tq98tptvjlcrv0taak5k2dk4jfmwhdfk7f67uj6me3vlehlmal9asfm4vn6mg8kwjx7v2qqpvqlz8zwsj8mapy0h6zglwgp66v85nkstadt3jp00haalrsdu62wkexh0ykuwu0nn87sras3y2mww5aln3vkntul79cutxehj4065ywuuawtfcwckutlvje0f2hnzl6h4luty9wm8pzmmmre6khslep6nyn8grpgrdr0l9rxkr3d47emy2aw8t2m6mkfc4jhuj7wr6696zd4p2ulqxqamu03mhclrh0jwmtur7wwq9ev7zw37hhxr7evfnkpvr0klhcx5678v4kf2h9eynwkl5c0prm9ne7q3930ftl37jx29q5jj29k6ttu7tzg90tvhnwv9dy57tz2f8xa8j7vqu97jfe95e2jdftxyetxvevhvmn30xnx5jn209n9ju26v9um2kvew9d9nrnev45eykvk2egmvu2f4x56ymj72e9yvjdetesk23tw5ku6aq27ff0l8lsqjvkff20s5e34lnlelvwqy3wyqs3e6v4484lqs952rnyx5tr4k9ldm00wg8429fjddhtx9ne7elll5mwd9lc8xf57ndwu6jfvf9xyjfztmt8zlj707pcz4rsyx9prrdqfajzcjrkwfd633xx5ml7lq88djmkfa7m4cn5e8xx7mndeeuz67lfmmql55f0all04f8q8rgyzkt5px4z3dl8t7tm9xhl5dzt2ll03wdec82nwnuatx67mmtz3xmxwtwh4e8nea9ar094zwe6ruzp9g7xuupudecr3zux0ap7dqgymp7pfgl2827l65h9l3fqn538al6pp8euafmj4klrdjxh03w0e2pgtrhdx004wquhw8l3cy3y4mwf0y66t3tnt0nlyz940e2eqwmesyslwjea2kztt2n8j6uw23rr9y3ywe6acen4mpjzhj9m6wlv3v484f9jf5x0m8afmn6q52qeh6shh60xpm3e2kmud4lgvpug5kmgnskx2vvekx9lqzwg008ppgwttphde6yrqsvmjc7hm9gs4v3r7hdz3mna689t9et2tecuw28cs0dslf6jt5t0vgnw7nltruagwe43u30nh5f6wljh7z0yh7c99vcpj4avlwzk06haqylu0maa7ncvknh02a2p9xnjv69l3q0wll3we72785e4wdm2056hwsp4mps69uptk7pl78lctemhmlaekcenaz02ma6hs5w600dhjlvfjn477nkwz369h88kll73h37fe8zqp40upxn7xl9ntd8utlcxknhaax3dl9gwrrhdmemdh4taptpuxxg7mc8vs7m7cdjwp6td4ts2dfpszh8t0alczsw20w2ttaknncz638w5rghwu2t5uhydwh4l6ff5a0hsea963w0h0utzctejzqqqgmyy98pujkprzw868yu05wfclgun373e8rarjw8c8vnepr5jzxt0lww0pt4468udkhxg4zymj3lzr9ts0xz0mkd3sdenkp4lwrfvj6ure7z0hrsttchggtewmmpvymmlkzk77e0wd2wlxay0uatsw9k58ql8460nd78jq3d92rzwaqeppmnkgyd34zuww37m3g4yk9dl3p0v6kvu9gted08wu7ndwa6jz0krcl47mjcu4ehrt78lllqj0ykl5kln88mwjsll95ku2e3067j9mk776uu9la9s5h8zl42ld4afjhfxfgdvpmjxx75ck46ljalhrphz452uzxa8dl8kcmqkzre0jun62wf0m5wkx8ep5s20r38eddtdvfu8hlct6w9sxmek55kkw7lja43u9y89d4qn7puzpv4nea94dhn56jazdlmtme0j2ru7xdaqake9hmllp4g7f05zw6wcy2fmxjcpspysg8vrqmcpgp4
SP,offer1qqr83wcuu2rykcmqvpsy573k9885m679cym4mggtyg38jvscudmam6f7mpaxnah9c3t7j7ckw05jjjwx0mwx4wdmdt3xjjgr2w742uv3h8auc462djvw4cqk8twjgaczqvzgplvgypry0kj8gldyw376slkysweyd5h6shm9zj70lmk9qlm5uuajdkaf8e97l0y0np87pzf4sudtm0yjldk5enlmlszzg8j5walznav42jg7q2lhk7zhk6ew5wu7hk37lv80uknqjx347er3008l2z4wgxvswqsw6ka76xdy8jlt4nkg426wwkh4kun3n80e9vc8d4t59t2z9c7yd3lhglrlw3787ay3hhc8yluq2zmuu7re07v89jchxvxc7ldm0qff47w42uk4kfjfxaflpn7x8xf8r7pwtz7jlureyvj2fg9g4t0575esh55274er8u626gfck5jj706r9u7pgtaynztfj4y6nxtfq5nzd6f95er2d2tf54vjvfdx39umnp2fgcj7dwg9fxyutz2fh9van909s4vmnw0ez4jctzdfu55ajw0938afdfn6q4u7nlc00zpyevkj57p9jr0llanjcc80nxsuc2qu9n0mml0pp687n0qt82tkdl3nvljmcmyaxhl434hpa4flalm0egkl6leqjwt9aj6d94y5cjfvf82vk2kwelah7gyqpglygvdjq8jgnrq9fanzuv8az27m6m88387en0ga3dn44jev8nl2f23hxeme9ey3w0cu43l7lahj4nsrpkzpt97qng3qhln408a6jtm6xn9a0lhchxu5z4dhf7wandtdah3qjdh844tjanauwj73kj638vaplpyj5drw0q6xu7ps3wr8wslx3yxdqaqu404r4d04ttjlc5spmgn70lqcnu6w5lezm04kfptlehru9z5dsmkn846hqw0hnac5rgk2d4ylndf9gheakeljpq6lu4gshduczgthfw7atpp44tnevwr9g33jjgj8uaw5de6asmptczaahdkqh2h6ysevmr8an754caq24zvnag0md8ngucc4td7w6l5xs7y2td5fgfrdxxvmrzlcp8y883sc4894smk5uz9scyd3d0taj5gzkg4lmk3gue7ars46a439v7w0yrugh5c84af929h7yfh0fa4e7w58ucckfhem2xa8we0l38jrlvzjkvqet7j08rt0utmc0ndmla8pc3tn0wxyr8thp0la2aar9u07q4wsd879mgh27fnnnltpzpdmps69uptk7pl78lctemhmlaekcenaz02ma6hs5w600dhjlvfjn477nkwz369h88kll73h37fe8zqp40upxn7xl9ntd8utlcxknhaax3dl9gwrrhdmemdh4taptpuxxg7mc8vs7m7cdjwp6td4ts2dfpszh8t0aluzzd0h27lhemu6w5alffk2nmkrlg3fhfclcshmtk5fdwkd2zde2d7zqrykzuvssqzzxmpdfgfy4ngun373e8rarjw868yu05wfclgun3cpn97gfdysenmh6nnc6ldx30rddejdfpxuywcce6crenn6urvvmvva3ddmgetqkhq7l3n4euz6x96xr7fkxetd8wmag5hhkmlnjjh4kf9l82ut3ahpc9eewn6m8sus9tf2gcnngkggx7a6qnwdqkepktha8f3an0w4a07zm9jnk088qh6d852fw4zuwth83dhvmm8tdfallll4lu9fu3munm7v5ud7ttauzjtm2kyl0echwnlm0nqaly3zkav8ld0aw44g2drepz4s8kwc0ax2lc2h679gf3u3kfa5lmhtwxullgma3lchmtn77anjw7ekn8yjvwev7r5dz4mjxpdfhkn4gfjl52j9ce7vhlhgjtwe8e4u3zvz7eyewljmq5094mn4mnfjsa08nzpexs54jhzcxdaej58462s9fxa7mh7yjr70qqq84rehvyw774du
SP,offer1qqr83wcuu2rykcmqvpsxyz7me2dtuszhlwh8d79zrh9a8tn7et2r5yhasjp4mykehpz0vhypektlj0ml2m5mxfxcjukee7n8cmtgjvw0m2hrlkexw05h93flc5ds00hyxpqqpky0pp38ffrawjj86a9y0hygadzr6tmg97j4gmqlhm6703cw7dp8mwnrkj0whw8ecnlg3ucgj9dhh2wlccjteh707ze6s2xq4uecme44c4p7kaeey2dtz6mcnu6e6uw47rn3cmrhat76u07h4s0mp7j548sppyra90h9rwknnd9uem92aw822nmm5fghjluj6wtm6pmzt4p2unpxxaru0a68clm50j0mfutawzp9lvxqwal83xtleqfrkpur0klh6xuc7td9jf2h949nvk0hc0qrl9ne7gs4303gl4ljq2dr5jj2pkz2tulmxg9dtqhnwva0ys7mz2p9x48j7vcl9jjfl9yc26vefx5ed6wfy6z6j9fxvmjjvfnxf9y3va29z6ykjd0fr8y5tev9j555t7ge8y25vfk9ge2jn2f47k24newfa92en65k76dx27gf0lhlsqnusfpt054f340slaludqsr5gl927gxe0nlelad5xk4u8u67n9yyu0r38lgcatkffhhvas8rxp2v2mjf0l3lj9y5hthy56tzff3yjcj7keg4ulnlc0s3gyzpagccmqq0y3xxst7lh6rwx6tugueul7jk6033djv0mc68d0jv7a92m5784th87w08d5etlllnw90xsqrv8zjtv9xezp87hw70m4gk8kd726n7lnwdegdtm2nvamx6kam0zpv670tjh9nxt6aalr994ywecr6re9g68u6p50eyqpwuxvapudxfu6pjzewl6822727k4e3fzr63h6lwr3te5af0j967twjz5lnw8c292mdkaz0r4wvalt8tjg2sujm2flx6jw3lnmfj0zz34l3t3rwtesv3h2jdu6krr02hyj5uxw3tz9v35tejlghn9apxrh59mewmwp2505ffsek8lm89gte6qn25e87sl56h83433gkt7aelcfpv25kmg5s696vvfkx9uswwg20nq3x0ttphvfsym8ssezk7he9cj9vsmah4r34jd78324htjge5l7qxc3033086jw5nwuvn77nm2nuagtepnvlwn55aewajlezly86e4rvgzjluyuwkhlsh8j9qel4tcvuwtgrpr64vhtqe0nqr86keudzul4q2mytljnf77lruqy8vxtghs9wec8lcml308xl0lhkmrx05famdhzlz4mfaak7te3x2whm62ec28ghuu7tll6878e8xuqqx4lqx60cmukd05hs0lq66wlh579hu4fcv2a808dh740y8v0scertdqanrl0tpkfc8ddx4wfg4qxs2u4dlhls2twd3uaku6rdxmkaht79hluhvctaslce98jnldzc9fqw83evahff2spvhzcvqsqzzxmpafgp94hgun373e8rarjw868yu05wfclgun3cqnp7gfdy3ehm8cnmc6mdxn0rvdejdfpway2ccm6srenn6urvdmgvand96gatq5hqll3n9eu26x96kp7pkxata8wmag5hhkmhnjkh9kf9782utnalpc9eewnjm8sus9tptgcnngkgfx6a6znwvq4dnhh4v8yjzdngk95d0w3mvmlnhkp2663j0j26lhjx535a7yzcuwm0llllqk055l5hln88ewj3lm9yku2e3067j9mh776v79lu955h9zl42ld4lf6kfzfc0vp6jzx5mlllr6gp9zvaenv80mhx54unntxuhnfzvx23e39z4zuerlx4r4tuwk6kpvk3xkmrj0m0hw69fupmx74hzmd49j2tlwrshm2tve6ps7eh80n28z09ndd0t338jeyd72849a6r6u0f0hle0j3n938zs5e204lx2vrckqz6jvcf5scs73a
SP,offer1qqr83wcuu2rykcmqvpstytfkhud0clkl64k4l54xx6ddmdallruls993uc0fnr5h59xjjd6uw405t8dmwxxl0agff753mnvh6clx6c6m7tcdwplw92k73n2ndl70nc9u3gqs9sr7gsg2xgld5v37mgera4phdfqaj2mp0490xg9dullhu2phhfeemymd6jtjma77glzz07zynt9c6hk7g96mdtn07heswh35hcu27klkmh3ul8dw4amg7a88m9g0kele7kuft20c3lemdhsaz8ctmeljs40jp3yr3y8k9h0k3ndpu464vak92knm44edhxuvcm7fmxpmv2ap2cs3w84ru0a68clm503lhfyda7p38lyzqkl08s7tl3pedkperrk0hmwmcz2d0n32h949nvkfhg0sdl43ejfsls0jgh5l7q6fryjj2pw92ma04xg9d8zh4wve0yj7nz299x5hj75el9szrldycj6v4fx5e3jf8d9zu2egefp5uwpyeg7jcnwx9vajkt90fq4u6gx08hxuetjx9ylv5s4z8uev20flcu4r323vyr9r9j34gl2tgw7c9085lurncsfxt8548sdvsmll7vcka3srp00cc9kcds84xwn6w3nc9k7taf8jh89t7t5tuw7ude7m77ldylhllal4xmhflupend85tfhx5jtzff3yngj72echahhlqvq4fupp32gs6gz0vsk2sh8wlnm3wultmyd5vh7490kag9lsgkhxa693p3d74frwuzeww2xn50lllxu27dqqxcw9ykc2djyz0awaulh23v0vmu448alxumjs6hk4xemkd4dmk7yze4u7h9wtxvh4mm7x2t2gans858j2350e5rgljgqzacve6rc6vne5ry9jal5w54u4adtnzjy84r047u8zhnf6jlyt4ukay9flxu0s524kmd6y782uem7kwhys4pe9k5n7d4yarl8kny7y9rtlzhzxuhnqerw4yme4vxx74wf9fcvazky2erghn9730xt6zv80gthjakuz4glgjnpnv0lkw2shn5px4fj0aplf4w0rtrz3vhamnlsjzc4fdk3fp5t5ccnvvtequus5lxpzv7kkrwcnqfk0ppj9da0jt3y2ephm028rtymu0z4twhy3nfluqd3zlrz704yafxace8aa8k48e6shjrxe7a8ffmjam9lj97g04n2xcs99lcfcad0lpd387eesqs7w9eg5hccf8m0eq6p4tg30v6char3u7rlpvvatukk4xph9vztcr34tcq80umlu0lqlnl0hmmr0st96vl9l64tpua57lmf926ntxteat0v8zuww70ah79p08ursw58rx7ggdl7dwgksmlchmja8xla6aptc2gax00thjkl0x52qkmmvvsan37lppkdcmvar5ktghqk62qsd0khltugxmlmq8x4up8ff8y24xv5098tdgnmk0el5wgeghm7x0sl8my3p42uzv9uerqgqypjzxnqaftpp48turjwhc8ya0swf6lqun47pe8turjgvj36gp0yhehl8s3m6mrwxm0nyv3jdeq739jac8mq8emk6czufmq2ahd4kfdwquhqhl3s94u25x9ukda3kxddamdtlfvhhxe8lnwj9724c8zmtru0rcaleknzexg7s4f38gs5ns4ctxz7663w8puwc7xaaw44wlp487a88j0tl753hkwl94gr7arywf9rnzu0q5aee0av0mlllsf8jt06t0ennahfg0lj6tw9vcha0fzam00dwwzl7jc2tn30640k675et5ny5xkqaerrddluepwl9j75htklhwkwdv5rc8sluuatyvk7wfjxprh8vxre7090m7ddgg0e80hmex703f0clmxsjgvq4tsvft0zts8y9a6lpyz74mfaaw6p3c7fx88crxu5amtf7rldud4hngnerfheu6dwp0dvnua3jvtlmzf66j9qq8rhyezcwam4vs
SP,offer1qqr83wcuu2rykcmqvps248anjtmcsssg0wrwdrgt72rxecsl75nevzc5etcxg0wu6vmr2amzcm6qk37dr5z3fu56pak0my9nhe889w0tqh88wae23wl8u5pvddamzn59qypvqljyzz3j8mdry0k6xgldgdm2g8vjkctaftejpt08lalzsda6wwwexmw5jukl0hj8csnls3y6ewx4ahjpwkm2uml475xlrmechqw3ele9tna7a8tue5kd82hl7d3m5wvnalw4433chewas5mz678l592vjvequ9qd4dmu5v6c09kht8v324uaaf0t0e8zx2lj2ec0m2hggk59t3ugerh0378wlruwa7fnd0s0fmcqk9hcec8jluc0t93wwc9sa7mk7q6ntca6he92vhyjd6m7rruvwvj08czvk9a9lu8jgev5js2pgklfadn3dfq4a0jkde545sn3dfdyum5kte5rsh6fxykn92f4yvunj2fhxv4j2wx252njfj9h8znjz2x55vuvwdfs42jjztxhyj4jwv9gcj5t3se8y5kj929h8ya24ff09rtn9t6jmr05pted9lcl7qzfje99fuzmxxh7ll843yr5lzp0f47taw686xm8dmat2ma6lujnnhm0w5mfrnlcs2l6kpmj0ky0mlal9xmlflupf3d85tfhk5jrzfd3y3gjl2ec8lhllqgq9tupp3wgq6gzwvskfq9l6uf2mty77yjjwfehxlwjlcqtta3d8vawh5ehxz0he86kukmjhllll7nwy0xsgpv8zzdv9xewqhuhk70l4gj8kd7wmrulnvd4ga0m6jv4mk7k960xqu770tjl9nzt67amz99450e5z2pedf6ru6r586ygq76xu7psdktuzzjwcwa6lf27t7j4pnfzr6hhz7wr3mm59t07y6utwnzulnv8s29w6dka2vrewullrytjf2kuj6297k6jxjlh6f502r347pd3nvt3su4h63d56k9r0fhgj56xxjtzyun5mejhfhn99rxth59mewm2p2j0ytfuek8ln89ytfuqnt538w5lvmhrs443cht7uemc3pvx4xegvs6fmvvf7y9us7wgzwnvskttmrhggqqmh3sark6hpxcj9ukm9h4834kdk83x5htjcc5llqxcpw34whcj75nxauh7knm2jumgrepld0gn54a40a5lfrlqx2e4rdg2nluyv0kl7qn7rlm2jsd0ysd8h9jla30p6l2juphar4g7qm8wfnnlxt885ldvf70gyhgxr2hsywlchlcl7p087l0hkxlrk05fut0h27zemfaak7t43xwwhm6xccw8c5uulmll2x70c8qugzxa7sq6lcmuhdf5l30hp67wlh56yhc436vwuh08dk7aw5pvhjcerm0qajrnwmpke68fvk3wpf4y8q2ud0lhls0jr2hgw8mzrwfcanl54r6tfta4t30jr8xvvhtecd8pm0qk2hrandqgxwmqluc3qqyydjz2js6ftz3e8rarjw868yu05wfclgun373e8rcrxtuss6fpn8hlh88s466az7xmmny2szdega3pn4c8nr846xcckuemq6mh3kkpdwpulr8m3c94vt5v9unddjk2valm3f00dhhx990mwjr7w4c8rmwrs0nja8ak0peqgkj4338x3vssdemyrxu6p080jt5l7m4h0qkp697djezxqyd6r0tn8cjnklecw32y67frhw9w0thrllljl7z572a7galx6wxly4673t944tz0h7uthfmahmsx7jv3twktlkh782659x3usn2czmzu6867lnwxapw27ncuqem5uh0tzd7teelkqd56a72a3dtu07ex022s5kg6tgvulkt65sazhu4yh9ut8uzvtmv60g3xlyh6g05u6tyv5w9cv7dk2gqtuwgnenw28fmv049apajaheufwrcnge267artf8ral0q0p33kqrzkjvc2x8zswd
SP,offer1qqr83wcuu2rykcmqvpsr9tulxae4hlsvz8emm27klma2gmmsydh9wh8q7gyc2tq98tptvjlcrv0taak5k2dk4jfmwhdfk7f67uj6me3vlehlmal9asfm4vn6mg8kwjx7v2qqpvqlz8zwsj8mapy0h6zglwgp66v85nkstadt3jp00haalrsdu62wkexh0ykuwu0nn87sras3y2mww5aln3vkntul79cutxehj4065ywuuawtfcwckutlvje0f2hnzl6h4luty9wm8pzmmmre6khslep6nyn8grpgrdr0l9rxkr3d47emy2aw8t2m6mkfc4jhuj7wr6696zd4p2ulqxqamu03mhclrh0jwmtur7wwq9ev7zw37hhxr7evfnkpvr0klhcx5678v4kf2h9eynwkl5c0prm9ne7q3930ftl37jx29q5jj29k6ttu7tzg90tvhnwv9dy57tz2f8xa8j7vqu97jfe95e2jdftxyetxvevhvmn30xnx5jn209n9ju26v9um2kvew9d9nrnev45eykvk2egmvu2f4x56ymj72e9yvjdetesk23tw5ku6aq27ff0l8lsqjvkff20s5e34lnlelvwqy3wyqs3e6v4484lqs952rnyx5tr4k9ldm00wg8429fjddhtx9ne7elll5mwd9lc8xf57ndwu6jfvf9xyjfztmt8zlj707pcz4rsyx9prrdqfajzcjrkwfd633xx5ml7lq88djmkfa7m4cn5e8xx7mndeeuz67lfmmql55f0all04f8q8rgyzkt5px4z3dl8t7tm9xhl5dzt2ll03wdec82nwnuatx67mmtz3xmxwtwh4e8nea9ar094zwe6ruzp9g7xuupudecr3zux0ap7dqgymp7pfgl2827l65h9l3fqn538al6pp8euafmj4klrdjxh03w0e2pgtrhdx004wquhw8l3cy3y4mwf0y66t3tnt0nlyz940e2eqwmesyslwjea2kztt2n8j6uw23rr9y3ywe6acen4mpjzhj9m6wlv3v484f9jf5x0m8afmn6q52qeh6shh60xpm3e2kmud4lgvpug5kmgnskx2vvekx9lqzwg008ppgwttphde6yrqsvmjc7hm9gs4v3r7hdz3mna689t9et2tecuw28cs0dslf6jt5t0vgnw7nltruagwe43u30nh5f6wljh7z0yh7c99vcpj4avlwzk06haqylu0maa7ncvknh02a2p9xnjv69l3q0wll3we72785e4wdm2056hwsp4mps69uptk7pl78lctemhmlaekcenaz02ma6hs5w600dhjlvfjn477nkwz369h88kll73h37fe8zqp40upxn7xl9ntd8utlcxknhaax3dl9gwrrhdmemdh4taptpuxxg7mc8vs7m7cdjwp6td4ts2dfpszh8t0alczsw20w2ttaknncz638w5rghwu2t5uhydwh4l6ff5a0hsea963w0h0utzctejzqqqgmyy98pujkprzw868yu05wfclgun373e8rarjw8c8vnepr5jzxt0lww0pt4468udkhxg4zymj3lzr9ts0xz0mkd3sdenkp4lwrfvj6ure7z0hrsttchggtewmmpvymmlkzk77e0wd2wlxay0uatsw9k58ql8460nd78jq3d92rzwaqeppmnkgyd34zuww37m3g4yk9dl3p0v6kvu9gted08wu7ndwa6jz0krcl47mjcu4ehrt78lllqj0ykl5kln88mwjsll95ku2e3067j9mk776uu9la9s5h8zl42ld4afjhfxfgdvpmjxx75ck46ljalhrphz452uzxa8dl8kcmqkzre0jun62wf0m5wkx8ep5s20r38eddtdvfu8hlct6w9sxmek55kkw7lja43u9y89d4qn7puzpv4nea94dhn56jazdlmtme0j2ru7xdaqake9hmllp4g7f05zw6wcy2fmxjcpspysg8vrqmcpgp5
SP,offer1qqr83wcuu2rykcmqvpsy573k9885m679cym4mggtyg38jvscudmam6f7mpaxnah9c3t7j7ckw05jjjwx0mwx4wdmdt3xjjgr2w742uv3h8auc462djvw4cqk8twjgaczqvzgplvgypry0kj8gldyw376slkysweyd5h6shm9zj70lmk9qlm5uuajdkaf8e97l0y0np87pzf4sudtm0yjldk5enlmlszzg8j5walznav42jg7q2lhk7zhk6ew5wu7hk37lv80uknqjx347er3008l2z4wgxvswqsw6ka76xdy8jlt4nkg426wwkh4kun3n80e9vc8d4t59t2z9c7yd3lhglrlw3787ay3hhc8yluq2zmuu7re07v89jchxvxc7ldm0qff47w42uk4kfjfxaflpn7x8xf8r7pwtz7jlureyvj2fg9g4t0575esh55274er8u626gfck5jj706r9u7pgtaynztfj4y6nxtfq5nzd6f95er2d2tf54vjvfdx39umnp2fgcj7dwg9fxyutz2fh9van909s4vmnw0ez4jctzdfu55ajw0938afdfn6q4u7nlc00zpyevkj57p9jr0llanjcc80nxsuc2qu9n0mml0pp687n0qt82tkdl3nvljmcmyaxhl434hpa4flalm0egkl6leqjwt9aj6d94y5cjfvf82vk2kwelah7gyqpglygvdjq8jgnrq9fanzuv8az27m6m88387en0ga3dn44jev8nl2f23hxeme9ey3w0cu43l7lahj4nsrpkzpt97qng3qhln408a6jtm6xn9a0lhchxu5z4dhf7wandtdah3qjdh844tjanauwj73kj638vaplpyj5drw0q6xu7ps3wr8wslx3yxdqaqu404r4d04ttjlc5spmgn70lqcnu6w5lezm04kfptlehru9z5dsmkn846hqw0hnac5rgk2d4ylndf9gheakeljpq6lu4gshduczgthfw7atpp44tnevwr9g33jjgj8uaw5de6asmptczaahdkqh2h6ysevmr8an754caq24zvnag0md8ngucc4td7w6l5xs7y2td5fgfrdxxvmrzlcp8y883sc4894smk5uz9scyd3d0taj5gzkg4lmk3gue7ars46a439v7w0yrugh5c84af929h7yfh0fa4e7w58ucckfhem2xa8we0l38jrlvzjkvqet7j08rt0utmc0ndmla8pc3tn0wxyr8thp0la2aar9u07q4wsd879mgh27fnnnltpzpdmps69uptk7pl78lctemhmlaekcenaz02ma6hs5w600dhjlvfjn477nkwz369h88kll73h37fe8zqp40upxn7xl9ntd8utlcxknhaax3dl9gwrrhdmemdh4taptpuxxg7mc8vs7m7cdjwp6td4ts2dfpszh8t0aluzzd0h27lhemu6w5alffk2nmkrlg3fhfclcshmtk5fdwkd2zde2d7zqrykzuvssqzzxmpdfgfy4ngun373e8rarjw868yu05wfclgun3cpn97gfdysenmh6nnc6ldx30rddejdfpxuywcce6crenn6urvvmvva3ddmgetqkhq7l3n4euz6x96xr7fkxetd8wmag5hhkmlnjjh4kf9l82ut3ahpc9eewn6m8sus9tf2gcnngkggx7a6qnwdqkepktha8f3an0w4a07zm9jnk088qh6d852fw4zuwth83dhvmm8tdfallll4lu9fu3munm7v5ud7ttauzjtm2kyl0echwnlm0nqaly3zkav8ld0aw44g2drepz4s8kwc0ax2lc2h679gf3u3kfa5lmhtwxullgma3lchmtn77anjw7ekn8yjvwev7r5dz4mjxpdfhkn4gfjl52j9ce7vhlhgjtwe8e4u3zvz7eyewljmq5094mn4mnfjsa08nzpexs54jhzcxdaej58462s9fxa7mh7yjr70qqq84rehvyw774du
SP,offer1qqr83wcuu2rykcmqvpsxyz7me2dtuszhlwh8d79zrh9a8tn7et2r5yhasjp4mykehpz0vhypektlj0ml2m5mxfxcjukee7n8cmtgjvw0m2hrlkexw05h93flc5ds00hyxpqqpky0pp38ffrawjj86a9y0hygadzr6tmg97j4gmqlhm6703cw7dp8mwnrkj0whw8ecnlg3ucgj9dhh2wlccjteh707ze6s2xq4uecme44c4p7kaeey2dtz6mcnu6e6uw47rn3cmrhat76u07h4s0mp7j548sppyra90h9rwknnd9uem92aw822nmm5fghjluj6wtm6pmzt4p2unpxxaru0a68clm50j0mfutawzp9lvxqwal83xtleqfrkpur0klh6xuc7td9jf2h949nvk0hc0qrl9ne7gs4303gl4ljq2dr5jj2pkz2tulmxg9dtqhnwva0ys7mz2p9x48j7vcl9jjfl9yc26vefx5ed6wfy6z6j9fxvmjjvfnxf9y3va29z6ykjd0fr8y5tev9j555t7ge8y25vfk9ge2jn2f47k24newfa92en65k76dx27gf0lhlsqnusfpt054f340slaludqsr5gl927gxe0nlelad5xk4u8u67n9yyu0r38lgcatkffhhvas8rxp2v2mjf0l3lj9y5hthy56tzff3yjcj7keg4ulnlc0s3gyzpagccmqq0y3xxst7lh6rwx6tugueul7jk6033djv0mc68d0jv7a92m5784th87w08d5etlllnw90xsqrv8zjtv9xezp87hw70m4gk8kd726n7lnwdegdtm2nvamx6kam0zpv670tjh9nxt6aalr994ywecr6re9g68u6p50eyqpwuxvapudxfu6pjzewl6822727k4e3fzr63h6lwr3te5af0j967twjz5lnw8c292mdkaz0r4wvalt8tjg2sujm2flx6jw3lnmfj0zz34l3t3rwtesv3h2jdu6krr02hyj5uxw3tz9v35tejlghn9apxrh59mewmwp2505ffsek8lm89gte6qn25e87sl56h83433gkt7aelcfpv25kmg5s696vvfkx9uswwg20nq3x0ttphvfsym8ssezk7he9cj9vsmah4r34jd78324htjge5l7qxc3033086jw5nwuvn77nm2nuagtepnvlwn55aewajlezly86e4rvgzjluyuwkhlsh8j9qel4tcvuwtgrpr64vhtqe0nqr86keudzul4q2mytljnf77lruqy8vxtghs9wec8lcml308xl0lhkmrx05famdhzlz4mfaak7te3x2whm62ec28ghuu7tll6878e8xuqqx4lqx60cmukd05hs0lq66wlh579hu4fcv2a808dh740y8v0scertdqanrl0tpkfc8ddx4wfg4qxs2u4dlhls2twd3uaku6rdxmkaht79hluhvctaslce98jnldzc9fqw83evahff2spvhzcvqsqzzxmpafgp94hgun373e8rarjw868yu05wfclgun3cqnp7gfdy3ehm8cnmc6mdxn0rvdejdfpway2ccm6srenn6urvdmgvand96gatq5hqll3n9eu26x96kp7pkxata8wmag5hhkmhnjkh9kf9782utnalpc9eewnjm8sus9tptgcnngkgfx6a6znwvq4dnhh4v8yjzdngk95d0w3mvmlnhkp2663j0j26lhjx535a7yzcuwm0llllqk055l5hln88ewj3lm9yku2e3067j9mh776v79lu955h9zl42ld4lf6kfzfc0vp6jzx5mlllr6gp9zvaenv80mhx54unntxuhnfzvx23e39z4zuerlx4r4tuwk6kpvk3xkmrj0m0hw69fupmx74hzmd49j2tlwrshm2tve6ps7eh80n28z09ndd0t338jeyd72849a6r6u0f0hle0j3n938zs5e204lx2vrckqz6jvcf5scs73a
SP,offer1qqr83wcuu2rykcmqvpstytfkhud0clkl64k4l54xx6ddmdallruls993uc0fnr5h59xjjd6uw405t8dmwxxl0agff753mnvh6clx6c6m7tcdwplw92k73n2ndl70nc9u3gqs9sr7gsg2xgld5v37mgera4phdfqaj2mp0490xg9dullhu2phhfeemymd6jtjma77glzz07zynt9c6hk7g96mdtn07heswh35hcu27klkmh3ul8dw4amg7a88m9g0kele7kuft20c3lemdhsaz8ctmeljs40jp3yr3y8k9h0k3ndpu464vak92knm44edhxuvcm7fmxpmv2ap2cs3w84ru0a68clm503lhfyda7p38lyzqkl08s7tl3pedkperrk0hmwmcz2d0n32h949nvkfhg0sdl43ejfsls0jgh5l7q6fryjj2pw92ma04xg9d8zh4wve0yj7nz299x5hj75el9szrldycj6v4fx5e3jf8d9zu2egefp5uwpyeg7jcnwx9vajkt90fq4u6gx08hxuetjx9ylv5s4z8uev20flcu4r323vyr9r9j34gl2tgw7c9085lurncsfxt8548sdvsmll7vcka3srp00cc9kcds84xwn6w3nc9k7taf8jh89t7t5tuw7ude7m77ldylhllal4xmhflupend85tfhx5jtzff3yngj72echahhlqvq4fupp32gs6gz0vsk2sh8wlnm3wultmyd5vh7490kag9lsgkhxa693p3d74frwuzeww2xn50lllxu27dqqxcw9ykc2djyz0awaulh23v0vmu448alxumjs6hk4xemkd4dmk7yze4u7h9wtxvh4mm7x2t2gans858j2350e5rgljgqzacve6rc6vne5ry9jal5w54u4adtnzjy84r047u8zhnf6jlyt4ukay9flxu0s524kmd6y782uem7kwhys4pe9k5n7d4yarl8kny7y9rtlzhzxuhnqerw4yme4vxx74wf9fcvazky2erghn9730xt6zv80gthjakuz4glgjnpnv0lkw2shn5px4fj0aplf4w0rtrz3vhamnlsjzc4fdk3fp5t5ccnvvtequus5lxpzv7kkrwcnqfk0ppj9da0jt3y2ephm028rtymu0z4twhy3nfluqd3zlrz704yafxace8aa8k48e6shjrxe7a8ffmjam9lj97g04n2xcs99lcfcad0lpd387eesqs7w9eg5hccf8m0eq6p4tg30v6char3u7rlpvvatukk4xph9vztcr34tcq80umlu0lqlnl0hmmr0st96vl9l64tpua57lmf926ntxteat0v8zuww70ah79p08ursw58rx7ggdl7dwgksmlchmja8xla6aptc2gax00thjkl0x52qkmmvvsan37lppkdcmvar5ktghqk62qsd0khltugxmlmq8x4up8ff8y24xv5098tdgnmk0el5wgeghm7x0sl8my3p42uzv9uerqgqypjzxnqaftpp48turjwhc8ya0swf6lqun47pe8turjgvj36gp0yhehl8s3m6mrwxm0nyv3jdeq739jac8mq8emk6czufmq2ahd4kfdwquhqhl3s94u25x9ukda3kxddamdtlfvhhxe8lnwj9724c8zmtru0rcaleknzexg7s4f38gs5ns4ctxz7663w8puwc7xaaw44wlp487a88j0tl753hkwl94gr7arywf9rnzu0q5aee0av0mlllsf8jt06t0ennahfg0lj6tw9vcha0fzam00dwwzl7jc2tn30640k675et5ny5xkqaerrddluepwl9j75htklhwkwdv5rc8sluuatyvk7wfjxprh8vxre7090m7ddgg0e80hmex703f0clmxsjgvq4tsvft0zts8y9a6lpyz74mfaaw6p3c7fx88crxu5amtf7rldud4hngnerfheu6dwp0dvnua3jvtlmzf66j9qq8rhyezcwam4vs
SP,offer1qqr83wcuu2rykcmqvps248anjtmcsssg0wrwdrgt72rxecsl75nevzc5etcxg0wu6vmr2amzcm6qk37dr5z3fu56pak0my9nhe889w0tqh88wae23wl8u5pvddamzn59qypvqljyzz3j8mdry0k6xgldgdm2g8vjkctaftejpt08lalzsda6wwwexmw5jukl0hj8csnls3y6ewx4ahjpwkm2uml475xlrmechqw3ele9tna7a8tue5kd82hl7d3m5wvnalw4433chewas5mz678l592vjvequ9qd4dmu5v6c09kht8v324uaaf0t0e8zx2lj2ec0m2hggk59t3ugerh0378wlruwa7fnd0s0fmcqk9hcec8jluc0t93wwc9sa7mk7q6ntca6he92vhyjd6m7rruvwvj08czvk9a9lu8jgev5js2pgklfadn3dfq4a0jkde545sn3dfdyum5kte5rsh6fxykn92f4yvunj2fhxv4j2wx252njfj9h8znjz2x55vuvwdfs42jjztxhyj4jwv9gcj5t3se8y5kj929h8ya24ff09rtn9t6jmr05pted9lcl7qzfje99fuzmxxh7ll843yr5lzp0f47taw686xm8dmat2ma6lujnnhm0w5mfrnlcs2l6kpmj0ky0mlal9xmlflupf3d85tfhk5jrzfd3y3gjl2ec8lhllqgq9tupp3wgq6gzwvskfq9l6uf2mty77yjjwfehxlwjlcqtta3d8vawh5ehxz0he86kukmjhllll7nwy0xsgpv8zzdv9xewqhuhk70l4gj8kd7wmrulnvd4ga0m6jv4mk7k960xqu770tjl9nzt67amz99450e5z2pedf6ru6r586ygq76xu7psdktuzzjwcwa6lf27t7j4pnfzr6hhz7wr3mm59t07y6utwnzulnv8s29w6dka2vrewullrytjf2kuj6297k6jxjlh6f502r347pd3nvt3su4h63d56k9r0fhgj56xxjtzyun5mejhfhn99rxth59mewm2p2j0ytfuek8ln89ytfuqnt538w5lvmhrs443cht7uemc3pvx4xegvs6fmvvf7y9us7wgzwnvskttmrhggqqmh3sark6hpxcj9ukm9h4834kdk83x5htjcc5llqxcpw34whcj75nxauh7knm2jumgrepld0gn54a40a5lfrlqx2e4rdg2nluyv0kl7qn7rlm2jsd0ysd8h9jla30p6l2juphar4g7qm8wfnnlxt885ldvf70gyhgxr2hsywlchlcl7p087l0hkxlrk05fut0h27zemfaak7t43xwwhm6xccw8c5uulmll2x70c8qugzxa7sq6lcmuhdf5l30hp67wlh56yhc436vwuh08dk7aw5pvhjcerm0qajrnwmpke68fvk3wpf4y8q2ud0lhls0jr2hgw8mzrwfcanl54r6tfta4t30jr8xvvhtecd8pm0qk2hrandqgxwmqluc3qqyydjz2js6ftz3e8rarjw868yu05wfclgun373e8rcrxtuss6fpn8hlh88s466az7xmmny2szdega3pn4c8nr846xcckuemq6mh3kkpdwpulr8m3c94vt5v9unddjk2valm3f00dhhx990mwjr7w4c8rmwrs0nja8ak0peqgkj4338x3vssdemyrxu6p080jt5l7m4h0qkp697djezxqyd6r0tn8cjnklecw32y67frhw9w0thrllljl7z572a7galx6wxly4673t944tz0h7uthfmahmsx7jv3twktlkh782659x3usn2czmzu6867lnwxapw27ncuqem5uh0tzd7teelkqd56a72a3dtu07ex022s5kg6tgvulkt65sazhu4yh9ut8uzvtmv60g3xlyh6g05u6tyv5w9cv7dk2gqtuwgnenw28fmv049apajaheufwrcnge267artf8ral0q0p33kqrzkjvc2x8zswd
SP,offer1qqr83wcuu2rykcmqvpsr9tulxae4hlsvz8emm27klma2gmmsydh9wh8q7gyc2tq98tptvjlcrv0taak5k2dk4jfmwhdfk7f67uj6me3vlehlmal9asfm4vn6mg8kwjx7v2qqpvqlz8zwsj8mapy0h6zglwgp66v85nkstadt3jp00haalrsdu62wkexh0ykuwu0nn87sras3y2mww5aln3vkntul79cutxehj4065ywuuawtfcwckutlvje0f2hnzl6h4luty9wm8pzmmmre6khslep6nyn8grpgrdr0l9rxkr3d47emy2aw8t2m6mkfc4jhuj7wr6696zd4p2ulqxqamu03mhclrh0jwmtur7wwq9ev7zw37hhxr7evfnkpvr0klhcx5678v4kf2h9eynwkl5c0prm9ne7q3930ftl37jx29q5jj29k6ttu7tzg90tvhnwv9dy57tz2f8xa8j7vqu97jfe95e2jdftxyetxvevhvmn30xnx5jn209n9ju26v9um2kvew9d9nrnev45eykvk2egmvu2f4x56ymj72e9yvjdetesk23tw5ku6aq27ff0l8lsqjvkff20s5e34lnlelvwqy3wyqs3e6v4484lqs952rnyx5tr4k9ldm00wg8429fjddhtx9ne7elll5mwd9lc8xf57ndwu6jfvf9xyjfztmt8zlj707pcz4rsyx9prrdqfajzcjrkwfd633xx5ml7lq88djmkfa7m4cn5e8xx7mndeeuz67lfmmql55f0all04f8q8rgyzkt5px4z3dl8t7tm9xhl5dzt2ll03wdec82nwnuatx67mmtz3xmxwtwh4e8nea9ar094zwe6ruzp9g7xuupudecr3zux0ap7dqgymp7pfgl2827l65h9l3fqn538al6pp8euafmj4klrdjxh03w0e2pgtrhdx004wquhw8l3cy3y4mwf0y66t3tnt0nlyz940e2eqwmesyslwjea2kztt2n8j6uw23rr9y3ywe6acen4mpjzhj9m6wlv3v484f9jf5x0m8afmn6q52qeh6shh60xpm3e2kmud4lgvpug5kmgnskx2vvekx9lqzwg008ppgwttphde6yrqsvmjc7hm9gs4v3r7hdz3mna689t9et2tecuw28cs0dslf6jt5t0vgnw7nltruagwe43u30nh5f6wljh7z0yh7c99vcpj4avlwzk06haqylu0maa7ncvknh02a2p9xnjv69l3q0wll3we72785e4wdm2056hwsp4mps69uptk7pl78lctemhmlaekcenaz02ma6hs5w600dhjlvfjn477nkwz369h88kll73h37fe8zqp40upxn7xl9ntd8utlcxknhaax3dl9gwrrhdmemdh4taptpuxxg7mc8vs7m7cdjwp6td4ts2dfpszh8t0alczsw20w2ttaknncz638w5rghwu2t5uhydwh4l6ff5a0hsea963w0h0utzctejzqqqgmyy98pujkprzw868yu05wfclgun373e8rarjw8c8vnepr5jzxt0lww0pt4468udkhxg4zymj3lzr9ts0xz0mkd3sdenkp4lwrfvj6ure7z0hrsttchggtewmmpvymmlkzk77e0wd2wlxay0uatsw9k58ql8460nd78jq3d92rzwaqeppmnkgyd34zuww37m3g4yk9dl3p0v6kvu9gted08wu7ndwa6jz0krcl47mjcu4ehrt78lllqj0ykl5kln88mwjsll95ku2e3067j9mk776uu9la9s5h8zl42ld4afjhfxfgdvpmjxx75ck46ljalhrphz452uzxa8dl8kcmqkzre0jun62wf0m5wkx8ep5s20r38eddtdvfu8hlct6w9sxmek55kkw7lja43u9y89d4qn7puzpv4nea94dhn56jazdlmtme0j2ru7xdaqake9hmllp4g7f05zw6wcy2fmxjcpspysg8vrqmcpgp6
SP,offer1qqr83wcuu2rykcmqvpsy573k9885m679cym4mggtyg38jvscudmam6f7mpaxnah9c3t7j7ckw05jjjwx0mwx4wdmdt3xjjgr2w742uv3h8auc462djvw4cqk8twjgaczqvzgplvgypry0kj8gldyw376slkysweyd5h6shm9zj70lmk9qlm5uuajdkaf8e97l0y0np87pzf4sudtm0yjldk5enlmlszzg8j5walznav42jg7q2lhk7zhk6ew5wu7hk37lv80uknqjx347er3008l2z4wgxvswqsw6ka76xdy8jlt4nkg426wwkh4kun3n80e9vc8d4t59t2z9c7yd3lhglrlw3787ay3hhc8yluq2zmuu7re07v89jchxvxc7ldm0qff47w42uk4kfjfxaflpn7x8xf8r7pwtz7jlureyvj2fg9g4t0575esh55274er8u626gfck5jj706r9u7pgtaynztfj4y6nxtfq5nzd6f95er2d2tf54vjvfdx39umnp2fgcj7dwg9fxyutz2fh9van909s4vmnw0ez4jctzdfu55ajw0938afdfn6q4u7nlc00zpyevkj57p9jr0llanjcc80nxsuc2qu9n0mml0pp687n0qt82tkdl3nvljmcmyaxhl434hpa4flalm0egkl6leqjwt9aj6d94y5cjfvf82vk2kwelah7gyqpglygvdjq8jgnrq9fanzuv8az27m6m88387en0ga3dn44jev8nl2f23hxeme9ey3w0cu43l7lahj4nsrpkzpt97qng3qhln408a6jtm6xn9a0lhchxu5z4dhf7wandtdah3qjdh844tjanauwj73kj638vaplpyj5drw0q6xu7ps3wr8wslx3yxdqaqu404r4d04ttjlc5spmgn70lqcnu6w5lezm04kfptlehru9z5dsmkn846hqw0hnac5rgk2d4ylndf9gheakeljpq6lu4gshduczgthfw7atpp44tnevwr9g33jjgj8uaw5de6asmptczaahdkqh2h6ysevmr8an754caq24zvnag0md8ngucc4td7w6l5xs7y2td5fgfrdxxvmrzlcp8y883sc4894smk5uz9scyd3d0taj5gzkg4lmk3gue7ars46a439v7w0yrugh5c84af929h7yfh0fa4e7w58ucckfhem2xa8we0l38jrlvzjkvqet7j08rt0utmc0ndmla8pc3tn0wxyr8thp0la2aar9u07q4wsd879mgh27fnnnltpzpdmps69uptk7pl78lctemhmlaekcenaz02ma6hs5w600dhjlvfjn477nkwz369h88kll73h37fe8zqp40upxn7xl9ntd8utlcxknhaax3dl9gwrrhdmemdh4taptpuxxg7mc8vs7m7cdjwp6td4ts2dfpszh8t0aluzzd0h27lhemu6w5alffk2nmkrlg3fhfclcshmtk5fdwkd2zde2d7zqrykzuvssqzzxmpdfgfy4ngun373e8rarjw868yu05wfclgun3cpn97gfdysenmh6nnc6ldx30rddejdfpxuywcce6crenn6urvvmvva3ddmgetqkhq7l3n4euz6x96xr7fkxetd8wmag5hhkmlnjjh4kf9l82ut3ahpc9eewn6m8sus9tf2gcnngkggx7a6qnwdqkepktha8f3an0w4a07zm9jnk088qh6d852fw4zuwth83dhvmm8tdfallll4lu9fu3munm7v5ud7ttauzjtm2kyl0echwnlm0nqaly3zkav8ld0aw44g2drepz4s8kwc0ax2lc2h679gf3u3kfa5lmhtwxullgma3lchmtn77anjw7ekn8yjvwev7r5dz4mjxpdfhkn4gfjl52j9ce7vhlhgjtwe8e4u3zvz7eyewljmq5094mn4mnfjsa08nzpexs54jhzcxdaej58462s9fxa7mh7yjr70qqq84rehvyw774du
SP,offer1qqr83wcuu2rykcmqvpsxyz7me2dtuszhlwh8d79zrh9a8tn7et2r5yhasjp4mykehpz0vhypektlj0ml2m5mxfxcjukee7n8cmtgjvw0m2hrlkexw05h93flc5ds00hyxpqqpky0pp38ffrawjj86a9y0hygadzr6tmg97j4gmqlhm6703cw7dp8mwnrkj0whw8ecnlg3ucgj9dhh2wlccjteh707ze6s2xq4uecme44c4p7kaeey2dtz6mcnu6e6uw47rn3cmrhat76u07h4s0mp7j548sppyra90h9rwknnd9uem92aw822nmm5fghjluj6wtm6pmzt4p2unpxxaru0a68clm50j0mfutawzp9lvxqwal83xtleqfrkpur0klh6xuc7td9jf2h949nvk0hc0qrl9ne7gs4303gl4ljq2dr5jj2pkz2tulmxg9dtqhnwva0ys7mz2p9x48j7vcl9jjfl9yc26vefx5ed6wfy6z6j9fxvmjjvfnxf9y3va29z6ykjd0fr8y5tev9j555t7ge8y25vfk9ge2jn2f47k24newfa92en65k76dx27gf0lhlsqnusfpt054f340slaludqsr5gl927gxe0nlelad5xk4u8u67n9yyu0r38lgcatkffhhvas8rxp2v2mjf0l3lj9y5hthy56tzff3yjcj7keg4ulnlc0s3gyzpagccmqq0y3xxst7lh6rwx6tugueul7jk6033djv0mc68d0jv7a92m5784th87w08d5etlllnw90xsqrv8zjtv9xezp87hw70m4gk8kd726n7lnwdegdtm2nvamx6kam0zpv670tjh9nxt6aalr994ywecr6re9g68u6p50eyqpwuxvapudxfu6pjzewl6822727k4e3fzr63h6lwr3te5af0j967twjz5lnw8c292mdkaz0r4wvalt8tjg2sujm2flx6jw3lnmfj0zz34l3t3rwtesv3h2jdu6krr02hyj5uxw3tz9v35tejlghn9apxrh59mewmwp2505ffsek8lm89gte6qn25e87sl56h83433gkt7aelcfpv25kmg5s696vvfkx9uswwg20nq3x0ttphvfsym8ssezk7he9cj9vsmah4r34jd78324htjge5l7qxc3033086jw5nwuvn77nm2nuagtepnvlwn55aewajlezly86e4rvgzjluyuwkhlsh8j9qel4tcvuwtgrpr64vhtqe0nqr86keudzul4q2mytljnf77lruqy8vxtghs9wec8lcml308xl0lhkmrx05famdhzlz4mfaak7te3x2whm62ec28ghuu7tll6878e8xuqqx4lqx60cmukd05hs0lq66wlh579hu4fcv2a808dh740y8v0scertdqanrl0tpkfc8ddx4wfg4qxs2u4dlhls2twd3uaku6rdxmkaht79hluhvctaslce98jnldzc9fqw83evahff2spvhzcvqsqzzxmpafgp94hgun373e8rarjw868yu05wfclgun3cqnp7gfdy3ehm8cnmc6mdxn0rvdejdfpway2ccm6srenn6urvdmgvand96gatq5hqll3n9eu26x96kp7pkxata8wmag5hhkmhnjkh9kf9782utnalpc9eewnjm8sus9tptgcnngkgfx6a6znwvq4dnhh4v8yjzdngk95d0w3mvmlnhkp2663j0j26lhjx535a7yzcuwm0llllqk055l5hln88ewj3lm9yku2e3067j9mh776v79lu955h9zl42ld4lf6kfzfc0vp6jzx5mlllr6gp9zvaenv80mhx54unntxuhnfzvx23e39z4zuerlx4r4tuwk6kpvk3xkmrj0m0hw69fupmx74hzmd49j2tlwrshm2tve6ps7eh80n28z09ndd0t338jeyd72849a6r6u0f0hle0j3n938zs5e204lx2vrckqz6jvcf5scs73a
SP,offer1qqr83wcuu2rykcmqvpstytfkhud0clkl64k4l54xx6ddmdallruls993uc0fnr5h59xjjd6uw405t8dmwxxl0agff753mnvh6clx6c6m7tcdwplw92k73n2ndl70nc9u3gqs9sr7gsg2xgld5v37mgera4phdfqaj2mp0490xg9dullhu2phhfeemymd6jtjma77glzz07zynt9c6hk7g96mdtn07heswh35hcu27klkmh3ul8dw4amg7a88m9g0kele7kuft20c3lemdhsaz8ctmeljs40jp3yr3y8k9h0k3ndpu464vak92knm44edhxuvcm7fmxpmv2ap2cs3w84ru0a68clm503lhfyda7p38lyzqkl08s7tl3pedkperrk0hmwmcz2d0n32h949nvkfhg0sdl43ejfsls0jgh5l7q6fryjj2pw92ma04xg9d8zh4wve0yj7nz299x5hj75el9szrldycj6v4fx5e3jf8d9zu2egefp5uwpyeg7jcnwx9vajkt90fq4u6gx08hxuetjx9ylv5s4z8uev20flcu4r323vyr9r9j34gl2tgw7c9085lurncsfxt8548sdvsmll7vcka3srp00cc9kcds84xwn6w3nc9k7taf8jh89t7t5tuw7ude7m77ldylhllal4xmhflupend85tfhx5jtzff3yngj72echahhlqvq4fupp32gs6gz0vsk2sh8wlnm3wultmyd5vh7490kag9lsgkhxa693p3d74frwuzeww2xn50lllxu27dqqxcw9ykc2djyz0awaulh23v0vmu448alxumjs6hk4xemkd4dmk7yze4u7h9wtxvh4mm7x2t2gans858j2350e5rgljgqzacve6rc6vne5ry9jal5w54u4adtnzjy84r047u8zhnf6jlyt4ukay9flxu0s524kmd6y782uem7kwhys4pe9k5n7d4yarl8kny7y9rtlzhzxuhnqerw4yme4vxx74wf9fcvazky2erghn9730xt6zv80gthjakuz4glgjnpnv0lkw2shn5px4fj0aplf4w0rtrz3vhamnlsjzc4fdk3fp5t5ccnvvtequus5lxpzv7kkrwcnqfk0ppj9da0jt3y2ephm028rtymu0z4twhy3nfluqd3zlrz704yafxace8aa8k48e6shjrxe7a8ffmjam9lj97g04n2xcs99lcfcad0lpd387eesqs7w9eg5hccf8m0eq6p4tg30v6char3u7rlpvvatukk4xph9vztcr34tcq80umlu0lqlnl0hmmr0st96vl9l64tpua57lmf926ntxteat0v8zuww70ah79p08ursw58rx7ggdl7dwgksmlchmja8xla6aptc2gax00thjkl0x52qkmmvvsan37lppkdcmvar5ktghqk62qsd0khltugxmlmq8x4up8ff8y24xv5098tdgnmk0el5wgeghm7x0sl8my3p42uzv9uerqgqypjzxnqaftpp48turjwhc8ya0swf6lqun47pe8turjgvj36gp0yhehl8s3m6mrwxm0nyv3jdeq739jac8mq8emk6czufmq2ahd4kfdwquhqhl3s94u25x9ukda3kxddamdtlfvhhxe8lnwj9724c8zmtru0rcaleknzexg7s4f38gs5ns4ctxz7663w8puwc7xaaw44wlp487a88j0tl753hkwl94gr7arywf9rnzu0q5aee0av0mlllsf8jt06t0ennahfg0lj6tw9vcha0fzam00dwwzl7jc2tn30640k675et5ny5xkqaerrddluepwl9j75htklhwkwdv5rc8sluuatyvk7wfjxprh8vxre7090m7ddgg0e80hmex703f0clmxsjgvq4tsvft0zts8y9a6lpyz74mfaaw6p3c7fx88crxu5amtf7rldud4hngnerfheu6dwp0dvnua3jvtlmzf66j9qq8rhyezcwam4vs
SP,offer1qqr83wcuu2rykcmqvps248anjtmcsssg0wrwdrgt72rxecsl75nevzc5etcxg0wu6vmr2amzcm6qk37dr5z3fu56pak0my9nhe889w0tqh88wae23wl8u5pvddamzn59qypvqljyzz3j8mdry0k6xgldgdm2g8vjkctaftejpt08lalzsda6wwwexmw5jukl0hj8csnls3y6ewx4ahjpwkm2uml475xlrmechqw3ele9tna7a8tue5kd82hl7d3m5wvnalw4433chewas5mz678l592vjvequ9qd4dmu5v6c09kht8v324uaaf0t0e8zx2lj2ec0m2hggk59t3ugerh0378wlruwa7fnd0s0fmcqk9hcec8jluc0t93wwc9sa7mk7q6ntca6he92vhyjd6m7rruvwvj08czvk9a9lu8jgev5js2pgklfadn3dfq4a0jkde545sn3dfdyum5kte5rsh6fxykn92f4yvunj2fhxv4j2wx252njfj9h8znjz2x55vuvwdfs42jjztxhyj4jwv9gcj5t3se8y5kj929h8ya24ff09rtn9t6jmr05pted9lcl7qzfje99fuzmxxh7ll843yr5lzp0f47taw686xm8dmat2ma6lujnnhm0w5mfrnlcs2l6kpmj0ky0mlal9xmlflupf3d85tfhk5jrzfd3y3gjl2ec8lhllqgq9tupp3wgq6gzwvskfq9l6uf2mty77yjjwfehxlwjlcqtta3d8vawh5ehxz0he86kukmjhllll7nwy0xsgpv8zzdv9xewqhuhk70l4gj8kd7wmrulnvd4ga0m6jv4mk7k960xqu770tjl9nzt67amz99450e5z2pedf6ru6r586ygq76xu7psdktuzzjwcwa6lf27t7j4pnfzr6hhz7wr3mm59t07y6utwnzulnv8s29w6dka2vrewullrytjf2kuj6297k6jxjlh6f502r347pd3nvt3su4h63d56k9r0fhgj56xxjtzyun5mejhfhn99rxth59mewm2p2j0ytfuek8ln89ytfuqnt538w5lvmhrs443cht7uemc3pvx4xegvs6fmvvf7y9us7wgzwnvskttmrhggqqmh3sark6hpxcj9ukm9h4834kdk83x5htjcc5llqxcpw34whcj75nxauh7knm2jumgrepld0gn54a40a5lfrlqx2e4rdg2nluyv0kl7qn7rlm2jsd0ysd8h9jla30p6l2juphar4g7qm8wfnnlxt885ldvf70gyhgxr2hsywlchlcl7p087l0hkxlrk05fut0h27zemfaak7t43xwwhm6xccw8c5uulmll2x70c8qugzxa7sq6lcmuhdf5l30hp67wlh56yhc436vwuh08dk7aw5pvhjcerm0qajrnwmpke68fvk3wpf4y8q2ud0lhls0jr2hgw8mzrwfcanl54r6tfta4t30jr8xvvhtecd8pm0qk2hrandqgxwmqluc3qqyydjz2js6ftz3e8rarjw868yu05wfclgun373e8rcrxtuss6fpn8hlh88s466az7xmmny2szdega3pn4c8nr846xcckuemq6mh3kkpdwpulr8m3c94vt5v9unddjk2valm3f00dhhx990mwjr7w4c8rmwrs0nja8ak0peqgkj4338x3vssdemyrxu6p080jt5l7m4h0qkp697djezxqyd6r0tn8cjnklecw32y67frhw9w0thrllljl7z572a7galx6wxly4673t944tz0h7uthfmahmsx7jv3twktlkh782659x3usn2czmzu6867lnwxapw27ncuqem5uh0tzd7teelkqd56a72a3dtu07ex022s5kg6tgvulkt65sazhu4yh9ut8uzvtmv60g3xlyh6g05u6tyv5w9cv7dk2gqtuwgnenw28fmv049apajaheufwrcnge267artf8ral0q0p33kqrzkjvc2x8zswd
SP,offer1qqr83wcuu2rykcmqvpsr9tulxae4hlsvz8emm27klma2gmmsydh9wh8q7gyc2tq98tptvjlcrv0taak5k2dk4jfmwhdfk7f67uj6me3vlehlmal9asfm4vn6mg8kwjx7v2qqpvqlz8zwsj8mapy0h6zglwgp66v85nkstadt3jp00haalrsdu62wkexh0ykuwu0nn87sras3y2mww5aln3vkntul79cutxehj4065ywuuawtfcwckutlvje0f2hnzl6h4luty9wm8pzmmmre6khslep6nyn8grpgrdr0l9rxkr3d47emy2aw8t2m6mkfc4jhuj7wr6696zd4p2ulqxqamu03mhclrh0jwmtur7wwq9ev7zw37hhxr7evfnkpvr0klhcx5678v4kf2h9eynwkl5c0prm9ne7q3930ftl37jx29q5jj29k6ttu7tzg90tvhnwv9dy57tz2f8xa8j7vqu97jfe95e2jdftxyetxvevhvmn30xnx5jn209n9ju26v9um2kvew9d9nrnev45eykvk2egmvu2f4x56ymj72e9yvjdetesk23tw5ku6aq27ff0l8lsqjvkff20s5e34lnlelvwqy3wyqs3e6v4484lqs952rnyx5tr4k9ldm00wg8429fjddhtx9ne7elll5mwd9lc8xf57ndwu6jfvf9xyjfztmt8zlj707pcz4rsyx9prrdqfajzcjrkwfd633xx5ml7lq88djmkfa7m4cn5e8xx7mndeeuz67lfmmql55f0all04f8q8rgyzkt5px4z3dl8t7tm9xhl5dzt2ll03wdec82nwnuatx67mmtz3xmxwtwh4e8nea9ar094zwe6ruzp9g7xuupudecr3zux0ap7dqgymp7pfgl2827l65h9l3fqn538al6pp8euafmj4klrdjxh03w0e2pgtrhdx004wquhw8l3cy3y4mwf0y66t3tnt0nlyz940e2eqwmesyslwjea2kztt2n8j6uw23rr9y3ywe6acen4mpjzhj9m6wlv3v484f9jf5x0m8afmn6q52qeh6shh60xpm3e2kmud4lgvpug5kmgnskx2vvekx9lqzwg008ppgwttphde6yrqsvmjc7hm9gs4v3r7hdz3mna689t9et2tecuw28cs0dslf6jt5t0vgnw7nltruagwe43u30nh5f6wljh7z0yh7c99vcpj4avlwzk06haqylu0maa7ncvknh02a2p9xnjv69l3q0wll3we72785e4wdm2056hwsp4mps69uptk7pl78lctemhmlaekcenaz02ma6hs5w600dhjlvfjn477nkwz369h88kll73h37fe8zqp40upxn7xl9ntd8utlcxknhaax3dl9gwrrhdmemdh4taptpuxxg7mc8vs7m7cdjwp6td4ts2dfpszh8t0alczsw20w2ttaknncz638w5rghwu2t5uhydwh4l6ff5a0hsea963w0h0utzctejzqqqgmyy98pujkprzw868yu05wfclgun373e8rarjw8c8vnepr5jzxt0lww0pt4468udkhxg4zymj3lzr9ts0xz0mkd3sdenkp4lwrfvj6ure7z0hrsttchggtewmmpvymmlkzk77e0wd2wlxay0uatsw9k58ql8460nd78jq3d92rzwaqeppmnkgyd34zuww37m3g4yk9dl3p0v6kvu9gted08wu7ndwa6jz0krcl47mjcu4ehrt78lllqj0ykl5kln88mwjsll95ku2e3067j9mk776uu9la9s5h8zl42ld4afjhfxfgdvpmjxx75ck46ljalhrphz452uzxa8dl8kcmqkzre0jun62wf0m5wkx8ep5s20r38eddtdvfu8hlct6w9sxmek55kkw7lja43u9y89d4qn7puzpv4nea94dhn56jazdlmtme0j2ru7xdaqake9hmllp4g7f05zw6wcy2fmxjcpspysg8vrqmcpgp7
SP,offer1qqr83wcuu2rykcmqvpsy573k9885m679cym4mggtyg38jvscudmam6f7mpaxnah9c3t7j7ckw05jjjwx0mwx4wdmdt3xjjgr2w742uv3h8auc462djvw4cqk8twjgaczqvzgplvgypry0kj8gldyw376slkysweyd5h6shm9zj70lmk9qlm5uuajdkaf8e97l0y0np87pzf4sudtm0yjldk5enlmlszzg8j5walznav42jg7q2lhk7zhk6ew5wu7hk37lv80uknqjx347er3008l2z4wgxvswqsw6ka76xdy8jlt4nkg426wwkh4kun3n80e9vc8d4t59t2z9c7yd3lhglrlw3787ay3hhc8yluq2zmuu7re07v89jchxvxc7ldm0qff47w42uk4kfjfxaflpn7x8xf8r7pwtz7jlureyvj2fg9g4t0575esh55274er8u626gfck5jj706r9u7pgtaynztfj4y6nxtfq5nzd6f95er2d2tf54vjvfdx39umnp2fgcj7dwg9fxyutz2fh9van909s4vmnw0ez4jctzdfu55ajw0938afdfn6q4u7nlc00zpyevkj57p9jr0llanjcc80nxsuc2qu9n0mml0pp687n0qt82tkdl3nvljmcmyaxhl434hpa4flalm0egkl6leqjwt9aj6d94y5cjfvf82vk2kwelah7gyqpglygvdjq8jgnrq9fanzuv8az27m6m88387en0ga3dn44jev8nl2f23hxeme9ey3w0cu43l7lahj4nsrpkzpt97qng3qhln408a6jtm6xn9a0lhchxu5z4dhf7wandtdah3qjdh844tjanauwj73kj638vaplpyj5drw0q6xu7ps3wr8wslx3yxdqaqu404r4d04ttjlc5spmgn70lqcnu6w5lezm04kfptlehru9z5dsmkn846hqw0hnac5rgk2d4ylndf9gheakeljpq6lu4gshduczgthfw7atpp44tnevwr9g33jjgj8uaw5de6asmptczaahdkqh2h6ysevmr8an754caq24zvnag0md8ngucc4td7w6l5xs7y2td5fgfrdxxvmrzlcp8y883sc4894smk5uz9scyd3d0taj5gzkg4lmk3gue7ars46a439v7w0yrugh5c84af929h7yfh0fa4e7w58ucckfhem2xa8we0l38jrlvzjkvqet7j08rt0utmc0ndmla8pc3tn0wxyr8thp0la2aar9u07q4wsd879mgh27fnnnltpzpdmps69uptk7pl78lctemhmlaekcenaz02ma6hs5w600dhjlvfjn477nkwz369h88kll73h37fe8zqp40upxn7xl9ntd8utlcxknhaax3dl9gwrrhdmemdh4taptpuxxg7mc8vs7m7cdjwp6td4ts2dfpszh8t0aluzzd0h27lhemu6w5alffk2nmkrlg3fhfclcshmtk5fdwkd2zde2d7zqrykzuvssqzzxmpdfgfy4ngun373e8rarjw868yu05wfclgun3cpn97gfdysenmh6nnc6ldx30rddejdfpxuywcce6crenn6urvvmvva3ddmgetqkhq7l3n4euz6x96xr7fkxetd8wmag5hhkmlnjjh4kf9l82ut3ahpc9eewn6m8sus9tf2gcnngkggx7a6qnwdqkepktha8f3an0w4a07zm9jnk088qh6d852fw4zuwth83dhvmm8tdfallll4lu9fu3munm7v5ud7ttauzjtm2kyl0echwnlm0nqaly3zkav8ld0aw44g2drepz4s8kwc0ax2lc2h679gf3u3kfa5lmhtwxullgma3lchmtn77anjw7ekn8yjvwev7r5dz4mjxpdfhkn4gfjl52j9ce7vhlhgjtwe8e4u3zvz7eyewljmq5094mn4mnfjsa08nzpexs54jhzcxdaej58462s9fxa7mh7yjr70qqq84rehvyw774du
SP,offer1qqr83wcuu2rykcmqvpsxyz7me2dtuszhlwh8d79zrh9a8tn7et2r5yhasjp4mykehpz0vhypektlj0ml2m5mxfxcjukee7n8cmtgjvw0m2hrlkexw05h93flc5ds00hyxpqqpky0pp38ffrawjj86a9y0hygadzr6tmg97j4gmqlhm6703cw7dp8mwnrkj0whw8ecnlg3ucgj9dhh2wlccjteh707ze6s2xq4uecme44c4p7kaeey2dtz6mcnu6e6uw47rn3cmrhat76u07h4s0mp7j548sppyra90h9rwknnd9uem92aw822nmm5fghjluj6wtm6pmzt4p2unpxxaru0a68clm50j0mfutawzp9lvxqwal83xtleqfrkpur0klh6xuc7td9jf2h949nvk0hc0qrl9ne7gs4303gl4ljq2dr5jj2pkz2tulmxg9dtqhnwva0ys7mz2p9x48j7vcl9jjfl9yc26vefx5ed6wfy6z6j9fxvmjjvfnxf9y3va29z6ykjd0fr8y5tev9j555t7ge8y25vfk9ge2jn2f47k24newfa92en65k76dx27gf0lhlsqnusfpt054f340slaludqsr5gl927gxe0nlelad5xk4u8u67n9yyu0r38lgcatkffhhvas8rxp2v2mjf0l3lj9y5hthy56tzff3yjcj7keg4ulnlc0s3gyzpagccmqq0y3xxst7lh6rwx6tugueul7jk6033djv0mc68d0jv7a92m5784th87w08d5etlllnw90xsqrv8zjtv9xezp87hw70m4gk8kd726n7lnwdegdtm2nvamx6kam0zpv670tjh9nxt6aalr994ywecr6re9g68u6p50eyqpwuxvapudxfu6pjzewl6822727k4e3fzr63h6lwr3te5af0j967twjz5lnw8c292mdkaz0r4wvalt8tjg2sujm2flx6jw3lnmfj0zz34l3t3rwtesv3h2jdu6krr02hyj5uxw3tz9v35tejlghn9apxrh59mewmwp2505ffsek8lm89gte6qn25e87sl56h83433gkt7aelcfpv25kmg5s696vvfkx9uswwg20nq3x0ttphvfsym8ssezk7he9cj9vsmah4r34jd78324htjge5l7qxc3033086jw5nwuvn77nm2nuagtepnvlwn55aewajlezly86e4rvgzjluyuwkhlsh8j9qel4tcvuwtgrpr64vhtqe0nqr86keudzul4q2mytljnf77lruqy8vxtghs9wec8lcml308xl0lhkmrx05famdhzlz4mfaak7te3x2whm62ec28ghuu7tll6878e8xuqqx4lqx60cmukd05hs0lq66wlh579hu4fcv2a808dh740y8v0scertdqanrl0tpkfc8ddx4wfg4qxs2u4dlhls2twd3uaku6rdxmkaht79hluhvctaslce98jnldzc9fqw83evahff2spvhzcvqsqzzxmpafgp94hgun373e8rarjw868yu05wfclgun3cqnp7gfdy3ehm8cnmc6mdxn0rvdejdfpway2ccm6srenn6urvdmgvand96gatq5hqll3n9eu26x96kp7pkxata8wmag5hhkmhnjkh9kf9782utnalpc9eewnjm8sus9tptgcnngkgfx6a6znwvq4dnhh4v8yjzdngk95d0w3mvmlnhkp2663j0j26lhjx535a7yzcuwm0llllqk055l5hln88ewj3lm9yku2e3067j9mh776v79lu955h9zl42ld4lf6kfzfc0vp6jzx5mlllr6gp9zvaenv80mhx54unntxuhnfzvx23e39z4zuerlx4r4tuwk6kpvk3xkmrj0m0hw69fupmx74hzmd49j2tlwrshm2tve6ps7eh80n28z09ndd0t338jeyd72849a6r6u0f0hle0j3n938zs5e204lx2vrckqz6jvcf5scs73a